route;date;hour;prediction
1;2025-11-01;0;6
1;2025-11-01;1;1
1;2025-11-01;2;1
1;2025-11-01;3;1
1;2025-11-01;4;0
1;2025-11-01;5;33
1;2025-11-01;6;178
1;2025-11-01;7;361
1;2025-11-01;8;450
1;2025-11-01;9;712
1;2025-11-01;10;827
1;2025-11-01;11;790
1;2025-11-01;12;956
1;2025-11-01;13;955
1;2025-11-01;14;916
1;2025-11-01;15;791
1;2025-11-01;16;725
1;2025-11-01;17;694
1;2025-11-01;18;609
1;2025-11-01;19;549
1;2025-11-01;20;397
1;2025-11-01;21;298
1;2025-11-01;22;139
1;2025-11-01;23;24
1;2025-11-02;0;1
1;2025-11-02;1;2
1;2025-11-02;2;1
1;2025-11-02;3;1
1;2025-11-02;4;1
1;2025-11-02;5;22
1;2025-11-02;6;120
1;2025-11-02;7;270
1;2025-11-02;8;358
1;2025-11-02;9;596
1;2025-11-02;10;686
1;2025-11-02;11;671
1;2025-11-02;12;839
1;2025-11-02;13;857
1;2025-11-02;14;764
1;2025-11-02;15;717
1;2025-11-02;16;636
1;2025-11-02;17;605
1;2025-11-02;18;527
1;2025-11-02;19;440
1;2025-11-02;20;359
1;2025-11-02;21;253
1;2025-11-02;22;96
1;2025-11-02;23;15
1;2025-11-03;0;1
1;2025-11-03;1;0
1;2025-11-03;2;0
1;2025-11-03;3;0
1;2025-11-03;4;0
1;2025-11-03;5;42
1;2025-11-03;6;271
1;2025-11-03;7;437
1;2025-11-03;8;420
1;2025-11-03;9;671
1;2025-11-03;10;760
1;2025-11-03;11;745
1;2025-11-03;12;812
1;2025-11-03;13;827
1;2025-11-03;14;794
1;2025-11-03;15;717
1;2025-11-03;16;679
1;2025-11-03;17;633
1;2025-11-03;18;600
1;2025-11-03;19;549
1;2025-11-03;20;491
1;2025-11-03;21;317
1;2025-11-03;22;153
1;2025-11-03;23;22
1;2025-11-04;0;4
1;2025-11-04;1;1
1;2025-11-04;2;1
1;2025-11-04;3;1
1;2025-11-04;4;2
1;2025-11-04;5;47
1;2025-11-04;6;252
1;2025-11-04;7;413
1;2025-11-04;8;402
1;2025-11-04;9;660
1;2025-11-04;10;736
1;2025-11-04;11;712
1;2025-11-04;12;797
1;2025-11-04;13;800
1;2025-11-04;14;771
1;2025-11-04;15;683
1;2025-11-04;16;665
1;2025-11-04;17;599
1;2025-11-04;18;538
1;2025-11-04;19;509
1;2025-11-04;20;469
1;2025-11-04;21;319
1;2025-11-04;22;153
1;2025-11-04;23;19
1;2025-11-05;0;2
1;2025-11-05;1;0
1;2025-11-05;2;0
1;2025-11-05;3;0
1;2025-11-05;4;3
1;2025-11-05;5;128
1;2025-11-05;6;511
1;2025-11-05;7;1428
1;2025-11-05;8;1903
1;2025-11-05;9;1449
1;2025-11-05;10;1319
1;2025-11-05;11;1346
1;2025-11-05;12;1349
1;2025-11-05;13;1385
1;2025-11-05;14;1328
1;2025-11-05;15;1447
1;2025-11-05;16;1448
1;2025-11-05;17;1729
1;2025-11-05;18;1752
1;2025-11-05;19;1344
1;2025-11-05;20;841
1;2025-11-05;21;471
1;2025-11-05;22;243
1;2025-11-05;23;32
1;2025-11-06;0;4
1;2025-11-06;1;0
1;2025-11-06;2;1
1;2025-11-06;3;1
1;2025-11-06;4;6
1;2025-11-06;5;124
1;2025-11-06;6;503
1;2025-11-06;7;1431
1;2025-11-06;8;1886
1;2025-11-06;9;1408
1;2025-11-06;10;1313
1;2025-11-06;11;1336
1;2025-11-06;12;1340
1;2025-11-06;13;1364
1;2025-11-06;14;1312
1;2025-11-06;15;1438
1;2025-11-06;16;1446
1;2025-11-06;17;1738
1;2025-11-06;18;1743
1;2025-11-06;19;1337
1;2025-11-06;20;846
1;2025-11-06;21;477
1;2025-11-06;22;238
1;2025-11-06;23;48
1;2025-11-07;0;6
1;2025-11-07;1;0
1;2025-11-07;2;0
1;2025-11-07;3;2
1;2025-11-07;4;7
1;2025-11-07;5;135
1;2025-11-07;6;492
1;2025-11-07;7;1425
1;2025-11-07;8;1833
1;2025-11-07;9;1377
1;2025-11-07;10;1245
1;2025-11-07;11;1326
1;2025-11-07;12;1320
1;2025-11-07;13;1358
1;2025-11-07;14;1268
1;2025-11-07;15;1441
1;2025-11-07;16;1499
1;2025-11-07;17;1725
1;2025-11-07;18;1556
1;2025-11-07;19;1175
1;2025-11-07;20;748
1;2025-11-07;21;469
1;2025-11-07;22;237
1;2025-11-07;23;51
1;2025-11-08;0;5
1;2025-11-08;1;0
1;2025-11-08;2;0
1;2025-11-08;3;0
1;2025-11-08;4;0
1;2025-11-08;5;31
1;2025-11-08;6;175
1;2025-11-08;7;343
1;2025-11-08;8;432
1;2025-11-08;9;677
1;2025-11-08;10;782
1;2025-11-08;11;752
1;2025-11-08;12;914
1;2025-11-08;13;912
1;2025-11-08;14;865
1;2025-11-08;15;750
1;2025-11-08;16;694
1;2025-11-08;17;669
1;2025-11-08;18;591
1;2025-11-08;19;542
1;2025-11-08;20;392
1;2025-11-08;21;293
1;2025-11-08;22;130
1;2025-11-08;23;15
1;2025-11-09;0;1
1;2025-11-09;1;0
1;2025-11-09;2;0
1;2025-11-09;3;1
1;2025-11-09;4;1
1;2025-11-09;5;13
1;2025-11-09;6;113
1;2025-11-09;7;251
1;2025-11-09;8;339
1;2025-11-09;9;568
1;2025-11-09;10;647
1;2025-11-09;11;639
1;2025-11-09;12;785
1;2025-11-09;13;802
1;2025-11-09;14;702
1;2025-11-09;15;681
1;2025-11-09;16;612
1;2025-11-09;17;579
1;2025-11-09;18;508
1;2025-11-09;19;424
1;2025-11-09;20;346
1;2025-11-09;21;241
1;2025-11-09;22;88
1;2025-11-09;23;4
1;2025-11-10;0;0
1;2025-11-10;1;0
1;2025-11-10;2;0
1;2025-11-10;3;1
1;2025-11-10;4;0
1;2025-11-10;5;115
1;2025-11-10;6;490
1;2025-11-10;7;1400
1;2025-11-10;8;1813
1;2025-11-10;9;1376
1;2025-11-10;10;1230
1;2025-11-10;11;1260
1;2025-11-10;12;1296
1;2025-11-10;13;1318
1;2025-11-10;14;1238
1;2025-11-10;15;1381
1;2025-11-10;16;1431
1;2025-11-10;17;1702
1;2025-11-10;18;1729
1;2025-11-10;19;1325
1;2025-11-10;20;830
1;2025-11-10;21;441
1;2025-11-10;22;212
1;2025-11-10;23;17
1;2025-11-11;0;0
1;2025-11-11;1;0
1;2025-11-11;2;0
1;2025-11-11;3;0
1;2025-11-11;4;2
1;2025-11-11;5;131
1;2025-11-11;6;512
1;2025-11-11;7;1430
1;2025-11-11;8;1855
1;2025-11-11;9;1444
1;2025-11-11;10;1325
1;2025-11-11;11;1335
1;2025-11-11;12;1339
1;2025-11-11;13;1366
1;2025-11-11;14;1268
1;2025-11-11;15;1424
1;2025-11-11;16;1429
1;2025-11-11;17;1719
1;2025-11-11;18;1749
1;2025-11-11;19;1345
1;2025-11-11;20;845
1;2025-11-11;21;477
1;2025-11-11;22;229
1;2025-11-11;23;28
1;2025-11-12;0;2
1;2025-11-12;1;0
1;2025-11-12;2;0
1;2025-11-12;3;0
1;2025-11-12;4;0
1;2025-11-12;5;125
1;2025-11-12;6;516
1;2025-11-12;7;1416
1;2025-11-12;8;1900
1;2025-11-12;9;1442
1;2025-11-12;10;1316
1;2025-11-12;11;1344
1;2025-11-12;12;1346
1;2025-11-12;13;1379
1;2025-11-12;14;1314
1;2025-11-12;15;1434
1;2025-11-12;16;1446
1;2025-11-12;17;1732
1;2025-11-12;18;1756
1;2025-11-12;19;1356
1;2025-11-12;20;859
1;2025-11-12;21;479
1;2025-11-12;22;247
1;2025-11-12;23;34
1;2025-11-13;0;2
1;2025-11-13;1;0
1;2025-11-13;2;0
1;2025-11-13;3;1
1;2025-11-13;4;2
1;2025-11-13;5;123
1;2025-11-13;6;516
1;2025-11-13;7;1448
1;2025-11-13;8;1909
1;2025-11-13;9;1430
1;2025-11-13;10;1334
1;2025-11-13;11;1359
1;2025-11-13;12;1361
1;2025-11-13;13;1386
1;2025-11-13;14;1331
1;2025-11-13;15;1456
1;2025-11-13;16;1466
1;2025-11-13;17;1760
1;2025-11-13;18;1767
1;2025-11-13;19;1356
1;2025-11-13;20;867
1;2025-11-13;21;491
1;2025-11-13;22;244
1;2025-11-13;23;46
1;2025-11-14;0;2
1;2025-11-14;1;0
1;2025-11-14;2;0
1;2025-11-14;3;1
1;2025-11-14;4;2
1;2025-11-14;5;133
1;2025-11-14;6;501
1;2025-11-14;7;1437
1;2025-11-14;8;1854
1;2025-11-14;9;1395
1;2025-11-14;10;1261
1;2025-11-14;11;1347
1;2025-11-14;12;1337
1;2025-11-14;13;1380
1;2025-11-14;14;1288
1;2025-11-14;15;1463
1;2025-11-14;16;1521
1;2025-11-14;17;1749
1;2025-11-14;18;1578
1;2025-11-14;19;1191
1;2025-11-14;20;765
1;2025-11-14;21;477
1;2025-11-14;22;238
1;2025-11-14;23;43
1;2025-11-15;0;2
1;2025-11-15;1;0
1;2025-11-15;2;0
1;2025-11-15;3;0
1;2025-11-15;4;0
1;2025-11-15;5;28
1;2025-11-15;6;176
1;2025-11-15;7;361
1;2025-11-15;8;460
1;2025-11-15;9;718
1;2025-11-15;10;824
1;2025-11-15;11;793
1;2025-11-15;12;953
1;2025-11-15;13;950
1;2025-11-15;14;902
1;2025-11-15;15;788
1;2025-11-15;16;727
1;2025-11-15;17;697
1;2025-11-15;18;617
1;2025-11-15;19;570
1;2025-11-15;20;415
1;2025-11-15;21;304
1;2025-11-15;22;142
1;2025-11-15;23;23
1;2025-11-16;0;1
1;2025-11-16;1;1
1;2025-11-16;2;0
1;2025-11-16;3;0
1;2025-11-16;4;1
1;2025-11-16;5;17
1;2025-11-16;6;120
1;2025-11-16;7;264
1;2025-11-16;8;361
1;2025-11-16;9;596
1;2025-11-16;10;675
1;2025-11-16;11;668
1;2025-11-16;12;821
1;2025-11-16;13;838
1;2025-11-16;14;736
1;2025-11-16;15;709
1;2025-11-16;16;636
1;2025-11-16;17;605
1;2025-11-16;18;535
1;2025-11-16;19;453
1;2025-11-16;20;374
1;2025-11-16;21;256
1;2025-11-16;22;99
1;2025-11-16;23;12
1;2025-11-17;0;0
1;2025-11-17;1;0
1;2025-11-17;2;0
1;2025-11-17;3;0
1;2025-11-17;4;0
1;2025-11-17;5;120
1;2025-11-17;6;506
1;2025-11-17;7;1415
1;2025-11-17;8;1835
1;2025-11-17;9;1405
1;2025-11-17;10;1259
1;2025-11-17;11;1289
1;2025-11-17;12;1325
1;2025-11-17;13;1346
1;2025-11-17;14;1267
1;2025-11-17;15;1408
1;2025-11-17;16;1443
1;2025-11-17;17;1716
1;2025-11-17;18;1749
1;2025-11-17;19;1342
1;2025-11-17;20;844
1;2025-11-17;21;453
1;2025-11-17;22;222
1;2025-11-17;23;23
1;2025-11-18;0;1
1;2025-11-18;1;0
1;2025-11-18;2;0
1;2025-11-18;3;0
1;2025-11-18;4;2
1;2025-11-18;5;134
1;2025-11-18;6;517
1;2025-11-18;7;1434
1;2025-11-18;8;1863
1;2025-11-18;9;1454
1;2025-11-18;10;1335
1;2025-11-18;11;1345
1;2025-11-18;12;1349
1;2025-11-18;13;1374
1;2025-11-18;14;1276
1;2025-11-18;15;1430
1;2025-11-18;16;1434
1;2025-11-18;17;1725
1;2025-11-18;18;1756
1;2025-11-18;19;1352
1;2025-11-18;20;854
1;2025-11-18;21;484
1;2025-11-18;22;235
1;2025-11-18;23;28
1;2025-11-19;0;2
1;2025-11-19;1;0
1;2025-11-19;2;0
1;2025-11-19;3;0
1;2025-11-19;4;0
1;2025-11-19;5;125
1;2025-11-19;6;519
1;2025-11-19;7;1413
1;2025-11-19;8;1898
1;2025-11-19;9;1447
1;2025-11-19;10;1320
1;2025-11-19;11;1347
1;2025-11-19;12;1349
1;2025-11-19;13;1382
1;2025-11-19;14;1317
1;2025-11-19;15;1435
1;2025-11-19;16;1445
1;2025-11-19;17;1731
1;2025-11-19;18;1755
1;2025-11-19;19;1356
1;2025-11-19;20;863
1;2025-11-19;21;485
1;2025-11-19;22;252
1;2025-11-19;23;35
1;2025-11-20;0;2
1;2025-11-20;1;0
1;2025-11-20;2;0
1;2025-11-20;3;1
1;2025-11-20;4;2
1;2025-11-20;5;123
1;2025-11-20;6;519
1;2025-11-20;7;1447
1;2025-11-20;8;1910
1;2025-11-20;9;1432
1;2025-11-20;10;1337
1;2025-11-20;11;1363
1;2025-11-20;12;1365
1;2025-11-20;13;1389
1;2025-11-20;14;1336
1;2025-11-20;15;1459
1;2025-11-20;16;1469
1;2025-11-20;17;1762
1;2025-11-20;18;1770
1;2025-11-20;19;1361
1;2025-11-20;20;869
1;2025-11-20;21;495
1;2025-11-20;22;247
1;2025-11-20;23;47
1;2025-11-21;0;2
1;2025-11-21;1;0
1;2025-11-21;2;0
1;2025-11-21;3;1
1;2025-11-21;4;2
1;2025-11-21;5;137
1;2025-11-21;6;505
1;2025-11-21;7;1438
1;2025-11-21;8;1854
1;2025-11-21;9;1397
1;2025-11-21;10;1264
1;2025-11-21;11;1349
1;2025-11-21;12;1340
1;2025-11-21;13;1383
1;2025-11-21;14;1290
1;2025-11-21;15;1464
1;2025-11-21;16;1521
1;2025-11-21;17;1750
1;2025-11-21;18;1582
1;2025-11-21;19;1196
1;2025-11-21;20;772
1;2025-11-21;21;482
1;2025-11-21;22;241
1;2025-11-21;23;45
1;2025-11-22;0;2
1;2025-11-22;1;0
1;2025-11-22;2;0
1;2025-11-22;3;1
1;2025-11-22;4;0
1;2025-11-22;5;29
1;2025-11-22;6;177
1;2025-11-22;7;361
1;2025-11-22;8;460
1;2025-11-22;9;717
1;2025-11-22;10;822
1;2025-11-22;11;790
1;2025-11-22;12;951
1;2025-11-22;13;931
1;2025-11-22;14;884
1;2025-11-22;15;771
1;2025-11-22;16;709
1;2025-11-22;17;678
1;2025-11-22;18;599
1;2025-11-22;19;553
1;2025-11-22;20;402
1;2025-11-22;21;300
1;2025-11-22;22;140
1;2025-11-22;23;23
1;2025-11-23;0;1
1;2025-11-23;1;0
1;2025-11-23;2;0
1;2025-11-23;3;0
1;2025-11-23;4;1
1;2025-11-23;5;19
1;2025-11-23;6;118
1;2025-11-23;7;256
1;2025-11-23;8;349
1;2025-11-23;9;583
1;2025-11-23;10;662
1;2025-11-23;11;654
1;2025-11-23;12;807
1;2025-11-23;13;824
1;2025-11-23;14;725
1;2025-11-23;15;696
1;2025-11-23;16;622
1;2025-11-23;17;590
1;2025-11-23;18;521
1;2025-11-23;19;441
1;2025-11-23;20;362
1;2025-11-23;21;254
1;2025-11-23;22;99
1;2025-11-23;23;13
1;2025-11-24;0;0
1;2025-11-24;1;0
1;2025-11-24;2;0
1;2025-11-24;3;0
1;2025-11-24;4;0
1;2025-11-24;5;118
1;2025-11-24;6;496
1;2025-11-24;7;1398
1;2025-11-24;8;1821
1;2025-11-24;9;1392
1;2025-11-24;10;1246
1;2025-11-24;11;1276
1;2025-11-24;12;1314
1;2025-11-24;13;1335
1;2025-11-24;14;1255
1;2025-11-24;15;1392
1;2025-11-24;16;1425
1;2025-11-24;17;1701
1;2025-11-24;18;1734
1;2025-11-24;19;1332
1;2025-11-24;20;833
1;2025-11-24;21;452
1;2025-11-24;22;225
1;2025-11-24;23;25
1;2025-11-25;0;1
1;2025-11-25;1;0
1;2025-11-25;2;1
1;2025-11-25;3;1
1;2025-11-25;4;5
1;2025-11-25;5;137
1;2025-11-25;6;515
1;2025-11-25;7;1413
1;2025-11-25;8;1845
1;2025-11-25;9;1438
1;2025-11-25;10;1323
1;2025-11-25;11;1332
1;2025-11-25;12;1336
1;2025-11-25;13;1361
1;2025-11-25;14;1267
1;2025-11-25;15;1415
1;2025-11-25;16;1419
1;2025-11-25;17;1710
1;2025-11-25;18;1745
1;2025-11-25;19;1338
1;2025-11-25;20;846
1;2025-11-25;21;484
1;2025-11-25;22;239
1;2025-11-25;23;33
1;2025-11-26;0;2
1;2025-11-26;1;0
1;2025-11-26;2;0
1;2025-11-26;3;0
1;2025-11-26;4;2
1;2025-11-26;5;128
1;2025-11-26;6;513
1;2025-11-26;7;1395
1;2025-11-26;8;1877
1;2025-11-26;9;1424
1;2025-11-26;10;1306
1;2025-11-26;11;1331
1;2025-11-26;12;1333
1;2025-11-26;13;1360
1;2025-11-26;14;1299
1;2025-11-26;15;1408
1;2025-11-26;16;1420
1;2025-11-26;17;1706
1;2025-11-26;18;1735
1;2025-11-26;19;1332
1;2025-11-26;20;848
1;2025-11-26;21;479
1;2025-11-26;22;250
1;2025-11-26;23;33
1;2025-11-27;0;3
1;2025-11-27;1;0
1;2025-11-27;2;0
1;2025-11-27;3;0
1;2025-11-27;4;6
1;2025-11-27;5;124
1;2025-11-27;6;510
1;2025-11-27;7;1422
1;2025-11-27;8;1880
1;2025-11-27;9;1409
1;2025-11-27;10;1318
1;2025-11-27;11;1342
1;2025-11-27;12;1346
1;2025-11-27;13;1368
1;2025-11-27;14;1313
1;2025-11-27;15;1431
1;2025-11-27;16;1444
1;2025-11-27;17;1736
1;2025-11-27;18;1748
1;2025-11-27;19;1343
1;2025-11-27;20;859
1;2025-11-27;21;490
1;2025-11-27;22;246
1;2025-11-27;23;47
1;2025-11-28;0;5
1;2025-11-28;1;0
1;2025-11-28;2;0
1;2025-11-28;3;1
1;2025-11-28;4;7
1;2025-11-28;5;136
1;2025-11-28;6;499
1;2025-11-28;7;1415
1;2025-11-28;8;1828
1;2025-11-28;9;1378
1;2025-11-28;10;1248
1;2025-11-28;11;1328
1;2025-11-28;12;1323
1;2025-11-28;13;1360
1;2025-11-28;14;1267
1;2025-11-28;15;1437
1;2025-11-28;16;1492
1;2025-11-28;17;1724
1;2025-11-28;18;1564
1;2025-11-28;19;1168
1;2025-11-28;20;756
1;2025-11-28;21;477
1;2025-11-28;22;237
1;2025-11-28;23;44
1;2025-11-29;0;3
1;2025-11-29;1;0
1;2025-11-29;2;0
1;2025-11-29;3;0
1;2025-11-29;4;0
1;2025-11-29;5;30
1;2025-11-29;6;175
1;2025-11-29;7;350
1;2025-11-29;8;447
1;2025-11-29;9;700
1;2025-11-29;10;808
1;2025-11-29;11;774
1;2025-11-29;12;937
1;2025-11-29;13;933
1;2025-11-29;14;887
1;2025-11-29;15;773
1;2025-11-29;16;711
1;2025-11-29;17;679
1;2025-11-29;18;601
1;2025-11-29;19;553
1;2025-11-29;20;401
1;2025-11-29;21;302
1;2025-11-29;22;143
1;2025-11-29;23;27
1;2025-11-30;0;1
1;2025-11-30;1;1
1;2025-11-30;2;0
1;2025-11-30;3;0
1;2025-11-30;4;1
1;2025-11-30;5;23
1;2025-11-30;6;122
1;2025-11-30;7;262
1;2025-11-30;8;354
1;2025-11-30;9;588
1;2025-11-30;10;669
1;2025-11-30;11;661
1;2025-11-30;12;815
1;2025-11-30;13;831
1;2025-11-30;14;733
1;2025-11-30;15;703
1;2025-11-30;16;628
1;2025-11-30;17;597
1;2025-11-30;18;528
1;2025-11-30;19;446
1;2025-11-30;20;368
1;2025-11-30;21;258
1;2025-11-30;22;104
1;2025-11-30;23;19
1;2025-12-01;0;0
1;2025-12-01;1;0
1;2025-12-01;2;0
1;2025-12-01;3;0
1;2025-12-01;4;1
1;2025-12-01;5;123
1;2025-12-01;6;498
1;2025-12-01;7;1395
1;2025-12-01;8;1796
1;2025-12-01;9;1381
1;2025-12-01;10;1240
1;2025-12-01;11;1269
1;2025-12-01;12;1307
1;2025-12-01;13;1328
1;2025-12-01;14;1248
1;2025-12-01;15;1382
1;2025-12-01;16;1419
1;2025-12-01;17;1687
1;2025-12-01;18;1716
1;2025-12-01;19;1319
1;2025-12-01;20;830
1;2025-12-01;21;450
1;2025-12-01;22;226
1;2025-12-01;23;29
1;2025-12-02;0;4
1;2025-12-02;1;2
1;2025-12-02;2;2
1;2025-12-02;3;2
1;2025-12-02;4;7
1;2025-12-02;5;138
1;2025-12-02;6;511
1;2025-12-02;7;1400
1;2025-12-02;8;1811
1;2025-12-02;9;1420
1;2025-12-02;10;1307
1;2025-12-02;11;1316
1;2025-12-02;12;1320
1;2025-12-02;13;1344
1;2025-12-02;14;1253
1;2025-12-02;15;1401
1;2025-12-02;16;1410
1;2025-12-02;17;1690
1;2025-12-02;18;1731
1;2025-12-02;19;1327
1;2025-12-02;20;838
1;2025-12-02;21;479
1;2025-12-02;22;238
1;2025-12-02;23;34
1;2025-12-03;0;2
1;2025-12-03;1;0
1;2025-12-03;2;0
1;2025-12-03;3;0
1;2025-12-03;4;3
1;2025-12-03;5;130
1;2025-12-03;6;509
1;2025-12-03;7;1396
1;2025-12-03;8;1875
1;2025-12-03;9;1426
1;2025-12-03;10;1308
1;2025-12-03;11;1333
1;2025-12-03;12;1336
1;2025-12-03;13;1364
1;2025-12-03;14;1303
1;2025-12-03;15;1413
1;2025-12-03;16;1426
1;2025-12-03;17;1710
1;2025-12-03;18;1737
1;2025-12-03;19;1331
1;2025-12-03;20;849
1;2025-12-03;21;476
1;2025-12-03;22;252
1;2025-12-03;23;39
1;2025-12-04;0;4
1;2025-12-04;1;0
1;2025-12-04;2;0
1;2025-12-04;3;0
1;2025-12-04;4;8
1;2025-12-04;5;127
1;2025-12-04;6;509
1;2025-12-04;7;1421
1;2025-12-04;8;1879
1;2025-12-04;9;1405
1;2025-12-04;10;1313
1;2025-12-04;11;1335
1;2025-12-04;12;1340
1;2025-12-04;13;1362
1;2025-12-04;14;1307
1;2025-12-04;15;1426
1;2025-12-04;16;1439
1;2025-12-04;17;1730
1;2025-12-04;18;1741
1;2025-12-04;19;1331
1;2025-12-04;20;854
1;2025-12-04;21;485
1;2025-12-04;22;248
1;2025-12-04;23;51
1;2025-12-05;0;5
1;2025-12-05;1;0
1;2025-12-05;2;0
1;2025-12-05;3;1
1;2025-12-05;4;9
1;2025-12-05;5;141
1;2025-12-05;6;499
1;2025-12-05;7;1422
1;2025-12-05;8;1835
1;2025-12-05;9;1383
1;2025-12-05;10;1253
1;2025-12-05;11;1332
1;2025-12-05;12;1328
1;2025-12-05;13;1365
1;2025-12-05;14;1272
1;2025-12-05;15;1441
1;2025-12-05;16;1498
1;2025-12-05;17;1728
1;2025-12-05;18;1568
1;2025-12-05;19;1172
1;2025-12-05;20;762
1;2025-12-05;21;475
1;2025-12-05;22;241
1;2025-12-05;23;51
1;2025-12-06;0;4
1;2025-12-06;1;0
1;2025-12-06;2;0
1;2025-12-06;3;0
1;2025-12-06;4;1
1;2025-12-06;5;36
1;2025-12-06;6;179
1;2025-12-06;7;351
1;2025-12-06;8;445
1;2025-12-06;9;699
1;2025-12-06;10;806
1;2025-12-06;11;776
1;2025-12-06;12;936
1;2025-12-06;13;935
1;2025-12-06;14;886
1;2025-12-06;15;775
1;2025-12-06;16;713
1;2025-12-06;17;680
1;2025-12-06;18;600
1;2025-12-06;19;552
1;2025-12-06;20;401
1;2025-12-06;21;303
1;2025-12-06;22;146
1;2025-12-06;23;30
1;2025-12-07;0;1
1;2025-12-07;1;0
1;2025-12-07;2;0
1;2025-12-07;3;0
1;2025-12-07;4;1
1;2025-12-07;5;27
1;2025-12-07;6;126
1;2025-12-07;7;264
1;2025-12-07;8;352
1;2025-12-07;9;586
1;2025-12-07;10;668
1;2025-12-07;11;657
1;2025-12-07;12;810
1;2025-12-07;13;828
1;2025-12-07;14;729
1;2025-12-07;15;699
1;2025-12-07;16;627
1;2025-12-07;17;593
1;2025-12-07;18;522
1;2025-12-07;19;443
1;2025-12-07;20;365
1;2025-12-07;21;260
1;2025-12-07;22;106
1;2025-12-07;23;22
1;2025-12-08;0;1
1;2025-12-08;1;0
1;2025-12-08;2;0
1;2025-12-08;3;0
1;2025-12-08;4;5
1;2025-12-08;5;129
1;2025-12-08;6;504
1;2025-12-08;7;1401
1;2025-12-08;8;1811
1;2025-12-08;9;1391
1;2025-12-08;10;1247
1;2025-12-08;11;1278
1;2025-12-08;12;1316
1;2025-12-08;13;1338
1;2025-12-08;14;1255
1;2025-12-08;15;1388
1;2025-12-08;16;1422
1;2025-12-08;17;1693
1;2025-12-08;18;1728
1;2025-12-08;19;1325
1;2025-12-08;20;836
1;2025-12-08;21;453
1;2025-12-08;22;231
1;2025-12-08;23;32
1;2025-12-09;0;1
1;2025-12-09;1;0
1;2025-12-09;2;0
1;2025-12-09;3;1
1;2025-12-09;4;7
1;2025-12-09;5;143
1;2025-12-09;6;517
1;2025-12-09;7;1415
1;2025-12-09;8;1843
1;2025-12-09;9;1439
1;2025-12-09;10;1325
1;2025-12-09;11;1335
1;2025-12-09;12;1339
1;2025-12-09;13;1363
1;2025-12-09;14;1269
1;2025-12-09;15;1417
1;2025-12-09;16;1422
1;2025-12-09;17;1708
1;2025-12-09;18;1745
1;2025-12-09;19;1335
1;2025-12-09;20;848
1;2025-12-09;21;486
1;2025-12-09;22;247
1;2025-12-09;23;42
1;2025-12-10;0;4
1;2025-12-10;1;0
1;2025-12-10;2;0
1;2025-12-10;3;0
1;2025-12-10;4;6
1;2025-12-10;5;138
1;2025-12-10;6;519
1;2025-12-10;7;1402
1;2025-12-10;8;1879
1;2025-12-10;9;1428
1;2025-12-10;10;1313
1;2025-12-10;11;1339
1;2025-12-10;12;1341
1;2025-12-10;13;1368
1;2025-12-10;14;1309
1;2025-12-10;15;1416
1;2025-12-10;16;1429
1;2025-12-10;17;1714
1;2025-12-10;18;1738
1;2025-12-10;19;1332
1;2025-12-10;20;850
1;2025-12-10;21;479
1;2025-12-10;22;255
1;2025-12-10;23;42
1;2025-12-11;0;6
1;2025-12-11;1;1
1;2025-12-11;2;0
1;2025-12-11;3;0
1;2025-12-11;4;10
1;2025-12-11;5;133
1;2025-12-11;6;512
1;2025-12-11;7;1426
1;2025-12-11;8;1882
1;2025-12-11;9;1408
1;2025-12-11;10;1318
1;2025-12-11;11;1341
1;2025-12-11;12;1345
1;2025-12-11;13;1370
1;2025-12-11;14;1313
1;2025-12-11;15;1432
1;2025-12-11;16;1445
1;2025-12-11;17;1735
1;2025-12-11;18;1744
1;2025-12-11;19;1334
1;2025-12-11;20;854
1;2025-12-11;21;487
1;2025-12-11;22;252
1;2025-12-11;23;55
1;2025-12-12;0;7
1;2025-12-12;1;1
1;2025-12-12;2;0
1;2025-12-12;3;1
1;2025-12-12;4;12
1;2025-12-12;5;146
1;2025-12-12;6;502
1;2025-12-12;7;1426
1;2025-12-12;8;1835
1;2025-12-12;9;1384
1;2025-12-12;10;1254
1;2025-12-12;11;1333
1;2025-12-12;12;1331
1;2025-12-12;13;1369
1;2025-12-12;14;1274
1;2025-12-12;15;1446
1;2025-12-12;16;1501
1;2025-12-12;17;1725
1;2025-12-12;18;1566
1;2025-12-12;19;1169
1;2025-12-12;20;760
1;2025-12-12;21;477
1;2025-12-12;22;246
1;2025-12-12;23;56
1;2025-12-13;0;7
1;2025-12-13;1;1
1;2025-12-13;2;0
1;2025-12-13;3;0
1;2025-12-13;4;0
1;2025-12-13;5;40
1;2025-12-13;6;184
1;2025-12-13;7;351
1;2025-12-13;8;444
1;2025-12-13;9;695
1;2025-12-13;10;800
1;2025-12-13;11;770
1;2025-12-13;12;936
1;2025-12-13;13;934
1;2025-12-13;14;887
1;2025-12-13;15;771
1;2025-12-13;16;710
1;2025-12-13;17;677
1;2025-12-13;18;597
1;2025-12-13;19;550
1;2025-12-13;20;402
1;2025-12-13;21;305
1;2025-12-13;22;150
1;2025-12-13;23;34
1;2025-12-14;0;1
1;2025-12-14;1;1
1;2025-12-14;2;0
1;2025-12-14;3;0
1;2025-12-14;4;2
1;2025-12-14;5;32
1;2025-12-14;6;130
1;2025-12-14;7;265
1;2025-12-14;8;351
1;2025-12-14;9;587
1;2025-12-14;10;670
1;2025-12-14;11;659
1;2025-12-14;12;818
1;2025-12-14;13;842
1;2025-12-14;14;736
1;2025-12-14;15;705
1;2025-12-14;16;633
1;2025-12-14;17;598
1;2025-12-14;18;524
1;2025-12-14;19;443
1;2025-12-14;20;366
1;2025-12-14;21;264
1;2025-12-14;22;110
1;2025-12-14;23;25
1;2025-12-15;0;1
1;2025-12-15;1;1
1;2025-12-15;2;0
1;2025-12-15;3;0
1;2025-12-15;4;7
1;2025-12-15;5;132
1;2025-12-15;6;505
1;2025-12-15;7;1410
1;2025-12-15;8;1818
1;2025-12-15;9;1398
1;2025-12-15;10;1255
1;2025-12-15;11;1285
1;2025-12-15;12;1324
1;2025-12-15;13;1348
1;2025-12-15;14;1262
1;2025-12-15;15;1398
1;2025-12-15;16;1433
1;2025-12-15;17;1697
1;2025-12-15;18;1730
1;2025-12-15;19;1330
1;2025-12-15;20;840
1;2025-12-15;21;455
1;2025-12-15;22;234
1;2025-12-15;23;36
1;2025-12-16;0;4
1;2025-12-16;1;1
1;2025-12-16;2;1
1;2025-12-16;3;2
1;2025-12-16;4;10
1;2025-12-16;5;147
1;2025-12-16;6;516
1;2025-12-16;7;1420
1;2025-12-16;8;1844
1;2025-12-16;9;1443
1;2025-12-16;10;1330
1;2025-12-16;11;1340
1;2025-12-16;12;1344
1;2025-12-16;13;1370
1;2025-12-16;14;1272
1;2025-12-16;15;1420
1;2025-12-16;16;1427
1;2025-12-16;17;1709
1;2025-12-16;18;1745
1;2025-12-16;19;1337
1;2025-12-16;20;849
1;2025-12-16;21;484
1;2025-12-16;22;247
1;2025-12-16;23;43
1;2025-12-17;0;4
1;2025-12-17;1;0
1;2025-12-17;2;0
1;2025-12-17;3;0
1;2025-12-17;4;8
1;2025-12-17;5;138
1;2025-12-17;6;516
1;2025-12-17;7;1403
1;2025-12-17;8;1878
1;2025-12-17;9;1428
1;2025-12-17;10;1312
1;2025-12-17;11;1337
1;2025-12-17;12;1339
1;2025-12-17;13;1368
1;2025-12-17;14;1305
1;2025-12-17;15;1416
1;2025-12-17;16;1429
1;2025-12-17;17;1710
1;2025-12-17;18;1736
1;2025-12-17;19;1331
1;2025-12-17;20;846
1;2025-12-17;21;476
1;2025-12-17;22;255
1;2025-12-17;23;44
1;2025-12-18;0;6
1;2025-12-18;1;0
1;2025-12-18;2;1
1;2025-12-18;3;1
1;2025-12-18;4;10
1;2025-12-18;5;132
1;2025-12-18;6;513
1;2025-12-18;7;1423
1;2025-12-18;8;1874
1;2025-12-18;9;1402
1;2025-12-18;10;1314
1;2025-12-18;11;1336
1;2025-12-18;12;1341
1;2025-12-18;13;1365
1;2025-12-18;14;1309
1;2025-12-18;15;1426
1;2025-12-18;16;1440
1;2025-12-18;17;1725
1;2025-12-18;18;1735
1;2025-12-18;19;1330
1;2025-12-18;20;856
1;2025-12-18;21;490
1;2025-12-18;22;254
1;2025-12-18;23;57
1;2025-12-19;0;7
1;2025-12-19;1;1
1;2025-12-19;2;1
1;2025-12-19;3;1
1;2025-12-19;4;10
1;2025-12-19;5;140
1;2025-12-19;6;493
1;2025-12-19;7;1412
1;2025-12-19;8;1821
1;2025-12-19;9;1370
1;2025-12-19;10;1242
1;2025-12-19;11;1312
1;2025-12-19;12;1310
1;2025-12-19;13;1348
1;2025-12-19;14;1260
1;2025-12-19;15;1425
1;2025-12-19;16;1487
1;2025-12-19;17;1708
1;2025-12-19;18;1537
1;2025-12-19;19;1156
1;2025-12-19;20;758
1;2025-12-19;21;474
1;2025-12-19;22;241
1;2025-12-19;23;51
1;2025-12-20;0;6
1;2025-12-20;1;0
1;2025-12-20;2;0
1;2025-12-20;3;0
1;2025-12-20;4;0
1;2025-12-20;5;36
1;2025-12-20;6;176
1;2025-12-20;7;348
1;2025-12-20;8;442
1;2025-12-20;9;692
1;2025-12-20;10;798
1;2025-12-20;11;768
1;2025-12-20;12;935
1;2025-12-20;13;935
1;2025-12-20;14;886
1;2025-12-20;15;768
1;2025-12-20;16;708
1;2025-12-20;17;674
1;2025-12-20;18;596
1;2025-12-20;19;546
1;2025-12-20;20;403
1;2025-12-20;21;306
1;2025-12-20;22;146
1;2025-12-20;23;33
1;2025-12-21;0;3
1;2025-12-21;1;0
1;2025-12-21;2;0
1;2025-12-21;3;0
1;2025-12-21;4;2
1;2025-12-21;5;29
1;2025-12-21;6;125
1;2025-12-21;7;259
1;2025-12-21;8;356
1;2025-12-21;9;588
1;2025-12-21;10;669
1;2025-12-21;11;658
1;2025-12-21;12;816
1;2025-12-21;13;838
1;2025-12-21;14;736
1;2025-12-21;15;706
1;2025-12-21;16;632
1;2025-12-21;17;599
1;2025-12-21;18;527
1;2025-12-21;19;444
1;2025-12-21;20;373
1;2025-12-21;21;262
1;2025-12-21;22;108
1;2025-12-21;23;23
1;2025-12-22;0;2
1;2025-12-22;1;0
1;2025-12-22;2;1
1;2025-12-22;3;0
1;2025-12-22;4;8
1;2025-12-22;5;124
1;2025-12-22;6;495
1;2025-12-22;7;1367
1;2025-12-22;8;1779
1;2025-12-22;9;1363
1;2025-12-22;10;1230
1;2025-12-22;11;1261
1;2025-12-22;12;1299
1;2025-12-22;13;1324
1;2025-12-22;14;1243
1;2025-12-22;15;1366
1;2025-12-22;16;1396
1;2025-12-22;17;1651
1;2025-12-22;18;1695
1;2025-12-22;19;1296
1;2025-12-22;20;829
1;2025-12-22;21;449
1;2025-12-22;22;232
1;2025-12-22;23;37
1;2025-12-23;0;6
1;2025-12-23;1;0
1;2025-12-23;2;2
1;2025-12-23;3;2
1;2025-12-23;4;9
1;2025-12-23;5;137
1;2025-12-23;6;499
1;2025-12-23;7;1360
1;2025-12-23;8;1789
1;2025-12-23;9;1382
1;2025-12-23;10;1277
1;2025-12-23;11;1293
1;2025-12-23;12;1301
1;2025-12-23;13;1321
1;2025-12-23;14;1245
1;2025-12-23;15;1368
1;2025-12-23;16;1373
1;2025-12-23;17;1654
1;2025-12-23;18;1698
1;2025-12-23;19;1291
1;2025-12-23;20;833
1;2025-12-23;21;476
1;2025-12-23;22;242
1;2025-12-23;23;39
1;2025-12-24;0;4
1;2025-12-24;1;0
1;2025-12-24;2;0
1;2025-12-24;3;0
1;2025-12-24;4;7
1;2025-12-24;5;129
1;2025-12-24;6;498
1;2025-12-24;7;1329
1;2025-12-24;8;1828
1;2025-12-24;9;1354
1;2025-12-24;10;1266
1;2025-12-24;11;1278
1;2025-12-24;12;1284
1;2025-12-24;13;1306
1;2025-12-24;14;1253
1;2025-12-24;15;1351
1;2025-12-24;16;1365
1;2025-12-24;17;1655
1;2025-12-24;18;1695
1;2025-12-24;19;1271
1;2025-12-24;20;828
1;2025-12-24;21;466
1;2025-12-24;22;249
1;2025-12-24;23;39
1;2025-12-25;0;7
1;2025-12-25;1;1
1;2025-12-25;2;1
1;2025-12-25;3;1
1;2025-12-25;4;10
1;2025-12-25;5;127
1;2025-12-25;6;502
1;2025-12-25;7;1371
1;2025-12-25;8;1835
1;2025-12-25;9;1350
1;2025-12-25;10;1284
1;2025-12-25;11;1292
1;2025-12-25;12;1296
1;2025-12-25;13;1322
1;2025-12-25;14;1284
1;2025-12-25;15;1383
1;2025-12-25;16;1386
1;2025-12-25;17;1695
1;2025-12-25;18;1713
1;2025-12-25;19;1290
1;2025-12-25;20;843
1;2025-12-25;21;481
1;2025-12-25;22;250
1;2025-12-25;23;55
1;2025-12-26;0;9
1;2025-12-26;1;0
1;2025-12-26;2;0
1;2025-12-26;3;1
1;2025-12-26;4;11
1;2025-12-26;5;137
1;2025-12-26;6;491
1;2025-12-26;7;1367
1;2025-12-26;8;1790
1;2025-12-26;9;1324
1;2025-12-26;10;1222
1;2025-12-26;11;1282
1;2025-12-26;12;1281
1;2025-12-26;13;1321
1;2025-12-26;14;1249
1;2025-12-26;15;1386
1;2025-12-26;16;1438
1;2025-12-26;17;1687
1;2025-12-26;18;1532
1;2025-12-26;19;1153
1;2025-12-26;20;751
1;2025-12-26;21;472
1;2025-12-26;22;243
1;2025-12-26;23;53
1;2025-12-27;0;9
1;2025-12-27;1;0
1;2025-12-27;2;0
1;2025-12-27;3;1
1;2025-12-27;4;0
1;2025-12-27;5;37
1;2025-12-27;6;173
1;2025-12-27;7;341
1;2025-12-27;8;431
1;2025-12-27;9;672
1;2025-12-27;10;770
1;2025-12-27;11;743
1;2025-12-27;12;913
1;2025-12-27;13;914
1;2025-12-27;14;867
1;2025-12-27;15;755
1;2025-12-27;16;694
1;2025-12-27;17;663
1;2025-12-27;18;588
1;2025-12-27;19;542
1;2025-12-27;20;404
1;2025-12-27;21;308
1;2025-12-27;22;148
1;2025-12-27;23;37
1;2025-12-28;0;7
1;2025-12-28;1;1
1;2025-12-28;2;0
1;2025-12-28;3;1
1;2025-12-28;4;2
1;2025-12-28;5;27
1;2025-12-28;6;118
1;2025-12-28;7;247
1;2025-12-28;8;337
1;2025-12-28;9;564
1;2025-12-28;10;639
1;2025-12-28;11;634
1;2025-12-28;12;791
1;2025-12-28;13;814
1;2025-12-28;14;715
1;2025-12-28;15;686
1;2025-12-28;16;611
1;2025-12-28;17;580
1;2025-12-28;18;510
1;2025-12-28;19;424
1;2025-12-28;20;363
1;2025-12-28;21;254
1;2025-12-28;22;106
1;2025-12-28;23;25
1;2025-12-29;0;4
1;2025-12-29;1;0
1;2025-12-29;2;1
1;2025-12-29;3;1
1;2025-12-29;4;7
1;2025-12-29;5;113
1;2025-12-29;6;467
1;2025-12-29;7;1302
1;2025-12-29;8;1711
1;2025-12-29;9;1287
1;2025-12-29;10;1165
1;2025-12-29;11;1193
1;2025-12-29;12;1233
1;2025-12-29;13;1260
1;2025-12-29;14;1181
1;2025-12-29;15;1300
1;2025-12-29;16;1330
1;2025-12-29;17;1591
1;2025-12-29;18;1631
1;2025-12-29;19;1228
1;2025-12-29;20;789
1;2025-12-29;21;416
1;2025-12-29;22;215
1;2025-12-29;23;35
1;2025-12-30;0;9
1;2025-12-30;1;3
1;2025-12-30;2;5
1;2025-12-30;3;4
1;2025-12-30;4;10
1;2025-12-30;5;102
1;2025-12-30;6;376
1;2025-12-30;7;1156
1;2025-12-30;8;1571
1;2025-12-30;9;1180
1;2025-12-30;10;1080
1;2025-12-30;11;1077
1;2025-12-30;12;1092
1;2025-12-30;13;1115
1;2025-12-30;14;1052
1;2025-12-30;15;1192
1;2025-12-30;16;1185
1;2025-12-30;17;1462
1;2025-12-30;18;1504
1;2025-12-30;19;1099
1;2025-12-30;20;706
1;2025-12-30;21;390
1;2025-12-30;22;193
1;2025-12-30;23;31
1;2025-12-31;0;5
1;2025-12-31;1;2
1;2025-12-31;2;1
1;2025-12-31;3;1
1;2025-12-31;4;0
1;2025-12-31;5;13
1;2025-12-31;6;142
1;2025-12-31;7;176
1;2025-12-31;8;170
1;2025-12-31;9;335
1;2025-12-31;10;425
1;2025-12-31;11;417
1;2025-12-31;12;485
1;2025-12-31;13;493
1;2025-12-31;14;460
1;2025-12-31;15;422
1;2025-12-31;16;392
1;2025-12-31;17;357
1;2025-12-31;18;326
1;2025-12-31;19;284
1;2025-12-31;20;321
1;2025-12-31;21;202
1;2025-12-31;22;111
1;2025-12-31;23;13
5;2025-11-01;0;1
5;2025-11-01;1;1
5;2025-11-01;2;1
5;2025-11-01;3;1
5;2025-11-01;4;1
5;2025-11-01;5;2
5;2025-11-01;6;2
5;2025-11-01;7;1
5;2025-11-01;8;1
5;2025-11-01;9;1
5;2025-11-01;10;2
5;2025-11-01;11;3
5;2025-11-01;12;3
5;2025-11-01;13;3
5;2025-11-01;14;3
5;2025-11-01;15;3
5;2025-11-01;16;2
5;2025-11-01;17;2
5;2025-11-01;18;2
5;2025-11-01;19;1
5;2025-11-01;20;1
5;2025-11-01;21;1
5;2025-11-01;22;1
5;2025-11-01;23;1
5;2025-11-02;0;1
5;2025-11-02;1;1
5;2025-11-02;2;1
5;2025-11-02;3;1
5;2025-11-02;4;1
5;2025-11-02;5;1
5;2025-11-02;6;1
5;2025-11-02;7;1
5;2025-11-02;8;1
5;2025-11-02;9;1
5;2025-11-02;10;1
5;2025-11-02;11;2
5;2025-11-02;12;2
5;2025-11-02;13;2
5;2025-11-02;14;2
5;2025-11-02;15;1
5;2025-11-02;16;0
5;2025-11-02;17;0
5;2025-11-02;18;0
5;2025-11-02;19;0
5;2025-11-02;20;0
5;2025-11-02;21;0
5;2025-11-02;22;0
5;2025-11-02;23;0
5;2025-11-03;0;0
5;2025-11-03;1;0
5;2025-11-03;2;0
5;2025-11-03;3;0
5;2025-11-03;4;0
5;2025-11-03;5;0
5;2025-11-03;6;0
5;2025-11-03;7;0
5;2025-11-03;8;0
5;2025-11-03;9;0
5;2025-11-03;10;0
5;2025-11-03;11;0
5;2025-11-03;12;1
5;2025-11-03;13;1
5;2025-11-03;14;1
5;2025-11-03;15;1
5;2025-11-03;16;1
5;2025-11-03;17;1
5;2025-11-03;18;1
5;2025-11-03;19;1
5;2025-11-03;20;1
5;2025-11-03;21;1
5;2025-11-03;22;1
5;2025-11-03;23;1
5;2025-11-04;0;1
5;2025-11-04;1;1
5;2025-11-04;2;1
5;2025-11-04;3;1
5;2025-11-04;4;1
5;2025-11-04;5;1
5;2025-11-04;6;1
5;2025-11-04;7;1
5;2025-11-04;8;0
5;2025-11-04;9;0
5;2025-11-04;10;1
5;2025-11-04;11;1
5;2025-11-04;12;1
5;2025-11-04;13;1
5;2025-11-04;14;1
5;2025-11-04;15;1
5;2025-11-04;16;1
5;2025-11-04;17;1
5;2025-11-04;18;1
5;2025-11-04;19;2
5;2025-11-04;20;1
5;2025-11-04;21;1
5;2025-11-04;22;1
5;2025-11-04;23;1
5;2025-11-05;0;0
5;2025-11-05;1;0
5;2025-11-05;2;0
5;2025-11-05;3;0
5;2025-11-05;4;0
5;2025-11-05;5;0
5;2025-11-05;6;0
5;2025-11-05;7;0
5;2025-11-05;8;0
5;2025-11-05;9;0
5;2025-11-05;10;0
5;2025-11-05;11;0
5;2025-11-05;12;0
5;2025-11-05;13;0
5;2025-11-05;14;0
5;2025-11-05;15;0
5;2025-11-05;16;0
5;2025-11-05;17;0
5;2025-11-05;18;0
5;2025-11-05;19;0
5;2025-11-05;20;0
5;2025-11-05;21;0
5;2025-11-05;22;0
5;2025-11-05;23;0
5;2025-11-06;0;0
5;2025-11-06;1;0
5;2025-11-06;2;0
5;2025-11-06;3;0
5;2025-11-06;4;0
5;2025-11-06;5;0
5;2025-11-06;6;0
5;2025-11-06;7;0
5;2025-11-06;8;0
5;2025-11-06;9;0
5;2025-11-06;10;0
5;2025-11-06;11;0
5;2025-11-06;12;0
5;2025-11-06;13;1
5;2025-11-06;14;1
5;2025-11-06;15;1
5;2025-11-06;16;1
5;2025-11-06;17;0
5;2025-11-06;18;0
5;2025-11-06;19;1
5;2025-11-06;20;0
5;2025-11-06;21;0
5;2025-11-06;22;0
5;2025-11-06;23;0
5;2025-11-07;0;0
5;2025-11-07;1;0
5;2025-11-07;2;0
5;2025-11-07;3;0
5;2025-11-07;4;0
5;2025-11-07;5;0
5;2025-11-07;6;0
5;2025-11-07;7;0
5;2025-11-07;8;0
5;2025-11-07;9;0
5;2025-11-07;10;0
5;2025-11-07;11;0
5;2025-11-07;12;0
5;2025-11-07;13;2
5;2025-11-07;14;2
5;2025-11-07;15;3
5;2025-11-07;16;3
5;2025-11-07;17;1
5;2025-11-07;18;0
5;2025-11-07;19;0
5;2025-11-07;20;0
5;2025-11-07;21;1
5;2025-11-07;22;1
5;2025-11-07;23;1
5;2025-11-08;0;0
5;2025-11-08;1;0
5;2025-11-08;2;0
5;2025-11-08;3;0
5;2025-11-08;4;0
5;2025-11-08;5;1
5;2025-11-08;6;1
5;2025-11-08;7;1
5;2025-11-08;8;0
5;2025-11-08;9;0
5;2025-11-08;10;0
5;2025-11-08;11;1
5;2025-11-08;12;1
5;2025-11-08;13;2
5;2025-11-08;14;2
5;2025-11-08;15;1
5;2025-11-08;16;1
5;2025-11-08;17;1
5;2025-11-08;18;1
5;2025-11-08;19;0
5;2025-11-08;20;0
5;2025-11-08;21;0
5;2025-11-08;22;0
5;2025-11-08;23;0
5;2025-11-09;0;0
5;2025-11-09;1;0
5;2025-11-09;2;0
5;2025-11-09;3;0
5;2025-11-09;4;0
5;2025-11-09;5;0
5;2025-11-09;6;1
5;2025-11-09;7;1
5;2025-11-09;8;1
5;2025-11-09;9;1
5;2025-11-09;10;1
5;2025-11-09;11;1
5;2025-11-09;12;1
5;2025-11-09;13;1
5;2025-11-09;14;1
5;2025-11-09;15;1
5;2025-11-09;16;1
5;2025-11-09;17;1
5;2025-11-09;18;1
5;2025-11-09;19;0
5;2025-11-09;20;1
5;2025-11-09;21;1
5;2025-11-09;22;1
5;2025-11-09;23;1
5;2025-11-10;0;1
5;2025-11-10;1;0
5;2025-11-10;2;0
5;2025-11-10;3;0
5;2025-11-10;4;0
5;2025-11-10;5;0
5;2025-11-10;6;0
5;2025-11-10;7;0
5;2025-11-10;8;0
5;2025-11-10;9;0
5;2025-11-10;10;0
5;2025-11-10;11;0
5;2025-11-10;12;0
5;2025-11-10;13;1
5;2025-11-10;14;1
5;2025-11-10;15;1
5;2025-11-10;16;0
5;2025-11-10;17;0
5;2025-11-10;18;0
5;2025-11-10;19;0
5;2025-11-10;20;0
5;2025-11-10;21;0
5;2025-11-10;22;0
5;2025-11-10;23;0
5;2025-11-11;0;0
5;2025-11-11;1;0
5;2025-11-11;2;0
5;2025-11-11;3;0
5;2025-11-11;4;0
5;2025-11-11;5;0
5;2025-11-11;6;0
5;2025-11-11;7;0
5;2025-11-11;8;0
5;2025-11-11;9;0
5;2025-11-11;10;0
5;2025-11-11;11;0
5;2025-11-11;12;0
5;2025-11-11;13;0
5;2025-11-11;14;0
5;2025-11-11;15;0
5;2025-11-11;16;0
5;2025-11-11;17;0
5;2025-11-11;18;0
5;2025-11-11;19;0
5;2025-11-11;20;0
5;2025-11-11;21;0
5;2025-11-11;22;0
5;2025-11-11;23;0
5;2025-11-12;0;0
5;2025-11-12;1;0
5;2025-11-12;2;0
5;2025-11-12;3;0
5;2025-11-12;4;0
5;2025-11-12;5;0
5;2025-11-12;6;0
5;2025-11-12;7;0
5;2025-11-12;8;0
5;2025-11-12;9;0
5;2025-11-12;10;0
5;2025-11-12;11;0
5;2025-11-12;12;0
5;2025-11-12;13;0
5;2025-11-12;14;0
5;2025-11-12;15;0
5;2025-11-12;16;0
5;2025-11-12;17;0
5;2025-11-12;18;0
5;2025-11-12;19;0
5;2025-11-12;20;0
5;2025-11-12;21;0
5;2025-11-12;22;0
5;2025-11-12;23;0
5;2025-11-13;0;0
5;2025-11-13;1;0
5;2025-11-13;2;0
5;2025-11-13;3;0
5;2025-11-13;4;0
5;2025-11-13;5;0
5;2025-11-13;6;0
5;2025-11-13;7;0
5;2025-11-13;8;0
5;2025-11-13;9;0
5;2025-11-13;10;0
5;2025-11-13;11;0
5;2025-11-13;12;0
5;2025-11-13;13;0
5;2025-11-13;14;0
5;2025-11-13;15;0
5;2025-11-13;16;0
5;2025-11-13;17;0
5;2025-11-13;18;0
5;2025-11-13;19;0
5;2025-11-13;20;0
5;2025-11-13;21;0
5;2025-11-13;22;0
5;2025-11-13;23;0
5;2025-11-14;0;0
5;2025-11-14;1;0
5;2025-11-14;2;0
5;2025-11-14;3;0
5;2025-11-14;4;0
5;2025-11-14;5;0
5;2025-11-14;6;0
5;2025-11-14;7;0
5;2025-11-14;8;0
5;2025-11-14;9;0
5;2025-11-14;10;0
5;2025-11-14;11;0
5;2025-11-14;12;0
5;2025-11-14;13;1
5;2025-11-14;14;1
5;2025-11-14;15;2
5;2025-11-14;16;2
5;2025-11-14;17;1
5;2025-11-14;18;0
5;2025-11-14;19;0
5;2025-11-14;20;0
5;2025-11-14;21;0
5;2025-11-14;22;0
5;2025-11-14;23;0
5;2025-11-15;0;0
5;2025-11-15;1;0
5;2025-11-15;2;0
5;2025-11-15;3;0
5;2025-11-15;4;0
5;2025-11-15;5;1
5;2025-11-15;6;1
5;2025-11-15;7;1
5;2025-11-15;8;0
5;2025-11-15;9;0
5;2025-11-15;10;0
5;2025-11-15;11;0
5;2025-11-15;12;1
5;2025-11-15;13;1
5;2025-11-15;14;1
5;2025-11-15;15;1
5;2025-11-15;16;1
5;2025-11-15;17;0
5;2025-11-15;18;1
5;2025-11-15;19;0
5;2025-11-15;20;0
5;2025-11-15;21;0
5;2025-11-15;22;0
5;2025-11-15;23;0
5;2025-11-16;0;0
5;2025-11-16;1;0
5;2025-11-16;2;0
5;2025-11-16;3;0
5;2025-11-16;4;0
5;2025-11-16;5;0
5;2025-11-16;6;0
5;2025-11-16;7;0
5;2025-11-16;8;0
5;2025-11-16;9;0
5;2025-11-16;10;0
5;2025-11-16;11;1
5;2025-11-16;12;1
5;2025-11-16;13;1
5;2025-11-16;14;1
5;2025-11-16;15;1
5;2025-11-16;16;1
5;2025-11-16;17;0
5;2025-11-16;18;0
5;2025-11-16;19;0
5;2025-11-16;20;0
5;2025-11-16;21;0
5;2025-11-16;22;0
5;2025-11-16;23;0
5;2025-11-17;0;0
5;2025-11-17;1;0
5;2025-11-17;2;0
5;2025-11-17;3;0
5;2025-11-17;4;0
5;2025-11-17;5;0
5;2025-11-17;6;0
5;2025-11-17;7;0
5;2025-11-17;8;0
5;2025-11-17;9;0
5;2025-11-17;10;0
5;2025-11-17;11;0
5;2025-11-17;12;0
5;2025-11-17;13;0
5;2025-11-17;14;0
5;2025-11-17;15;0
5;2025-11-17;16;0
5;2025-11-17;17;0
5;2025-11-17;18;0
5;2025-11-17;19;0
5;2025-11-17;20;0
5;2025-11-17;21;0
5;2025-11-17;22;0
5;2025-11-17;23;0
5;2025-11-18;0;0
5;2025-11-18;1;0
5;2025-11-18;2;0
5;2025-11-18;3;0
5;2025-11-18;4;0
5;2025-11-18;5;0
5;2025-11-18;6;0
5;2025-11-18;7;0
5;2025-11-18;8;0
5;2025-11-18;9;0
5;2025-11-18;10;0
5;2025-11-18;11;0
5;2025-11-18;12;0
5;2025-11-18;13;0
5;2025-11-18;14;0
5;2025-11-18;15;0
5;2025-11-18;16;0
5;2025-11-18;17;0
5;2025-11-18;18;0
5;2025-11-18;19;0
5;2025-11-18;20;0
5;2025-11-18;21;0
5;2025-11-18;22;0
5;2025-11-18;23;0
5;2025-11-19;0;0
5;2025-11-19;1;0
5;2025-11-19;2;0
5;2025-11-19;3;0
5;2025-11-19;4;0
5;2025-11-19;5;0
5;2025-11-19;6;0
5;2025-11-19;7;0
5;2025-11-19;8;0
5;2025-11-19;9;0
5;2025-11-19;10;0
5;2025-11-19;11;0
5;2025-11-19;12;0
5;2025-11-19;13;0
5;2025-11-19;14;0
5;2025-11-19;15;0
5;2025-11-19;16;0
5;2025-11-19;17;0
5;2025-11-19;18;0
5;2025-11-19;19;0
5;2025-11-19;20;0
5;2025-11-19;21;0
5;2025-11-19;22;0
5;2025-11-19;23;0
5;2025-11-20;0;0
5;2025-11-20;1;0
5;2025-11-20;2;0
5;2025-11-20;3;0
5;2025-11-20;4;0
5;2025-11-20;5;0
5;2025-11-20;6;0
5;2025-11-20;7;0
5;2025-11-20;8;0
5;2025-11-20;9;0
5;2025-11-20;10;0
5;2025-11-20;11;0
5;2025-11-20;12;0
5;2025-11-20;13;0
5;2025-11-20;14;0
5;2025-11-20;15;0
5;2025-11-20;16;0
5;2025-11-20;17;0
5;2025-11-20;18;0
5;2025-11-20;19;0
5;2025-11-20;20;0
5;2025-11-20;21;0
5;2025-11-20;22;0
5;2025-11-20;23;0
5;2025-11-21;0;0
5;2025-11-21;1;0
5;2025-11-21;2;0
5;2025-11-21;3;0
5;2025-11-21;4;0
5;2025-11-21;5;0
5;2025-11-21;6;0
5;2025-11-21;7;0
5;2025-11-21;8;0
5;2025-11-21;9;0
5;2025-11-21;10;0
5;2025-11-21;11;0
5;2025-11-21;12;0
5;2025-11-21;13;1
5;2025-11-21;14;1
5;2025-11-21;15;2
5;2025-11-21;16;2
5;2025-11-21;17;1
5;2025-11-21;18;0
5;2025-11-21;19;0
5;2025-11-21;20;0
5;2025-11-21;21;0
5;2025-11-21;22;0
5;2025-11-21;23;0
5;2025-11-22;0;0
5;2025-11-22;1;0
5;2025-11-22;2;0
5;2025-11-22;3;0
5;2025-11-22;4;0
5;2025-11-22;5;1
5;2025-11-22;6;1
5;2025-11-22;7;0
5;2025-11-22;8;0
5;2025-11-22;9;0
5;2025-11-22;10;0
5;2025-11-22;11;0
5;2025-11-22;12;0
5;2025-11-22;13;1
5;2025-11-22;14;1
5;2025-11-22;15;1
5;2025-11-22;16;1
5;2025-11-22;17;1
5;2025-11-22;18;1
5;2025-11-22;19;0
5;2025-11-22;20;0
5;2025-11-22;21;0
5;2025-11-22;22;0
5;2025-11-22;23;0
5;2025-11-23;0;0
5;2025-11-23;1;0
5;2025-11-23;2;0
5;2025-11-23;3;0
5;2025-11-23;4;0
5;2025-11-23;5;0
5;2025-11-23;6;1
5;2025-11-23;7;1
5;2025-11-23;8;1
5;2025-11-23;9;1
5;2025-11-23;10;1
5;2025-11-23;11;1
5;2025-11-23;12;1
5;2025-11-23;13;1
5;2025-11-23;14;1
5;2025-11-23;15;1
5;2025-11-23;16;1
5;2025-11-23;17;1
5;2025-11-23;18;1
5;2025-11-23;19;1
5;2025-11-23;20;1
5;2025-11-23;21;1
5;2025-11-23;22;1
5;2025-11-23;23;1
5;2025-11-24;0;1
5;2025-11-24;1;0
5;2025-11-24;2;0
5;2025-11-24;3;0
5;2025-11-24;4;0
5;2025-11-24;5;0
5;2025-11-24;6;0
5;2025-11-24;7;0
5;2025-11-24;8;0
5;2025-11-24;9;0
5;2025-11-24;10;0
5;2025-11-24;11;0
5;2025-11-24;12;0
5;2025-11-24;13;1
5;2025-11-24;14;1
5;2025-11-24;15;1
5;2025-11-24;16;1
5;2025-11-24;17;0
5;2025-11-24;18;0
5;2025-11-24;19;0
5;2025-11-24;20;0
5;2025-11-24;21;0
5;2025-11-24;22;0
5;2025-11-24;23;0
5;2025-11-25;0;0
5;2025-11-25;1;0
5;2025-11-25;2;0
5;2025-11-25;3;0
5;2025-11-25;4;0
5;2025-11-25;5;0
5;2025-11-25;6;0
5;2025-11-25;7;0
5;2025-11-25;8;0
5;2025-11-25;9;0
5;2025-11-25;10;0
5;2025-11-25;11;0
5;2025-11-25;12;0
5;2025-11-25;13;1
5;2025-11-25;14;1
5;2025-11-25;15;1
5;2025-11-25;16;1
5;2025-11-25;17;0
5;2025-11-25;18;0
5;2025-11-25;19;1
5;2025-11-25;20;0
5;2025-11-25;21;0
5;2025-11-25;22;0
5;2025-11-25;23;0
5;2025-11-26;0;0
5;2025-11-26;1;0
5;2025-11-26;2;0
5;2025-11-26;3;0
5;2025-11-26;4;0
5;2025-11-26;5;0
5;2025-11-26;6;0
5;2025-11-26;7;0
5;2025-11-26;8;0
5;2025-11-26;9;0
5;2025-11-26;10;0
5;2025-11-26;11;0
5;2025-11-26;12;0
5;2025-11-26;13;1
5;2025-11-26;14;0
5;2025-11-26;15;0
5;2025-11-26;16;0
5;2025-11-26;17;0
5;2025-11-26;18;0
5;2025-11-26;19;1
5;2025-11-26;20;0
5;2025-11-26;21;0
5;2025-11-26;22;0
5;2025-11-26;23;0
5;2025-11-27;0;0
5;2025-11-27;1;0
5;2025-11-27;2;0
5;2025-11-27;3;0
5;2025-11-27;4;0
5;2025-11-27;5;0
5;2025-11-27;6;0
5;2025-11-27;7;0
5;2025-11-27;8;0
5;2025-11-27;9;0
5;2025-11-27;10;0
5;2025-11-27;11;0
5;2025-11-27;12;0
5;2025-11-27;13;1
5;2025-11-27;14;1
5;2025-11-27;15;1
5;2025-11-27;16;1
5;2025-11-27;17;0
5;2025-11-27;18;0
5;2025-11-27;19;1
5;2025-11-27;20;0
5;2025-11-27;21;0
5;2025-11-27;22;0
5;2025-11-27;23;0
5;2025-11-28;0;0
5;2025-11-28;1;0
5;2025-11-28;2;0
5;2025-11-28;3;0
5;2025-11-28;4;0
5;2025-11-28;5;0
5;2025-11-28;6;0
5;2025-11-28;7;0
5;2025-11-28;8;0
5;2025-11-28;9;0
5;2025-11-28;10;0
5;2025-11-28;11;0
5;2025-11-28;12;0
5;2025-11-28;13;2
5;2025-11-28;14;2
5;2025-11-28;15;3
5;2025-11-28;16;3
5;2025-11-28;17;1
5;2025-11-28;18;0
5;2025-11-28;19;0
5;2025-11-28;20;0
5;2025-11-28;21;0
5;2025-11-28;22;0
5;2025-11-28;23;0
5;2025-11-29;0;0
5;2025-11-29;1;0
5;2025-11-29;2;0
5;2025-11-29;3;0
5;2025-11-29;4;0
5;2025-11-29;5;1
5;2025-11-29;6;1
5;2025-11-29;7;1
5;2025-11-29;8;0
5;2025-11-29;9;0
5;2025-11-29;10;0
5;2025-11-29;11;1
5;2025-11-29;12;1
5;2025-11-29;13;1
5;2025-11-29;14;1
5;2025-11-29;15;1
5;2025-11-29;16;1
5;2025-11-29;17;1
5;2025-11-29;18;1
5;2025-11-29;19;0
5;2025-11-29;20;0
5;2025-11-29;21;0
5;2025-11-29;22;0
5;2025-11-29;23;0
5;2025-11-30;0;0
5;2025-11-30;1;0
5;2025-11-30;2;0
5;2025-11-30;3;0
5;2025-11-30;4;0
5;2025-11-30;5;0
5;2025-11-30;6;1
5;2025-11-30;7;3
5;2025-11-30;8;4
5;2025-11-30;9;4
5;2025-11-30;10;4
5;2025-11-30;11;4
5;2025-11-30;12;4
5;2025-11-30;13;4
5;2025-11-30;14;4
5;2025-11-30;15;4
5;2025-11-30;16;4
5;2025-11-30;17;4
5;2025-11-30;18;4
5;2025-11-30;19;4
5;2025-11-30;20;4
5;2025-11-30;21;4
5;2025-11-30;22;4
5;2025-11-30;23;4
5;2025-12-01;0;1
5;2025-12-01;1;0
5;2025-12-01;2;0
5;2025-12-01;3;0
5;2025-12-01;4;0
5;2025-12-01;5;0
5;2025-12-01;6;0
5;2025-12-01;7;0
5;2025-12-01;8;0
5;2025-12-01;9;0
5;2025-12-01;10;0
5;2025-12-01;11;0
5;2025-12-01;12;0
5;2025-12-01;13;0
5;2025-12-01;14;0
5;2025-12-01;15;0
5;2025-12-01;16;0
5;2025-12-01;17;0
5;2025-12-01;18;0
5;2025-12-01;19;0
5;2025-12-01;20;0
5;2025-12-01;21;0
5;2025-12-01;22;0
5;2025-12-01;23;0
5;2025-12-02;0;0
5;2025-12-02;1;0
5;2025-12-02;2;0
5;2025-12-02;3;0
5;2025-12-02;4;0
5;2025-12-02;5;0
5;2025-12-02;6;0
5;2025-12-02;7;0
5;2025-12-02;8;0
5;2025-12-02;9;0
5;2025-12-02;10;0
5;2025-12-02;11;0
5;2025-12-02;12;0
5;2025-12-02;13;0
5;2025-12-02;14;0
5;2025-12-02;15;0
5;2025-12-02;16;0
5;2025-12-02;17;0
5;2025-12-02;18;0
5;2025-12-02;19;0
5;2025-12-02;20;0
5;2025-12-02;21;0
5;2025-12-02;22;0
5;2025-12-02;23;0
5;2025-12-03;0;0
5;2025-12-03;1;0
5;2025-12-03;2;0
5;2025-12-03;3;0
5;2025-12-03;4;0
5;2025-12-03;5;0
5;2025-12-03;6;0
5;2025-12-03;7;0
5;2025-12-03;8;0
5;2025-12-03;9;0
5;2025-12-03;10;1
5;2025-12-03;11;1
5;2025-12-03;12;0
5;2025-12-03;13;1
5;2025-12-03;14;0
5;2025-12-03;15;0
5;2025-12-03;16;0
5;2025-12-03;17;1
5;2025-12-03;18;1
5;2025-12-03;19;1
5;2025-12-03;20;0
5;2025-12-03;21;0
5;2025-12-03;22;0
5;2025-12-03;23;1
5;2025-12-04;0;0
5;2025-12-04;1;0
5;2025-12-04;2;0
5;2025-12-04;3;0
5;2025-12-04;4;0
5;2025-12-04;5;0
5;2025-12-04;6;0
5;2025-12-04;7;0
5;2025-12-04;8;0
5;2025-12-04;9;0
5;2025-12-04;10;0
5;2025-12-04;11;0
5;2025-12-04;12;1
5;2025-12-04;13;1
5;2025-12-04;14;1
5;2025-12-04;15;1
5;2025-12-04;16;1
5;2025-12-04;17;1
5;2025-12-04;18;1
5;2025-12-04;19;1
5;2025-12-04;20;0
5;2025-12-04;21;0
5;2025-12-04;22;0
5;2025-12-04;23;1
5;2025-12-05;0;0
5;2025-12-05;1;0
5;2025-12-05;2;0
5;2025-12-05;3;0
5;2025-12-05;4;0
5;2025-12-05;5;0
5;2025-12-05;6;0
5;2025-12-05;7;0
5;2025-12-05;8;0
5;2025-12-05;9;0
5;2025-12-05;10;0
5;2025-12-05;11;0
5;2025-12-05;12;1
5;2025-12-05;13;2
5;2025-12-05;14;2
5;2025-12-05;15;4
5;2025-12-05;16;3
5;2025-12-05;17;1
5;2025-12-05;18;0
5;2025-12-05;19;0
5;2025-12-05;20;0
5;2025-12-05;21;1
5;2025-12-05;22;0
5;2025-12-05;23;1
5;2025-12-06;0;0
5;2025-12-06;1;0
5;2025-12-06;2;0
5;2025-12-06;3;0
5;2025-12-06;4;0
5;2025-12-06;5;1
5;2025-12-06;6;1
5;2025-12-06;7;1
5;2025-12-06;8;0
5;2025-12-06;9;0
5;2025-12-06;10;0
5;2025-12-06;11;1
5;2025-12-06;12;1
5;2025-12-06;13;1
5;2025-12-06;14;1
5;2025-12-06;15;1
5;2025-12-06;16;1
5;2025-12-06;17;1
5;2025-12-06;18;1
5;2025-12-06;19;0
5;2025-12-06;20;0
5;2025-12-06;21;0
5;2025-12-06;22;0
5;2025-12-06;23;0
5;2025-12-07;0;0
5;2025-12-07;1;0
5;2025-12-07;2;0
5;2025-12-07;3;0
5;2025-12-07;4;0
5;2025-12-07;5;0
5;2025-12-07;6;1
5;2025-12-07;7;1
5;2025-12-07;8;1
5;2025-12-07;9;1
5;2025-12-07;10;1
5;2025-12-07;11;1
5;2025-12-07;12;1
5;2025-12-07;13;1
5;2025-12-07;14;1
5;2025-12-07;15;1
5;2025-12-07;16;1
5;2025-12-07;17;1
5;2025-12-07;18;1
5;2025-12-07;19;0
5;2025-12-07;20;1
5;2025-12-07;21;1
5;2025-12-07;22;1
5;2025-12-07;23;1
5;2025-12-08;0;1
5;2025-12-08;1;0
5;2025-12-08;2;0
5;2025-12-08;3;0
5;2025-12-08;4;0
5;2025-12-08;5;0
5;2025-12-08;6;0
5;2025-12-08;7;0
5;2025-12-08;8;0
5;2025-12-08;9;0
5;2025-12-08;10;0
5;2025-12-08;11;0
5;2025-12-08;12;1
5;2025-12-08;13;1
5;2025-12-08;14;1
5;2025-12-08;15;1
5;2025-12-08;16;1
5;2025-12-08;17;0
5;2025-12-08;18;0
5;2025-12-08;19;0
5;2025-12-08;20;0
5;2025-12-08;21;0
5;2025-12-08;22;0
5;2025-12-08;23;1
5;2025-12-09;0;0
5;2025-12-09;1;0
5;2025-12-09;2;0
5;2025-12-09;3;0
5;2025-12-09;4;0
5;2025-12-09;5;0
5;2025-12-09;6;0
5;2025-12-09;7;0
5;2025-12-09;8;0
5;2025-12-09;9;0
5;2025-12-09;10;0
5;2025-12-09;11;0
5;2025-12-09;12;1
5;2025-12-09;13;1
5;2025-12-09;14;1
5;2025-12-09;15;1
5;2025-12-09;16;1
5;2025-12-09;17;1
5;2025-12-09;18;0
5;2025-12-09;19;1
5;2025-12-09;20;1
5;2025-12-09;21;0
5;2025-12-09;22;0
5;2025-12-09;23;0
5;2025-12-10;0;0
5;2025-12-10;1;0
5;2025-12-10;2;0
5;2025-12-10;3;0
5;2025-12-10;4;0
5;2025-12-10;5;0
5;2025-12-10;6;0
5;2025-12-10;7;0
5;2025-12-10;8;0
5;2025-12-10;9;0
5;2025-12-10;10;1
5;2025-12-10;11;1
5;2025-12-10;12;1
5;2025-12-10;13;1
5;2025-12-10;14;0
5;2025-12-10;15;0
5;2025-12-10;16;0
5;2025-12-10;17;1
5;2025-12-10;18;1
5;2025-12-10;19;1
5;2025-12-10;20;0
5;2025-12-10;21;0
5;2025-12-10;22;0
5;2025-12-10;23;0
5;2025-12-11;0;0
5;2025-12-11;1;0
5;2025-12-11;2;0
5;2025-12-11;3;0
5;2025-12-11;4;0
5;2025-12-11;5;0
5;2025-12-11;6;0
5;2025-12-11;7;0
5;2025-12-11;8;0
5;2025-12-11;9;0
5;2025-12-11;10;0
5;2025-12-11;11;0
5;2025-12-11;12;1
5;2025-12-11;13;1
5;2025-12-11;14;1
5;2025-12-11;15;1
5;2025-12-11;16;1
5;2025-12-11;17;1
5;2025-12-11;18;1
5;2025-12-11;19;1
5;2025-12-11;20;0
5;2025-12-11;21;0
5;2025-12-11;22;1
5;2025-12-11;23;1
5;2025-12-12;0;0
5;2025-12-12;1;0
5;2025-12-12;2;0
5;2025-12-12;3;0
5;2025-12-12;4;0
5;2025-12-12;5;0
5;2025-12-12;6;0
5;2025-12-12;7;0
5;2025-12-12;8;0
5;2025-12-12;9;0
5;2025-12-12;10;0
5;2025-12-12;11;0
5;2025-12-12;12;1
5;2025-12-12;13;2
5;2025-12-12;14;2
5;2025-12-12;15;4
5;2025-12-12;16;3
5;2025-12-12;17;1
5;2025-12-12;18;0
5;2025-12-12;19;0
5;2025-12-12;20;0
5;2025-12-12;21;1
5;2025-12-12;22;1
5;2025-12-12;23;1
5;2025-12-13;0;0
5;2025-12-13;1;0
5;2025-12-13;2;0
5;2025-12-13;3;0
5;2025-12-13;4;0
5;2025-12-13;5;1
5;2025-12-13;6;1
5;2025-12-13;7;1
5;2025-12-13;8;0
5;2025-12-13;9;0
5;2025-12-13;10;0
5;2025-12-13;11;1
5;2025-12-13;12;1
5;2025-12-13;13;1
5;2025-12-13;14;1
5;2025-12-13;15;1
5;2025-12-13;16;1
5;2025-12-13;17;1
5;2025-12-13;18;1
5;2025-12-13;19;0
5;2025-12-13;20;0
5;2025-12-13;21;0
5;2025-12-13;22;0
5;2025-12-13;23;0
5;2025-12-14;0;0
5;2025-12-14;1;0
5;2025-12-14;2;0
5;2025-12-14;3;0
5;2025-12-14;4;0
5;2025-12-14;5;0
5;2025-12-14;6;1
5;2025-12-14;7;1
5;2025-12-14;8;1
5;2025-12-14;9;1
5;2025-12-14;10;1
5;2025-12-14;11;1
5;2025-12-14;12;2
5;2025-12-14;13;2
5;2025-12-14;14;2
5;2025-12-14;15;1
5;2025-12-14;16;1
5;2025-12-14;17;1
5;2025-12-14;18;1
5;2025-12-14;19;1
5;2025-12-14;20;1
5;2025-12-14;21;1
5;2025-12-14;22;1
5;2025-12-14;23;1
5;2025-12-15;0;1
5;2025-12-15;1;0
5;2025-12-15;2;0
5;2025-12-15;3;0
5;2025-12-15;4;0
5;2025-12-15;5;0
5;2025-12-15;6;0
5;2025-12-15;7;0
5;2025-12-15;8;0
5;2025-12-15;9;0
5;2025-12-15;10;1
5;2025-12-15;11;1
5;2025-12-15;12;1
5;2025-12-15;13;1
5;2025-12-15;14;1
5;2025-12-15;15;1
5;2025-12-15;16;1
5;2025-12-15;17;0
5;2025-12-15;18;0
5;2025-12-15;19;1
5;2025-12-15;20;0
5;2025-12-15;21;0
5;2025-12-15;22;0
5;2025-12-15;23;0
5;2025-12-16;0;0
5;2025-12-16;1;0
5;2025-12-16;2;0
5;2025-12-16;3;0
5;2025-12-16;4;0
5;2025-12-16;5;0
5;2025-12-16;6;0
5;2025-12-16;7;0
5;2025-12-16;8;0
5;2025-12-16;9;0
5;2025-12-16;10;0
5;2025-12-16;11;0
5;2025-12-16;12;1
5;2025-12-16;13;1
5;2025-12-16;14;1
5;2025-12-16;15;1
5;2025-12-16;16;1
5;2025-12-16;17;1
5;2025-12-16;18;1
5;2025-12-16;19;1
5;2025-12-16;20;1
5;2025-12-16;21;0
5;2025-12-16;22;0
5;2025-12-16;23;0
5;2025-12-17;0;0
5;2025-12-17;1;0
5;2025-12-17;2;0
5;2025-12-17;3;0
5;2025-12-17;4;0
5;2025-12-17;5;0
5;2025-12-17;6;0
5;2025-12-17;7;0
5;2025-12-17;8;0
5;2025-12-17;9;0
5;2025-12-17;10;1
5;2025-12-17;11;1
5;2025-12-17;12;1
5;2025-12-17;13;1
5;2025-12-17;14;0
5;2025-12-17;15;0
5;2025-12-17;16;0
5;2025-12-17;17;1
5;2025-12-17;18;1
5;2025-12-17;19;1
5;2025-12-17;20;0
5;2025-12-17;21;0
5;2025-12-17;22;0
5;2025-12-17;23;0
5;2025-12-18;0;0
5;2025-12-18;1;0
5;2025-12-18;2;0
5;2025-12-18;3;0
5;2025-12-18;4;0
5;2025-12-18;5;0
5;2025-12-18;6;0
5;2025-12-18;7;0
5;2025-12-18;8;0
5;2025-12-18;9;0
5;2025-12-18;10;0
5;2025-12-18;11;0
5;2025-12-18;12;1
5;2025-12-18;13;1
5;2025-12-18;14;1
5;2025-12-18;15;1
5;2025-12-18;16;1
5;2025-12-18;17;1
5;2025-12-18;18;1
5;2025-12-18;19;1
5;2025-12-18;20;0
5;2025-12-18;21;0
5;2025-12-18;22;1
5;2025-12-18;23;1
5;2025-12-19;0;0
5;2025-12-19;1;1
5;2025-12-19;2;1
5;2025-12-19;3;1
5;2025-12-19;4;1
5;2025-12-19;5;1
5;2025-12-19;6;1
5;2025-12-19;7;0
5;2025-12-19;8;0
5;2025-12-19;9;0
5;2025-12-19;10;0
5;2025-12-19;11;0
5;2025-12-19;12;1
5;2025-12-19;13;2
5;2025-12-19;14;2
5;2025-12-19;15;4
5;2025-12-19;16;3
5;2025-12-19;17;1
5;2025-12-19;18;0
5;2025-12-19;19;0
5;2025-12-19;20;0
5;2025-12-19;21;1
5;2025-12-19;22;1
5;2025-12-19;23;1
5;2025-12-20;0;0
5;2025-12-20;1;0
5;2025-12-20;2;0
5;2025-12-20;3;0
5;2025-12-20;4;0
5;2025-12-20;5;1
5;2025-12-20;6;1
5;2025-12-20;7;1
5;2025-12-20;8;0
5;2025-12-20;9;0
5;2025-12-20;10;0
5;2025-12-20;11;1
5;2025-12-20;12;1
5;2025-12-20;13;2
5;2025-12-20;14;2
5;2025-12-20;15;1
5;2025-12-20;16;2
5;2025-12-20;17;1
5;2025-12-20;18;1
5;2025-12-20;19;0
5;2025-12-20;20;0
5;2025-12-20;21;0
5;2025-12-20;22;0
5;2025-12-20;23;0
5;2025-12-21;0;0
5;2025-12-21;1;0
5;2025-12-21;2;0
5;2025-12-21;3;0
5;2025-12-21;4;0
5;2025-12-21;5;0
5;2025-12-21;6;1
5;2025-12-21;7;1
5;2025-12-21;8;1
5;2025-12-21;9;1
5;2025-12-21;10;1
5;2025-12-21;11;1
5;2025-12-21;12;2
5;2025-12-21;13;2
5;2025-12-21;14;2
5;2025-12-21;15;1
5;2025-12-21;16;1
5;2025-12-21;17;1
5;2025-12-21;18;1
5;2025-12-21;19;1
5;2025-12-21;20;1
5;2025-12-21;21;1
5;2025-12-21;22;1
5;2025-12-21;23;1
5;2025-12-22;0;1
5;2025-12-22;1;1
5;2025-12-22;2;1
5;2025-12-22;3;1
5;2025-12-22;4;1
5;2025-12-22;5;1
5;2025-12-22;6;1
5;2025-12-22;7;1
5;2025-12-22;8;1
5;2025-12-22;9;1
5;2025-12-22;10;1
5;2025-12-22;11;1
5;2025-12-22;12;1
5;2025-12-22;13;1
5;2025-12-22;14;1
5;2025-12-22;15;1
5;2025-12-22;16;1
5;2025-12-22;17;1
5;2025-12-22;18;1
5;2025-12-22;19;1
5;2025-12-22;20;1
5;2025-12-22;21;1
5;2025-12-22;22;1
5;2025-12-22;23;1
5;2025-12-23;0;1
5;2025-12-23;1;0
5;2025-12-23;2;0
5;2025-12-23;3;0
5;2025-12-23;4;0
5;2025-12-23;5;0
5;2025-12-23;6;0
5;2025-12-23;7;0
5;2025-12-23;8;0
5;2025-12-23;9;0
5;2025-12-23;10;0
5;2025-12-23;11;0
5;2025-12-23;12;1
5;2025-12-23;13;1
5;2025-12-23;14;1
5;2025-12-23;15;1
5;2025-12-23;16;1
5;2025-12-23;17;1
5;2025-12-23;18;1
5;2025-12-23;19;1
5;2025-12-23;20;1
5;2025-12-23;21;1
5;2025-12-23;22;0
5;2025-12-23;23;0
5;2025-12-24;0;0
5;2025-12-24;1;0
5;2025-12-24;2;0
5;2025-12-24;3;0
5;2025-12-24;4;0
5;2025-12-24;5;0
5;2025-12-24;6;0
5;2025-12-24;7;0
5;2025-12-24;8;0
5;2025-12-24;9;0
5;2025-12-24;10;1
5;2025-12-24;11;1
5;2025-12-24;12;1
5;2025-12-24;13;1
5;2025-12-24;14;0
5;2025-12-24;15;0
5;2025-12-24;16;0
5;2025-12-24;17;1
5;2025-12-24;18;1
5;2025-12-24;19;1
5;2025-12-24;20;1
5;2025-12-24;21;1
5;2025-12-24;22;1
5;2025-12-24;23;1
5;2025-12-25;0;1
5;2025-12-25;1;0
5;2025-12-25;2;0
5;2025-12-25;3;0
5;2025-12-25;4;0
5;2025-12-25;5;0
5;2025-12-25;6;0
5;2025-12-25;7;0
5;2025-12-25;8;0
5;2025-12-25;9;0
5;2025-12-25;10;0
5;2025-12-25;11;1
5;2025-12-25;12;1
5;2025-12-25;13;1
5;2025-12-25;14;1
5;2025-12-25;15;1
5;2025-12-25;16;1
5;2025-12-25;17;1
5;2025-12-25;18;1
5;2025-12-25;19;2
5;2025-12-25;20;1
5;2025-12-25;21;1
5;2025-12-25;22;1
5;2025-12-25;23;1
5;2025-12-26;0;1
5;2025-12-26;1;0
5;2025-12-26;2;0
5;2025-12-26;3;0
5;2025-12-26;4;0
5;2025-12-26;5;0
5;2025-12-26;6;0
5;2025-12-26;7;0
5;2025-12-26;8;0
5;2025-12-26;9;0
5;2025-12-26;10;0
5;2025-12-26;11;1
5;2025-12-26;12;1
5;2025-12-26;13;4
5;2025-12-26;14;4
5;2025-12-26;15;4
5;2025-12-26;16;4
5;2025-12-26;17;3
5;2025-12-26;18;1
5;2025-12-26;19;1
5;2025-12-26;20;1
5;2025-12-26;21;1
5;2025-12-26;22;1
5;2025-12-26;23;1
5;2025-12-27;0;1
5;2025-12-27;1;0
5;2025-12-27;2;0
5;2025-12-27;3;0
5;2025-12-27;4;0
5;2025-12-27;5;0
5;2025-12-27;6;0
5;2025-12-27;7;0
5;2025-12-27;8;0
5;2025-12-27;9;0
5;2025-12-27;10;0
5;2025-12-27;11;1
5;2025-12-27;12;2
5;2025-12-27;13;3
5;2025-12-27;14;3
5;2025-12-27;15;3
5;2025-12-27;16;3
5;2025-12-27;17;2
5;2025-12-27;18;3
5;2025-12-27;19;1
5;2025-12-27;20;1
5;2025-12-27;21;1
5;2025-12-27;22;1
5;2025-12-27;23;1
5;2025-12-28;0;1
5;2025-12-28;1;0
5;2025-12-28;2;0
5;2025-12-28;3;0
5;2025-12-28;4;0
5;2025-12-28;5;0
5;2025-12-28;6;1
5;2025-12-28;7;1
5;2025-12-28;8;1
5;2025-12-28;9;1
5;2025-12-28;10;1
5;2025-12-28;11;1
5;2025-12-28;12;1
5;2025-12-28;13;3
5;2025-12-28;14;3
5;2025-12-28;15;3
5;2025-12-28;16;3
5;2025-12-28;17;2
5;2025-12-28;18;2
5;2025-12-28;19;1
5;2025-12-28;20;1
5;2025-12-28;21;1
5;2025-12-28;22;1
5;2025-12-28;23;1
5;2025-12-29;0;1
5;2025-12-29;1;1
5;2025-12-29;2;1
5;2025-12-29;3;1
5;2025-12-29;4;1
5;2025-12-29;5;1
5;2025-12-29;6;1
5;2025-12-29;7;1
5;2025-12-29;8;1
5;2025-12-29;9;1
5;2025-12-29;10;1
5;2025-12-29;11;1
5;2025-12-29;12;1
5;2025-12-29;13;1
5;2025-12-29;14;1
5;2025-12-29;15;1
5;2025-12-29;16;1
5;2025-12-29;17;1
5;2025-12-29;18;1
5;2025-12-29;19;1
5;2025-12-29;20;1
5;2025-12-29;21;1
5;2025-12-29;22;1
5;2025-12-29;23;1
5;2025-12-30;0;2
5;2025-12-30;1;1
5;2025-12-30;2;1
5;2025-12-30;3;1
5;2025-12-30;4;1
5;2025-12-30;5;1
5;2025-12-30;6;1
5;2025-12-30;7;2
5;2025-12-30;8;2
5;2025-12-30;9;1
5;2025-12-30;10;1
5;2025-12-30;11;1
5;2025-12-30;12;2
5;2025-12-30;13;2
5;2025-12-30;14;2
5;2025-12-30;15;2
5;2025-12-30;16;3
5;2025-12-30;17;2
5;2025-12-30;18;1
5;2025-12-30;19;1
5;2025-12-30;20;1
5;2025-12-30;21;1
5;2025-12-30;22;1
5;2025-12-30;23;1
5;2025-12-31;0;1
5;2025-12-31;1;1
5;2025-12-31;2;1
5;2025-12-31;3;1
5;2025-12-31;4;2
5;2025-12-31;5;2
5;2025-12-31;6;2
5;2025-12-31;7;0
5;2025-12-31;8;0
5;2025-12-31;9;0
5;2025-12-31;10;2
5;2025-12-31;11;3
5;2025-12-31;12;4
5;2025-12-31;13;1
5;2025-12-31;14;0
5;2025-12-31;15;0
5;2025-12-31;16;0
5;2025-12-31;17;1
5;2025-12-31;18;0
5;2025-12-31;19;0
5;2025-12-31;20;0
5;2025-12-31;21;0
5;2025-12-31;22;0
5;2025-12-31;23;0
7;2025-11-01;0;101
7;2025-11-01;1;20
7;2025-11-01;2;2
7;2025-11-01;3;2
7;2025-11-01;4;0
7;2025-11-01;5;56
7;2025-11-01;6;295
7;2025-11-01;7;475
7;2025-11-01;8;741
7;2025-11-01;9;751
7;2025-11-01;10;822
7;2025-11-01;11;982
7;2025-11-01;12;1072
7;2025-11-01;13;1154
7;2025-11-01;14;1185
7;2025-11-01;15;1116
7;2025-11-01;16;1030
7;2025-11-01;17;1028
7;2025-11-01;18;970
7;2025-11-01;19;885
7;2025-11-01;20;738
7;2025-11-01;21;601
7;2025-11-01;22;324
7;2025-11-01;23;201
7;2025-11-02;0;92
7;2025-11-02;1;17
7;2025-11-02;2;3
7;2025-11-02;3;3
7;2025-11-02;4;2
7;2025-11-02;5;34
7;2025-11-02;6;194
7;2025-11-02;7;326
7;2025-11-02;8;539
7;2025-11-02;9;653
7;2025-11-02;10;701
7;2025-11-02;11;913
7;2025-11-02;12;959
7;2025-11-02;13;1067
7;2025-11-02;14;1078
7;2025-11-02;15;1031
7;2025-11-02;16;940
7;2025-11-02;17;967
7;2025-11-02;18;869
7;2025-11-02;19;727
7;2025-11-02;20;629
7;2025-11-02;21;494
7;2025-11-02;22;259
7;2025-11-02;23;152
7;2025-11-03;0;66
7;2025-11-03;1;12
7;2025-11-03;2;1
7;2025-11-03;3;1
7;2025-11-03;4;1
7;2025-11-03;5;85
7;2025-11-03;6;350
7;2025-11-03;7;454
7;2025-11-03;8;649
7;2025-11-03;9;643
7;2025-11-03;10;724
7;2025-11-03;11;874
7;2025-11-03;12;950
7;2025-11-03;13;1048
7;2025-11-03;14;1064
7;2025-11-03;15;1034
7;2025-11-03;16;960
7;2025-11-03;17;985
7;2025-11-03;18;876
7;2025-11-03;19;757
7;2025-11-03;20;703
7;2025-11-03;21;468
7;2025-11-03;22;241
7;2025-11-03;23;133
7;2025-11-04;0;61
7;2025-11-04;1;12
7;2025-11-04;2;1
7;2025-11-04;3;1
7;2025-11-04;4;0
7;2025-11-04;5;91
7;2025-11-04;6;349
7;2025-11-04;7;411
7;2025-11-04;8;634
7;2025-11-04;9;646
7;2025-11-04;10;694
7;2025-11-04;11;850
7;2025-11-04;12;931
7;2025-11-04;13;1045
7;2025-11-04;14;1064
7;2025-11-04;15;1020
7;2025-11-04;16;944
7;2025-11-04;17;963
7;2025-11-04;18;857
7;2025-11-04;19;741
7;2025-11-04;20;679
7;2025-11-04;21;486
7;2025-11-04;22;255
7;2025-11-04;23;129
7;2025-11-05;0;56
7;2025-11-05;1;6
7;2025-11-05;2;0
7;2025-11-05;3;0
7;2025-11-05;4;0
7;2025-11-05;5;204
7;2025-11-05;6;712
7;2025-11-05;7;1650
7;2025-11-05;8;2523
7;2025-11-05;9;1871
7;2025-11-05;10;1606
7;2025-11-05;11;1496
7;2025-11-05;12;1575
7;2025-11-05;13;1562
7;2025-11-05;14;1608
7;2025-11-05;15;1752
7;2025-11-05;16;1844
7;2025-11-05;17;2353
7;2025-11-05;18;2568
7;2025-11-05;19;1711
7;2025-11-05;20;1062
7;2025-11-05;21;644
7;2025-11-05;22;357
7;2025-11-05;23;199
7;2025-11-06;0;62
7;2025-11-06;1;11
7;2025-11-06;2;1
7;2025-11-06;3;1
7;2025-11-06;4;1
7;2025-11-06;5;198
7;2025-11-06;6;704
7;2025-11-06;7;1661
7;2025-11-06;8;2539
7;2025-11-06;9;1840
7;2025-11-06;10;1566
7;2025-11-06;11;1474
7;2025-11-06;12;1553
7;2025-11-06;13;1548
7;2025-11-06;14;1597
7;2025-11-06;15;1718
7;2025-11-06;16;1847
7;2025-11-06;17;2321
7;2025-11-06;18;2614
7;2025-11-06;19;1702
7;2025-11-06;20;1051
7;2025-11-06;21;639
7;2025-11-06;22;343
7;2025-11-06;23;207
7;2025-11-07;0;69
7;2025-11-07;1;13
7;2025-11-07;2;0
7;2025-11-07;3;0
7;2025-11-07;4;1
7;2025-11-07;5;196
7;2025-11-07;6;654
7;2025-11-07;7;1569
7;2025-11-07;8;2372
7;2025-11-07;9;1779
7;2025-11-07;10;1518
7;2025-11-07;11;1473
7;2025-11-07;12;1543
7;2025-11-07;13;1613
7;2025-11-07;14;1627
7;2025-11-07;15;1779
7;2025-11-07;16;1957
7;2025-11-07;17;2293
7;2025-11-07;18;2255
7;2025-11-07;19;1525
7;2025-11-07;20;994
7;2025-11-07;21;628
7;2025-11-07;22;367
7;2025-11-07;23;232
7;2025-11-08;0;101
7;2025-11-08;1;16
7;2025-11-08;2;0
7;2025-11-08;3;0
7;2025-11-08;4;0
7;2025-11-08;5;55
7;2025-11-08;6;290
7;2025-11-08;7;456
7;2025-11-08;8;711
7;2025-11-08;9;738
7;2025-11-08;10;844
7;2025-11-08;11;986
7;2025-11-08;12;1056
7;2025-11-08;13;1125
7;2025-11-08;14;1144
7;2025-11-08;15;1095
7;2025-11-08;16;1022
7;2025-11-08;17;1027
7;2025-11-08;18;963
7;2025-11-08;19;907
7;2025-11-08;20;724
7;2025-11-08;21;592
7;2025-11-08;22;315
7;2025-11-08;23;193
7;2025-11-09;0;84
7;2025-11-09;1;8
7;2025-11-09;2;0
7;2025-11-09;3;0
7;2025-11-09;4;0
7;2025-11-09;5;24
7;2025-11-09;6;186
7;2025-11-09;7;308
7;2025-11-09;8;519
7;2025-11-09;9;623
7;2025-11-09;10;657
7;2025-11-09;11;877
7;2025-11-09;12;941
7;2025-11-09;13;1030
7;2025-11-09;14;1034
7;2025-11-09;15;1007
7;2025-11-09;16;930
7;2025-11-09;17;965
7;2025-11-09;18;862
7;2025-11-09;19;700
7;2025-11-09;20;615
7;2025-11-09;21;479
7;2025-11-09;22;249
7;2025-11-09;23;143
7;2025-11-10;0;51
7;2025-11-10;1;0
7;2025-11-10;2;0
7;2025-11-10;3;0
7;2025-11-10;4;0
7;2025-11-10;5;183
7;2025-11-10;6;688
7;2025-11-10;7;1571
7;2025-11-10;8;2440
7;2025-11-10;9;1765
7;2025-11-10;10;1491
7;2025-11-10;11;1385
7;2025-11-10;12;1466
7;2025-11-10;13;1466
7;2025-11-10;14;1517
7;2025-11-10;15;1673
7;2025-11-10;16;1787
7;2025-11-10;17;2284
7;2025-11-10;18;2510
7;2025-11-10;19;1657
7;2025-11-10;20;1038
7;2025-11-10;21;595
7;2025-11-10;22;289
7;2025-11-10;23;164
7;2025-11-11;0;46
7;2025-11-11;1;3
7;2025-11-11;2;0
7;2025-11-11;3;0
7;2025-11-11;4;0
7;2025-11-11;5;203
7;2025-11-11;6;722
7;2025-11-11;7;1642
7;2025-11-11;8;2521
7;2025-11-11;9;1819
7;2025-11-11;10;1583
7;2025-11-11;11;1466
7;2025-11-11;12;1530
7;2025-11-11;13;1550
7;2025-11-11;14;1590
7;2025-11-11;15;1742
7;2025-11-11;16;1822
7;2025-11-11;17;2314
7;2025-11-11;18;2598
7;2025-11-11;19;1726
7;2025-11-11;20;1061
7;2025-11-11;21;649
7;2025-11-11;22;341
7;2025-11-11;23;176
7;2025-11-12;0;53
7;2025-11-12;1;4
7;2025-11-12;2;0
7;2025-11-12;3;0
7;2025-11-12;4;0
7;2025-11-12;5;200
7;2025-11-12;6;722
7;2025-11-12;7;1642
7;2025-11-12;8;2528
7;2025-11-12;9;1865
7;2025-11-12;10;1600
7;2025-11-12;11;1488
7;2025-11-12;12;1566
7;2025-11-12;13;1555
7;2025-11-12;14;1598
7;2025-11-12;15;1739
7;2025-11-12;16;1838
7;2025-11-12;17;2363
7;2025-11-12;18;2586
7;2025-11-12;19;1715
7;2025-11-12;20;1070
7;2025-11-12;21;660
7;2025-11-12;22;367
7;2025-11-12;23;201
7;2025-11-13;0;61
7;2025-11-13;1;6
7;2025-11-13;2;0
7;2025-11-13;3;0
7;2025-11-13;4;0
7;2025-11-13;5;197
7;2025-11-13;6;723
7;2025-11-13;7;1677
7;2025-11-13;8;2561
7;2025-11-13;9;1858
7;2025-11-13;10;1584
7;2025-11-13;11;1498
7;2025-11-13;12;1577
7;2025-11-13;13;1573
7;2025-11-13;14;1621
7;2025-11-13;15;1740
7;2025-11-13;16;1871
7;2025-11-13;17;2347
7;2025-11-13;18;2640
7;2025-11-13;19;1725
7;2025-11-13;20;1071
7;2025-11-13;21;662
7;2025-11-13;22;356
7;2025-11-13;23;207
7;2025-11-14;0;66
7;2025-11-14;1;5
7;2025-11-14;2;0
7;2025-11-14;3;0
7;2025-11-14;4;0
7;2025-11-14;5;194
7;2025-11-14;6;670
7;2025-11-14;7;1585
7;2025-11-14;8;2394
7;2025-11-14;9;1799
7;2025-11-14;10;1537
7;2025-11-14;11;1494
7;2025-11-14;12;1565
7;2025-11-14;13;1639
7;2025-11-14;14;1653
7;2025-11-14;15;1804
7;2025-11-14;16;1982
7;2025-11-14;17;2325
7;2025-11-14;18;2280
7;2025-11-14;19;1544
7;2025-11-14;20;1011
7;2025-11-14;21;642
7;2025-11-14;22;373
7;2025-11-14;23;230
7;2025-11-15;0;100
7;2025-11-15;1;14
7;2025-11-15;2;0
7;2025-11-15;3;0
7;2025-11-15;4;0
7;2025-11-15;5;52
7;2025-11-15;6;301
7;2025-11-15;7;478
7;2025-11-15;8;752
7;2025-11-15;9;785
7;2025-11-15;10;893
7;2025-11-15;11;1034
7;2025-11-15;12;1101
7;2025-11-15;13;1170
7;2025-11-15;14;1191
7;2025-11-15;15;1133
7;2025-11-15;16;1065
7;2025-11-15;17;1070
7;2025-11-15;18;1003
7;2025-11-15;19;948
7;2025-11-15;20;757
7;2025-11-15;21;623
7;2025-11-15;22;339
7;2025-11-15;23;206
7;2025-11-16;0;93
7;2025-11-16;1;12
7;2025-11-16;2;0
7;2025-11-16;3;0
7;2025-11-16;4;0
7;2025-11-16;5;28
7;2025-11-16;6;200
7;2025-11-16;7;321
7;2025-11-16;8;544
7;2025-11-16;9;658
7;2025-11-16;10;692
7;2025-11-16;11;913
7;2025-11-16;12;977
7;2025-11-16;13;1067
7;2025-11-16;14;1069
7;2025-11-16;15;1042
7;2025-11-16;16;965
7;2025-11-16;17;998
7;2025-11-16;18;896
7;2025-11-16;19;743
7;2025-11-16;20;647
7;2025-11-16;21;513
7;2025-11-16;22;265
7;2025-11-16;23;155
7;2025-11-17;0;60
7;2025-11-17;1;1
7;2025-11-17;2;0
7;2025-11-17;3;0
7;2025-11-17;4;0
7;2025-11-17;5;188
7;2025-11-17;6;711
7;2025-11-17;7;1590
7;2025-11-17;8;2463
7;2025-11-17;9;1796
7;2025-11-17;10;1518
7;2025-11-17;11;1413
7;2025-11-17;12;1493
7;2025-11-17;13;1492
7;2025-11-17;14;1545
7;2025-11-17;15;1702
7;2025-11-17;16;1799
7;2025-11-17;17;2293
7;2025-11-17;18;2527
7;2025-11-17;19;1677
7;2025-11-17;20;1052
7;2025-11-17;21;606
7;2025-11-17;22;300
7;2025-11-17;23;172
7;2025-11-18;0;51
7;2025-11-18;1;4
7;2025-11-18;2;0
7;2025-11-18;3;0
7;2025-11-18;4;1
7;2025-11-18;5;206
7;2025-11-18;6;729
7;2025-11-18;7;1644
7;2025-11-18;8;2527
7;2025-11-18;9;1826
7;2025-11-18;10;1588
7;2025-11-18;11;1471
7;2025-11-18;12;1536
7;2025-11-18;13;1556
7;2025-11-18;14;1594
7;2025-11-18;15;1747
7;2025-11-18;16;1827
7;2025-11-18;17;2319
7;2025-11-18;18;2602
7;2025-11-18;19;1731
7;2025-11-18;20;1068
7;2025-11-18;21;655
7;2025-11-18;22;347
7;2025-11-18;23;180
7;2025-11-19;0;54
7;2025-11-19;1;4
7;2025-11-19;2;0
7;2025-11-19;3;0
7;2025-11-19;4;0
7;2025-11-19;5;201
7;2025-11-19;6;724
7;2025-11-19;7;1639
7;2025-11-19;8;2527
7;2025-11-19;9;1865
7;2025-11-19;10;1602
7;2025-11-19;11;1490
7;2025-11-19;12;1568
7;2025-11-19;13;1558
7;2025-11-19;14;1601
7;2025-11-19;15;1740
7;2025-11-19;16;1837
7;2025-11-19;17;2360
7;2025-11-19;18;2585
7;2025-11-19;19;1721
7;2025-11-19;20;1073
7;2025-11-19;21;665
7;2025-11-19;22;372
7;2025-11-19;23;206
7;2025-11-20;0;62
7;2025-11-20;1;7
7;2025-11-20;2;0
7;2025-11-20;3;0
7;2025-11-20;4;1
7;2025-11-20;5;197
7;2025-11-20;6;735
7;2025-11-20;7;1675
7;2025-11-20;8;2562
7;2025-11-20;9;1859
7;2025-11-20;10;1587
7;2025-11-20;11;1501
7;2025-11-20;12;1580
7;2025-11-20;13;1575
7;2025-11-20;14;1626
7;2025-11-20;15;1744
7;2025-11-20;16;1875
7;2025-11-20;17;2350
7;2025-11-20;18;2642
7;2025-11-20;19;1731
7;2025-11-20;20;1075
7;2025-11-20;21;663
7;2025-11-20;22;359
7;2025-11-20;23;210
7;2025-11-21;0;70
7;2025-11-21;1;7
7;2025-11-21;2;0
7;2025-11-21;3;0
7;2025-11-21;4;1
7;2025-11-21;5;197
7;2025-11-21;6;674
7;2025-11-21;7;1585
7;2025-11-21;8;2396
7;2025-11-21;9;1799
7;2025-11-21;10;1537
7;2025-11-21;11;1495
7;2025-11-21;12;1566
7;2025-11-21;13;1640
7;2025-11-21;14;1656
7;2025-11-21;15;1805
7;2025-11-21;16;1982
7;2025-11-21;17;2326
7;2025-11-21;18;2283
7;2025-11-21;19;1552
7;2025-11-21;20;1018
7;2025-11-21;21;648
7;2025-11-21;22;378
7;2025-11-21;23;234
7;2025-11-22;0;104
7;2025-11-22;1;16
7;2025-11-22;2;0
7;2025-11-22;3;0
7;2025-11-22;4;0
7;2025-11-22;5;53
7;2025-11-22;6;301
7;2025-11-22;7;478
7;2025-11-22;8;751
7;2025-11-22;9;782
7;2025-11-22;10;888
7;2025-11-22;11;1032
7;2025-11-22;12;1099
7;2025-11-22;13;1149
7;2025-11-22;14;1162
7;2025-11-22;15;1113
7;2025-11-22;16;1043
7;2025-11-22;17;1050
7;2025-11-22;18;985
7;2025-11-22;19;936
7;2025-11-22;20;743
7;2025-11-22;21;612
7;2025-11-22;22;334
7;2025-11-22;23;204
7;2025-11-23;0;91
7;2025-11-23;1;11
7;2025-11-23;2;0
7;2025-11-23;3;0
7;2025-11-23;4;0
7;2025-11-23;5;28
7;2025-11-23;6;191
7;2025-11-23;7;311
7;2025-11-23;8;532
7;2025-11-23;9;642
7;2025-11-23;10;674
7;2025-11-23;11;902
7;2025-11-23;12;962
7;2025-11-23;13;1051
7;2025-11-23;14;1055
7;2025-11-23;15;1027
7;2025-11-23;16;949
7;2025-11-23;17;984
7;2025-11-23;18;885
7;2025-11-23;19;740
7;2025-11-23;20;634
7;2025-11-23;21;504
7;2025-11-23;22;263
7;2025-11-23;23;155
7;2025-11-24;0;59
7;2025-11-24;1;2
7;2025-11-24;2;0
7;2025-11-24;3;0
7;2025-11-24;4;0
7;2025-11-24;5;186
7;2025-11-24;6;695
7;2025-11-24;7;1571
7;2025-11-24;8;2435
7;2025-11-24;9;1780
7;2025-11-24;10;1507
7;2025-11-24;11;1401
7;2025-11-24;12;1478
7;2025-11-24;13;1478
7;2025-11-24;14;1528
7;2025-11-24;15;1685
7;2025-11-24;16;1783
7;2025-11-24;17;2278
7;2025-11-24;18;2506
7;2025-11-24;19;1666
7;2025-11-24;20;1040
7;2025-11-24;21;599
7;2025-11-24;22;302
7;2025-11-24;23;176
7;2025-11-25;0;54
7;2025-11-25;1;6
7;2025-11-25;2;0
7;2025-11-25;3;0
7;2025-11-25;4;1
7;2025-11-25;5;208
7;2025-11-25;6;720
7;2025-11-25;7;1622
7;2025-11-25;8;2501
7;2025-11-25;9;1803
7;2025-11-25;10;1571
7;2025-11-25;11;1454
7;2025-11-25;12;1520
7;2025-11-25;13;1537
7;2025-11-25;14;1578
7;2025-11-25;15;1729
7;2025-11-25;16;1809
7;2025-11-25;17;2307
7;2025-11-25;18;2579
7;2025-11-25;19;1724
7;2025-11-25;20;1059
7;2025-11-25;21;649
7;2025-11-25;22;351
7;2025-11-25;23;185
7;2025-11-26;0;59
7;2025-11-26;1;7
7;2025-11-26;2;0
7;2025-11-26;3;0
7;2025-11-26;4;0
7;2025-11-26;5;203
7;2025-11-26;6;712
7;2025-11-26;7;1618
7;2025-11-26;8;2498
7;2025-11-26;9;1838
7;2025-11-26;10;1574
7;2025-11-26;11;1467
7;2025-11-26;12;1534
7;2025-11-26;13;1526
7;2025-11-26;14;1567
7;2025-11-26;15;1708
7;2025-11-26;16;1806
7;2025-11-26;17;2331
7;2025-11-26;18;2553
7;2025-11-26;19;1696
7;2025-11-26;20;1058
7;2025-11-26;21;651
7;2025-11-26;22;370
7;2025-11-26;23;203
7;2025-11-27;0;63
7;2025-11-27;1;12
7;2025-11-27;2;0
7;2025-11-27;3;0
7;2025-11-27;4;1
7;2025-11-27;5;197
7;2025-11-27;6;723
7;2025-11-27;7;1640
7;2025-11-27;8;2531
7;2025-11-27;9;1827
7;2025-11-27;10;1555
7;2025-11-27;11;1474
7;2025-11-27;12;1548
7;2025-11-27;13;1542
7;2025-11-27;14;1590
7;2025-11-27;15;1710
7;2025-11-27;16;1837
7;2025-11-27;17;2320
7;2025-11-27;18;2611
7;2025-11-27;19;1709
7;2025-11-27;20;1064
7;2025-11-27;21;657
7;2025-11-27;22;357
7;2025-11-27;23;210
7;2025-11-28;0;70
7;2025-11-28;1;12
7;2025-11-28;2;0
7;2025-11-28;3;0
7;2025-11-28;4;1
7;2025-11-28;5;196
7;2025-11-28;6;662
7;2025-11-28;7;1560
7;2025-11-28;8;2367
7;2025-11-28;9;1773
7;2025-11-28;10;1514
7;2025-11-28;11;1470
7;2025-11-28;12;1532
7;2025-11-28;13;1603
7;2025-11-28;14;1621
7;2025-11-28;15;1772
7;2025-11-28;16;1949
7;2025-11-28;17;2294
7;2025-11-28;18;2263
7;2025-11-28;19;1528
7;2025-11-28;20;999
7;2025-11-28;21;636
7;2025-11-28;22;373
7;2025-11-28;23;230
7;2025-11-29;0;100
7;2025-11-29;1;17
7;2025-11-29;2;0
7;2025-11-29;3;0
7;2025-11-29;4;0
7;2025-11-29;5;53
7;2025-11-29;6;292
7;2025-11-29;7;463
7;2025-11-29;8;733
7;2025-11-29;9;770
7;2025-11-29;10;870
7;2025-11-29;11;1015
7;2025-11-29;12;1082
7;2025-11-29;13;1151
7;2025-11-29;14;1166
7;2025-11-29;15;1116
7;2025-11-29;16;1048
7;2025-11-29;17;1051
7;2025-11-29;18;986
7;2025-11-29;19;928
7;2025-11-29;20;747
7;2025-11-29;21;612
7;2025-11-29;22;334
7;2025-11-29;23;207
7;2025-11-30;0;96
7;2025-11-30;1;16
7;2025-11-30;2;1
7;2025-11-30;3;1
7;2025-11-30;4;0
7;2025-11-30;5;33
7;2025-11-30;6;194
7;2025-11-30;7;316
7;2025-11-30;8;536
7;2025-11-30;9;647
7;2025-11-30;10;679
7;2025-11-30;11;908
7;2025-11-30;12;966
7;2025-11-30;13;1054
7;2025-11-30;14;1059
7;2025-11-30;15;1031
7;2025-11-30;16;954
7;2025-11-30;17;991
7;2025-11-30;18;893
7;2025-11-30;19;740
7;2025-11-30;20;638
7;2025-11-30;21;507
7;2025-11-30;22;266
7;2025-11-30;23;159
7;2025-12-01;0;61
7;2025-12-01;1;6
7;2025-12-01;2;0
7;2025-12-01;3;0
7;2025-12-01;4;0
7;2025-12-01;5;190
7;2025-12-01;6;697
7;2025-12-01;7;1560
7;2025-12-01;8;2421
7;2025-12-01;9;1762
7;2025-12-01;10;1499
7;2025-12-01;11;1397
7;2025-12-01;12;1472
7;2025-12-01;13;1473
7;2025-12-01;14;1522
7;2025-12-01;15;1677
7;2025-12-01;16;1773
7;2025-12-01;17;2267
7;2025-12-01;18;2493
7;2025-12-01;19;1654
7;2025-12-01;20;1039
7;2025-12-01;21;598
7;2025-12-01;22;302
7;2025-12-01;23;179
7;2025-12-02;0;57
7;2025-12-02;1;9
7;2025-12-02;2;2
7;2025-12-02;3;2
7;2025-12-02;4;3
7;2025-12-02;5;210
7;2025-12-02;6;718
7;2025-12-02;7;1607
7;2025-12-02;8;2480
7;2025-12-02;9;1786
7;2025-12-02;10;1558
7;2025-12-02;11;1441
7;2025-12-02;12;1502
7;2025-12-02;13;1517
7;2025-12-02;14;1561
7;2025-12-02;15;1714
7;2025-12-02;16;1789
7;2025-12-02;17;2282
7;2025-12-02;18;2553
7;2025-12-02;19;1700
7;2025-12-02;20;1052
7;2025-12-02;21;644
7;2025-12-02;22;345
7;2025-12-02;23;185
7;2025-12-03;0;60
7;2025-12-03;1;7
7;2025-12-03;2;0
7;2025-12-03;3;0
7;2025-12-03;4;0
7;2025-12-03;5;205
7;2025-12-03;6;714
7;2025-12-03;7;1614
7;2025-12-03;8;2503
7;2025-12-03;9;1842
7;2025-12-03;10;1577
7;2025-12-03;11;1471
7;2025-12-03;12;1537
7;2025-12-03;13;1528
7;2025-12-03;14;1572
7;2025-12-03;15;1713
7;2025-12-03;16;1811
7;2025-12-03;17;2336
7;2025-12-03;18;2555
7;2025-12-03;19;1691
7;2025-12-03;20;1055
7;2025-12-03;21;649
7;2025-12-03;22;367
7;2025-12-03;23;206
7;2025-12-04;0;67
7;2025-12-04;1;14
7;2025-12-04;2;0
7;2025-12-04;3;0
7;2025-12-04;4;1
7;2025-12-04;5;200
7;2025-12-04;6;724
7;2025-12-04;7;1640
7;2025-12-04;8;2529
7;2025-12-04;9;1826
7;2025-12-04;10;1552
7;2025-12-04;11;1470
7;2025-12-04;12;1544
7;2025-12-04;13;1538
7;2025-12-04;14;1588
7;2025-12-04;15;1708
7;2025-12-04;16;1835
7;2025-12-04;17;2316
7;2025-12-04;18;2606
7;2025-12-04;19;1695
7;2025-12-04;20;1057
7;2025-12-04;21;651
7;2025-12-04;22;353
7;2025-12-04;23;212
7;2025-12-05;0;73
7;2025-12-05;1;14
7;2025-12-05;2;0
7;2025-12-05;3;0
7;2025-12-05;4;2
7;2025-12-05;5;202
7;2025-12-05;6;662
7;2025-12-05;7;1567
7;2025-12-05;8;2374
7;2025-12-05;9;1779
7;2025-12-05;10;1519
7;2025-12-05;11;1475
7;2025-12-05;12;1538
7;2025-12-05;13;1609
7;2025-12-05;14;1626
7;2025-12-05;15;1775
7;2025-12-05;16;1953
7;2025-12-05;17;2297
7;2025-12-05;18;2268
7;2025-12-05;19;1530
7;2025-12-05;20;1003
7;2025-12-05;21;635
7;2025-12-05;22;373
7;2025-12-05;23;237
7;2025-12-06;0;106
7;2025-12-06;1;21
7;2025-12-06;2;0
7;2025-12-06;3;0
7;2025-12-06;4;1
7;2025-12-06;5;59
7;2025-12-06;6;296
7;2025-12-06;7;462
7;2025-12-06;8;733
7;2025-12-06;9;766
7;2025-12-06;10;868
7;2025-12-06;11;1019
7;2025-12-06;12;1085
7;2025-12-06;13;1153
7;2025-12-06;14;1167
7;2025-12-06;15;1118
7;2025-12-06;16;1052
7;2025-12-06;17;1057
7;2025-12-06;18;990
7;2025-12-06;19;931
7;2025-12-06;20;748
7;2025-12-06;21;610
7;2025-12-06;22;334
7;2025-12-06;23;209
7;2025-12-07;0;98
7;2025-12-07;1;20
7;2025-12-07;2;1
7;2025-12-07;3;1
7;2025-12-07;4;0
7;2025-12-07;5;37
7;2025-12-07;6;199
7;2025-12-07;7;320
7;2025-12-07;8;533
7;2025-12-07;9;643
7;2025-12-07;10;674
7;2025-12-07;11;906
7;2025-12-07;12;966
7;2025-12-07;13;1055
7;2025-12-07;14;1058
7;2025-12-07;15;1031
7;2025-12-07;16;956
7;2025-12-07;17;988
7;2025-12-07;18;888
7;2025-12-07;19;736
7;2025-12-07;20;636
7;2025-12-07;21;504
7;2025-12-07;22;268
7;2025-12-07;23;162
7;2025-12-08;0;68
7;2025-12-08;1;9
7;2025-12-08;2;0
7;2025-12-08;3;0
7;2025-12-08;4;0
7;2025-12-08;5;196
7;2025-12-08;6;704
7;2025-12-08;7;1570
7;2025-12-08;8;2440
7;2025-12-08;9;1773
7;2025-12-08;10;1500
7;2025-12-08;11;1400
7;2025-12-08;12;1473
7;2025-12-08;13;1474
7;2025-12-08;14;1524
7;2025-12-08;15;1678
7;2025-12-08;16;1775
7;2025-12-08;17;2284
7;2025-12-08;18;2511
7;2025-12-08;19;1658
7;2025-12-08;20;1040
7;2025-12-08;21;600
7;2025-12-08;22;307
7;2025-12-08;23;182
7;2025-12-09;0;62
7;2025-12-09;1;11
7;2025-12-09;2;0
7;2025-12-09;3;0
7;2025-12-09;4;1
7;2025-12-09;5;215
7;2025-12-09;6;725
7;2025-12-09;7;1624
7;2025-12-09;8;2521
7;2025-12-09;9;1804
7;2025-12-09;10;1569
7;2025-12-09;11;1457
7;2025-12-09;12;1516
7;2025-12-09;13;1532
7;2025-12-09;14;1572
7;2025-12-09;15;1726
7;2025-12-09;16;1807
7;2025-12-09;17;2317
7;2025-12-09;18;2597
7;2025-12-09;19;1717
7;2025-12-09;20;1057
7;2025-12-09;21;650
7;2025-12-09;22;353
7;2025-12-09;23;193
7;2025-12-10;0;67
7;2025-12-10;1;12
7;2025-12-10;2;0
7;2025-12-10;3;0
7;2025-12-10;4;1
7;2025-12-10;5;213
7;2025-12-10;6;724
7;2025-12-10;7;1620
7;2025-12-10;8;2514
7;2025-12-10;9;1846
7;2025-12-10;10;1579
7;2025-12-10;11;1474
7;2025-12-10;12;1541
7;2025-12-10;13;1532
7;2025-12-10;14;1576
7;2025-12-10;15;1717
7;2025-12-10;16;1816
7;2025-12-10;17;2347
7;2025-12-10;18;2563
7;2025-12-10;19;1693
7;2025-12-10;20;1052
7;2025-12-10;21;652
7;2025-12-10;22;367
7;2025-12-10;23;210
7;2025-12-11;0;71
7;2025-12-11;1;16
7;2025-12-11;2;1
7;2025-12-11;3;0
7;2025-12-11;4;3
7;2025-12-11;5;204
7;2025-12-11;6;729
7;2025-12-11;7;1648
7;2025-12-11;8;2541
7;2025-12-11;9;1835
7;2025-12-11;10;1555
7;2025-12-11;11;1473
7;2025-12-11;12;1548
7;2025-12-11;13;1544
7;2025-12-11;14;1591
7;2025-12-11;15;1715
7;2025-12-11;16;1846
7;2025-12-11;17;2326
7;2025-12-11;18;2616
7;2025-12-11;19;1698
7;2025-12-11;20;1054
7;2025-12-11;21;652
7;2025-12-11;22;355
7;2025-12-11;23;215
7;2025-12-12;0;77
7;2025-12-12;1;17
7;2025-12-12;2;1
7;2025-12-12;3;0
7;2025-12-12;4;4
7;2025-12-12;5;206
7;2025-12-12;6;664
7;2025-12-12;7;1570
7;2025-12-12;8;2382
7;2025-12-12;9;1783
7;2025-12-12;10;1520
7;2025-12-12;11;1476
7;2025-12-12;12;1540
7;2025-12-12;13;1609
7;2025-12-12;14;1624
7;2025-12-12;15;1781
7;2025-12-12;16;1961
7;2025-12-12;17;2301
7;2025-12-12;18;2270
7;2025-12-12;19;1529
7;2025-12-12;20;998
7;2025-12-12;21;635
7;2025-12-12;22;375
7;2025-12-12;23;240
7;2025-12-13;0;109
7;2025-12-13;1;25
7;2025-12-13;2;0
7;2025-12-13;3;0
7;2025-12-13;4;0
7;2025-12-13;5;64
7;2025-12-13;6;300
7;2025-12-13;7;461
7;2025-12-13;8;728
7;2025-12-13;9;765
7;2025-12-13;10;868
7;2025-12-13;11;1017
7;2025-12-13;12;1085
7;2025-12-13;13;1155
7;2025-12-13;14;1170
7;2025-12-13;15;1120
7;2025-12-13;16;1053
7;2025-12-13;17;1059
7;2025-12-13;18;992
7;2025-12-13;19;933
7;2025-12-13;20;750
7;2025-12-13;21;611
7;2025-12-13;22;335
7;2025-12-13;23;213
7;2025-12-14;0;101
7;2025-12-14;1;23
7;2025-12-14;2;1
7;2025-12-14;3;1
7;2025-12-14;4;1
7;2025-12-14;5;43
7;2025-12-14;6;202
7;2025-12-14;7;318
7;2025-12-14;8;534
7;2025-12-14;9;645
7;2025-12-14;10;681
7;2025-12-14;11;915
7;2025-12-14;12;978
7;2025-12-14;13;1068
7;2025-12-14;14;1067
7;2025-12-14;15;1043
7;2025-12-14;16;970
7;2025-12-14;17;1000
7;2025-12-14;18;899
7;2025-12-14;19;745
7;2025-12-14;20;638
7;2025-12-14;21;505
7;2025-12-14;22;269
7;2025-12-14;23;164
7;2025-12-15;0;71
7;2025-12-15;1;11
7;2025-12-15;2;0
7;2025-12-15;3;0
7;2025-12-15;4;1
7;2025-12-15;5;199
7;2025-12-15;6;707
7;2025-12-15;7;1580
7;2025-12-15;8;2457
7;2025-12-15;9;1780
7;2025-12-15;10;1509
7;2025-12-15;11;1410
7;2025-12-15;12;1483
7;2025-12-15;13;1486
7;2025-12-15;14;1533
7;2025-12-15;15;1686
7;2025-12-15;16;1785
7;2025-12-15;17;2291
7;2025-12-15;18;2522
7;2025-12-15;19;1660
7;2025-12-15;20;1043
7;2025-12-15;21;601
7;2025-12-15;22;309
7;2025-12-15;23;184
7;2025-12-16;0;65
7;2025-12-16;1;13
7;2025-12-16;2;1
7;2025-12-16;3;1
7;2025-12-16;4;2
7;2025-12-16;5;218
7;2025-12-16;6;724
7;2025-12-16;7;1629
7;2025-12-16;8;2526
7;2025-12-16;9;1807
7;2025-12-16;10;1571
7;2025-12-16;11;1463
7;2025-12-16;12;1521
7;2025-12-16;13;1539
7;2025-12-16;14;1577
7;2025-12-16;15;1730
7;2025-12-16;16;1811
7;2025-12-16;17;2321
7;2025-12-16;18;2604
7;2025-12-16;19;1718
7;2025-12-16;20;1058
7;2025-12-16;21;647
7;2025-12-16;22;352
7;2025-12-16;23;193
7;2025-12-17;0;68
7;2025-12-17;1;13
7;2025-12-17;2;0
7;2025-12-17;3;0
7;2025-12-17;4;1
7;2025-12-17;5;213
7;2025-12-17;6;721
7;2025-12-17;7;1621
7;2025-12-17;8;2514
7;2025-12-17;9;1844
7;2025-12-17;10;1577
7;2025-12-17;11;1473
7;2025-12-17;12;1540
7;2025-12-17;13;1532
7;2025-12-17;14;1569
7;2025-12-17;15;1713
7;2025-12-17;16;1812
7;2025-12-17;17;2345
7;2025-12-17;18;2564
7;2025-12-17;19;1688
7;2025-12-17;20;1051
7;2025-12-17;21;647
7;2025-12-17;22;367
7;2025-12-17;23;211
7;2025-12-18;0;71
7;2025-12-18;1;17
7;2025-12-18;2;1
7;2025-12-18;3;0
7;2025-12-18;4;3
7;2025-12-18;5;203
7;2025-12-18;6;728
7;2025-12-18;7;1641
7;2025-12-18;8;2538
7;2025-12-18;9;1826
7;2025-12-18;10;1547
7;2025-12-18;11;1467
7;2025-12-18;12;1544
7;2025-12-18;13;1538
7;2025-12-18;14;1579
7;2025-12-18;15;1705
7;2025-12-18;16;1837
7;2025-12-18;17;2327
7;2025-12-18;18;2613
7;2025-12-18;19;1687
7;2025-12-18;20;1054
7;2025-12-18;21;655
7;2025-12-18;22;358
7;2025-12-18;23;216
7;2025-12-19;0;74
7;2025-12-19;1;17
7;2025-12-19;2;1
7;2025-12-19;3;1
7;2025-12-19;4;3
7;2025-12-19;5;197
7;2025-12-19;6;655
7;2025-12-19;7;1555
7;2025-12-19;8;2374
7;2025-12-19;9;1766
7;2025-12-19;10;1503
7;2025-12-19;11;1461
7;2025-12-19;12;1525
7;2025-12-19;13;1594
7;2025-12-19;14;1602
7;2025-12-19;15;1762
7;2025-12-19;16;1942
7;2025-12-19;17;2299
7;2025-12-19;18;2272
7;2025-12-19;19;1512
7;2025-12-19;20;993
7;2025-12-19;21;632
7;2025-12-19;22;372
7;2025-12-19;23;234
7;2025-12-20;0;106
7;2025-12-20;1;23
7;2025-12-20;2;0
7;2025-12-20;3;0
7;2025-12-20;4;0
7;2025-12-20;5;58
7;2025-12-20;6;297
7;2025-12-20;7;458
7;2025-12-20;8;722
7;2025-12-20;9;764
7;2025-12-20;10;864
7;2025-12-20;11;1018
7;2025-12-20;12;1097
7;2025-12-20;13;1169
7;2025-12-20;14;1184
7;2025-12-20;15;1122
7;2025-12-20;16;1053
7;2025-12-20;17;1056
7;2025-12-20;18;990
7;2025-12-20;19;931
7;2025-12-20;20;749
7;2025-12-20;21;610
7;2025-12-20;22;337
7;2025-12-20;23;210
7;2025-12-21;0;99
7;2025-12-21;1;21
7;2025-12-21;2;1
7;2025-12-21;3;1
7;2025-12-21;4;1
7;2025-12-21;5;37
7;2025-12-21;6;200
7;2025-12-21;7;314
7;2025-12-21;8;535
7;2025-12-21;9;649
7;2025-12-21;10;688
7;2025-12-21;11;919
7;2025-12-21;12;974
7;2025-12-21;13;1070
7;2025-12-21;14;1070
7;2025-12-21;15;1046
7;2025-12-21;16;969
7;2025-12-21;17;999
7;2025-12-21;18;902
7;2025-12-21;19;748
7;2025-12-21;20;639
7;2025-12-21;21;513
7;2025-12-21;22;270
7;2025-12-21;23;161
7;2025-12-22;0;67
7;2025-12-22;1;12
7;2025-12-22;2;1
7;2025-12-22;3;1
7;2025-12-22;4;1
7;2025-12-22;5;191
7;2025-12-22;6;696
7;2025-12-22;7;1543
7;2025-12-22;8;2445
7;2025-12-22;9;1750
7;2025-12-22;10;1471
7;2025-12-22;11;1391
7;2025-12-22;12;1455
7;2025-12-22;13;1465
7;2025-12-22;14;1496
7;2025-12-22;15;1649
7;2025-12-22;16;1759
7;2025-12-22;17;2276
7;2025-12-22;18;2518
7;2025-12-22;19;1621
7;2025-12-22;20;1032
7;2025-12-22;21;594
7;2025-12-22;22;307
7;2025-12-22;23;182
7;2025-12-23;0;65
7;2025-12-23;1;17
7;2025-12-23;2;1
7;2025-12-23;3;0
7;2025-12-23;4;1
7;2025-12-23;5;207
7;2025-12-23;6;698
7;2025-12-23;7;1574
7;2025-12-23;8;2487
7;2025-12-23;9;1758
7;2025-12-23;10;1511
7;2025-12-23;11;1412
7;2025-12-23;12;1475
7;2025-12-23;13;1492
7;2025-12-23;14;1521
7;2025-12-23;15;1675
7;2025-12-23;16;1768
7;2025-12-23;17;2285
7;2025-12-23;18;2585
7;2025-12-23;19;1664
7;2025-12-23;20;1044
7;2025-12-23;21;636
7;2025-12-23;22;345
7;2025-12-23;23;187
7;2025-12-24;0;63
7;2025-12-24;1;13
7;2025-12-24;2;0
7;2025-12-24;3;0
7;2025-12-24;4;1
7;2025-12-24;5;203
7;2025-12-24;6;698
7;2025-12-24;7;1557
7;2025-12-24;8;2484
7;2025-12-24;9;1792
7;2025-12-24;10;1504
7;2025-12-24;11;1405
7;2025-12-24;12;1471
7;2025-12-24;13;1465
7;2025-12-24;14;1498
7;2025-12-24;15;1647
7;2025-12-24;16;1766
7;2025-12-24;17;2319
7;2025-12-24;18;2553
7;2025-12-24;19;1623
7;2025-12-24;20;1038
7;2025-12-24;21;633
7;2025-12-24;22;357
7;2025-12-24;23;204
7;2025-12-25;0;67
7;2025-12-25;1;16
7;2025-12-25;2;0
7;2025-12-25;3;0
7;2025-12-25;4;4
7;2025-12-25;5;196
7;2025-12-25;6;715
7;2025-12-25;7;1585
7;2025-12-25;8;2519
7;2025-12-25;9;1785
7;2025-12-25;10;1486
7;2025-12-25;11;1417
7;2025-12-25;12;1490
7;2025-12-25;13;1484
7;2025-12-25;14;1527
7;2025-12-25;15;1656
7;2025-12-25;16;1808
7;2025-12-25;17;2311
7;2025-12-25;18;2621
7;2025-12-25;19;1642
7;2025-12-25;20;1047
7;2025-12-25;21;642
7;2025-12-25;22;352
7;2025-12-25;23;213
7;2025-12-26;0;75
7;2025-12-26;1;18
7;2025-12-26;2;0
7;2025-12-26;3;0
7;2025-12-26;4;3
7;2025-12-26;5;197
7;2025-12-26;6;653
7;2025-12-26;7;1509
7;2025-12-26;8;2362
7;2025-12-26;9;1736
7;2025-12-26;10;1457
7;2025-12-26;11;1415
7;2025-12-26;12;1481
7;2025-12-26;13;1550
7;2025-12-26;14;1569
7;2025-12-26;15;1726
7;2025-12-26;16;1929
7;2025-12-26;17;2299
7;2025-12-26;18;2286
7;2025-12-26;19;1487
7;2025-12-26;20;991
7;2025-12-26;21;626
7;2025-12-26;22;370
7;2025-12-26;23;234
7;2025-12-27;0;108
7;2025-12-27;1;24
7;2025-12-27;2;1
7;2025-12-27;3;0
7;2025-12-27;4;0
7;2025-12-27;5;58
7;2025-12-27;6;295
7;2025-12-27;7;448
7;2025-12-27;8;698
7;2025-12-27;9;745
7;2025-12-27;10;846
7;2025-12-27;11;1003
7;2025-12-27;12;1081
7;2025-12-27;13;1157
7;2025-12-27;14;1172
7;2025-12-27;15;1109
7;2025-12-27;16;1041
7;2025-12-27;17;1046
7;2025-12-27;18;984
7;2025-12-27;19;922
7;2025-12-27;20;739
7;2025-12-27;21;603
7;2025-12-27;22;337
7;2025-12-27;23;214
7;2025-12-28;0;103
7;2025-12-28;1;24
7;2025-12-28;2;2
7;2025-12-28;3;2
7;2025-12-28;4;3
7;2025-12-28;5;35
7;2025-12-28;6;191
7;2025-12-28;7;302
7;2025-12-28;8;511
7;2025-12-28;9;624
7;2025-12-28;10;663
7;2025-12-28;11;894
7;2025-12-28;12;952
7;2025-12-28;13;1048
7;2025-12-28;14;1048
7;2025-12-28;15;1026
7;2025-12-28;16;951
7;2025-12-28;17;982
7;2025-12-28;18;884
7;2025-12-28;19;724
7;2025-12-28;20;624
7;2025-12-28;21;500
7;2025-12-28;22;263
7;2025-12-28;23;162
7;2025-12-29;0;65
7;2025-12-29;1;13
7;2025-12-29;2;1
7;2025-12-29;3;1
7;2025-12-29;4;1
7;2025-12-29;5;177
7;2025-12-29;6;655
7;2025-12-29;7;1475
7;2025-12-29;8;2392
7;2025-12-29;9;1684
7;2025-12-29;10;1394
7;2025-12-29;11;1323
7;2025-12-29;12;1385
7;2025-12-29;13;1390
7;2025-12-29;14;1431
7;2025-12-29;15;1579
7;2025-12-29;16;1695
7;2025-12-29;17;2225
7;2025-12-29;18;2475
7;2025-12-29;19;1544
7;2025-12-29;20;1004
7;2025-12-29;21;539
7;2025-12-29;22;273
7;2025-12-29;23;169
7;2025-12-30;0;57
7;2025-12-30;1;17
7;2025-12-30;2;6
7;2025-12-30;3;5
7;2025-12-30;4;1
7;2025-12-30;5;167
7;2025-12-30;6;532
7;2025-12-30;7;1359
7;2025-12-30;8;2282
7;2025-12-30;9;1543
7;2025-12-30;10;1307
7;2025-12-30;11;1199
7;2025-12-30;12;1272
7;2025-12-30;13;1296
7;2025-12-30;14;1332
7;2025-12-30;15;1478
7;2025-12-30;16;1566
7;2025-12-30;17;2101
7;2025-12-30;18;2401
7;2025-12-30;19;1449
7;2025-12-30;20;880
7;2025-12-30;21;518
7;2025-12-30;22;274
7;2025-12-30;23;163
7;2025-12-31;0;46
7;2025-12-31;1;12
7;2025-12-31;2;2
7;2025-12-31;3;1
7;2025-12-31;4;0
7;2025-12-31;5;54
7;2025-12-31;6;171
7;2025-12-31;7;189
7;2025-12-31;8;344
7;2025-12-31;9;383
7;2025-12-31;10;422
7;2025-12-31;11;579
7;2025-12-31;12;657
7;2025-12-31;13;756
7;2025-12-31;14;780
7;2025-12-31;15;733
7;2025-12-31;16;654
7;2025-12-31;17;717
7;2025-12-31;18;620
7;2025-12-31;19;500
7;2025-12-31;20;457
7;2025-12-31;21;338
7;2025-12-31;22;181
7;2025-12-31;23;120
11;2025-11-01;0;109
11;2025-11-01;1;2
11;2025-11-01;2;2
11;2025-11-01;3;2
11;2025-11-01;4;2
11;2025-11-01;5;219
11;2025-11-01;6;797
11;2025-11-01;7;730
11;2025-11-01;8;982
11;2025-11-01;9;1127
11;2025-11-01;10;1225
11;2025-11-01;11;1677
11;2025-11-01;12;1833
11;2025-11-01;13;1735
11;2025-11-01;14;1816
11;2025-11-01;15;1806
11;2025-11-01;16;1791
11;2025-11-01;17;1836
11;2025-11-01;18;1569
11;2025-11-01;19;1419
11;2025-11-01;20;1083
11;2025-11-01;21;801
11;2025-11-01;22;469
11;2025-11-01;23;316
11;2025-11-02;0;104
11;2025-11-02;1;16
11;2025-11-02;2;4
11;2025-11-02;3;3
11;2025-11-02;4;1
11;2025-11-02;5;133
11;2025-11-02;6;552
11;2025-11-02;7;551
11;2025-11-02;8;681
11;2025-11-02;9;950
11;2025-11-02;10;1113
11;2025-11-02;11;1497
11;2025-11-02;12;1675
11;2025-11-02;13;1565
11;2025-11-02;14;1656
11;2025-11-02;15;1676
11;2025-11-02;16;1649
11;2025-11-02;17;1714
11;2025-11-02;18;1422
11;2025-11-02;19;1222
11;2025-11-02;20;995
11;2025-11-02;21;680
11;2025-11-02;22;401
11;2025-11-02;23;251
11;2025-11-03;0;73
11;2025-11-03;1;10
11;2025-11-03;2;1
11;2025-11-03;3;1
11;2025-11-03;4;2
11;2025-11-03;5;192
11;2025-11-03;6;679
11;2025-11-03;7;596
11;2025-11-03;8;732
11;2025-11-03;9;929
11;2025-11-03;10;1089
11;2025-11-03;11;1430
11;2025-11-03;12;1577
11;2025-11-03;13;1535
11;2025-11-03;14;1609
11;2025-11-03;15;1649
11;2025-11-03;16;1621
11;2025-11-03;17;1735
11;2025-11-03;18;1703
11;2025-11-03;19;1341
11;2025-11-03;20;952
11;2025-11-03;21;702
11;2025-11-03;22;387
11;2025-11-03;23;215
11;2025-11-04;0;67
11;2025-11-04;1;5
11;2025-11-04;2;1
11;2025-11-04;3;1
11;2025-11-04;4;1
11;2025-11-04;5;184
11;2025-11-04;6;667
11;2025-11-04;7;578
11;2025-11-04;8;732
11;2025-11-04;9;918
11;2025-11-04;10;1067
11;2025-11-04;11;1411
11;2025-11-04;12;1566
11;2025-11-04;13;1518
11;2025-11-04;14;1589
11;2025-11-04;15;1612
11;2025-11-04;16;1597
11;2025-11-04;17;1712
11;2025-11-04;18;1631
11;2025-11-04;19;1321
11;2025-11-04;20;970
11;2025-11-04;21;693
11;2025-11-04;22;369
11;2025-11-04;23;203
11;2025-11-05;0;63
11;2025-11-05;1;1
11;2025-11-05;2;0
11;2025-11-05;3;0
11;2025-11-05;4;1
11;2025-11-05;5;285
11;2025-11-05;6;1328
11;2025-11-05;7;2405
11;2025-11-05;8;3221
11;2025-11-05;9;2391
11;2025-11-05;10;1909
11;2025-11-05;11;1885
11;2025-11-05;12;1921
11;2025-11-05;13;1981
11;2025-11-05;14;1939
11;2025-11-05;15;2058
11;2025-11-05;16;2228
11;2025-11-05;17;2813
11;2025-11-05;18;3142
11;2025-11-05;19;2389
11;2025-11-05;20;1560
11;2025-11-05;21;912
11;2025-11-05;22;463
11;2025-11-05;23;256
11;2025-11-06;0;70
11;2025-11-06;1;0
11;2025-11-06;2;1
11;2025-11-06;3;1
11;2025-11-06;4;0
11;2025-11-06;5;290
11;2025-11-06;6;1346
11;2025-11-06;7;2375
11;2025-11-06;8;3188
11;2025-11-06;9;2485
11;2025-11-06;10;1937
11;2025-11-06;11;1873
11;2025-11-06;12;1916
11;2025-11-06;13;1987
11;2025-11-06;14;1959
11;2025-11-06;15;2060
11;2025-11-06;16;2277
11;2025-11-06;17;2836
11;2025-11-06;18;3173
11;2025-11-06;19;2321
11;2025-11-06;20;1546
11;2025-11-06;21;910
11;2025-11-06;22;481
11;2025-11-06;23;268
11;2025-11-07;0;74
11;2025-11-07;1;2
11;2025-11-07;2;0
11;2025-11-07;3;0
11;2025-11-07;4;1
11;2025-11-07;5;291
11;2025-11-07;6;1329
11;2025-11-07;7;2333
11;2025-11-07;8;3056
11;2025-11-07;9;2371
11;2025-11-07;10;1903
11;2025-11-07;11;1848
11;2025-11-07;12;1897
11;2025-11-07;13;1970
11;2025-11-07;14;1954
11;2025-11-07;15;2096
11;2025-11-07;16;2387
11;2025-11-07;17;2840
11;2025-11-07;18;2713
11;2025-11-07;19;2157
11;2025-11-07;20;1487
11;2025-11-07;21;904
11;2025-11-07;22;478
11;2025-11-07;23;290
11;2025-11-08;0;109
11;2025-11-08;1;1
11;2025-11-08;2;0
11;2025-11-08;3;0
11;2025-11-08;4;0
11;2025-11-08;5;219
11;2025-11-08;6;781
11;2025-11-08;7;702
11;2025-11-08;8;937
11;2025-11-08;9;1081
11;2025-11-08;10;1172
11;2025-11-08;11;1631
11;2025-11-08;12;1798
11;2025-11-08;13;1692
11;2025-11-08;14;1775
11;2025-11-08;15;1769
11;2025-11-08;16;1764
11;2025-11-08;17;1814
11;2025-11-08;18;1543
11;2025-11-08;19;1428
11;2025-11-08;20;1079
11;2025-11-08;21;788
11;2025-11-08;22;458
11;2025-11-08;23;306
11;2025-11-09;0;95
11;2025-11-09;1;5
11;2025-11-09;2;0
11;2025-11-09;3;0
11;2025-11-09;4;0
11;2025-11-09;5;125
11;2025-11-09;6;543
11;2025-11-09;7;531
11;2025-11-09;8;655
11;2025-11-09;9;913
11;2025-11-09;10;1055
11;2025-11-09;11;1439
11;2025-11-09;12;1623
11;2025-11-09;13;1519
11;2025-11-09;14;1609
11;2025-11-09;15;1635
11;2025-11-09;16;1610
11;2025-11-09;17;1681
11;2025-11-09;18;1396
11;2025-11-09;19;1207
11;2025-11-09;20;971
11;2025-11-09;21;655
11;2025-11-09;22;388
11;2025-11-09;23;239
11;2025-11-10;0;59
11;2025-11-10;1;0
11;2025-11-10;2;0
11;2025-11-10;3;0
11;2025-11-10;4;1
11;2025-11-10;5;273
11;2025-11-10;6;1326
11;2025-11-10;7;2294
11;2025-11-10;8;3075
11;2025-11-10;9;2340
11;2025-11-10;10;1838
11;2025-11-10;11;1817
11;2025-11-10;12;1830
11;2025-11-10;13;1899
11;2025-11-10;14;1883
11;2025-11-10;15;2003
11;2025-11-10;16;2215
11;2025-11-10;17;2758
11;2025-11-10;18;3099
11;2025-11-10;19;2303
11;2025-11-10;20;1539
11;2025-11-10;21;892
11;2025-11-10;22;432
11;2025-11-10;23;225
11;2025-11-11;0;53
11;2025-11-11;1;0
11;2025-11-11;2;0
11;2025-11-11;3;0
11;2025-11-11;4;0
11;2025-11-11;5;273
11;2025-11-11;6;1352
11;2025-11-11;7;2391
11;2025-11-11;8;3159
11;2025-11-11;9;2421
11;2025-11-11;10;1903
11;2025-11-11;11;1862
11;2025-11-11;12;1891
11;2025-11-11;13;1966
11;2025-11-11;14;1949
11;2025-11-11;15;2039
11;2025-11-11;16;2251
11;2025-11-11;17;2802
11;2025-11-11;18;3106
11;2025-11-11;19;2330
11;2025-11-11;20;1573
11;2025-11-11;21;908
11;2025-11-11;22;441
11;2025-11-11;23;238
11;2025-11-12;0;60
11;2025-11-12;1;0
11;2025-11-12;2;0
11;2025-11-12;3;0
11;2025-11-12;4;0
11;2025-11-12;5;282
11;2025-11-12;6;1341
11;2025-11-12;7;2404
11;2025-11-12;8;3222
11;2025-11-12;9;2391
11;2025-11-12;10;1900
11;2025-11-12;11;1878
11;2025-11-12;12;1914
11;2025-11-12;13;1973
11;2025-11-12;14;1933
11;2025-11-12;15;2053
11;2025-11-12;16;2234
11;2025-11-12;17;2817
11;2025-11-12;18;3154
11;2025-11-12;19;2410
11;2025-11-12;20;1587
11;2025-11-12;21;935
11;2025-11-12;22;481
11;2025-11-12;23;258
11;2025-11-13;0;68
11;2025-11-13;1;0
11;2025-11-13;2;0
11;2025-11-13;3;0
11;2025-11-13;4;0
11;2025-11-13;5;291
11;2025-11-13;6;1366
11;2025-11-13;7;2395
11;2025-11-13;8;3203
11;2025-11-13;9;2504
11;2025-11-13;10;1957
11;2025-11-13;11;1898
11;2025-11-13;12;1936
11;2025-11-13;13;2011
11;2025-11-13;14;1978
11;2025-11-13;15;2081
11;2025-11-13;16;2297
11;2025-11-13;17;2851
11;2025-11-13;18;3200
11;2025-11-13;19;2341
11;2025-11-13;20;1569
11;2025-11-13;21;932
11;2025-11-13;22;504
11;2025-11-13;23;270
11;2025-11-14;0;72
11;2025-11-14;1;0
11;2025-11-14;2;0
11;2025-11-14;3;0
11;2025-11-14;4;0
11;2025-11-14;5;290
11;2025-11-14;6;1344
11;2025-11-14;7;2345
11;2025-11-14;8;3071
11;2025-11-14;9;2388
11;2025-11-14;10;1923
11;2025-11-14;11;1871
11;2025-11-14;12;1918
11;2025-11-14;13;1999
11;2025-11-14;14;1980
11;2025-11-14;15;2124
11;2025-11-14;16;2410
11;2025-11-14;17;2863
11;2025-11-14;18;2739
11;2025-11-14;19;2181
11;2025-11-14;20;1507
11;2025-11-14;21;920
11;2025-11-14;22;493
11;2025-11-14;23;290
11;2025-11-15;0;108
11;2025-11-15;1;1
11;2025-11-15;2;0
11;2025-11-15;3;0
11;2025-11-15;4;1
11;2025-11-15;5;220
11;2025-11-15;6;810
11;2025-11-15;7;734
11;2025-11-15;8;974
11;2025-11-15;9;1132
11;2025-11-15;10;1228
11;2025-11-15;11;1683
11;2025-11-15;12;1848
11;2025-11-15;13;1741
11;2025-11-15;14;1823
11;2025-11-15;15;1814
11;2025-11-15;16;1803
11;2025-11-15;17;1855
11;2025-11-15;18;1587
11;2025-11-15;19;1465
11;2025-11-15;20;1118
11;2025-11-15;21;821
11;2025-11-15;22;491
11;2025-11-15;23;328
11;2025-11-16;0;105
11;2025-11-16;1;8
11;2025-11-16;2;0
11;2025-11-16;3;0
11;2025-11-16;4;1
11;2025-11-16;5;132
11;2025-11-16;6;565
11;2025-11-16;7;552
11;2025-11-16;8;675
11;2025-11-16;9;950
11;2025-11-16;10;1095
11;2025-11-16;11;1484
11;2025-11-16;12;1662
11;2025-11-16;13;1562
11;2025-11-16;14;1653
11;2025-11-16;15;1674
11;2025-11-16;16;1648
11;2025-11-16;17;1717
11;2025-11-16;18;1426
11;2025-11-16;19;1242
11;2025-11-16;20;1007
11;2025-11-16;21;692
11;2025-11-16;22;418
11;2025-11-16;23;254
11;2025-11-17;0;68
11;2025-11-17;1;0
11;2025-11-17;2;0
11;2025-11-17;3;0
11;2025-11-17;4;1
11;2025-11-17;5;280
11;2025-11-17;6;1348
11;2025-11-17;7;2306
11;2025-11-17;8;3091
11;2025-11-17;9;2368
11;2025-11-17;10;1873
11;2025-11-17;11;1852
11;2025-11-17;12;1867
11;2025-11-17;13;1934
11;2025-11-17;14;1919
11;2025-11-17;15;2036
11;2025-11-17;16;2230
11;2025-11-17;17;2766
11;2025-11-17;18;3114
11;2025-11-17;19;2322
11;2025-11-17;20;1554
11;2025-11-17;21;904
11;2025-11-17;22;445
11;2025-11-17;23;234
11;2025-11-18;0;59
11;2025-11-18;1;1
11;2025-11-18;2;0
11;2025-11-18;3;0
11;2025-11-18;4;0
11;2025-11-18;5;278
11;2025-11-18;6;1361
11;2025-11-18;7;2392
11;2025-11-18;8;3163
11;2025-11-18;9;2433
11;2025-11-18;10;1913
11;2025-11-18;11;1874
11;2025-11-18;12;1904
11;2025-11-18;13;1979
11;2025-11-18;14;1962
11;2025-11-18;15;2051
11;2025-11-18;16;2256
11;2025-11-18;17;2804
11;2025-11-18;18;3108
11;2025-11-18;19;2336
11;2025-11-18;20;1582
11;2025-11-18;21;917
11;2025-11-18;22;449
11;2025-11-18;23;243
11;2025-11-19;0;62
11;2025-11-19;1;0
11;2025-11-19;2;0
11;2025-11-19;3;0
11;2025-11-19;4;0
11;2025-11-19;5;283
11;2025-11-19;6;1340
11;2025-11-19;7;2401
11;2025-11-19;8;3216
11;2025-11-19;9;2397
11;2025-11-19;10;1907
11;2025-11-19;11;1886
11;2025-11-19;12;1922
11;2025-11-19;13;1980
11;2025-11-19;14;1939
11;2025-11-19;15;2058
11;2025-11-19;16;2233
11;2025-11-19;17;2814
11;2025-11-19;18;3149
11;2025-11-19;19;2413
11;2025-11-19;20;1589
11;2025-11-19;21;939
11;2025-11-19;22;488
11;2025-11-19;23;263
11;2025-11-20;0;70
11;2025-11-20;1;0
11;2025-11-20;2;0
11;2025-11-20;3;0
11;2025-11-20;4;0
11;2025-11-20;5;291
11;2025-11-20;6;1365
11;2025-11-20;7;2393
11;2025-11-20;8;3205
11;2025-11-20;9;2506
11;2025-11-20;10;1960
11;2025-11-20;11;1901
11;2025-11-20;12;1939
11;2025-11-20;13;2014
11;2025-11-20;14;1983
11;2025-11-20;15;2084
11;2025-11-20;16;2301
11;2025-11-20;17;2855
11;2025-11-20;18;3202
11;2025-11-20;19;2347
11;2025-11-20;20;1574
11;2025-11-20;21;934
11;2025-11-20;22;509
11;2025-11-20;23;273
11;2025-11-21;0;75
11;2025-11-21;1;0
11;2025-11-21;2;0
11;2025-11-21;3;0
11;2025-11-21;4;0
11;2025-11-21;5;293
11;2025-11-21;6;1348
11;2025-11-21;7;2346
11;2025-11-21;8;3074
11;2025-11-21;9;2390
11;2025-11-21;10;1923
11;2025-11-21;11;1872
11;2025-11-21;12;1919
11;2025-11-21;13;1999
11;2025-11-21;14;1982
11;2025-11-21;15;2130
11;2025-11-21;16;2414
11;2025-11-21;17;2865
11;2025-11-21;18;2742
11;2025-11-21;19;2188
11;2025-11-21;20;1513
11;2025-11-21;21;924
11;2025-11-21;22;498
11;2025-11-21;23;293
11;2025-11-22;0;112
11;2025-11-22;1;1
11;2025-11-22;2;0
11;2025-11-22;3;0
11;2025-11-22;4;1
11;2025-11-22;5;222
11;2025-11-22;6;808
11;2025-11-22;7;731
11;2025-11-22;8;973
11;2025-11-22;9;1132
11;2025-11-22;10;1225
11;2025-11-22;11;1671
11;2025-11-22;12;1838
11;2025-11-22;13;1712
11;2025-11-22;14;1794
11;2025-11-22;15;1787
11;2025-11-22;16;1773
11;2025-11-22;17;1824
11;2025-11-22;18;1558
11;2025-11-22;19;1449
11;2025-11-22;20;1103
11;2025-11-22;21;807
11;2025-11-22;22;479
11;2025-11-22;23;324
11;2025-11-23;0;103
11;2025-11-23;1;9
11;2025-11-23;2;0
11;2025-11-23;3;0
11;2025-11-23;4;1
11;2025-11-23;5;130
11;2025-11-23;6;551
11;2025-11-23;7;538
11;2025-11-23;8;664
11;2025-11-23;9;938
11;2025-11-23;10;1082
11;2025-11-23;11;1466
11;2025-11-23;12;1648
11;2025-11-23;13;1544
11;2025-11-23;14;1636
11;2025-11-23;15;1660
11;2025-11-23;16;1632
11;2025-11-23;17;1702
11;2025-11-23;18;1419
11;2025-11-23;19;1239
11;2025-11-23;20;997
11;2025-11-23;21;683
11;2025-11-23;22;408
11;2025-11-23;23;252
11;2025-11-24;0;66
11;2025-11-24;1;1
11;2025-11-24;2;0
11;2025-11-24;3;0
11;2025-11-24;4;1
11;2025-11-24;5;276
11;2025-11-24;6;1335
11;2025-11-24;7;2291
11;2025-11-24;8;3075
11;2025-11-24;9;2358
11;2025-11-24;10;1863
11;2025-11-24;11;1841
11;2025-11-24;12;1858
11;2025-11-24;13;1921
11;2025-11-24;14;1906
11;2025-11-24;15;2023
11;2025-11-24;16;2217
11;2025-11-24;17;2752
11;2025-11-24;18;3087
11;2025-11-24;19;2306
11;2025-11-24;20;1547
11;2025-11-24;21;899
11;2025-11-24;22;440
11;2025-11-24;23;237
11;2025-11-25;0;62
11;2025-11-25;1;1
11;2025-11-25;2;1
11;2025-11-25;3;0
11;2025-11-25;4;0
11;2025-11-25;5;281
11;2025-11-25;6;1346
11;2025-11-25;7;2377
11;2025-11-25;8;3143
11;2025-11-25;9;2422
11;2025-11-25;10;1896
11;2025-11-25;11;1861
11;2025-11-25;12;1891
11;2025-11-25;13;1965
11;2025-11-25;14;1949
11;2025-11-25;15;2042
11;2025-11-25;16;2247
11;2025-11-25;17;2793
11;2025-11-25;18;3093
11;2025-11-25;19;2331
11;2025-11-25;20;1579
11;2025-11-25;21;915
11;2025-11-25;22;446
11;2025-11-25;23;248
11;2025-11-26;0;65
11;2025-11-26;1;0
11;2025-11-26;2;0
11;2025-11-26;3;0
11;2025-11-26;4;0
11;2025-11-26;5;286
11;2025-11-26;6;1328
11;2025-11-26;7;2383
11;2025-11-26;8;3182
11;2025-11-26;9;2382
11;2025-11-26;10;1885
11;2025-11-26;11;1861
11;2025-11-26;12;1895
11;2025-11-26;13;1955
11;2025-11-26;14;1914
11;2025-11-26;15;2036
11;2025-11-26;16;2217
11;2025-11-26;17;2796
11;2025-11-26;18;3121
11;2025-11-26;19;2394
11;2025-11-26;20;1579
11;2025-11-26;21;930
11;2025-11-26;22;477
11;2025-11-26;23;261
11;2025-11-27;0;71
11;2025-11-27;1;0
11;2025-11-27;2;0
11;2025-11-27;3;0
11;2025-11-27;4;0
11;2025-11-27;5;291
11;2025-11-27;6;1346
11;2025-11-27;7;2371
11;2025-11-27;8;3173
11;2025-11-27;9;2485
11;2025-11-27;10;1929
11;2025-11-27;11;1871
11;2025-11-27;12;1908
11;2025-11-27;13;1985
11;2025-11-27;14;1955
11;2025-11-27;15;2060
11;2025-11-27;16;2284
11;2025-11-27;17;2837
11;2025-11-27;18;3169
11;2025-11-27;19;2334
11;2025-11-27;20;1569
11;2025-11-27;21;929
11;2025-11-27;22;499
11;2025-11-27;23;274
11;2025-11-28;0;76
11;2025-11-28;1;1
11;2025-11-28;2;0
11;2025-11-28;3;0
11;2025-11-28;4;0
11;2025-11-28;5;293
11;2025-11-28;6;1332
11;2025-11-28;7;2329
11;2025-11-28;8;3045
11;2025-11-28;9;2372
11;2025-11-28;10;1898
11;2025-11-28;11;1848
11;2025-11-28;12;1892
11;2025-11-28;13;1974
11;2025-11-28;14;1957
11;2025-11-28;15;2105
11;2025-11-28;16;2394
11;2025-11-28;17;2845
11;2025-11-28;18;2723
11;2025-11-28;19;2163
11;2025-11-28;20;1503
11;2025-11-28;21;912
11;2025-11-28;22;487
11;2025-11-28;23;291
11;2025-11-29;0;108
11;2025-11-29;1;1
11;2025-11-29;2;0
11;2025-11-29;3;0
11;2025-11-29;4;0
11;2025-11-29;5;219
11;2025-11-29;6;800
11;2025-11-29;7;714
11;2025-11-29;8;948
11;2025-11-29;9;1114
11;2025-11-29;10;1209
11;2025-11-29;11;1642
11;2025-11-29;12;1805
11;2025-11-29;13;1705
11;2025-11-29;14;1788
11;2025-11-29;15;1781
11;2025-11-29;16;1763
11;2025-11-29;17;1806
11;2025-11-29;18;1545
11;2025-11-29;19;1434
11;2025-11-29;20;1100
11;2025-11-29;21;807
11;2025-11-29;22;479
11;2025-11-29;23;326
11;2025-11-30;0;107
11;2025-11-30;1;14
11;2025-11-30;2;1
11;2025-11-30;3;1
11;2025-11-30;4;1
11;2025-11-30;5;134
11;2025-11-30;6;554
11;2025-11-30;7;544
11;2025-11-30;8;661
11;2025-11-30;9;945
11;2025-11-30;10;1087
11;2025-11-30;11;1470
11;2025-11-30;12;1649
11;2025-11-30;13;1547
11;2025-11-30;14;1637
11;2025-11-30;15;1661
11;2025-11-30;16;1627
11;2025-11-30;17;1696
11;2025-11-30;18;1413
11;2025-11-30;19;1226
11;2025-11-30;20;1000
11;2025-11-30;21;687
11;2025-11-30;22;411
11;2025-11-30;23;255
11;2025-12-01;0;69
11;2025-12-01;1;2
11;2025-12-01;2;0
11;2025-12-01;3;0
11;2025-12-01;4;1
11;2025-12-01;5;280
11;2025-12-01;6;1330
11;2025-12-01;7;2279
11;2025-12-01;8;3058
11;2025-12-01;9;2335
11;2025-12-01;10;1834
11;2025-12-01;11;1811
11;2025-12-01;12;1836
11;2025-12-01;13;1888
11;2025-12-01;14;1869
11;2025-12-01;15;1994
11;2025-12-01;16;2198
11;2025-12-01;17;2734
11;2025-12-01;18;3073
11;2025-12-01;19;2283
11;2025-12-01;20;1549
11;2025-12-01;21;897
11;2025-12-01;22;439
11;2025-12-01;23;238
11;2025-12-02;0;64
11;2025-12-02;1;3
11;2025-12-02;2;2
11;2025-12-02;3;2
11;2025-12-02;4;2
11;2025-12-02;5;281
11;2025-12-02;6;1334
11;2025-12-02;7;2353
11;2025-12-02;8;3110
11;2025-12-02;9;2373
11;2025-12-02;10;1856
11;2025-12-02;11;1820
11;2025-12-02;12;1849
11;2025-12-02;13;1907
11;2025-12-02;14;1892
11;2025-12-02;15;1987
11;2025-12-02;16;2201
11;2025-12-02;17;2753
11;2025-12-02;18;3053
11;2025-12-02;19;2279
11;2025-12-02;20;1575
11;2025-12-02;21;909
11;2025-12-02;22;440
11;2025-12-02;23;247
11;2025-12-03;0;67
11;2025-12-03;1;1
11;2025-12-03;2;0
11;2025-12-03;3;0
11;2025-12-03;4;1
11;2025-12-03;5;287
11;2025-12-03;6;1322
11;2025-12-03;7;2388
11;2025-12-03;8;3186
11;2025-12-03;9;2386
11;2025-12-03;10;1887
11;2025-12-03;11;1863
11;2025-12-03;12;1897
11;2025-12-03;13;1958
11;2025-12-03;14;1918
11;2025-12-03;15;2040
11;2025-12-03;16;2222
11;2025-12-03;17;2802
11;2025-12-03;18;3125
11;2025-12-03;19;2388
11;2025-12-03;20;1579
11;2025-12-03;21;929
11;2025-12-03;22;473
11;2025-12-03;23;263
11;2025-12-04;0;75
11;2025-12-04;1;0
11;2025-12-04;2;0
11;2025-12-04;3;0
11;2025-12-04;4;0
11;2025-12-04;5;293
11;2025-12-04;6;1345
11;2025-12-04;7;2371
11;2025-12-04;8;3170
11;2025-12-04;9;2483
11;2025-12-04;10;1926
11;2025-12-04;11;1865
11;2025-12-04;12;1902
11;2025-12-04;13;1979
11;2025-12-04;14;1950
11;2025-12-04;15;2056
11;2025-12-04;16;2280
11;2025-12-04;17;2835
11;2025-12-04;18;3164
11;2025-12-04;19;2318
11;2025-12-04;20;1561
11;2025-12-04;21;923
11;2025-12-04;22;494
11;2025-12-04;23;274
11;2025-12-05;0;80
11;2025-12-05;1;2
11;2025-12-05;2;0
11;2025-12-05;3;0
11;2025-12-05;4;1
11;2025-12-05;5;297
11;2025-12-05;6;1335
11;2025-12-05;7;2336
11;2025-12-05;8;3052
11;2025-12-05;9;2378
11;2025-12-05;10;1904
11;2025-12-05;11;1852
11;2025-12-05;12;1895
11;2025-12-05;13;1978
11;2025-12-05;14;1961
11;2025-12-05;15;2108
11;2025-12-05;16;2399
11;2025-12-05;17;2848
11;2025-12-05;18;2726
11;2025-12-05;19;2165
11;2025-12-05;20;1507
11;2025-12-05;21;916
11;2025-12-05;22;485
11;2025-12-05;23;295
11;2025-12-06;0;113
11;2025-12-06;1;2
11;2025-12-06;2;0
11;2025-12-06;3;0
11;2025-12-06;4;2
11;2025-12-06;5;224
11;2025-12-06;6;792
11;2025-12-06;7;713
11;2025-12-06;8;945
11;2025-12-06;9;1113
11;2025-12-06;10;1204
11;2025-12-06;11;1641
11;2025-12-06;12;1810
11;2025-12-06;13;1705
11;2025-12-06;14;1790
11;2025-12-06;15;1783
11;2025-12-06;16;1767
11;2025-12-06;17;1811
11;2025-12-06;18;1547
11;2025-12-06;19;1435
11;2025-12-06;20;1104
11;2025-12-06;21;806
11;2025-12-06;22;477
11;2025-12-06;23;327
11;2025-12-07;0;110
11;2025-12-07;1;15
11;2025-12-07;2;1
11;2025-12-07;3;1
11;2025-12-07;4;1
11;2025-12-07;5;138
11;2025-12-07;6;557
11;2025-12-07;7;544
11;2025-12-07;8;657
11;2025-12-07;9;943
11;2025-12-07;10;1088
11;2025-12-07;11;1467
11;2025-12-07;12;1647
11;2025-12-07;13;1546
11;2025-12-07;14;1634
11;2025-12-07;15;1658
11;2025-12-07;16;1626
11;2025-12-07;17;1691
11;2025-12-07;18;1408
11;2025-12-07;19;1220
11;2025-12-07;20;996
11;2025-12-07;21;685
11;2025-12-07;22;409
11;2025-12-07;23;258
11;2025-12-08;0;75
11;2025-12-08;1;4
11;2025-12-08;2;0
11;2025-12-08;3;0
11;2025-12-08;4;2
11;2025-12-08;5;287
11;2025-12-08;6;1336
11;2025-12-08;7;2300
11;2025-12-08;8;3076
11;2025-12-08;9;2359
11;2025-12-08;10;1854
11;2025-12-08;11;1834
11;2025-12-08;12;1849
11;2025-12-08;13;1913
11;2025-12-08;14;1896
11;2025-12-08;15;2019
11;2025-12-08;16;2219
11;2025-12-08;17;2757
11;2025-12-08;18;3090
11;2025-12-08;19;2306
11;2025-12-08;20;1554
11;2025-12-08;21;900
11;2025-12-08;22;441
11;2025-12-08;23;243
11;2025-12-09;0;69
11;2025-12-09;1;1
11;2025-12-09;2;0
11;2025-12-09;3;0
11;2025-12-09;4;1
11;2025-12-09;5;287
11;2025-12-09;6;1347
11;2025-12-09;7;2387
11;2025-12-09;8;3149
11;2025-12-09;9;2425
11;2025-12-09;10;1895
11;2025-12-09;11;1859
11;2025-12-09;12;1888
11;2025-12-09;13;1963
11;2025-12-09;14;1946
11;2025-12-09;15;2040
11;2025-12-09;16;2253
11;2025-12-09;17;2799
11;2025-12-09;18;3095
11;2025-12-09;19;2327
11;2025-12-09;20;1584
11;2025-12-09;21;915
11;2025-12-09;22;448
11;2025-12-09;23;255
11;2025-12-10;0;73
11;2025-12-10;1;1
11;2025-12-10;2;0
11;2025-12-10;3;0
11;2025-12-10;4;1
11;2025-12-10;5;296
11;2025-12-10;6;1335
11;2025-12-10;7;2398
11;2025-12-10;8;3197
11;2025-12-10;9;2388
11;2025-12-10;10;1891
11;2025-12-10;11;1867
11;2025-12-10;12;1902
11;2025-12-10;13;1962
11;2025-12-10;14;1922
11;2025-12-10;15;2044
11;2025-12-10;16;2226
11;2025-12-10;17;2805
11;2025-12-10;18;3135
11;2025-12-10;19;2392
11;2025-12-10;20;1580
11;2025-12-10;21;927
11;2025-12-10;22;476
11;2025-12-10;23;267
11;2025-12-11;0;79
11;2025-12-11;1;1
11;2025-12-11;2;0
11;2025-12-11;3;0
11;2025-12-11;4;1
11;2025-12-11;5;299
11;2025-12-11;6;1350
11;2025-12-11;7;2382
11;2025-12-11;8;3182
11;2025-12-11;9;2491
11;2025-12-11;10;1930
11;2025-12-11;11;1870
11;2025-12-11;12;1907
11;2025-12-11;13;1987
11;2025-12-11;14;1954
11;2025-12-11;15;2063
11;2025-12-11;16;2286
11;2025-12-11;17;2841
11;2025-12-11;18;3176
11;2025-12-11;19;2322
11;2025-12-11;20;1562
11;2025-12-11;21;921
11;2025-12-11;22;497
11;2025-12-11;23;278
11;2025-12-12;0;83
11;2025-12-12;1;4
11;2025-12-12;2;0
11;2025-12-12;3;0
11;2025-12-12;4;4
11;2025-12-12;5;302
11;2025-12-12;6;1338
11;2025-12-12;7;2341
11;2025-12-12;8;3061
11;2025-12-12;9;2382
11;2025-12-12;10;1902
11;2025-12-12;11;1850
11;2025-12-12;12;1895
11;2025-12-12;13;1981
11;2025-12-12;14;1956
11;2025-12-12;15;2107
11;2025-12-12;16;2399
11;2025-12-12;17;2856
11;2025-12-12;18;2725
11;2025-12-12;19;2160
11;2025-12-12;20;1504
11;2025-12-12;21;911
11;2025-12-12;22;487
11;2025-12-12;23;299
11;2025-12-13;0;117
11;2025-12-13;1;3
11;2025-12-13;2;0
11;2025-12-13;3;0
11;2025-12-13;4;2
11;2025-12-13;5;228
11;2025-12-13;6;791
11;2025-12-13;7;710
11;2025-12-13;8;940
11;2025-12-13;9;1111
11;2025-12-13;10;1204
11;2025-12-13;11;1641
11;2025-12-13;12;1809
11;2025-12-13;13;1709
11;2025-12-13;14;1792
11;2025-12-13;15;1785
11;2025-12-13;16;1770
11;2025-12-13;17;1813
11;2025-12-13;18;1546
11;2025-12-13;19;1436
11;2025-12-13;20;1101
11;2025-12-13;21;808
11;2025-12-13;22;478
11;2025-12-13;23;330
11;2025-12-14;0;113
11;2025-12-14;1;18
11;2025-12-14;2;1
11;2025-12-14;3;1
11;2025-12-14;4;2
11;2025-12-14;5;144
11;2025-12-14;6;557
11;2025-12-14;7;543
11;2025-12-14;8;663
11;2025-12-14;9;951
11;2025-12-14;10;1094
11;2025-12-14;11;1476
11;2025-12-14;12;1654
11;2025-12-14;13;1560
11;2025-12-14;14;1644
11;2025-12-14;15;1669
11;2025-12-14;16;1639
11;2025-12-14;17;1698
11;2025-12-14;18;1416
11;2025-12-14;19;1227
11;2025-12-14;20;1001
11;2025-12-14;21;689
11;2025-12-14;22;410
11;2025-12-14;23;262
11;2025-12-15;0;78
11;2025-12-15;1;6
11;2025-12-15;2;0
11;2025-12-15;3;0
11;2025-12-15;4;3
11;2025-12-15;5;291
11;2025-12-15;6;1342
11;2025-12-15;7;2312
11;2025-12-15;8;3086
11;2025-12-15;9;2369
11;2025-12-15;10;1860
11;2025-12-15;11;1838
11;2025-12-15;12;1855
11;2025-12-15;13;1922
11;2025-12-15;14;1902
11;2025-12-15;15;2030
11;2025-12-15;16;2229
11;2025-12-15;17;2768
11;2025-12-15;18;3101
11;2025-12-15;19;2309
11;2025-12-15;20;1553
11;2025-12-15;21;903
11;2025-12-15;22;443
11;2025-12-15;23;245
11;2025-12-16;0;72
11;2025-12-16;1;3
11;2025-12-16;2;1
11;2025-12-16;3;1
11;2025-12-16;4;2
11;2025-12-16;5;290
11;2025-12-16;6;1350
11;2025-12-16;7;2391
11;2025-12-16;8;3153
11;2025-12-16;9;2430
11;2025-12-16;10;1896
11;2025-12-16;11;1860
11;2025-12-16;12;1888
11;2025-12-16;13;1967
11;2025-12-16;14;1948
11;2025-12-16;15;2043
11;2025-12-16;16;2259
11;2025-12-16;17;2807
11;2025-12-16;18;3101
11;2025-12-16;19;2327
11;2025-12-16;20;1581
11;2025-12-16;21;915
11;2025-12-16;22;446
11;2025-12-16;23;256
11;2025-12-17;0;75
11;2025-12-17;1;1
11;2025-12-17;2;0
11;2025-12-17;3;0
11;2025-12-17;4;2
11;2025-12-17;5;295
11;2025-12-17;6;1335
11;2025-12-17;7;2399
11;2025-12-17;8;3196
11;2025-12-17;9;2387
11;2025-12-17;10;1888
11;2025-12-17;11;1864
11;2025-12-17;12;1898
11;2025-12-17;13;1961
11;2025-12-17;14;1918
11;2025-12-17;15;2043
11;2025-12-17;16;2225
11;2025-12-17;17;2806
11;2025-12-17;18;3134
11;2025-12-17;19;2389
11;2025-12-17;20;1572
11;2025-12-17;21;925
11;2025-12-17;22;473
11;2025-12-17;23;267
11;2025-12-18;0;80
11;2025-12-18;1;2
11;2025-12-18;2;0
11;2025-12-18;3;0
11;2025-12-18;4;2
11;2025-12-18;5;299
11;2025-12-18;6;1342
11;2025-12-18;7;2383
11;2025-12-18;8;3179
11;2025-12-18;9;2494
11;2025-12-18;10;1927
11;2025-12-18;11;1857
11;2025-12-18;12;1896
11;2025-12-18;13;1985
11;2025-12-18;14;1951
11;2025-12-18;15;2065
11;2025-12-18;16;2285
11;2025-12-18;17;2843
11;2025-12-18;18;3175
11;2025-12-18;19;2323
11;2025-12-18;20;1553
11;2025-12-18;21;924
11;2025-12-18;22;499
11;2025-12-18;23;280
11;2025-12-19;0;79
11;2025-12-19;1;4
11;2025-12-19;2;1
11;2025-12-19;3;1
11;2025-12-19;4;2
11;2025-12-19;5;293
11;2025-12-19;6;1320
11;2025-12-19;7;2334
11;2025-12-19;8;3047
11;2025-12-19;9;2376
11;2025-12-19;10;1892
11;2025-12-19;11;1824
11;2025-12-19;12;1872
11;2025-12-19;13;1971
11;2025-12-19;14;1938
11;2025-12-19;15;2113
11;2025-12-19;16;2397
11;2025-12-19;17;2859
11;2025-12-19;18;2728
11;2025-12-19;19;2157
11;2025-12-19;20;1475
11;2025-12-19;21;908
11;2025-12-19;22;483
11;2025-12-19;23;294
11;2025-12-20;0;113
11;2025-12-20;1;2
11;2025-12-20;2;0
11;2025-12-20;3;0
11;2025-12-20;4;2
11;2025-12-20;5;221
11;2025-12-20;6;783
11;2025-12-20;7;704
11;2025-12-20;8;933
11;2025-12-20;9;1112
11;2025-12-20;10;1209
11;2025-12-20;11;1619
11;2025-12-20;12;1780
11;2025-12-20;13;1682
11;2025-12-20;14;1764
11;2025-12-20;15;1754
11;2025-12-20;16;1739
11;2025-12-20;17;1780
11;2025-12-20;18;1514
11;2025-12-20;19;1409
11;2025-12-20;20;1097
11;2025-12-20;21;806
11;2025-12-20;22;479
11;2025-12-20;23;330
11;2025-12-21;0;111
11;2025-12-21;1;17
11;2025-12-21;2;1
11;2025-12-21;3;1
11;2025-12-21;4;2
11;2025-12-21;5;137
11;2025-12-21;6;555
11;2025-12-21;7;542
11;2025-12-21;8;658
11;2025-12-21;9;947
11;2025-12-21;10;1090
11;2025-12-21;11;1446
11;2025-12-21;12;1622
11;2025-12-21;13;1527
11;2025-12-21;14;1615
11;2025-12-21;15;1643
11;2025-12-21;16;1612
11;2025-12-21;17;1672
11;2025-12-21;18;1397
11;2025-12-21;19;1221
11;2025-12-21;20;1003
11;2025-12-21;21;694
11;2025-12-21;22;418
11;2025-12-21;23;262
11;2025-12-22;0;74
11;2025-12-22;1;6
11;2025-12-22;2;1
11;2025-12-22;3;1
11;2025-12-22;4;4
11;2025-12-22;5;283
11;2025-12-22;6;1305
11;2025-12-22;7;2303
11;2025-12-22;8;3070
11;2025-12-22;9;2362
11;2025-12-22;10;1822
11;2025-12-22;11;1795
11;2025-12-22;12;1820
11;2025-12-22;13;1894
11;2025-12-22;14;1875
11;2025-12-22;15;2017
11;2025-12-22;16;2212
11;2025-12-22;17;2764
11;2025-12-22;18;3088
11;2025-12-22;19;2299
11;2025-12-22;20;1508
11;2025-12-22;21;894
11;2025-12-22;22;438
11;2025-12-22;23;247
11;2025-12-23;0;72
11;2025-12-23;1;5
11;2025-12-23;2;1
11;2025-12-23;3;1
11;2025-12-23;4;2
11;2025-12-23;5;280
11;2025-12-23;6;1294
11;2025-12-23;7;2368
11;2025-12-23;8;3117
11;2025-12-23;9;2407
11;2025-12-23;10;1845
11;2025-12-23;11;1803
11;2025-12-23;12;1838
11;2025-12-23;13;1921
11;2025-12-23;14;1901
11;2025-12-23;15;2012
11;2025-12-23;16;2232
11;2025-12-23;17;2788
11;2025-12-23;18;3080
11;2025-12-23;19;2309
11;2025-12-23;20;1526
11;2025-12-23;21;903
11;2025-12-23;22;438
11;2025-12-23;23;252
11;2025-12-24;0;71
11;2025-12-24;1;1
11;2025-12-24;2;0
11;2025-12-24;3;0
11;2025-12-24;4;2
11;2025-12-24;5;285
11;2025-12-24;6;1272
11;2025-12-24;7;2368
11;2025-12-24;8;3164
11;2025-12-24;9;2364
11;2025-12-24;10;1841
11;2025-12-24;11;1803
11;2025-12-24;12;1847
11;2025-12-24;13;1924
11;2025-12-24;14;1870
11;2025-12-24;15;2023
11;2025-12-24;16;2199
11;2025-12-24;17;2790
11;2025-12-24;18;3114
11;2025-12-24;19;2377
11;2025-12-24;20;1512
11;2025-12-24;21;910
11;2025-12-24;22;462
11;2025-12-24;23;262
11;2025-12-25;0;75
11;2025-12-25;1;2
11;2025-12-25;2;0
11;2025-12-25;3;0
11;2025-12-25;4;3
11;2025-12-25;5;293
11;2025-12-25;6;1286
11;2025-12-25;7;2358
11;2025-12-25;8;3163
11;2025-12-25;9;2474
11;2025-12-25;10;1893
11;2025-12-25;11;1815
11;2025-12-25;12;1861
11;2025-12-25;13;1962
11;2025-12-25;14;1926
11;2025-12-25;15;2055
11;2025-12-25;16;2267
11;2025-12-25;17;2836
11;2025-12-25;18;3175
11;2025-12-25;19;2320
11;2025-12-25;20;1504
11;2025-12-25;21;913
11;2025-12-25;22;490
11;2025-12-25;23;278
11;2025-12-26;0;82
11;2025-12-26;1;6
11;2025-12-26;2;0
11;2025-12-26;3;0
11;2025-12-26;4;4
11;2025-12-26;5;295
11;2025-12-26;6;1281
11;2025-12-26;7;2314
11;2025-12-26;8;3044
11;2025-12-26;9;2363
11;2025-12-26;10;1861
11;2025-12-26;11;1796
11;2025-12-26;12;1855
11;2025-12-26;13;1961
11;2025-12-26;14;1931
11;2025-12-26;15;2111
11;2025-12-26;16;2388
11;2025-12-26;17;2863
11;2025-12-26;18;2738
11;2025-12-26;19;2161
11;2025-12-26;20;1443
11;2025-12-26;21;904
11;2025-12-26;22;480
11;2025-12-26;23;297
11;2025-12-27;0;116
11;2025-12-27;1;5
11;2025-12-27;2;0
11;2025-12-27;3;0
11;2025-12-27;4;3
11;2025-12-27;5;219
11;2025-12-27;6;767
11;2025-12-27;7;685
11;2025-12-27;8;907
11;2025-12-27;9;1086
11;2025-12-27;10;1178
11;2025-12-27;11;1561
11;2025-12-27;12;1736
11;2025-12-27;13;1643
11;2025-12-27;14;1724
11;2025-12-27;15;1723
11;2025-12-27;16;1705
11;2025-12-27;17;1762
11;2025-12-27;18;1479
11;2025-12-27;19;1376
11;2025-12-27;20;1091
11;2025-12-27;21;798
11;2025-12-27;22;474
11;2025-12-27;23;332
11;2025-12-28;0;115
11;2025-12-28;1;19
11;2025-12-28;2;2
11;2025-12-28;3;2
11;2025-12-28;4;5
11;2025-12-28;5;129
11;2025-12-28;6;539
11;2025-12-28;7;523
11;2025-12-28;8;631
11;2025-12-28;9;919
11;2025-12-28;10;1058
11;2025-12-28;11;1392
11;2025-12-28;12;1580
11;2025-12-28;13;1490
11;2025-12-28;14;1578
11;2025-12-28;15;1608
11;2025-12-28;16;1577
11;2025-12-28;17;1649
11;2025-12-28;18;1353
11;2025-12-28;19;1201
11;2025-12-28;20;995
11;2025-12-28;21;679
11;2025-12-28;22;408
11;2025-12-28;23;255
11;2025-12-29;0;72
11;2025-12-29;1;7
11;2025-12-29;2;1
11;2025-12-29;3;1
11;2025-12-29;4;3
11;2025-12-29;5;262
11;2025-12-29;6;1238
11;2025-12-29;7;2244
11;2025-12-29;8;3015
11;2025-12-29;9;2298
11;2025-12-29;10;1749
11;2025-12-29;11;1726
11;2025-12-29;12;1752
11;2025-12-29;13;1833
11;2025-12-29;14;1814
11;2025-12-29;15;1964
11;2025-12-29;16;2152
11;2025-12-29;17;2705
11;2025-12-29;18;3035
11;2025-12-29;19;2246
11;2025-12-29;20;1439
11;2025-12-29;21;844
11;2025-12-29;22;398
11;2025-12-29;23;217
11;2025-12-30;0;64
11;2025-12-30;1;6
11;2025-12-30;2;4
11;2025-12-30;3;5
11;2025-12-30;4;1
11;2025-12-30;5;215
11;2025-12-30;6;1105
11;2025-12-30;7;2161
11;2025-12-30;8;2919
11;2025-12-30;9;2205
11;2025-12-30;10;1631
11;2025-12-30;11;1592
11;2025-12-30;12;1631
11;2025-12-30;13;1720
11;2025-12-30;14;1705
11;2025-12-30;15;1831
11;2025-12-30;16;2039
11;2025-12-30;17;2598
11;2025-12-30;18;2899
11;2025-12-30;19;2128
11;2025-12-30;20;1330
11;2025-12-30;21;783
11;2025-12-30;22;361
11;2025-12-30;23;204
11;2025-12-31;0;52
11;2025-12-31;1;3
11;2025-12-31;2;1
11;2025-12-31;3;1
11;2025-12-31;4;0
11;2025-12-31;5;126
11;2025-12-31;6;382
11;2025-12-31;7;332
11;2025-12-31;8;459
11;2025-12-31;9;616
11;2025-12-31;10;757
11;2025-12-31;11;1066
11;2025-12-31;12;1189
11;2025-12-31;13;1168
11;2025-12-31;14;1205
11;2025-12-31;15;1253
11;2025-12-31;16;1230
11;2025-12-31;17;1339
11;2025-12-31;18;1336
11;2025-12-31;19;1033
11;2025-12-31;20;705
11;2025-12-31;21;507
11;2025-12-31;22;287
11;2025-12-31;23;154
12;2025-11-01;0;90
12;2025-11-01;1;3
12;2025-11-01;2;2
12;2025-11-01;3;2
12;2025-11-01;4;1
12;2025-11-01;5;283
12;2025-11-01;6;864
12;2025-11-01;7;920
12;2025-11-01;8;1008
12;2025-11-01;9;1133
12;2025-11-01;10;1375
12;2025-11-01;11;1461
12;2025-11-01;12;1449
12;2025-11-01;13;1725
12;2025-11-01;14;1581
12;2025-11-01;15;1455
12;2025-11-01;16;1542
12;2025-11-01;17;1528
12;2025-11-01;18;1427
12;2025-11-01;19;1302
12;2025-11-01;20;945
12;2025-11-01;21;693
12;2025-11-01;22;440
12;2025-11-01;23;264
12;2025-11-02;0;79
12;2025-11-02;1;8
12;2025-11-02;2;1
12;2025-11-02;3;1
12;2025-11-02;4;2
12;2025-11-02;5;187
12;2025-11-02;6;582
12;2025-11-02;7;671
12;2025-11-02;8;746
12;2025-11-02;9;962
12;2025-11-02;10;1188
12;2025-11-02;11;1324
12;2025-11-02;12;1337
12;2025-11-02;13;1569
12;2025-11-02;14;1474
12;2025-11-02;15;1357
12;2025-11-02;16;1450
12;2025-11-02;17;1457
12;2025-11-02;18;1292
12;2025-11-02;19;1084
12;2025-11-02;20;783
12;2025-11-02;21;593
12;2025-11-02;22;383
12;2025-11-02;23;215
12;2025-11-03;0;63
12;2025-11-03;1;6
12;2025-11-03;2;0
12;2025-11-03;3;0
12;2025-11-03;4;0
12;2025-11-03;5;242
12;2025-11-03;6;709
12;2025-11-03;7;691
12;2025-11-03;8;821
12;2025-11-03;9;929
12;2025-11-03;10;1235
12;2025-11-03;11;1312
12;2025-11-03;12;1335
12;2025-11-03;13;1542
12;2025-11-03;14;1436
12;2025-11-03;15;1392
12;2025-11-03;16;1517
12;2025-11-03;17;1555
12;2025-11-03;18;1508
12;2025-11-03;19;1224
12;2025-11-03;20;794
12;2025-11-03;21;663
12;2025-11-03;22;397
12;2025-11-03;23;208
12;2025-11-04;0;55
12;2025-11-04;1;2
12;2025-11-04;2;1
12;2025-11-04;3;1
12;2025-11-04;4;2
12;2025-11-04;5;242
12;2025-11-04;6;686
12;2025-11-04;7;668
12;2025-11-04;8;799
12;2025-11-04;9;917
12;2025-11-04;10;1228
12;2025-11-04;11;1309
12;2025-11-04;12;1318
12;2025-11-04;13;1520
12;2025-11-04;14;1427
12;2025-11-04;15;1361
12;2025-11-04;16;1478
12;2025-11-04;17;1617
12;2025-11-04;18;1460
12;2025-11-04;19;1211
12;2025-11-04;20;794
12;2025-11-04;21;692
12;2025-11-04;22;386
12;2025-11-04;23;195
12;2025-11-05;0;50
12;2025-11-05;1;1
12;2025-11-05;2;0
12;2025-11-05;3;0
12;2025-11-05;4;3
12;2025-11-05;5;365
12;2025-11-05;6;1455
12;2025-11-05;7;2701
12;2025-11-05;8;3537
12;2025-11-05;9;2554
12;2025-11-05;10;2118
12;2025-11-05;11;2038
12;2025-11-05;12;2058
12;2025-11-05;13;2021
12;2025-11-05;14;1981
12;2025-11-05;15;2289
12;2025-11-05;16;2735
12;2025-11-05;17;3013
12;2025-11-05;18;3178
12;2025-11-05;19;2530
12;2025-11-05;20;1592
12;2025-11-05;21;997
12;2025-11-05;22;510
12;2025-11-05;23;263
12;2025-11-06;0;51
12;2025-11-06;1;1
12;2025-11-06;2;1
12;2025-11-06;3;1
12;2025-11-06;4;6
12;2025-11-06;5;357
12;2025-11-06;6;1442
12;2025-11-06;7;2736
12;2025-11-06;8;3505
12;2025-11-06;9;2513
12;2025-11-06;10;2109
12;2025-11-06;11;2054
12;2025-11-06;12;2060
12;2025-11-06;13;2012
12;2025-11-06;14;1985
12;2025-11-06;15;2282
12;2025-11-06;16;2765
12;2025-11-06;17;3101
12;2025-11-06;18;3227
12;2025-11-06;19;2543
12;2025-11-06;20;1610
12;2025-11-06;21;999
12;2025-11-06;22;514
12;2025-11-06;23;269
12;2025-11-07;0;57
12;2025-11-07;1;2
12;2025-11-07;2;0
12;2025-11-07;3;0
12;2025-11-07;4;7
12;2025-11-07;5;357
12;2025-11-07;6;1433
12;2025-11-07;7;2681
12;2025-11-07;8;3457
12;2025-11-07;9;2436
12;2025-11-07;10;2057
12;2025-11-07;11;2011
12;2025-11-07;12;2028
12;2025-11-07;13;2006
12;2025-11-07;14;1988
12;2025-11-07;15;2344
12;2025-11-07;16;2895
12;2025-11-07;17;3036
12;2025-11-07;18;2732
12;2025-11-07;19;2330
12;2025-11-07;20;1515
12;2025-11-07;21;990
12;2025-11-07;22;542
12;2025-11-07;23;292
12;2025-11-08;0;89
12;2025-11-08;1;1
12;2025-11-08;2;0
12;2025-11-08;3;0
12;2025-11-08;4;1
12;2025-11-08;5;282
12;2025-11-08;6;848
12;2025-11-08;7;891
12;2025-11-08;8;962
12;2025-11-08;9;1085
12;2025-11-08;10;1330
12;2025-11-08;11;1416
12;2025-11-08;12;1409
12;2025-11-08;13;1683
12;2025-11-08;14;1537
12;2025-11-08;15;1422
12;2025-11-08;16;1511
12;2025-11-08;17;1499
12;2025-11-08;18;1404
12;2025-11-08;19;1312
12;2025-11-08;20;946
12;2025-11-08;21;681
12;2025-11-08;22;431
12;2025-11-08;23;254
12;2025-11-09;0;71
12;2025-11-09;1;2
12;2025-11-09;2;0
12;2025-11-09;3;0
12;2025-11-09;4;2
12;2025-11-09;5;179
12;2025-11-09;6;572
12;2025-11-09;7;651
12;2025-11-09;8;714
12;2025-11-09;9;921
12;2025-11-09;10;1130
12;2025-11-09;11;1274
12;2025-11-09;12;1292
12;2025-11-09;13;1520
12;2025-11-09;14;1421
12;2025-11-09;15;1323
12;2025-11-09;16;1412
12;2025-11-09;17;1420
12;2025-11-09;18;1272
12;2025-11-09;19;1064
12;2025-11-09;20;763
12;2025-11-09;21;578
12;2025-11-09;22;371
12;2025-11-09;23;203
12;2025-11-10;0;44
12;2025-11-10;1;0
12;2025-11-10;2;0
12;2025-11-10;3;0
12;2025-11-10;4;0
12;2025-11-10;5;352
12;2025-11-10;6;1406
12;2025-11-10;7;2623
12;2025-11-10;8;3425
12;2025-11-10;9;2449
12;2025-11-10;10;2039
12;2025-11-10;11;1947
12;2025-11-10;12;1997
12;2025-11-10;13;1963
12;2025-11-10;14;1901
12;2025-11-10;15;2215
12;2025-11-10;16;2673
12;2025-11-10;17;2941
12;2025-11-10;18;3135
12;2025-11-10;19;2475
12;2025-11-10;20;1577
12;2025-11-10;21;950
12;2025-11-10;22;501
12;2025-11-10;23;229
12;2025-11-11;0;38
12;2025-11-11;1;0
12;2025-11-11;2;0
12;2025-11-11;3;0
12;2025-11-11;4;1
12;2025-11-11;5;379
12;2025-11-11;6;1458
12;2025-11-11;7;2682
12;2025-11-11;8;3519
12;2025-11-11;9;2504
12;2025-11-11;10;2107
12;2025-11-11;11;2022
12;2025-11-11;12;2047
12;2025-11-11;13;2022
12;2025-11-11;14;1968
12;2025-11-11;15;2256
12;2025-11-11;16;2729
12;2025-11-11;17;3089
12;2025-11-11;18;3183
12;2025-11-11;19;2526
12;2025-11-11;20;1599
12;2025-11-11;21;1001
12;2025-11-11;22;524
12;2025-11-11;23;246
12;2025-11-12;0;47
12;2025-11-12;1;1
12;2025-11-12;2;0
12;2025-11-12;3;0
12;2025-11-12;4;0
12;2025-11-12;5;368
12;2025-11-12;6;1464
12;2025-11-12;7;2697
12;2025-11-12;8;3530
12;2025-11-12;9;2550
12;2025-11-12;10;2114
12;2025-11-12;11;2033
12;2025-11-12;12;2054
12;2025-11-12;13;2015
12;2025-11-12;14;1973
12;2025-11-12;15;2290
12;2025-11-12;16;2737
12;2025-11-12;17;3016
12;2025-11-12;18;3190
12;2025-11-12;19;2549
12;2025-11-12;20;1621
12;2025-11-12;21;1015
12;2025-11-12;22;527
12;2025-11-12;23;264
12;2025-11-13;0;50
12;2025-11-13;1;1
12;2025-11-13;2;0
12;2025-11-13;3;0
12;2025-11-13;4;2
12;2025-11-13;5;364
12;2025-11-13;6;1463
12;2025-11-13;7;2758
12;2025-11-13;8;3524
12;2025-11-13;9;2529
12;2025-11-13;10;2129
12;2025-11-13;11;2075
12;2025-11-13;12;2080
12;2025-11-13;13;2035
12;2025-11-13;14;2007
12;2025-11-13;15;2302
12;2025-11-13;16;2781
12;2025-11-13;17;3118
12;2025-11-13;18;3254
12;2025-11-13;19;2565
12;2025-11-13;20;1636
12;2025-11-13;21;1022
12;2025-11-13;22;536
12;2025-11-13;23;271
12;2025-11-14;0;54
12;2025-11-14;1;1
12;2025-11-14;2;0
12;2025-11-14;3;0
12;2025-11-14;4;2
12;2025-11-14;5;364
12;2025-11-14;6;1450
12;2025-11-14;7;2692
12;2025-11-14;8;3477
12;2025-11-14;9;2450
12;2025-11-14;10;2072
12;2025-11-14;11;2030
12;2025-11-14;12;2048
12;2025-11-14;13;2034
12;2025-11-14;14;2015
12;2025-11-14;15;2371
12;2025-11-14;16;2918
12;2025-11-14;17;3060
12;2025-11-14;18;2759
12;2025-11-14;19;2351
12;2025-11-14;20;1532
12;2025-11-14;21;1005
12;2025-11-14;22;556
12;2025-11-14;23;291
12;2025-11-15;0;88
12;2025-11-15;1;1
12;2025-11-15;2;0
12;2025-11-15;3;0
12;2025-11-15;4;1
12;2025-11-15;5;286
12;2025-11-15;6;878
12;2025-11-15;7;918
12;2025-11-15;8;997
12;2025-11-15;9;1136
12;2025-11-15;10;1387
12;2025-11-15;11;1464
12;2025-11-15;12;1454
12;2025-11-15;13;1734
12;2025-11-15;14;1591
12;2025-11-15;15;1465
12;2025-11-15;16;1554
12;2025-11-15;17;1537
12;2025-11-15;18;1439
12;2025-11-15;19;1348
12;2025-11-15;20;982
12;2025-11-15;21;713
12;2025-11-15;22;463
12;2025-11-15;23;272
12;2025-11-16;0;80
12;2025-11-16;1;3
12;2025-11-16;2;0
12;2025-11-16;3;0
12;2025-11-16;4;2
12;2025-11-16;5;188
12;2025-11-16;6;594
12;2025-11-16;7;666
12;2025-11-16;8;742
12;2025-11-16;9;959
12;2025-11-16;10;1169
12;2025-11-16;11;1312
12;2025-11-16;12;1332
12;2025-11-16;13;1566
12;2025-11-16;14;1465
12;2025-11-16;15;1363
12;2025-11-16;16;1448
12;2025-11-16;17;1455
12;2025-11-16;18;1302
12;2025-11-16;19;1098
12;2025-11-16;20;799
12;2025-11-16;21;608
12;2025-11-16;22;400
12;2025-11-16;23;217
12;2025-11-17;0;53
12;2025-11-17;1;0
12;2025-11-17;2;0
12;2025-11-17;3;0
12;2025-11-17;4;0
12;2025-11-17;5;364
12;2025-11-17;6;1428
12;2025-11-17;7;2635
12;2025-11-17;8;3448
12;2025-11-17;9;2478
12;2025-11-17;10;2071
12;2025-11-17;11;1980
12;2025-11-17;12;2031
12;2025-11-17;13;2000
12;2025-11-17;14;1937
12;2025-11-17;15;2247
12;2025-11-17;16;2684
12;2025-11-17;17;2948
12;2025-11-17;18;3150
12;2025-11-17;19;2494
12;2025-11-17;20;1593
12;2025-11-17;21;962
12;2025-11-17;22;513
12;2025-11-17;23;239
12;2025-11-18;0;43
12;2025-11-18;1;1
12;2025-11-18;2;0
12;2025-11-18;3;0
12;2025-11-18;4;2
12;2025-11-18;5;385
12;2025-11-18;6;1466
12;2025-11-18;7;2680
12;2025-11-18;8;3518
12;2025-11-18;9;2515
12;2025-11-18;10;2118
12;2025-11-18;11;2031
12;2025-11-18;12;2059
12;2025-11-18;13;2037
12;2025-11-18;14;1981
12;2025-11-18;15;2267
12;2025-11-18;16;2733
12;2025-11-18;17;3091
12;2025-11-18;18;3186
12;2025-11-18;19;2532
12;2025-11-18;20;1608
12;2025-11-18;21;1010
12;2025-11-18;22;531
12;2025-11-18;23;251
12;2025-11-19;0;48
12;2025-11-19;1;1
12;2025-11-19;2;0
12;2025-11-19;3;0
12;2025-11-19;4;0
12;2025-11-19;5;370
12;2025-11-19;6;1462
12;2025-11-19;7;2690
12;2025-11-19;8;3526
12;2025-11-19;9;2557
12;2025-11-19;10;2122
12;2025-11-19;11;2040
12;2025-11-19;12;2061
12;2025-11-19;13;2022
12;2025-11-19;14;1979
12;2025-11-19;15;2295
12;2025-11-19;16;2735
12;2025-11-19;17;3011
12;2025-11-19;18;3185
12;2025-11-19;19;2553
12;2025-11-19;20;1626
12;2025-11-19;21;1020
12;2025-11-19;22;534
12;2025-11-19;23;270
12;2025-11-20;0;51
12;2025-11-20;1;1
12;2025-11-20;2;0
12;2025-11-20;3;0
12;2025-11-20;4;2
12;2025-11-20;5;366
12;2025-11-20;6;1462
12;2025-11-20;7;2753
12;2025-11-20;8;3526
12;2025-11-20;9;2531
12;2025-11-20;10;2132
12;2025-11-20;11;2078
12;2025-11-20;12;2084
12;2025-11-20;13;2038
12;2025-11-20;14;2010
12;2025-11-20;15;2306
12;2025-11-20;16;2784
12;2025-11-20;17;3120
12;2025-11-20;18;3258
12;2025-11-20;19;2571
12;2025-11-20;20;1644
12;2025-11-20;21;1024
12;2025-11-20;22;542
12;2025-11-20;23;274
12;2025-11-21;0;56
12;2025-11-21;1;1
12;2025-11-21;2;0
12;2025-11-21;3;0
12;2025-11-21;4;2
12;2025-11-21;5;368
12;2025-11-21;6;1453
12;2025-11-21;7;2694
12;2025-11-21;8;3479
12;2025-11-21;9;2451
12;2025-11-21;10;2074
12;2025-11-21;11;2033
12;2025-11-21;12;2051
12;2025-11-21;13;2038
12;2025-11-21;14;2017
12;2025-11-21;15;2379
12;2025-11-21;16;2921
12;2025-11-21;17;3061
12;2025-11-21;18;2763
12;2025-11-21;19;2358
12;2025-11-21;20;1542
12;2025-11-21;21;1010
12;2025-11-21;22;562
12;2025-11-21;23;294
12;2025-11-22;0;91
12;2025-11-22;1;1
12;2025-11-22;2;0
12;2025-11-22;3;0
12;2025-11-22;4;1
12;2025-11-22;5;286
12;2025-11-22;6;878
12;2025-11-22;7;917
12;2025-11-22;8;991
12;2025-11-22;9;1136
12;2025-11-22;10;1383
12;2025-11-22;11;1458
12;2025-11-22;12;1450
12;2025-11-22;13;1703
12;2025-11-22;14;1563
12;2025-11-22;15;1444
12;2025-11-22;16;1523
12;2025-11-22;17;1510
12;2025-11-22;18;1421
12;2025-11-22;19;1335
12;2025-11-22;20;969
12;2025-11-22;21;699
12;2025-11-22;22;452
12;2025-11-22;23;269
12;2025-11-23;0;79
12;2025-11-23;1;3
12;2025-11-23;2;0
12;2025-11-23;3;0
12;2025-11-23;4;2
12;2025-11-23;5;185
12;2025-11-23;6;580
12;2025-11-23;7;654
12;2025-11-23;8;726
12;2025-11-23;9;947
12;2025-11-23;10;1157
12;2025-11-23;11;1299
12;2025-11-23;12;1318
12;2025-11-23;13;1547
12;2025-11-23;14;1447
12;2025-11-23;15;1349
12;2025-11-23;16;1431
12;2025-11-23;17;1440
12;2025-11-23;18;1293
12;2025-11-23;19;1096
12;2025-11-23;20;794
12;2025-11-23;21;599
12;2025-11-23;22;390
12;2025-11-23;23;216
12;2025-11-24;0;52
12;2025-11-24;1;0
12;2025-11-24;2;0
12;2025-11-24;3;0
12;2025-11-24;4;0
12;2025-11-24;5;359
12;2025-11-24;6;1416
12;2025-11-24;7;2615
12;2025-11-24;8;3424
12;2025-11-24;9;2468
12;2025-11-24;10;2065
12;2025-11-24;11;1972
12;2025-11-24;12;2021
12;2025-11-24;13;1989
12;2025-11-24;14;1923
12;2025-11-24;15;2234
12;2025-11-24;16;2669
12;2025-11-24;17;2933
12;2025-11-24;18;3124
12;2025-11-24;19;2477
12;2025-11-24;20;1587
12;2025-11-24;21;955
12;2025-11-24;22;507
12;2025-11-24;23;242
12;2025-11-25;0;46
12;2025-11-25;1;1
12;2025-11-25;2;0
12;2025-11-25;3;0
12;2025-11-25;4;4
12;2025-11-25;5;384
12;2025-11-25;6;1452
12;2025-11-25;7;2665
12;2025-11-25;8;3496
12;2025-11-25;9;2504
12;2025-11-25;10;2107
12;2025-11-25;11;2021
12;2025-11-25;12;2050
12;2025-11-25;13;2028
12;2025-11-25;14;1968
12;2025-11-25;15;2257
12;2025-11-25;16;2722
12;2025-11-25;17;3078
12;2025-11-25;18;3172
12;2025-11-25;19;2528
12;2025-11-25;20;1609
12;2025-11-25;21;1006
12;2025-11-25;22;527
12;2025-11-25;23;256
12;2025-11-26;0;52
12;2025-11-26;1;1
12;2025-11-26;2;0
12;2025-11-26;3;0
12;2025-11-26;4;2
12;2025-11-26;5;368
12;2025-11-26;6;1446
12;2025-11-26;7;2674
12;2025-11-26;8;3494
12;2025-11-26;9;2539
12;2025-11-26;10;2108
12;2025-11-26;11;2020
12;2025-11-26;12;2045
12;2025-11-26;13;2001
12;2025-11-26;14;1954
12;2025-11-26;15;2276
12;2025-11-26;16;2718
12;2025-11-26;17;2993
12;2025-11-26;18;3160
12;2025-11-26;19;2533
12;2025-11-26;20;1618
12;2025-11-26;21;1011
12;2025-11-26;22;522
12;2025-11-26;23;268
12;2025-11-27;0;52
12;2025-11-27;1;1
12;2025-11-27;2;0
12;2025-11-27;3;0
12;2025-11-27;4;6
12;2025-11-27;5;362
12;2025-11-27;6;1444
12;2025-11-27;7;2723
12;2025-11-27;8;3493
12;2025-11-27;9;2513
12;2025-11-27;10;2113
12;2025-11-27;11;2053
12;2025-11-27;12;2064
12;2025-11-27;13;2016
12;2025-11-27;14;1979
12;2025-11-27;15;2286
12;2025-11-27;16;2766
12;2025-11-27;17;3091
12;2025-11-27;18;3224
12;2025-11-27;19;2555
12;2025-11-27;20;1637
12;2025-11-27;21;1018
12;2025-11-27;22;532
12;2025-11-27;23;275
12;2025-11-28;0;57
12;2025-11-28;1;1
12;2025-11-28;2;0
12;2025-11-28;3;0
12;2025-11-28;4;6
12;2025-11-28;5;363
12;2025-11-28;6;1435
12;2025-11-28;7;2668
12;2025-11-28;8;3445
12;2025-11-28;9;2437
12;2025-11-28;10;2060
12;2025-11-28;11;2012
12;2025-11-28;12;2031
12;2025-11-28;13;2014
12;2025-11-28;14;1990
12;2025-11-28;15;2358
12;2025-11-28;16;2890
12;2025-11-28;17;3033
12;2025-11-28;18;2742
12;2025-11-28;19;2332
12;2025-11-28;20;1525
12;2025-11-28;21;997
12;2025-11-28;22;551
12;2025-11-28;23;291
12;2025-11-29;0;88
12;2025-11-29;1;1
12;2025-11-29;2;0
12;2025-11-29;3;0
12;2025-11-29;4;1
12;2025-11-29;5;283
12;2025-11-29;6;862
12;2025-11-29;7;894
12;2025-11-29;8;966
12;2025-11-29;9;1118
12;2025-11-29;10;1359
12;2025-11-29;11;1438
12;2025-11-29;12;1431
12;2025-11-29;13;1696
12;2025-11-29;14;1554
12;2025-11-29;15;1442
12;2025-11-29;16;1510
12;2025-11-29;17;1497
12;2025-11-29;18;1409
12;2025-11-29;19;1314
12;2025-11-29;20;961
12;2025-11-29;21;698
12;2025-11-29;22;451
12;2025-11-29;23;270
12;2025-11-30;0;83
12;2025-11-30;1;6
12;2025-11-30;2;0
12;2025-11-30;3;0
12;2025-11-30;4;2
12;2025-11-30;5;188
12;2025-11-30;6;583
12;2025-11-30;7;652
12;2025-11-30;8;723
12;2025-11-30;9;954
12;2025-11-30;10;1150
12;2025-11-30;11;1305
12;2025-11-30;12;1322
12;2025-11-30;13;1545
12;2025-11-30;14;1448
12;2025-11-30;15;1352
12;2025-11-30;16;1424
12;2025-11-30;17;1433
12;2025-11-30;18;1289
12;2025-11-30;19;1083
12;2025-11-30;20;796
12;2025-11-30;21;603
12;2025-11-30;22;393
12;2025-11-30;23;218
12;2025-12-01;0;54
12;2025-12-01;1;0
12;2025-12-01;2;0
12;2025-12-01;3;0
12;2025-12-01;4;1
12;2025-12-01;5;362
12;2025-12-01;6;1416
12;2025-12-01;7;2603
12;2025-12-01;8;3406
12;2025-12-01;9;2446
12;2025-12-01;10;2049
12;2025-12-01;11;1953
12;2025-12-01;12;2002
12;2025-12-01;13;1962
12;2025-12-01;14;1890
12;2025-12-01;15;2212
12;2025-12-01;16;2655
12;2025-12-01;17;2920
12;2025-12-01;18;3110
12;2025-12-01;19;2456
12;2025-12-01;20;1587
12;2025-12-01;21;954
12;2025-12-01;22;506
12;2025-12-01;23;243
12;2025-12-02;0;49
12;2025-12-02;1;4
12;2025-12-02;2;0
12;2025-12-02;3;0
12;2025-12-02;4;6
12;2025-12-02;5;383
12;2025-12-02;6;1445
12;2025-12-02;7;2632
12;2025-12-02;8;3463
12;2025-12-02;9;2457
12;2025-12-02;10;2074
12;2025-12-02;11;1980
12;2025-12-02;12;2006
12;2025-12-02;13;1971
12;2025-12-02;14;1919
12;2025-12-02;15;2210
12;2025-12-02;16;2684
12;2025-12-02;17;3040
12;2025-12-02;18;3141
12;2025-12-02;19;2476
12;2025-12-02;20;1596
12;2025-12-02;21;1000
12;2025-12-02;22;521
12;2025-12-02;23;255
12;2025-12-03;0;54
12;2025-12-03;1;1
12;2025-12-03;2;0
12;2025-12-03;3;0
12;2025-12-03;4;3
12;2025-12-03;5;365
12;2025-12-03;6;1439
12;2025-12-03;7;2677
12;2025-12-03;8;3494
12;2025-12-03;9;2544
12;2025-12-03;10;2111
12;2025-12-03;11;2023
12;2025-12-03;12;2049
12;2025-12-03;13;2005
12;2025-12-03;14;1958
12;2025-12-03;15;2282
12;2025-12-03;16;2723
12;2025-12-03;17;2998
12;2025-12-03;18;3163
12;2025-12-03;19;2529
12;2025-12-03;20;1610
12;2025-12-03;21;1008
12;2025-12-03;22;518
12;2025-12-03;23;269
12;2025-12-04;0;56
12;2025-12-04;1;1
12;2025-12-04;2;0
12;2025-12-04;3;0
12;2025-12-04;4;6
12;2025-12-04;5;360
12;2025-12-04;6;1442
12;2025-12-04;7;2721
12;2025-12-04;8;3486
12;2025-12-04;9;2512
12;2025-12-04;10;2110
12;2025-12-04;11;2050
12;2025-12-04;12;2059
12;2025-12-04;13;2011
12;2025-12-04;14;1975
12;2025-12-04;15;2283
12;2025-12-04;16;2762
12;2025-12-04;17;3085
12;2025-12-04;18;3217
12;2025-12-04;19;2541
12;2025-12-04;20;1622
12;2025-12-04;21;1012
12;2025-12-04;22;527
12;2025-12-04;23;275
12;2025-12-05;0;61
12;2025-12-05;1;1
12;2025-12-05;2;0
12;2025-12-05;3;0
12;2025-12-05;4;7
12;2025-12-05;5;364
12;2025-12-05;6;1437
12;2025-12-05;7;2675
12;2025-12-05;8;3452
12;2025-12-05;9;2445
12;2025-12-05;10;2066
12;2025-12-05;11;2017
12;2025-12-05;12;2035
12;2025-12-05;13;2019
12;2025-12-05;14;1994
12;2025-12-05;15;2361
12;2025-12-05;16;2895
12;2025-12-05;17;3037
12;2025-12-05;18;2745
12;2025-12-05;19;2336
12;2025-12-05;20;1529
12;2025-12-05;21;1000
12;2025-12-05;22;549
12;2025-12-05;23;295
12;2025-12-06;0;94
12;2025-12-06;1;2
12;2025-12-06;2;0
12;2025-12-06;3;0
12;2025-12-06;4;2
12;2025-12-06;5;287
12;2025-12-06;6;862
12;2025-12-06;7;893
12;2025-12-06;8;962
12;2025-12-06;9;1117
12;2025-12-06;10;1355
12;2025-12-06;11;1436
12;2025-12-06;12;1430
12;2025-12-06;13;1697
12;2025-12-06;14;1553
12;2025-12-06;15;1441
12;2025-12-06;16;1510
12;2025-12-06;17;1499
12;2025-12-06;18;1412
12;2025-12-06;19;1316
12;2025-12-06;20;968
12;2025-12-06;21;698
12;2025-12-06;22;450
12;2025-12-06;23;272
12;2025-12-07;0;86
12;2025-12-07;1;6
12;2025-12-07;2;0
12;2025-12-07;3;0
12;2025-12-07;4;2
12;2025-12-07;5;192
12;2025-12-07;6;587
12;2025-12-07;7;653
12;2025-12-07;8;719
12;2025-12-07;9;953
12;2025-12-07;10;1150
12;2025-12-07;11;1304
12;2025-12-07;12;1321
12;2025-12-07;13;1545
12;2025-12-07;14;1446
12;2025-12-07;15;1351
12;2025-12-07;16;1423
12;2025-12-07;17;1429
12;2025-12-07;18;1285
12;2025-12-07;19;1078
12;2025-12-07;20;792
12;2025-12-07;21;601
12;2025-12-07;22;391
12;2025-12-07;23;221
12;2025-12-08;0;61
12;2025-12-08;1;1
12;2025-12-08;2;0
12;2025-12-08;3;0
12;2025-12-08;4;4
12;2025-12-08;5;365
12;2025-12-08;6;1420
12;2025-12-08;7;2626
12;2025-12-08;8;3423
12;2025-12-08;9;2471
12;2025-12-08;10;2067
12;2025-12-08;11;1970
12;2025-12-08;12;2021
12;2025-12-08;13;1984
12;2025-12-08;14;1913
12;2025-12-08;15;2237
12;2025-12-08;16;2675
12;2025-12-08;17;2939
12;2025-12-08;18;3127
12;2025-12-08;19;2479
12;2025-12-08;20;1592
12;2025-12-08;21;956
12;2025-12-08;22;509
12;2025-12-08;23;248
12;2025-12-09;0;53
12;2025-12-09;1;1
12;2025-12-09;2;0
12;2025-12-09;3;0
12;2025-12-09;4;5
12;2025-12-09;5;386
12;2025-12-09;6;1457
12;2025-12-09;7;2673
12;2025-12-09;8;3510
12;2025-12-09;9;2509
12;2025-12-09;10;2110
12;2025-12-09;11;2020
12;2025-12-09;12;2053
12;2025-12-09;13;2027
12;2025-12-09;14;1966
12;2025-12-09;15;2263
12;2025-12-09;16;2729
12;2025-12-09;17;3084
12;2025-12-09;18;3172
12;2025-12-09;19;2524
12;2025-12-09;20;1607
12;2025-12-09;21;1005
12;2025-12-09;22;528
12;2025-12-09;23;263
12;2025-12-10;0;60
12;2025-12-10;1;1
12;2025-12-10;2;0
12;2025-12-10;3;0
12;2025-12-10;4;5
12;2025-12-10;5;373
12;2025-12-10;6;1452
12;2025-12-10;7;2688
12;2025-12-10;8;3508
12;2025-12-10;9;2547
12;2025-12-10;10;2114
12;2025-12-10;11;2027
12;2025-12-10;12;2053
12;2025-12-10;13;2009
12;2025-12-10;14;1963
12;2025-12-10;15;2286
12;2025-12-10;16;2728
12;2025-12-10;17;3005
12;2025-12-10;18;3169
12;2025-12-10;19;2532
12;2025-12-10;20;1611
12;2025-12-10;21;1006
12;2025-12-10;22;522
12;2025-12-10;23;273
12;2025-12-11;0;60
12;2025-12-11;1;2
12;2025-12-11;2;0
12;2025-12-11;3;0
12;2025-12-11;4;8
12;2025-12-11;5;363
12;2025-12-11;6;1447
12;2025-12-11;7;2735
12;2025-12-11;8;3501
12;2025-12-11;9;2515
12;2025-12-11;10;2114
12;2025-12-11;11;2054
12;2025-12-11;12;2064
12;2025-12-11;13;2018
12;2025-12-11;14;1980
12;2025-12-11;15;2289
12;2025-12-11;16;2775
12;2025-12-11;17;3096
12;2025-12-11;18;3228
12;2025-12-11;19;2545
12;2025-12-11;20;1623
12;2025-12-11;21;1009
12;2025-12-11;22;529
12;2025-12-11;23;280
12;2025-12-12;0;65
12;2025-12-12;1;3
12;2025-12-12;2;0
12;2025-12-12;3;0
12;2025-12-12;4;10
12;2025-12-12;5;366
12;2025-12-12;6;1441
12;2025-12-12;7;2687
12;2025-12-12;8;3463
12;2025-12-12;9;2444
12;2025-12-12;10;2065
12;2025-12-12;11;2016
12;2025-12-12;12;2036
12;2025-12-12;13;2021
12;2025-12-12;14;1992
12;2025-12-12;15;2360
12;2025-12-12;16;2906
12;2025-12-12;17;3045
12;2025-12-12;18;2745
12;2025-12-12;19;2331
12;2025-12-12;20;1526
12;2025-12-12;21;995
12;2025-12-12;22;551
12;2025-12-12;23;299
12;2025-12-13;0;97
12;2025-12-13;1;3
12;2025-12-13;2;1
12;2025-12-13;3;1
12;2025-12-13;4;2
12;2025-12-13;5;291
12;2025-12-13;6;862
12;2025-12-13;7;891
12;2025-12-13;8;957
12;2025-12-13;9;1115
12;2025-12-13;10;1356
12;2025-12-13;11;1437
12;2025-12-13;12;1431
12;2025-12-13;13;1700
12;2025-12-13;14;1557
12;2025-12-13;15;1445
12;2025-12-13;16;1514
12;2025-12-13;17;1501
12;2025-12-13;18;1413
12;2025-12-13;19;1317
12;2025-12-13;20;964
12;2025-12-13;21;698
12;2025-12-13;22;450
12;2025-12-13;23;276
12;2025-12-14;0;89
12;2025-12-14;1;8
12;2025-12-14;2;0
12;2025-12-14;3;0
12;2025-12-14;4;3
12;2025-12-14;5;197
12;2025-12-14;6;586
12;2025-12-14;7;656
12;2025-12-14;8;725
12;2025-12-14;9;961
12;2025-12-14;10;1157
12;2025-12-14;11;1313
12;2025-12-14;12;1330
12;2025-12-14;13;1559
12;2025-12-14;14;1456
12;2025-12-14;15;1364
12;2025-12-14;16;1436
12;2025-12-14;17;1439
12;2025-12-14;18;1293
12;2025-12-14;19;1084
12;2025-12-14;20;797
12;2025-12-14;21;603
12;2025-12-14;22;393
12;2025-12-14;23;225
12;2025-12-15;0;64
12;2025-12-15;1;4
12;2025-12-15;2;0
12;2025-12-15;3;0
12;2025-12-15;4;6
12;2025-12-15;5;367
12;2025-12-15;6;1427
12;2025-12-15;7;2638
12;2025-12-15;8;3442
12;2025-12-15;9;2480
12;2025-12-15;10;2072
12;2025-12-15;11;1975
12;2025-12-15;12;2027
12;2025-12-15;13;1994
12;2025-12-15;14;1920
12;2025-12-15;15;2248
12;2025-12-15;16;2689
12;2025-12-15;17;2950
12;2025-12-15;18;3139
12;2025-12-15;19;2485
12;2025-12-15;20;1592
12;2025-12-15;21;959
12;2025-12-15;22;511
12;2025-12-15;23;251
12;2025-12-16;0;56
12;2025-12-16;1;2
12;2025-12-16;2;0
12;2025-12-16;3;0
12;2025-12-16;4;8
12;2025-12-16;5;387
12;2025-12-16;6;1461
12;2025-12-16;7;2678
12;2025-12-16;8;3516
12;2025-12-16;9;2516
12;2025-12-16;10;2112
12;2025-12-16;11;2023
12;2025-12-16;12;2055
12;2025-12-16;13;2030
12;2025-12-16;14;1966
12;2025-12-16;15;2269
12;2025-12-16;16;2738
12;2025-12-16;17;3091
12;2025-12-16;18;3179
12;2025-12-16;19;2528
12;2025-12-16;20;1604
12;2025-12-16;21;1004
12;2025-12-16;22;528
12;2025-12-16;23;264
12;2025-12-17;0;62
12;2025-12-17;1;2
12;2025-12-17;2;0
12;2025-12-17;3;0
12;2025-12-17;4;6
12;2025-12-17;5;371
12;2025-12-17;6;1454
12;2025-12-17;7;2689
12;2025-12-17;8;3503
12;2025-12-17;9;2549
12;2025-12-17;10;2113
12;2025-12-17;11;2024
12;2025-12-17;12;2050
12;2025-12-17;13;2008
12;2025-12-17;14;1959
12;2025-12-17;15;2283
12;2025-12-17;16;2728
12;2025-12-17;17;3004
12;2025-12-17;18;3169
12;2025-12-17;19;2531
12;2025-12-17;20;1605
12;2025-12-17;21;1003
12;2025-12-17;22;520
12;2025-12-17;23;274
12;2025-12-18;0;60
12;2025-12-18;1;3
12;2025-12-18;2;0
12;2025-12-18;3;0
12;2025-12-18;4;9
12;2025-12-18;5;364
12;2025-12-18;6;1442
12;2025-12-18;7;2734
12;2025-12-18;8;3490
12;2025-12-18;9;2515
12;2025-12-18;10;2116
12;2025-12-18;11;2054
12;2025-12-18;12;2067
12;2025-12-18;13;2017
12;2025-12-18;14;1978
12;2025-12-18;15;2289
12;2025-12-18;16;2777
12;2025-12-18;17;3096
12;2025-12-18;18;3221
12;2025-12-18;19;2545
12;2025-12-18;20;1612
12;2025-12-18;21;1010
12;2025-12-18;22;532
12;2025-12-18;23;282
12;2025-12-19;0;61
12;2025-12-19;1;3
12;2025-12-19;2;0
12;2025-12-19;3;1
12;2025-12-19;4;9
12;2025-12-19;5;359
12;2025-12-19;6;1427
12;2025-12-19;7;2678
12;2025-12-19;8;3440
12;2025-12-19;9;2436
12;2025-12-19;10;2060
12;2025-12-19;11;2020
12;2025-12-19;12;2040
12;2025-12-19;13;2012
12;2025-12-19;14;1984
12;2025-12-19;15;2363
12;2025-12-19;16;2909
12;2025-12-19;17;3049
12;2025-12-19;18;2746
12;2025-12-19;19;2337
12;2025-12-19;20;1496
12;2025-12-19;21;989
12;2025-12-19;22;546
12;2025-12-19;23;295
12;2025-12-20;0;93
12;2025-12-20;1;3
12;2025-12-20;2;0
12;2025-12-20;3;0
12;2025-12-20;4;1
12;2025-12-20;5;282
12;2025-12-20;6;854
12;2025-12-20;7;887
12;2025-12-20;8;951
12;2025-12-20;9;1117
12;2025-12-20;10;1345
12;2025-12-20;11;1416
12;2025-12-20;12;1416
12;2025-12-20;13;1673
12;2025-12-20;14;1535
12;2025-12-20;15;1427
12;2025-12-20;16;1490
12;2025-12-20;17;1474
12;2025-12-20;18;1382
12;2025-12-20;19;1295
12;2025-12-20;20;960
12;2025-12-20;21;697
12;2025-12-20;22;451
12;2025-12-20;23;277
12;2025-12-21;0;86
12;2025-12-21;1;8
12;2025-12-21;2;0
12;2025-12-21;3;0
12;2025-12-21;4;2
12;2025-12-21;5;190
12;2025-12-21;6;586
12;2025-12-21;7;655
12;2025-12-21;8;722
12;2025-12-21;9;957
12;2025-12-21;10;1147
12;2025-12-21;11;1297
12;2025-12-21;12;1315
12;2025-12-21;13;1526
12;2025-12-21;14;1432
12;2025-12-21;15;1350
12;2025-12-21;16;1414
12;2025-12-21;17;1417
12;2025-12-21;18;1278
12;2025-12-21;19;1080
12;2025-12-21;20;799
12;2025-12-21;21;605
12;2025-12-21;22;401
12;2025-12-21;23;225
12;2025-12-22;0;60
12;2025-12-22;1;4
12;2025-12-22;2;1
12;2025-12-22;3;1
12;2025-12-22;4;6
12;2025-12-22;5;360
12;2025-12-22;6;1391
12;2025-12-22;7;2632
12;2025-12-22;8;3419
12;2025-12-22;9;2473
12;2025-12-22;10;2048
12;2025-12-22;11;1951
12;2025-12-22;12;2016
12;2025-12-22;13;1982
12;2025-12-22;14;1895
12;2025-12-22;15;2242
12;2025-12-22;16;2692
12;2025-12-22;17;2945
12;2025-12-22;18;3123
12;2025-12-22;19;2471
12;2025-12-22;20;1546
12;2025-12-22;21;950
12;2025-12-22;22;506
12;2025-12-22;23;251
12;2025-12-23;0;57
12;2025-12-23;1;4
12;2025-12-23;2;0
12;2025-12-23;3;0
12;2025-12-23;4;7
12;2025-12-23;5;376
12;2025-12-23;6;1400
12;2025-12-23;7;2654
12;2025-12-23;8;3472
12;2025-12-23;9;2477
12;2025-12-23;10;2070
12;2025-12-23;11;1983
12;2025-12-23;12;2021
12;2025-12-23;13;1997
12;2025-12-23;14;1922
12;2025-12-23;15;2243
12;2025-12-23;16;2717
12;2025-12-23;17;3067
12;2025-12-23;18;3150
12;2025-12-23;19;2504
12;2025-12-23;20;1545
12;2025-12-23;21;993
12;2025-12-23;22;516
12;2025-12-23;23;257
12;2025-12-24;0;57
12;2025-12-24;1;2
12;2025-12-24;2;0
12;2025-12-24;3;0
12;2025-12-24;4;6
12;2025-12-24;5;359
12;2025-12-24;6;1382
12;2025-12-24;7;2663
12;2025-12-24;8;3472
12;2025-12-24;9;2521
12;2025-12-24;10;2077
12;2025-12-24;11;1993
12;2025-12-24;12;2024
12;2025-12-24;13;1987
12;2025-12-24;14;1923
12;2025-12-24;15;2255
12;2025-12-24;16;2715
12;2025-12-24;17;2990
12;2025-12-24;18;3147
12;2025-12-24;19;2517
12;2025-12-24;20;1540
12;2025-12-24;21;990
12;2025-12-24;22;508
12;2025-12-24;23;269
12;2025-12-25;0;57
12;2025-12-25;1;2
12;2025-12-25;2;0
12;2025-12-25;3;0
12;2025-12-25;4;9
12;2025-12-25;5;357
12;2025-12-25;6;1382
12;2025-12-25;7;2721
12;2025-12-25;8;3475
12;2025-12-25;9;2496
12;2025-12-25;10;2088
12;2025-12-25;11;2029
12;2025-12-25;12;2056
12;2025-12-25;13;1995
12;2025-12-25;14;1957
12;2025-12-25;15;2270
12;2025-12-25;16;2780
12;2025-12-25;17;3100
12;2025-12-25;18;3222
12;2025-12-25;19;2544
12;2025-12-25;20;1563
12;2025-12-25;21;1000
12;2025-12-25;22;520
12;2025-12-25;23;279
12;2025-12-26;0;63
12;2025-12-26;1;4
12;2025-12-26;2;0
12;2025-12-26;3;0
12;2025-12-26;4;9
12;2025-12-26;5;358
12;2025-12-26;6;1374
12;2025-12-26;7;2673
12;2025-12-26;8;3438
12;2025-12-26;9;2422
12;2025-12-26;10;2041
12;2025-12-26;11;1996
12;2025-12-26;12;2032
12;2025-12-26;13;2006
12;2025-12-26;14;1978
12;2025-12-26;15;2362
12;2025-12-26;16;2916
12;2025-12-26;17;3060
12;2025-12-26;18;2757
12;2025-12-26;19;2348
12;2025-12-26;20;1467
12;2025-12-26;21;984
12;2025-12-26;22;541
12;2025-12-26;23;297
12;2025-12-27;0;96
12;2025-12-27;1;5
12;2025-12-27;2;0
12;2025-12-27;3;1
12;2025-12-27;4;3
12;2025-12-27;5;280
12;2025-12-27;6;841
12;2025-12-27;7;866
12;2025-12-27;8;926
12;2025-12-27;9;1090
12;2025-12-27;10;1291
12;2025-12-27;11;1358
12;2025-12-27;12;1369
12;2025-12-27;13;1635
12;2025-12-27;14;1490
12;2025-12-27;15;1387
12;2025-12-27;16;1453
12;2025-12-27;17;1439
12;2025-12-27;18;1345
12;2025-12-27;19;1262
12;2025-12-27;20;954
12;2025-12-27;21;690
12;2025-12-27;22;449
12;2025-12-27;23;278
12;2025-12-28;0;90
12;2025-12-28;1;11
12;2025-12-28;2;0
12;2025-12-28;3;0
12;2025-12-28;4;5
12;2025-12-28;5;180
12;2025-12-28;6;570
12;2025-12-28;7;635
12;2025-12-28;8;694
12;2025-12-28;9;928
12;2025-12-28;10;1119
12;2025-12-28;11;1258
12;2025-12-28;12;1269
12;2025-12-28;13;1488
12;2025-12-28;14;1387
12;2025-12-28;15;1302
12;2025-12-28;16;1368
12;2025-12-28;17;1372
12;2025-12-28;18;1255
12;2025-12-28;19;1063
12;2025-12-28;20;783
12;2025-12-28;21;590
12;2025-12-28;22;391
12;2025-12-28;23;219
12;2025-12-29;0;58
12;2025-12-29;1;4
12;2025-12-29;2;1
12;2025-12-29;3;1
12;2025-12-29;4;6
12;2025-12-29;5;330
12;2025-12-29;6;1325
12;2025-12-29;7;2582
12;2025-12-29;8;3373
12;2025-12-29;9;2409
12;2025-12-29;10;1979
12;2025-12-29;11;1887
12;2025-12-29;12;1954
12;2025-12-29;13;1925
12;2025-12-29;14;1834
12;2025-12-29;15;2184
12;2025-12-29;16;2641
12;2025-12-29;17;2889
12;2025-12-29;18;3070
12;2025-12-29;19;2420
12;2025-12-29;20;1474
12;2025-12-29;21;901
12;2025-12-29;22;461
12;2025-12-29;23;221
12;2025-12-30;0;51
12;2025-12-30;1;4
12;2025-12-30;2;1
12;2025-12-30;3;1
12;2025-12-30;4;7
12;2025-12-30;5;305
12;2025-12-30;6;1204
12;2025-12-30;7;2443
12;2025-12-30;8;3273
12;2025-12-30;9;2277
12;2025-12-30;10;1862
12;2025-12-30;11;1781
12;2025-12-30;12;1821
12;2025-12-30;13;1802
12;2025-12-30;14;1727
12;2025-12-30;15;2057
12;2025-12-30;16;2525
12;2025-12-30;17;2891
12;2025-12-30;18;2973
12;2025-12-30;19;2325
12;2025-12-30;20;1347
12;2025-12-30;21;876
12;2025-12-30;22;415
12;2025-12-30;23;209
12;2025-12-31;0;43
12;2025-12-31;1;5
12;2025-12-31;2;1
12;2025-12-31;3;1
12;2025-12-31;4;0
12;2025-12-31;5;144
12;2025-12-31;6;396
12;2025-12-31;7;403
12;2025-12-31;8;523
12;2025-12-31;9;643
12;2025-12-31;10;885
12;2025-12-31;11;959
12;2025-12-31;12;968
12;2025-12-31;13;1165
12;2025-12-31;14;1079
12;2025-12-31;15;1025
12;2025-12-31;16;1141
12;2025-12-31;17;1208
12;2025-12-31;18;1128
12;2025-12-31;19;898
12;2025-12-31;20;535
12;2025-12-31;21;487
12;2025-12-31;22;272
12;2025-12-31;23;146
17;2025-11-01;0;201
17;2025-11-01;1;20
17;2025-11-01;2;2
17;2025-11-01;3;2
17;2025-11-01;4;2
17;2025-11-01;5;123
17;2025-11-01;6;535
17;2025-11-01;7;1176
17;2025-11-01;8;1686
17;2025-11-01;9;2119
17;2025-11-01;10;2297
17;2025-11-01;11;2774
17;2025-11-01;12;3099
17;2025-11-01;13;3404
17;2025-11-01;14;3429
17;2025-11-01;15;3453
17;2025-11-01;16;3432
17;2025-11-01;17;3323
17;2025-11-01;18;2914
17;2025-11-01;19;2429
17;2025-11-01;20;1843
17;2025-11-01;21;1346
17;2025-11-01;22;848
17;2025-11-01;23;451
17;2025-11-02;0;185
17;2025-11-02;1;18
17;2025-11-02;2;3
17;2025-11-02;3;3
17;2025-11-02;4;2
17;2025-11-02;5;96
17;2025-11-02;6;414
17;2025-11-02;7;857
17;2025-11-02;8;1262
17;2025-11-02;9;1751
17;2025-11-02;10;1971
17;2025-11-02;11;2420
17;2025-11-02;12;2831
17;2025-11-02;13;3062
17;2025-11-02;14;3147
17;2025-11-02;15;3181
17;2025-11-02;16;3098
17;2025-11-02;17;2999
17;2025-11-02;18;2720
17;2025-11-02;19;2230
17;2025-11-02;20;1672
17;2025-11-02;21;1200
17;2025-11-02;22;717
17;2025-11-02;23;338
17;2025-11-03;0;115
17;2025-11-03;1;12
17;2025-11-03;2;1
17;2025-11-03;3;1
17;2025-11-03;4;4
17;2025-11-03;5;177
17;2025-11-03;6;509
17;2025-11-03;7;914
17;2025-11-03;8;1794
17;2025-11-03;9;1919
17;2025-11-03;10;1928
17;2025-11-03;11;2334
17;2025-11-03;12;2620
17;2025-11-03;13;2830
17;2025-11-03;14;2848
17;2025-11-03;15;2980
17;2025-11-03;16;2987
17;2025-11-03;17;3072
17;2025-11-03;18;3004
17;2025-11-03;19;2372
17;2025-11-03;20;1591
17;2025-11-03;21;1204
17;2025-11-03;22;694
17;2025-11-03;23;331
17;2025-11-04;0;116
17;2025-11-04;1;10
17;2025-11-04;2;2
17;2025-11-04;3;1
17;2025-11-04;4;4
17;2025-11-04;5;176
17;2025-11-04;6;502
17;2025-11-04;7;899
17;2025-11-04;8;1778
17;2025-11-04;9;1911
17;2025-11-04;10;1945
17;2025-11-04;11;2331
17;2025-11-04;12;2626
17;2025-11-04;13;2845
17;2025-11-04;14;2924
17;2025-11-04;15;2964
17;2025-11-04;16;2982
17;2025-11-04;17;3074
17;2025-11-04;18;3028
17;2025-11-04;19;2371
17;2025-11-04;20;1621
17;2025-11-04;21;1229
17;2025-11-04;22;722
17;2025-11-04;23;321
17;2025-11-05;0;122
17;2025-11-05;1;6
17;2025-11-05;2;0
17;2025-11-05;3;0
17;2025-11-05;4;13
17;2025-11-05;5;297
17;2025-11-05;6;1461
17;2025-11-05;7;3999
17;2025-11-05;8;5247
17;2025-11-05;9;3812
17;2025-11-05;10;2983
17;2025-11-05;11;2963
17;2025-11-05;12;2998
17;2025-11-05;13;3059
17;2025-11-05;14;3104
17;2025-11-05;15;3232
17;2025-11-05;16;3580
17;2025-11-05;17;4459
17;2025-11-05;18;4893
17;2025-11-05;19;3443
17;2025-11-05;20;2373
17;2025-11-05;21;1536
17;2025-11-05;22;891
17;2025-11-05;23;388
17;2025-11-06;0;140
17;2025-11-06;1;6
17;2025-11-06;2;1
17;2025-11-06;3;1
17;2025-11-06;4;16
17;2025-11-06;5;293
17;2025-11-06;6;1458
17;2025-11-06;7;3956
17;2025-11-06;8;5205
17;2025-11-06;9;3802
17;2025-11-06;10;2989
17;2025-11-06;11;2906
17;2025-11-06;12;2968
17;2025-11-06;13;3075
17;2025-11-06;14;3088
17;2025-11-06;15;3239
17;2025-11-06;16;3622
17;2025-11-06;17;4503
17;2025-11-06;18;4936
17;2025-11-06;19;3482
17;2025-11-06;20;2426
17;2025-11-06;21;1551
17;2025-11-06;22;896
17;2025-11-06;23;420
17;2025-11-07;0;152
17;2025-11-07;1;13
17;2025-11-07;2;0
17;2025-11-07;3;0
17;2025-11-07;4;17
17;2025-11-07;5;293
17;2025-11-07;6;1444
17;2025-11-07;7;3899
17;2025-11-07;8;5070
17;2025-11-07;9;3717
17;2025-11-07;10;2893
17;2025-11-07;11;2919
17;2025-11-07;12;2949
17;2025-11-07;13;3080
17;2025-11-07;14;3135
17;2025-11-07;15;3295
17;2025-11-07;16;3871
17;2025-11-07;17;4498
17;2025-11-07;18;4487
17;2025-11-07;19;3301
17;2025-11-07;20;2323
17;2025-11-07;21;1556
17;2025-11-07;22;917
17;2025-11-07;23;456
17;2025-11-08;0;199
17;2025-11-08;1;15
17;2025-11-08;2;0
17;2025-11-08;3;0
17;2025-11-08;4;1
17;2025-11-08;5;122
17;2025-11-08;6;525
17;2025-11-08;7;1155
17;2025-11-08;8;1630
17;2025-11-08;9;2066
17;2025-11-08;10;2255
17;2025-11-08;11;2729
17;2025-11-08;12;3047
17;2025-11-08;13;3353
17;2025-11-08;14;3369
17;2025-11-08;15;3390
17;2025-11-08;16;3374
17;2025-11-08;17;3278
17;2025-11-08;18;2883
17;2025-11-08;19;2430
17;2025-11-08;20;1855
17;2025-11-08;21;1348
17;2025-11-08;22;837
17;2025-11-08;23;440
17;2025-11-09;0;177
17;2025-11-09;1;8
17;2025-11-09;2;0
17;2025-11-09;3;0
17;2025-11-09;4;2
17;2025-11-09;5;89
17;2025-11-09;6;404
17;2025-11-09;7;830
17;2025-11-09;8;1218
17;2025-11-09;9;1688
17;2025-11-09;10;1920
17;2025-11-09;11;2368
17;2025-11-09;12;2770
17;2025-11-09;13;3002
17;2025-11-09;14;3084
17;2025-11-09;15;3116
17;2025-11-09;16;3044
17;2025-11-09;17;2954
17;2025-11-09;18;2690
17;2025-11-09;19;2200
17;2025-11-09;20;1657
17;2025-11-09;21;1164
17;2025-11-09;22;705
17;2025-11-09;23;327
17;2025-11-10;0;98
17;2025-11-10;1;0
17;2025-11-10;2;0
17;2025-11-10;3;0
17;2025-11-10;4;4
17;2025-11-10;5;277
17;2025-11-10;6;1438
17;2025-11-10;7;3875
17;2025-11-10;8;5186
17;2025-11-10;9;3677
17;2025-11-10;10;2827
17;2025-11-10;11;2792
17;2025-11-10;12;2858
17;2025-11-10;13;2921
17;2025-11-10;14;2926
17;2025-11-10;15;3146
17;2025-11-10;16;3504
17;2025-11-10;17;4358
17;2025-11-10;18;4864
17;2025-11-10;19;3400
17;2025-11-10;20;2351
17;2025-11-10;21;1482
17;2025-11-10;22;835
17;2025-11-10;23;353
17;2025-11-11;0;109
17;2025-11-11;1;2
17;2025-11-11;2;0
17;2025-11-11;3;0
17;2025-11-11;4;8
17;2025-11-11;5;294
17;2025-11-11;6;1470
17;2025-11-11;7;3991
17;2025-11-11;8;5245
17;2025-11-11;9;3765
17;2025-11-11;10;2935
17;2025-11-11;11;2872
17;2025-11-11;12;2936
17;2025-11-11;13;2998
17;2025-11-11;14;3068
17;2025-11-11;15;3201
17;2025-11-11;16;3524
17;2025-11-11;17;4407
17;2025-11-11;18;4946
17;2025-11-11;19;3429
17;2025-11-11;20;2418
17;2025-11-11;21;1537
17;2025-11-11;22;883
17;2025-11-11;23;377
17;2025-11-12;0;119
17;2025-11-12;1;4
17;2025-11-12;2;0
17;2025-11-12;3;0
17;2025-11-12;4;8
17;2025-11-12;5;294
17;2025-11-12;6;1465
17;2025-11-12;7;3979
17;2025-11-12;8;5226
17;2025-11-12;9;3799
17;2025-11-12;10;2978
17;2025-11-12;11;2949
17;2025-11-12;12;2982
17;2025-11-12;13;3040
17;2025-11-12;14;3083
17;2025-11-12;15;3215
17;2025-11-12;16;3574
17;2025-11-12;17;4467
17;2025-11-12;18;4889
17;2025-11-12;19;3451
17;2025-11-12;20;2397
17;2025-11-12;21;1559
17;2025-11-12;22;918
17;2025-11-12;23;398
17;2025-11-13;0;138
17;2025-11-13;1;3
17;2025-11-13;2;0
17;2025-11-13;3;0
17;2025-11-13;4;14
17;2025-11-13;5;293
17;2025-11-13;6;1478
17;2025-11-13;7;3969
17;2025-11-13;8;5224
17;2025-11-13;9;3819
17;2025-11-13;10;3004
17;2025-11-13;11;2918
17;2025-11-13;12;2976
17;2025-11-13;13;3081
17;2025-11-13;14;3097
17;2025-11-13;15;3248
17;2025-11-13;16;3631
17;2025-11-13;17;4523
17;2025-11-13;18;4963
17;2025-11-13;19;3497
17;2025-11-13;20;2448
17;2025-11-13;21;1577
17;2025-11-13;22;924
17;2025-11-13;23;431
17;2025-11-14;0;151
17;2025-11-14;1;7
17;2025-11-14;2;0
17;2025-11-14;3;0
17;2025-11-14;4;13
17;2025-11-14;5;292
17;2025-11-14;6;1460
17;2025-11-14;7;3897
17;2025-11-14;8;5073
17;2025-11-14;9;3734
17;2025-11-14;10;2907
17;2025-11-14;11;2931
17;2025-11-14;12;2959
17;2025-11-14;13;3096
17;2025-11-14;14;3154
17;2025-11-14;15;3314
17;2025-11-14;16;3890
17;2025-11-14;17;4520
17;2025-11-14;18;4507
17;2025-11-14;19;3321
17;2025-11-14;20;2341
17;2025-11-14;21;1575
17;2025-11-14;22;934
17;2025-11-14;23;465
17;2025-11-15;0;203
17;2025-11-15;1;14
17;2025-11-15;2;0
17;2025-11-15;3;0
17;2025-11-15;4;1
17;2025-11-15;5;122
17;2025-11-15;6;552
17;2025-11-15;7;1184
17;2025-11-15;8;1669
17;2025-11-15;9;2119
17;2025-11-15;10;2309
17;2025-11-15;11;2782
17;2025-11-15;12;3102
17;2025-11-15;13;3412
17;2025-11-15;14;3428
17;2025-11-15;15;3451
17;2025-11-15;16;3431
17;2025-11-15;17;3326
17;2025-11-15;18;2934
17;2025-11-15;19;2480
17;2025-11-15;20;1906
17;2025-11-15;21;1385
17;2025-11-15;22;881
17;2025-11-15;23;467
17;2025-11-16;0;188
17;2025-11-16;1;13
17;2025-11-16;2;0
17;2025-11-16;3;0
17;2025-11-16;4;2
17;2025-11-16;5;95
17;2025-11-16;6;425
17;2025-11-16;7;841
17;2025-11-16;8;1241
17;2025-11-16;9;1731
17;2025-11-16;10;1979
17;2025-11-16;11;2422
17;2025-11-16;12;2828
17;2025-11-16;13;3061
17;2025-11-16;14;3143
17;2025-11-16;15;3174
17;2025-11-16;16;3098
17;2025-11-16;17;3009
17;2025-11-16;18;2749
17;2025-11-16;19;2260
17;2025-11-16;20;1708
17;2025-11-16;21;1204
17;2025-11-16;22;752
17;2025-11-16;23;351
17;2025-11-17;0;108
17;2025-11-17;1;2
17;2025-11-17;2;0
17;2025-11-17;3;0
17;2025-11-17;4;8
17;2025-11-17;5;283
17;2025-11-17;6;1461
17;2025-11-17;7;3875
17;2025-11-17;8;5222
17;2025-11-17;9;3711
17;2025-11-17;10;2859
17;2025-11-17;11;2820
17;2025-11-17;12;2885
17;2025-11-17;13;2952
17;2025-11-17;14;2956
17;2025-11-17;15;3177
17;2025-11-17;16;3511
17;2025-11-17;17;4361
17;2025-11-17;18;4873
17;2025-11-17;19;3415
17;2025-11-17;20;2362
17;2025-11-17;21;1494
17;2025-11-17;22;847
17;2025-11-17;23;366
17;2025-11-18;0;113
17;2025-11-18;1;3
17;2025-11-18;2;0
17;2025-11-18;3;0
17;2025-11-18;4;10
17;2025-11-18;5;298
17;2025-11-18;6;1478
17;2025-11-18;7;3974
17;2025-11-18;8;5245
17;2025-11-18;9;3774
17;2025-11-18;10;2944
17;2025-11-18;11;2874
17;2025-11-18;12;2942
17;2025-11-18;13;3002
17;2025-11-18;14;3071
17;2025-11-18;15;3205
17;2025-11-18;16;3526
17;2025-11-18;17;4408
17;2025-11-18;18;4944
17;2025-11-18;19;3433
17;2025-11-18;20;2426
17;2025-11-18;21;1546
17;2025-11-18;22;892
17;2025-11-18;23;385
17;2025-11-19;0;120
17;2025-11-19;1;4
17;2025-11-19;2;0
17;2025-11-19;3;0
17;2025-11-19;4;8
17;2025-11-19;5;294
17;2025-11-19;6;1464
17;2025-11-19;7;3970
17;2025-11-19;8;5227
17;2025-11-19;9;3806
17;2025-11-19;10;2982
17;2025-11-19;11;2944
17;2025-11-19;12;2977
17;2025-11-19;13;3035
17;2025-11-19;14;3076
17;2025-11-19;15;3208
17;2025-11-19;16;3571
17;2025-11-19;17;4464
17;2025-11-19;18;4885
17;2025-11-19;19;3445
17;2025-11-19;20;2401
17;2025-11-19;21;1566
17;2025-11-19;22;924
17;2025-11-19;23;405
17;2025-11-20;0;140
17;2025-11-20;1;3
17;2025-11-20;2;0
17;2025-11-20;3;0
17;2025-11-20;4;14
17;2025-11-20;5;293
17;2025-11-20;6;1478
17;2025-11-20;7;3958
17;2025-11-20;8;5229
17;2025-11-20;9;3821
17;2025-11-20;10;3005
17;2025-11-20;11;2913
17;2025-11-20;12;2972
17;2025-11-20;13;3077
17;2025-11-20;14;3093
17;2025-11-20;15;3244
17;2025-11-20;16;3636
17;2025-11-20;17;4530
17;2025-11-20;18;4969
17;2025-11-20;19;3497
17;2025-11-20;20;2456
17;2025-11-20;21;1584
17;2025-11-20;22;927
17;2025-11-20;23;436
17;2025-11-21;0;154
17;2025-11-21;1;9
17;2025-11-21;2;0
17;2025-11-21;3;0
17;2025-11-21;4;16
17;2025-11-21;5;295
17;2025-11-21;6;1463
17;2025-11-21;7;3899
17;2025-11-21;8;5083
17;2025-11-21;9;3735
17;2025-11-21;10;2906
17;2025-11-21;11;2927
17;2025-11-21;12;2959
17;2025-11-21;13;3098
17;2025-11-21;14;3159
17;2025-11-21;15;3331
17;2025-11-21;16;3913
17;2025-11-21;17;4536
17;2025-11-21;18;4518
17;2025-11-21;19;3326
17;2025-11-21;20;2351
17;2025-11-21;21;1583
17;2025-11-21;22;940
17;2025-11-21;23;470
17;2025-11-22;0;206
17;2025-11-22;1;16
17;2025-11-22;2;0
17;2025-11-22;3;0
17;2025-11-22;4;1
17;2025-11-22;5;124
17;2025-11-22;6;549
17;2025-11-22;7;1169
17;2025-11-22;8;1655
17;2025-11-22;9;2102
17;2025-11-22;10;2294
17;2025-11-22;11;2760
17;2025-11-22;12;3079
17;2025-11-22;13;3358
17;2025-11-22;14;3374
17;2025-11-22;15;3395
17;2025-11-22;16;3366
17;2025-11-22;17;3266
17;2025-11-22;18;2874
17;2025-11-22;19;2436
17;2025-11-22;20;1878
17;2025-11-22;21;1374
17;2025-11-22;22;872
17;2025-11-22;23;460
17;2025-11-23;0;185
17;2025-11-23;1;12
17;2025-11-23;2;0
17;2025-11-23;3;0
17;2025-11-23;4;2
17;2025-11-23;5;94
17;2025-11-23;6;412
17;2025-11-23;7;823
17;2025-11-23;8;1226
17;2025-11-23;9;1700
17;2025-11-23;10;1930
17;2025-11-23;11;2363
17;2025-11-23;12;2757
17;2025-11-23;13;2989
17;2025-11-23;14;3071
17;2025-11-23;15;3102
17;2025-11-23;16;3027
17;2025-11-23;17;2937
17;2025-11-23;18;2677
17;2025-11-23;19;2210
17;2025-11-23;20;1682
17;2025-11-23;21;1201
17;2025-11-23;22;749
17;2025-11-23;23;349
17;2025-11-24;0;106
17;2025-11-24;1;2
17;2025-11-24;2;0
17;2025-11-24;3;0
17;2025-11-24;4;7
17;2025-11-24;5;281
17;2025-11-24;6;1449
17;2025-11-24;7;3852
17;2025-11-24;8;5182
17;2025-11-24;9;3695
17;2025-11-24;10;2846
17;2025-11-24;11;2801
17;2025-11-24;12;2870
17;2025-11-24;13;2932
17;2025-11-24;14;2937
17;2025-11-24;15;3152
17;2025-11-24;16;3500
17;2025-11-24;17;4342
17;2025-11-24;18;4829
17;2025-11-24;19;3387
17;2025-11-24;20;2354
17;2025-11-24;21;1491
17;2025-11-24;22;841
17;2025-11-24;23;367
17;2025-11-25;0;116
17;2025-11-25;1;3
17;2025-11-25;2;1
17;2025-11-25;3;0
17;2025-11-25;4;15
17;2025-11-25;5;302
17;2025-11-25;6;1466
17;2025-11-25;7;3949
17;2025-11-25;8;5207
17;2025-11-25;9;3760
17;2025-11-25;10;2932
17;2025-11-25;11;2861
17;2025-11-25;12;2929
17;2025-11-25;13;2990
17;2025-11-25;14;3060
17;2025-11-25;15;3185
17;2025-11-25;16;3521
17;2025-11-25;17;4398
17;2025-11-25;18;4909
17;2025-11-25;19;3426
17;2025-11-25;20;2424
17;2025-11-25;21;1551
17;2025-11-25;22;888
17;2025-11-25;23;388
17;2025-11-26;0;124
17;2025-11-26;1;6
17;2025-11-26;2;0
17;2025-11-26;3;0
17;2025-11-26;4;13
17;2025-11-26;5;297
17;2025-11-26;6;1453
17;2025-11-26;7;3931
17;2025-11-26;8;5172
17;2025-11-26;9;3774
17;2025-11-26;10;2965
17;2025-11-26;11;2928
17;2025-11-26;12;2962
17;2025-11-26;13;3023
17;2025-11-26;14;3064
17;2025-11-26;15;3190
17;2025-11-26;16;3554
17;2025-11-26;17;4429
17;2025-11-26;18;4841
17;2025-11-26;19;3425
17;2025-11-26;20;2387
17;2025-11-26;21;1567
17;2025-11-26;22;913
17;2025-11-26;23;401
17;2025-11-27;0;141
17;2025-11-27;1;6
17;2025-11-27;2;0
17;2025-11-27;3;0
17;2025-11-27;4;17
17;2025-11-27;5;294
17;2025-11-27;6;1459
17;2025-11-27;7;3918
17;2025-11-27;8;5169
17;2025-11-27;9;3789
17;2025-11-27;10;2984
17;2025-11-27;11;2895
17;2025-11-27;12;2959
17;2025-11-27;13;3064
17;2025-11-27;14;3076
17;2025-11-27;15;3225
17;2025-11-27;16;3618
17;2025-11-27;17;4491
17;2025-11-27;18;4909
17;2025-11-27;19;3479
17;2025-11-27;20;2445
17;2025-11-27;21;1584
17;2025-11-27;22;924
17;2025-11-27;23;434
17;2025-11-28;0;155
17;2025-11-28;1;13
17;2025-11-28;2;0
17;2025-11-28;3;0
17;2025-11-28;4;18
17;2025-11-28;5;296
17;2025-11-28;6;1450
17;2025-11-28;7;3857
17;2025-11-28;8;5033
17;2025-11-28;9;3700
17;2025-11-28;10;2890
17;2025-11-28;11;2909
17;2025-11-28;12;2938
17;2025-11-28;13;3071
17;2025-11-28;14;3129
17;2025-11-28;15;3289
17;2025-11-28;16;3861
17;2025-11-28;17;4476
17;2025-11-28;18;4459
17;2025-11-28;19;3285
17;2025-11-28;20;2328
17;2025-11-28;21;1569
17;2025-11-28;22;924
17;2025-11-28;23;462
17;2025-11-29;0;202
17;2025-11-29;1;17
17;2025-11-29;2;0
17;2025-11-29;3;0
17;2025-11-29;4;1
17;2025-11-29;5;121
17;2025-11-29;6;532
17;2025-11-29;7;1136
17;2025-11-29;8;1611
17;2025-11-29;9;2042
17;2025-11-29;10;2240
17;2025-11-29;11;2703
17;2025-11-29;12;3021
17;2025-11-29;13;3327
17;2025-11-29;14;3346
17;2025-11-29;15;3366
17;2025-11-29;16;3348
17;2025-11-29;17;3245
17;2025-11-29;18;2851
17;2025-11-29;19;2406
17;2025-11-29;20;1857
17;2025-11-29;21;1367
17;2025-11-29;22;869
17;2025-11-29;23;463
17;2025-11-30;0;190
17;2025-11-30;1;18
17;2025-11-30;2;1
17;2025-11-30;3;1
17;2025-11-30;4;2
17;2025-11-30;5;97
17;2025-11-30;6;414
17;2025-11-30;7;817
17;2025-11-30;8;1210
17;2025-11-30;9;1691
17;2025-11-30;10;1929
17;2025-11-30;11;2373
17;2025-11-30;12;2765
17;2025-11-30;13;2998
17;2025-11-30;14;3081
17;2025-11-30;15;3110
17;2025-11-30;16;3036
17;2025-11-30;17;2944
17;2025-11-30;18;2681
17;2025-11-30;19;2206
17;2025-11-30;20;1686
17;2025-11-30;21;1196
17;2025-11-30;22;751
17;2025-11-30;23;350
17;2025-12-01;0;108
17;2025-12-01;1;5
17;2025-12-01;2;0
17;2025-12-01;3;0
17;2025-12-01;4;12
17;2025-12-01;5;285
17;2025-12-01;6;1450
17;2025-12-01;7;3841
17;2025-12-01;8;5150
17;2025-12-01;9;3675
17;2025-12-01;10;2826
17;2025-12-01;11;2784
17;2025-12-01;12;2852
17;2025-12-01;13;2919
17;2025-12-01;14;2923
17;2025-12-01;15;3138
17;2025-12-01;16;3487
17;2025-12-01;17;4325
17;2025-12-01;18;4816
17;2025-12-01;19;3375
17;2025-12-01;20;2337
17;2025-12-01;21;1492
17;2025-12-01;22;840
17;2025-12-01;23;366
17;2025-12-02;0;119
17;2025-12-02;1;6
17;2025-12-02;2;2
17;2025-12-02;3;2
17;2025-12-02;4;18
17;2025-12-02;5;302
17;2025-12-02;6;1453
17;2025-12-02;7;3917
17;2025-12-02;8;5161
17;2025-12-02;9;3717
17;2025-12-02;10;2880
17;2025-12-02;11;2810
17;2025-12-02;12;2873
17;2025-12-02;13;2934
17;2025-12-02;14;3002
17;2025-12-02;15;3136
17;2025-12-02;16;3468
17;2025-12-02;17;4338
17;2025-12-02;18;4867
17;2025-12-02;19;3363
17;2025-12-02;20;2373
17;2025-12-02;21;1541
17;2025-12-02;22;882
17;2025-12-02;23;381
17;2025-12-03;0;126
17;2025-12-03;1;7
17;2025-12-03;2;0
17;2025-12-03;3;0
17;2025-12-03;4;15
17;2025-12-03;5;297
17;2025-12-03;6;1449
17;2025-12-03;7;3935
17;2025-12-03;8;5161
17;2025-12-03;9;3772
17;2025-12-03;10;2969
17;2025-12-03;11;2934
17;2025-12-03;12;2967
17;2025-12-03;13;3025
17;2025-12-03;14;3066
17;2025-12-03;15;3194
17;2025-12-03;16;3557
17;2025-12-03;17;4424
17;2025-12-03;18;4834
17;2025-12-03;19;3415
17;2025-12-03;20;2380
17;2025-12-03;21;1558
17;2025-12-03;22;913
17;2025-12-03;23;398
17;2025-12-04;0;144
17;2025-12-04;1;8
17;2025-12-04;2;0
17;2025-12-04;3;0
17;2025-12-04;4;22
17;2025-12-04;5;296
17;2025-12-04;6;1458
17;2025-12-04;7;3919
17;2025-12-04;8;5156
17;2025-12-04;9;3785
17;2025-12-04;10;2983
17;2025-12-04;11;2894
17;2025-12-04;12;2954
17;2025-12-04;13;3056
17;2025-12-04;14;3073
17;2025-12-04;15;3222
17;2025-12-04;16;3613
17;2025-12-04;17;4481
17;2025-12-04;18;4901
17;2025-12-04;19;3462
17;2025-12-04;20;2430
17;2025-12-04;21;1570
17;2025-12-04;22;920
17;2025-12-04;23;430
17;2025-12-05;0;158
17;2025-12-05;1;16
17;2025-12-05;2;0
17;2025-12-05;3;0
17;2025-12-05;4;24
17;2025-12-05;5;299
17;2025-12-05;6;1452
17;2025-12-05;7;3869
17;2025-12-05;8;5034
17;2025-12-05;9;3715
17;2025-12-05;10;2897
17;2025-12-05;11;2916
17;2025-12-05;12;2948
17;2025-12-05;13;3081
17;2025-12-05;14;3135
17;2025-12-05;15;3293
17;2025-12-05;16;3869
17;2025-12-05;17;4485
17;2025-12-05;18;4471
17;2025-12-05;19;3292
17;2025-12-05;20;2330
17;2025-12-05;21;1573
17;2025-12-05;22;928
17;2025-12-05;23;462
17;2025-12-06;0;206
17;2025-12-06;1;21
17;2025-12-06;2;0
17;2025-12-06;3;0
17;2025-12-06;4;2
17;2025-12-06;5;127
17;2025-12-06;6;531
17;2025-12-06;7;1141
17;2025-12-06;8;1611
17;2025-12-06;9;2053
17;2025-12-06;10;2248
17;2025-12-06;11;2711
17;2025-12-06;12;3031
17;2025-12-06;13;3339
17;2025-12-06;14;3355
17;2025-12-06;15;3374
17;2025-12-06;16;3356
17;2025-12-06;17;3257
17;2025-12-06;18;2866
17;2025-12-06;19;2421
17;2025-12-06;20;1866
17;2025-12-06;21;1369
17;2025-12-06;22;873
17;2025-12-06;23;463
17;2025-12-07;0;192
17;2025-12-07;1;20
17;2025-12-07;2;1
17;2025-12-07;3;1
17;2025-12-07;4;2
17;2025-12-07;5;102
17;2025-12-07;6;416
17;2025-12-07;7;822
17;2025-12-07;8;1214
17;2025-12-07;9;1690
17;2025-12-07;10;1924
17;2025-12-07;11;2366
17;2025-12-07;12;2760
17;2025-12-07;13;2992
17;2025-12-07;14;3073
17;2025-12-07;15;3103
17;2025-12-07;16;3032
17;2025-12-07;17;2938
17;2025-12-07;18;2679
17;2025-12-07;19;2204
17;2025-12-07;20;1676
17;2025-12-07;21;1191
17;2025-12-07;22;749
17;2025-12-07;23;349
17;2025-12-08;0;114
17;2025-12-08;1;9
17;2025-12-08;2;0
17;2025-12-08;3;0
17;2025-12-08;4;18
17;2025-12-08;5;292
17;2025-12-08;6;1454
17;2025-12-08;7;3857
17;2025-12-08;8;5164
17;2025-12-08;9;3690
17;2025-12-08;10;2848
17;2025-12-08;11;2805
17;2025-12-08;12;2872
17;2025-12-08;13;2936
17;2025-12-08;14;2939
17;2025-12-08;15;3152
17;2025-12-08;16;3497
17;2025-12-08;17;4336
17;2025-12-08;18;4825
17;2025-12-08;19;3382
17;2025-12-08;20;2356
17;2025-12-08;21;1496
17;2025-12-08;22;845
17;2025-12-08;23;369
17;2025-12-09;0;123
17;2025-12-09;1;7
17;2025-12-09;2;0
17;2025-12-09;3;0
17;2025-12-09;4;22
17;2025-12-09;5;308
17;2025-12-09;6;1466
17;2025-12-09;7;3962
17;2025-12-09;8;5206
17;2025-12-09;9;3757
17;2025-12-09;10;2935
17;2025-12-09;11;2865
17;2025-12-09;12;2931
17;2025-12-09;13;2992
17;2025-12-09;14;3060
17;2025-12-09;15;3187
17;2025-12-09;16;3519
17;2025-12-09;17;4390
17;2025-12-09;18;4905
17;2025-12-09;19;3408
17;2025-12-09;20;2421
17;2025-12-09;21;1550
17;2025-12-09;22;890
17;2025-12-09;23;389
17;2025-12-10;0;132
17;2025-12-10;1;12
17;2025-12-10;2;0
17;2025-12-10;3;0
17;2025-12-10;4;21
17;2025-12-10;5;307
17;2025-12-10;6;1462
17;2025-12-10;7;3951
17;2025-12-10;8;5168
17;2025-12-10;9;3784
17;2025-12-10;10;2972
17;2025-12-10;11;2937
17;2025-12-10;12;2972
17;2025-12-10;13;3030
17;2025-12-10;14;3072
17;2025-12-10;15;3199
17;2025-12-10;16;3562
17;2025-12-10;17;4439
17;2025-12-10;18;4842
17;2025-12-10;19;3418
17;2025-12-10;20;2381
17;2025-12-10;21;1558
17;2025-12-10;22;913
17;2025-12-10;23;400
17;2025-12-11;0;148
17;2025-12-11;1;11
17;2025-12-11;2;0
17;2025-12-11;3;0
17;2025-12-11;4;25
17;2025-12-11;5;302
17;2025-12-11;6;1463
17;2025-12-11;7;3933
17;2025-12-11;8;5164
17;2025-12-11;9;3795
17;2025-12-11;10;2986
17;2025-12-11;11;2897
17;2025-12-11;12;2957
17;2025-12-11;13;3062
17;2025-12-11;14;3075
17;2025-12-11;15;3225
17;2025-12-11;16;3615
17;2025-12-11;17;4494
17;2025-12-11;18;4907
17;2025-12-11;19;3461
17;2025-12-11;20;2432
17;2025-12-11;21;1570
17;2025-12-11;22;919
17;2025-12-11;23;431
17;2025-12-12;0;162
17;2025-12-12;1;19
17;2025-12-12;2;0
17;2025-12-12;3;0
17;2025-12-12;4;27
17;2025-12-12;5;305
17;2025-12-12;6;1456
17;2025-12-12;7;3881
17;2025-12-12;8;5040
17;2025-12-12;9;3721
17;2025-12-12;10;2897
17;2025-12-12;11;2914
17;2025-12-12;12;2944
17;2025-12-12;13;3078
17;2025-12-12;14;3128
17;2025-12-12;15;3288
17;2025-12-12;16;3878
17;2025-12-12;17;4493
17;2025-12-12;18;4479
17;2025-12-12;19;3289
17;2025-12-12;20;2325
17;2025-12-12;21;1565
17;2025-12-12;22;925
17;2025-12-12;23;463
17;2025-12-13;0;209
17;2025-12-13;1;24
17;2025-12-13;2;0
17;2025-12-13;3;0
17;2025-12-13;4;3
17;2025-12-13;5;132
17;2025-12-13;6;533
17;2025-12-13;7;1140
17;2025-12-13;8;1613
17;2025-12-13;9;2053
17;2025-12-13;10;2254
17;2025-12-13;11;2722
17;2025-12-13;12;3040
17;2025-12-13;13;3351
17;2025-12-13;14;3366
17;2025-12-13;15;3387
17;2025-12-13;16;3369
17;2025-12-13;17;3266
17;2025-12-13;18;2872
17;2025-12-13;19;2425
17;2025-12-13;20;1862
17;2025-12-13;21;1365
17;2025-12-13;22;872
17;2025-12-13;23;461
17;2025-12-14;0;194
17;2025-12-14;1;24
17;2025-12-14;2;1
17;2025-12-14;3;1
17;2025-12-14;4;3
17;2025-12-14;5;107
17;2025-12-14;6;416
17;2025-12-14;7;824
17;2025-12-14;8;1218
17;2025-12-14;9;1692
17;2025-12-14;10;1928
17;2025-12-14;11;2382
17;2025-12-14;12;2779
17;2025-12-14;13;3014
17;2025-12-14;14;3091
17;2025-12-14;15;3126
17;2025-12-14;16;3053
17;2025-12-14;17;2958
17;2025-12-14;18;2696
17;2025-12-14;19;2210
17;2025-12-14;20;1679
17;2025-12-14;21;1195
17;2025-12-14;22;755
17;2025-12-14;23;349
17;2025-12-15;0;118
17;2025-12-15;1;11
17;2025-12-15;2;0
17;2025-12-15;3;0
17;2025-12-15;4;21
17;2025-12-15;5;295
17;2025-12-15;6;1462
17;2025-12-15;7;3874
17;2025-12-15;8;5179
17;2025-12-15;9;3702
17;2025-12-15;10;2857
17;2025-12-15;11;2814
17;2025-12-15;12;2881
17;2025-12-15;13;2946
17;2025-12-15;14;2947
17;2025-12-15;15;3162
17;2025-12-15;16;3508
17;2025-12-15;17;4345
17;2025-12-15;18;4834
17;2025-12-15;19;3387
17;2025-12-15;20;2358
17;2025-12-15;21;1497
17;2025-12-15;22;846
17;2025-12-15;23;370
17;2025-12-16;0;127
17;2025-12-16;1;10
17;2025-12-16;2;1
17;2025-12-16;3;1
17;2025-12-16;4;25
17;2025-12-16;5;311
17;2025-12-16;6;1470
17;2025-12-16;7;3965
17;2025-12-16;8;5205
17;2025-12-16;9;3762
17;2025-12-16;10;2940
17;2025-12-16;11;2868
17;2025-12-16;12;2937
17;2025-12-16;13;2999
17;2025-12-16;14;3065
17;2025-12-16;15;3194
17;2025-12-16;16;3525
17;2025-12-16;17;4396
17;2025-12-16;18;4910
17;2025-12-16;19;3413
17;2025-12-16;20;2420
17;2025-12-16;21;1548
17;2025-12-16;22;891
17;2025-12-16;23;388
17;2025-12-17;0;133
17;2025-12-17;1;12
17;2025-12-17;2;0
17;2025-12-17;3;0
17;2025-12-17;4;22
17;2025-12-17;5;307
17;2025-12-17;6;1462
17;2025-12-17;7;3949
17;2025-12-17;8;5170
17;2025-12-17;9;3784
17;2025-12-17;10;2972
17;2025-12-17;11;2936
17;2025-12-17;12;2970
17;2025-12-17;13;3031
17;2025-12-17;14;3070
17;2025-12-17;15;3198
17;2025-12-17;16;3560
17;2025-12-17;17;4440
17;2025-12-17;18;4844
17;2025-12-17;19;3416
17;2025-12-17;20;2377
17;2025-12-17;21;1552
17;2025-12-17;22;912
17;2025-12-17;23;400
17;2025-12-18;0;148
17;2025-12-18;1;12
17;2025-12-18;2;0
17;2025-12-18;3;0
17;2025-12-18;4;26
17;2025-12-18;5;302
17;2025-12-18;6;1455
17;2025-12-18;7;3930
17;2025-12-18;8;5167
17;2025-12-18;9;3793
17;2025-12-18;10;2990
17;2025-12-18;11;2899
17;2025-12-18;12;2961
17;2025-12-18;13;3064
17;2025-12-18;14;3077
17;2025-12-18;15;3223
17;2025-12-18;16;3613
17;2025-12-18;17;4498
17;2025-12-18;18;4908
17;2025-12-18;19;3461
17;2025-12-18;20;2431
17;2025-12-18;21;1559
17;2025-12-18;22;922
17;2025-12-18;23;434
17;2025-12-19;0;157
17;2025-12-19;1;17
17;2025-12-19;2;1
17;2025-12-19;3;1
17;2025-12-19;4;25
17;2025-12-19;5;296
17;2025-12-19;6;1439
17;2025-12-19;7;3864
17;2025-12-19;8;5003
17;2025-12-19;9;3703
17;2025-12-19;10;2888
17;2025-12-19;11;2915
17;2025-12-19;12;2948
17;2025-12-19;13;3083
17;2025-12-19;14;3129
17;2025-12-19;15;3294
17;2025-12-19;16;3880
17;2025-12-19;17;4487
17;2025-12-19;18;4476
17;2025-12-19;19;3285
17;2025-12-19;20;2316
17;2025-12-19;21;1535
17;2025-12-19;22;921
17;2025-12-19;23;459
17;2025-12-20;0;205
17;2025-12-20;1;22
17;2025-12-20;2;0
17;2025-12-20;3;0
17;2025-12-20;4;3
17;2025-12-20;5;126
17;2025-12-20;6;528
17;2025-12-20;7;1136
17;2025-12-20;8;1600
17;2025-12-20;9;2034
17;2025-12-20;10;2235
17;2025-12-20;11;2706
17;2025-12-20;12;3036
17;2025-12-20;13;3342
17;2025-12-20;14;3356
17;2025-12-20;15;3379
17;2025-12-20;16;3362
17;2025-12-20;17;3261
17;2025-12-20;18;2868
17;2025-12-20;19;2421
17;2025-12-20;20;1849
17;2025-12-20;21;1345
17;2025-12-20;22;872
17;2025-12-20;23;463
17;2025-12-21;0;191
17;2025-12-21;1;21
17;2025-12-21;2;1
17;2025-12-21;3;1
17;2025-12-21;4;3
17;2025-12-21;5;100
17;2025-12-21;6;418
17;2025-12-21;7;822
17;2025-12-21;8;1204
17;2025-12-21;9;1668
17;2025-12-21;10;1910
17;2025-12-21;11;2366
17;2025-12-21;12;2776
17;2025-12-21;13;3018
17;2025-12-21;14;3097
17;2025-12-21;15;3137
17;2025-12-21;16;3062
17;2025-12-21;17;2967
17;2025-12-21;18;2704
17;2025-12-21;19;2211
17;2025-12-21;20;1675
17;2025-12-21;21;1195
17;2025-12-21;22;759
17;2025-12-21;23;359
17;2025-12-22;0;113
17;2025-12-22;1;12
17;2025-12-22;2;1
17;2025-12-22;3;1
17;2025-12-22;4;20
17;2025-12-22;5;288
17;2025-12-22;6;1408
17;2025-12-22;7;3855
17;2025-12-22;8;5134
17;2025-12-22;9;3686
17;2025-12-22;10;2838
17;2025-12-22;11;2794
17;2025-12-22;12;2872
17;2025-12-22;13;2938
17;2025-12-22;14;2941
17;2025-12-22;15;3165
17;2025-12-22;16;3503
17;2025-12-22;17;4334
17;2025-12-22;18;4812
17;2025-12-22;19;3373
17;2025-12-22;20;2347
17;2025-12-22;21;1465
17;2025-12-22;22;839
17;2025-12-22;23;370
17;2025-12-23;0;126
17;2025-12-23;1;14
17;2025-12-23;2;2
17;2025-12-23;3;1
17;2025-12-23;4;21
17;2025-12-23;5;302
17;2025-12-23;6;1402
17;2025-12-23;7;3931
17;2025-12-23;8;5146
17;2025-12-23;9;3732
17;2025-12-23;10;2905
17;2025-12-23;11;2835
17;2025-12-23;12;2913
17;2025-12-23;13;2985
17;2025-12-23;14;3051
17;2025-12-23;15;3173
17;2025-12-23;16;3493
17;2025-12-23;17;4376
17;2025-12-23;18;4863
17;2025-12-23;19;3384
17;2025-12-23;20;2401
17;2025-12-23;21;1492
17;2025-12-23;22;878
17;2025-12-23;23;383
17;2025-12-24;0;129
17;2025-12-24;1;13
17;2025-12-24;2;0
17;2025-12-24;3;0
17;2025-12-24;4;20
17;2025-12-24;5;297
17;2025-12-24;6;1388
17;2025-12-24;7;3922
17;2025-12-24;8;5117
17;2025-12-24;9;3757
17;2025-12-24;10;2946
17;2025-12-24;11;2906
17;2025-12-24;12;2956
17;2025-12-24;13;3008
17;2025-12-24;14;3053
17;2025-12-24;15;3177
17;2025-12-24;16;3537
17;2025-12-24;17;4432
17;2025-12-24;18;4803
17;2025-12-24;19;3392
17;2025-12-24;20;2364
17;2025-12-24;21;1491
17;2025-12-24;22;898
17;2025-12-24;23;395
17;2025-12-25;0;142
17;2025-12-25;1;11
17;2025-12-25;2;0
17;2025-12-25;3;0
17;2025-12-25;4;24
17;2025-12-25;5;296
17;2025-12-25;6;1396
17;2025-12-25;7;3911
17;2025-12-25;8;5119
17;2025-12-25;9;3775
17;2025-12-25;10;2968
17;2025-12-25;11;2880
17;2025-12-25;12;2955
17;2025-12-25;13;3059
17;2025-12-25;14;3073
17;2025-12-25;15;3218
17;2025-12-25;16;3605
17;2025-12-25;17;4488
17;2025-12-25;18;4897
17;2025-12-25;19;3451
17;2025-12-25;20;2421
17;2025-12-25;21;1510
17;2025-12-25;22;907
17;2025-12-25;23;429
17;2025-12-26;0;158
17;2025-12-26;1;19
17;2025-12-26;2;0
17;2025-12-26;3;0
17;2025-12-26;4;26
17;2025-12-26;5;297
17;2025-12-26;6;1388
17;2025-12-26;7;3854
17;2025-12-26;8;4991
17;2025-12-26;9;3695
17;2025-12-26;10;2881
17;2025-12-26;11;2904
17;2025-12-26;12;2944
17;2025-12-26;13;3082
17;2025-12-26;14;3135
17;2025-12-26;15;3300
17;2025-12-26;16;3882
17;2025-12-26;17;4485
17;2025-12-26;18;4474
17;2025-12-26;19;3286
17;2025-12-26;20;2324
17;2025-12-26;21;1503
17;2025-12-26;22;916
17;2025-12-26;23;459
17;2025-12-27;0;206
17;2025-12-27;1;24
17;2025-12-27;2;0
17;2025-12-27;3;0
17;2025-12-27;4;5
17;2025-12-27;5;124
17;2025-12-27;6;521
17;2025-12-27;7;1115
17;2025-12-27;8;1542
17;2025-12-27;9;1990
17;2025-12-27;10;2191
17;2025-12-27;11;2676
17;2025-12-27;12;3021
17;2025-12-27;13;3334
17;2025-12-27;14;3350
17;2025-12-27;15;3375
17;2025-12-27;16;3359
17;2025-12-27;17;3260
17;2025-12-27;18;2856
17;2025-12-27;19;2405
17;2025-12-27;20;1837
17;2025-12-27;21;1312
17;2025-12-27;22;864
17;2025-12-27;23;461
17;2025-12-28;0;192
17;2025-12-28;1;24
17;2025-12-28;2;2
17;2025-12-28;3;2
17;2025-12-28;4;7
17;2025-12-28;5;94
17;2025-12-28;6;406
17;2025-12-28;7;797
17;2025-12-28;8;1178
17;2025-12-28;9;1636
17;2025-12-28;10;1874
17;2025-12-28;11;2339
17;2025-12-28;12;2761
17;2025-12-28;13;3007
17;2025-12-28;14;3084
17;2025-12-28;15;3125
17;2025-12-28;16;3050
17;2025-12-28;17;2958
17;2025-12-28;18;2688
17;2025-12-28;19;2188
17;2025-12-28;20;1659
17;2025-12-28;21;1186
17;2025-12-28;22;744
17;2025-12-28;23;350
17;2025-12-29;0;110
17;2025-12-29;1;13
17;2025-12-29;2;1
17;2025-12-29;3;1
17;2025-12-29;4;18
17;2025-12-29;5;264
17;2025-12-29;6;1343
17;2025-12-29;7;3799
17;2025-12-29;8;5059
17;2025-12-29;9;3622
17;2025-12-29;10;2774
17;2025-12-29;11;2732
17;2025-12-29;12;2815
17;2025-12-29;13;2880
17;2025-12-29;14;2884
17;2025-12-29;15;3115
17;2025-12-29;16;3442
17;2025-12-29;17;4259
17;2025-12-29;18;4736
17;2025-12-29;19;3318
17;2025-12-29;20;2303
17;2025-12-29;21;1372
17;2025-12-29;22;785
17;2025-12-29;23;332
17;2025-12-30;0;110
17;2025-12-30;1;17
17;2025-12-30;2;5
17;2025-12-30;3;5
17;2025-12-30;4;15
17;2025-12-30;5;236
17;2025-12-30;6;1205
17;2025-12-30;7;3740
17;2025-12-30;8;4875
17;2025-12-30;9;3532
17;2025-12-30;10;2691
17;2025-12-30;11;2623
17;2025-12-30;12;2706
17;2025-12-30;13;2782
17;2025-12-30;14;2862
17;2025-12-30;15;3001
17;2025-12-30;16;3314
17;2025-12-30;17;4186
17;2025-12-30;18;4628
17;2025-12-30;19;3211
17;2025-12-30;20;2234
17;2025-12-30;21;1313
17;2025-12-30;22;757
17;2025-12-30;23;329
17;2025-12-31;0;100
17;2025-12-31;1;14
17;2025-12-31;2;1
17;2025-12-31;3;1
17;2025-12-31;4;0
17;2025-12-31;5;116
17;2025-12-31;6;274
17;2025-12-31;7;636
17;2025-12-31;8;1281
17;2025-12-31;9;1534
17;2025-12-31;10;1568
17;2025-12-31;11;2009
17;2025-12-31;12;2294
17;2025-12-31;13;2526
17;2025-12-31;14;2580
17;2025-12-31;15;2627
17;2025-12-31;16;2654
17;2025-12-31;17;2806
17;2025-12-31;18;2628
17;2025-12-31;19;2019
17;2025-12-31;20;1297
17;2025-12-31;21;984
17;2025-12-31;22;597
17;2025-12-31;23;266
25;2025-11-01;0;2
25;2025-11-01;1;3
25;2025-11-01;2;1
25;2025-11-01;3;1
25;2025-11-01;4;1
25;2025-11-01;5;6
25;2025-11-01;6;69
25;2025-11-01;7;147
25;2025-11-01;8;302
25;2025-11-01;9;297
25;2025-11-01;10;298
25;2025-11-01;11;374
25;2025-11-01;12;413
25;2025-11-01;13;510
25;2025-11-01;14;567
25;2025-11-01;15;607
25;2025-11-01;16;566
25;2025-11-01;17;490
25;2025-11-01;18;477
25;2025-11-01;19;405
25;2025-11-01;20;267
25;2025-11-01;21;227
25;2025-11-01;22;134
25;2025-11-01;23;42
25;2025-11-02;0;14
25;2025-11-02;1;3
25;2025-11-02;2;1
25;2025-11-02;3;1
25;2025-11-02;4;1
25;2025-11-02;5;7
25;2025-11-02;6;51
25;2025-11-02;7;112
25;2025-11-02;8;195
25;2025-11-02;9;212
25;2025-11-02;10;231
25;2025-11-02;11;298
25;2025-11-02;12;363
25;2025-11-02;13;430
25;2025-11-02;14;488
25;2025-11-02;15;539
25;2025-11-02;16;485
25;2025-11-02;17;444
25;2025-11-02;18;414
25;2025-11-02;19;321
25;2025-11-02;20;216
25;2025-11-02;21;168
25;2025-11-02;22;99
25;2025-11-02;23;22
25;2025-11-03;0;12
25;2025-11-03;1;2
25;2025-11-03;2;0
25;2025-11-03;3;0
25;2025-11-03;4;0
25;2025-11-03;5;4
25;2025-11-03;6;93
25;2025-11-03;7;278
25;2025-11-03;8;377
25;2025-11-03;9;284
25;2025-11-03;10;234
25;2025-11-03;11;272
25;2025-11-03;12;324
25;2025-11-03;13;407
25;2025-11-03;14;379
25;2025-11-03;15;421
25;2025-11-03;16;480
25;2025-11-03;17;468
25;2025-11-03;18;460
25;2025-11-03;19;355
25;2025-11-03;20;204
25;2025-11-03;21;140
25;2025-11-03;22;80
25;2025-11-03;23;19
25;2025-11-04;0;2
25;2025-11-04;1;2
25;2025-11-04;2;1
25;2025-11-04;3;1
25;2025-11-04;4;1
25;2025-11-04;5;6
25;2025-11-04;6;91
25;2025-11-04;7;258
25;2025-11-04;8;378
25;2025-11-04;9;278
25;2025-11-04;10;234
25;2025-11-04;11;289
25;2025-11-04;12;300
25;2025-11-04;13;359
25;2025-11-04;14;369
25;2025-11-04;15;428
25;2025-11-04;16;457
25;2025-11-04;17;444
25;2025-11-04;18;429
25;2025-11-04;19;361
25;2025-11-04;20;214
25;2025-11-04;21;130
25;2025-11-04;22;73
25;2025-11-04;23;12
25;2025-11-05;0;1
25;2025-11-05;1;1
25;2025-11-05;2;0
25;2025-11-05;3;0
25;2025-11-05;4;0
25;2025-11-05;5;8
25;2025-11-05;6;193
25;2025-11-05;7;498
25;2025-11-05;8;818
25;2025-11-05;9;488
25;2025-11-05;10;378
25;2025-11-05;11;412
25;2025-11-05;12;416
25;2025-11-05;13;523
25;2025-11-05;14;445
25;2025-11-05;15;542
25;2025-11-05;16;624
25;2025-11-05;17;702
25;2025-11-05;18;760
25;2025-11-05;19;505
25;2025-11-05;20;327
25;2025-11-05;21;224
25;2025-11-05;22;111
25;2025-11-05;23;3
25;2025-11-06;0;1
25;2025-11-06;1;1
25;2025-11-06;2;0
25;2025-11-06;3;0
25;2025-11-06;4;1
25;2025-11-06;5;11
25;2025-11-06;6;191
25;2025-11-06;7;484
25;2025-11-06;8;815
25;2025-11-06;9;453
25;2025-11-06;10;374
25;2025-11-06;11;385
25;2025-11-06;12;399
25;2025-11-06;13;472
25;2025-11-06;14;449
25;2025-11-06;15;517
25;2025-11-06;16;620
25;2025-11-06;17;695
25;2025-11-06;18;736
25;2025-11-06;19;479
25;2025-11-06;20;312
25;2025-11-06;21;218
25;2025-11-06;22;114
25;2025-11-06;23;12
25;2025-11-07;0;1
25;2025-11-07;1;2
25;2025-11-07;2;0
25;2025-11-07;3;0
25;2025-11-07;4;0
25;2025-11-07;5;12
25;2025-11-07;6;193
25;2025-11-07;7;481
25;2025-11-07;8;761
25;2025-11-07;9;441
25;2025-11-07;10;351
25;2025-11-07;11;403
25;2025-11-07;12;401
25;2025-11-07;13;492
25;2025-11-07;14;458
25;2025-11-07;15;535
25;2025-11-07;16;674
25;2025-11-07;17;684
25;2025-11-07;18;622
25;2025-11-07;19;428
25;2025-11-07;20;287
25;2025-11-07;21;216
25;2025-11-07;22;126
25;2025-11-07;23;14
25;2025-11-08;0;3
25;2025-11-08;1;0
25;2025-11-08;2;0
25;2025-11-08;3;0
25;2025-11-08;4;0
25;2025-11-08;5;4
25;2025-11-08;6;69
25;2025-11-08;7;135
25;2025-11-08;8;283
25;2025-11-08;9;277
25;2025-11-08;10;277
25;2025-11-08;11;350
25;2025-11-08;12;389
25;2025-11-08;13;483
25;2025-11-08;14;537
25;2025-11-08;15;573
25;2025-11-08;16;540
25;2025-11-08;17;467
25;2025-11-08;18;463
25;2025-11-08;19;396
25;2025-11-08;20;264
25;2025-11-08;21;226
25;2025-11-08;22;125
25;2025-11-08;23;32
25;2025-11-09;0;5
25;2025-11-09;1;0
25;2025-11-09;2;0
25;2025-11-09;3;0
25;2025-11-09;4;0
25;2025-11-09;5;3
25;2025-11-09;6;43
25;2025-11-09;7;98
25;2025-11-09;8;178
25;2025-11-09;9;190
25;2025-11-09;10;208
25;2025-11-09;11;268
25;2025-11-09;12;331
25;2025-11-09;13;397
25;2025-11-09;14;452
25;2025-11-09;15;497
25;2025-11-09;16;456
25;2025-11-09;17;415
25;2025-11-09;18;394
25;2025-11-09;19;303
25;2025-11-09;20;206
25;2025-11-09;21;159
25;2025-11-09;22;90
25;2025-11-09;23;12
25;2025-11-10;0;0
25;2025-11-10;1;0
25;2025-11-10;2;0
25;2025-11-10;3;0
25;2025-11-10;4;0
25;2025-11-10;5;3
25;2025-11-10;6;172
25;2025-11-10;7;479
25;2025-11-10;8;779
25;2025-11-10;9;435
25;2025-11-10;10;320
25;2025-11-10;11;351
25;2025-11-10;12;363
25;2025-11-10;13;473
25;2025-11-10;14;397
25;2025-11-10;15;453
25;2025-11-10;16;624
25;2025-11-10;17;682
25;2025-11-10;18;720
25;2025-11-10;19;452
25;2025-11-10;20;270
25;2025-11-10;21;177
25;2025-11-10;22;88
25;2025-11-10;23;2
25;2025-11-11;0;0
25;2025-11-11;1;0
25;2025-11-11;2;0
25;2025-11-11;3;0
25;2025-11-11;4;0
25;2025-11-11;5;4
25;2025-11-11;6;185
25;2025-11-11;7;498
25;2025-11-11;8;816
25;2025-11-11;9;460
25;2025-11-11;10;363
25;2025-11-11;11;405
25;2025-11-11;12;375
25;2025-11-11;13;461
25;2025-11-11;14;424
25;2025-11-11;15;504
25;2025-11-11;16;620
25;2025-11-11;17;674
25;2025-11-11;18;722
25;2025-11-11;19;493
25;2025-11-11;20;305
25;2025-11-11;21;184
25;2025-11-11;22;96
25;2025-11-11;23;3
25;2025-11-12;0;0
25;2025-11-12;1;0
25;2025-11-12;2;0
25;2025-11-12;3;0
25;2025-11-12;4;0
25;2025-11-12;5;2
25;2025-11-12;6;192
25;2025-11-12;7;490
25;2025-11-12;8;814
25;2025-11-12;9;480
25;2025-11-12;10;366
25;2025-11-12;11;403
25;2025-11-12;12;405
25;2025-11-12;13;512
25;2025-11-12;14;434
25;2025-11-12;15;538
25;2025-11-12;16;628
25;2025-11-12;17;706
25;2025-11-12;18;769
25;2025-11-12;19;513
25;2025-11-12;20;335
25;2025-11-12;21;228
25;2025-11-12;22;111
25;2025-11-12;23;2
25;2025-11-13;0;1
25;2025-11-13;1;1
25;2025-11-13;2;0
25;2025-11-13;3;0
25;2025-11-13;4;0
25;2025-11-13;5;6
25;2025-11-13;6;190
25;2025-11-13;7;493
25;2025-11-13;8;832
25;2025-11-13;9;461
25;2025-11-13;10;381
25;2025-11-13;11;394
25;2025-11-13;12;408
25;2025-11-13;13;481
25;2025-11-13;14;458
25;2025-11-13;15;534
25;2025-11-13;16;638
25;2025-11-13;17;715
25;2025-11-13;18;758
25;2025-11-13;19;489
25;2025-11-13;20;320
25;2025-11-13;21;222
25;2025-11-13;22;116
25;2025-11-13;23;4
25;2025-11-14;0;0
25;2025-11-14;1;1
25;2025-11-14;2;0
25;2025-11-14;3;0
25;2025-11-14;4;0
25;2025-11-14;5;5
25;2025-11-14;6;190
25;2025-11-14;7;485
25;2025-11-14;8;787
25;2025-11-14;9;447
25;2025-11-14;10;355
25;2025-11-14;11;411
25;2025-11-14;12;408
25;2025-11-14;13;504
25;2025-11-14;14;470
25;2025-11-14;15;556
25;2025-11-14;16;694
25;2025-11-14;17;703
25;2025-11-14;18;641
25;2025-11-14;19;438
25;2025-11-14;20;289
25;2025-11-14;21;215
25;2025-11-14;22;121
25;2025-11-14;23;5
25;2025-11-15;0;2
25;2025-11-15;1;0
25;2025-11-15;2;0
25;2025-11-15;3;0
25;2025-11-15;4;0
25;2025-11-15;5;3
25;2025-11-15;6;66
25;2025-11-15;7;138
25;2025-11-15;8;300
25;2025-11-15;9;291
25;2025-11-15;10;292
25;2025-11-15;11;368
25;2025-11-15;12;409
25;2025-11-15;13;505
25;2025-11-15;14;561
25;2025-11-15;15;604
25;2025-11-15;16;567
25;2025-11-15;17;489
25;2025-11-15;18;485
25;2025-11-15;19;412
25;2025-11-15;20;272
25;2025-11-15;21;235
25;2025-11-15;22;136
25;2025-11-15;23;41
25;2025-11-16;0;6
25;2025-11-16;1;0
25;2025-11-16;2;0
25;2025-11-16;3;0
25;2025-11-16;4;0
25;2025-11-16;5;3
25;2025-11-16;6;47
25;2025-11-16;7;102
25;2025-11-16;8;190
25;2025-11-16;9;202
25;2025-11-16;10;220
25;2025-11-16;11;283
25;2025-11-16;12;349
25;2025-11-16;13;419
25;2025-11-16;14;474
25;2025-11-16;15;531
25;2025-11-16;16;479
25;2025-11-16;17;439
25;2025-11-16;18;419
25;2025-11-16;19;323
25;2025-11-16;20;220
25;2025-11-16;21;171
25;2025-11-16;22;101
25;2025-11-16;23;19
25;2025-11-17;0;1
25;2025-11-17;1;0
25;2025-11-17;2;0
25;2025-11-17;3;0
25;2025-11-17;4;0
25;2025-11-17;5;1
25;2025-11-17;6;176
25;2025-11-17;7;489
25;2025-11-17;8;802
25;2025-11-17;9;457
25;2025-11-17;10;334
25;2025-11-17;11;369
25;2025-11-17;12;383
25;2025-11-17;13;495
25;2025-11-17;14;417
25;2025-11-17;15;480
25;2025-11-17;16;640
25;2025-11-17;17;696
25;2025-11-17;18;739
25;2025-11-17;19;469
25;2025-11-17;20;282
25;2025-11-17;21;185
25;2025-11-17;22;95
25;2025-11-17;23;3
25;2025-11-18;0;0
25;2025-11-18;1;0
25;2025-11-18;2;0
25;2025-11-18;3;0
25;2025-11-18;4;0
25;2025-11-18;5;4
25;2025-11-18;6;186
25;2025-11-18;7;503
25;2025-11-18;8;826
25;2025-11-18;9;472
25;2025-11-18;10;374
25;2025-11-18;11;417
25;2025-11-18;12;387
25;2025-11-18;13;474
25;2025-11-18;14;436
25;2025-11-18;15;515
25;2025-11-18;16;628
25;2025-11-18;17;680
25;2025-11-18;18;731
25;2025-11-18;19;501
25;2025-11-18;20;310
25;2025-11-18;21;188
25;2025-11-18;22;98
25;2025-11-18;23;2
25;2025-11-19;0;0
25;2025-11-19;1;0
25;2025-11-19;2;0
25;2025-11-19;3;0
25;2025-11-19;4;0
25;2025-11-19;5;2
25;2025-11-19;6;192
25;2025-11-19;7;492
25;2025-11-19;8;816
25;2025-11-19;9;487
25;2025-11-19;10;375
25;2025-11-19;11;412
25;2025-11-19;12;414
25;2025-11-19;13;521
25;2025-11-19;14;443
25;2025-11-19;15;545
25;2025-11-19;16;632
25;2025-11-19;17;709
25;2025-11-19;18;774
25;2025-11-19;19;518
25;2025-11-19;20;338
25;2025-11-19;21;230
25;2025-11-19;22;115
25;2025-11-19;23;3
25;2025-11-20;0;1
25;2025-11-20;1;1
25;2025-11-20;2;0
25;2025-11-20;3;0
25;2025-11-20;4;0
25;2025-11-20;5;4
25;2025-11-20;6;191
25;2025-11-20;7;494
25;2025-11-20;8;833
25;2025-11-20;9;468
25;2025-11-20;10;387
25;2025-11-20;11;402
25;2025-11-20;12;414
25;2025-11-20;13;489
25;2025-11-20;14;466
25;2025-11-20;15;539
25;2025-11-20;16;643
25;2025-11-20;17;718
25;2025-11-20;18;762
25;2025-11-20;19;495
25;2025-11-20;20;323
25;2025-11-20;21;223
25;2025-11-20;22;118
25;2025-11-20;23;5
25;2025-11-21;0;0
25;2025-11-21;1;1
25;2025-11-21;2;0
25;2025-11-21;3;0
25;2025-11-21;4;0
25;2025-11-21;5;6
25;2025-11-21;6;195
25;2025-11-21;7;489
25;2025-11-21;8;791
25;2025-11-21;9;453
25;2025-11-21;10;360
25;2025-11-21;11;416
25;2025-11-21;12;414
25;2025-11-21;13;509
25;2025-11-21;14;477
25;2025-11-21;15;561
25;2025-11-21;16;698
25;2025-11-21;17;707
25;2025-11-21;18;648
25;2025-11-21;19;446
25;2025-11-21;20;294
25;2025-11-21;21;216
25;2025-11-21;22;123
25;2025-11-21;23;5
25;2025-11-22;0;1
25;2025-11-22;1;1
25;2025-11-22;2;0
25;2025-11-22;3;0
25;2025-11-22;4;0
25;2025-11-22;5;3
25;2025-11-22;6;67
25;2025-11-22;7;139
25;2025-11-22;8;299
25;2025-11-22;9;293
25;2025-11-22;10;293
25;2025-11-22;11;368
25;2025-11-22;12;410
25;2025-11-22;13;493
25;2025-11-22;14;548
25;2025-11-22;15;585
25;2025-11-22;16;545
25;2025-11-22;17;474
25;2025-11-22;18;470
25;2025-11-22;19;405
25;2025-11-22;20;269
25;2025-11-22;21;232
25;2025-11-22;22;135
25;2025-11-22;23;39
25;2025-11-23;0;7
25;2025-11-23;1;1
25;2025-11-23;2;0
25;2025-11-23;3;0
25;2025-11-23;4;0
25;2025-11-23;5;3
25;2025-11-23;6;47
25;2025-11-23;7;101
25;2025-11-23;8;182
25;2025-11-23;9;200
25;2025-11-23;10;218
25;2025-11-23;11;280
25;2025-11-23;12;346
25;2025-11-23;13;412
25;2025-11-23;14;466
25;2025-11-23;15;514
25;2025-11-23;16;467
25;2025-11-23;17;427
25;2025-11-23;18;408
25;2025-11-23;19;317
25;2025-11-23;20;216
25;2025-11-23;21;170
25;2025-11-23;22;100
25;2025-11-23;23;20
25;2025-11-24;0;1
25;2025-11-24;1;1
25;2025-11-24;2;0
25;2025-11-24;3;0
25;2025-11-24;4;0
25;2025-11-24;5;2
25;2025-11-24;6;173
25;2025-11-24;7;480
25;2025-11-24;8;789
25;2025-11-24;9;455
25;2025-11-24;10;335
25;2025-11-24;11;370
25;2025-11-24;12;381
25;2025-11-24;13;491
25;2025-11-24;14;418
25;2025-11-24;15;475
25;2025-11-24;16;629
25;2025-11-24;17;685
25;2025-11-24;18;728
25;2025-11-24;19;467
25;2025-11-24;20;282
25;2025-11-24;21;187
25;2025-11-24;22;98
25;2025-11-24;23;4
25;2025-11-25;0;1
25;2025-11-25;1;0
25;2025-11-25;2;0
25;2025-11-25;3;0
25;2025-11-25;4;0
25;2025-11-25;5;7
25;2025-11-25;6;188
25;2025-11-25;7;499
25;2025-11-25;8;816
25;2025-11-25;9;473
25;2025-11-25;10;376
25;2025-11-25;11;418
25;2025-11-25;12;388
25;2025-11-25;13;475
25;2025-11-25;14;437
25;2025-11-25;15;510
25;2025-11-25;16;621
25;2025-11-25;17;673
25;2025-11-25;18;725
25;2025-11-25;19;497
25;2025-11-25;20;314
25;2025-11-25;21;192
25;2025-11-25;22;103
25;2025-11-25;23;3
25;2025-11-26;0;0
25;2025-11-26;1;0
25;2025-11-26;2;0
25;2025-11-26;3;0
25;2025-11-26;4;0
25;2025-11-26;5;6
25;2025-11-26;6;192
25;2025-11-26;7;487
25;2025-11-26;8;802
25;2025-11-26;9;481
25;2025-11-26;10;375
25;2025-11-26;11;408
25;2025-11-26;12;410
25;2025-11-26;13;514
25;2025-11-26;14;438
25;2025-11-26;15;529
25;2025-11-26;16;619
25;2025-11-26;17;695
25;2025-11-26;18;759
25;2025-11-26;19;504
25;2025-11-26;20;332
25;2025-11-26;21;227
25;2025-11-26;22;112
25;2025-11-26;23;3
25;2025-11-27;0;1
25;2025-11-27;1;0
25;2025-11-27;2;0
25;2025-11-27;3;0
25;2025-11-27;4;0
25;2025-11-27;5;9
25;2025-11-27;6;189
25;2025-11-27;7;486
25;2025-11-27;8;817
25;2025-11-27;9;459
25;2025-11-27;10;379
25;2025-11-27;11;393
25;2025-11-27;12;406
25;2025-11-27;13;478
25;2025-11-27;14;454
25;2025-11-27;15;522
25;2025-11-27;16;628
25;2025-11-27;17;704
25;2025-11-27;18;748
25;2025-11-27;19;486
25;2025-11-27;20;320
25;2025-11-27;21;222
25;2025-11-27;22;118
25;2025-11-27;23;9
25;2025-11-28;0;0
25;2025-11-28;1;1
25;2025-11-28;2;0
25;2025-11-28;3;0
25;2025-11-28;4;0
25;2025-11-28;5;10
25;2025-11-28;6;194
25;2025-11-28;7;485
25;2025-11-28;8;777
25;2025-11-28;9;449
25;2025-11-28;10;359
25;2025-11-28;11;410
25;2025-11-28;12;408
25;2025-11-28;13;500
25;2025-11-28;14;468
25;2025-11-28;15;544
25;2025-11-28;16;681
25;2025-11-28;17;693
25;2025-11-28;18;634
25;2025-11-28;19;438
25;2025-11-28;20;292
25;2025-11-28;21;213
25;2025-11-28;22;120
25;2025-11-28;23;7
25;2025-11-29;0;1
25;2025-11-29;1;0
25;2025-11-29;2;0
25;2025-11-29;3;0
25;2025-11-29;4;0
25;2025-11-29;5;3
25;2025-11-29;6;65
25;2025-11-29;7;136
25;2025-11-29;8;290
25;2025-11-29;9;288
25;2025-11-29;10;289
25;2025-11-29;11;362
25;2025-11-29;12;402
25;2025-11-29;13;494
25;2025-11-29;14;548
25;2025-11-29;15;585
25;2025-11-29;16;548
25;2025-11-29;17;474
25;2025-11-29;18;470
25;2025-11-29;19;406
25;2025-11-29;20;270
25;2025-11-29;21;234
25;2025-11-29;22;139
25;2025-11-29;23;44
25;2025-11-30;0;13
25;2025-11-30;1;1
25;2025-11-30;2;0
25;2025-11-30;3;0
25;2025-11-30;4;0
25;2025-11-30;5;4
25;2025-11-30;6;50
25;2025-11-30;7;107
25;2025-11-30;8;189
25;2025-11-30;9;206
25;2025-11-30;10;224
25;2025-11-30;11;286
25;2025-11-30;12;352
25;2025-11-30;13;417
25;2025-11-30;14;471
25;2025-11-30;15;520
25;2025-11-30;16;471
25;2025-11-30;17;431
25;2025-11-30;18;412
25;2025-11-30;19;323
25;2025-11-30;20;222
25;2025-11-30;21;175
25;2025-11-30;22;105
25;2025-11-30;23;26
25;2025-12-01;0;4
25;2025-12-01;1;0
25;2025-12-01;2;0
25;2025-12-01;3;0
25;2025-12-01;4;0
25;2025-12-01;5;6
25;2025-12-01;6;178
25;2025-12-01;7;480
25;2025-12-01;8;782
25;2025-12-01;9;445
25;2025-12-01;10;331
25;2025-12-01;11;364
25;2025-12-01;12;376
25;2025-12-01;13;485
25;2025-12-01;14;410
25;2025-12-01;15;466
25;2025-12-01;16;623
25;2025-12-01;17;679
25;2025-12-01;18;725
25;2025-12-01;19;463
25;2025-12-01;20;283
25;2025-12-01;21;189
25;2025-12-01;22;101
25;2025-12-01;23;6
25;2025-12-02;0;3
25;2025-12-02;1;3
25;2025-12-02;2;0
25;2025-12-02;3;0
25;2025-12-02;4;0
25;2025-12-02;5;9
25;2025-12-02;6;190
25;2025-12-02;7;493
25;2025-12-02;8;813
25;2025-12-02;9;460
25;2025-12-02;10;367
25;2025-12-02;11;407
25;2025-12-02;12;379
25;2025-12-02;13;464
25;2025-12-02;14;428
25;2025-12-02;15;499
25;2025-12-02;16;611
25;2025-12-02;17;664
25;2025-12-02;18;727
25;2025-12-02;19;490
25;2025-12-02;20;311
25;2025-12-02;21;191
25;2025-12-02;22;103
25;2025-12-02;23;2
25;2025-12-03;0;1
25;2025-12-03;1;1
25;2025-12-03;2;0
25;2025-12-03;3;0
25;2025-12-03;4;0
25;2025-12-03;5;6
25;2025-12-03;6;194
25;2025-12-03;7;486
25;2025-12-03;8;803
25;2025-12-03;9;481
25;2025-12-03;10;374
25;2025-12-03;11;407
25;2025-12-03;12;408
25;2025-12-03;13;514
25;2025-12-03;14;438
25;2025-12-03;15;531
25;2025-12-03;16;619
25;2025-12-03;17;695
25;2025-12-03;18;761
25;2025-12-03;19;503
25;2025-12-03;20;332
25;2025-12-03;21;231
25;2025-12-03;22;116
25;2025-12-03;23;3
25;2025-12-04;0;1
25;2025-12-04;1;0
25;2025-12-04;2;0
25;2025-12-04;3;0
25;2025-12-04;4;0
25;2025-12-04;5;10
25;2025-12-04;6;192
25;2025-12-04;7;482
25;2025-12-04;8;815
25;2025-12-04;9;455
25;2025-12-04;10;375
25;2025-12-04;11;387
25;2025-12-04;12;400
25;2025-12-04;13;472
25;2025-12-04;14;449
25;2025-12-04;15;518
25;2025-12-04;16;622
25;2025-12-04;17;699
25;2025-12-04;18;745
25;2025-12-04;19;480
25;2025-12-04;20;317
25;2025-12-04;21;224
25;2025-12-04;22;121
25;2025-12-04;23;10
25;2025-12-05;0;0
25;2025-12-05;1;1
25;2025-12-05;2;0
25;2025-12-05;3;0
25;2025-12-05;4;0
25;2025-12-05;5;11
25;2025-12-05;6;198
25;2025-12-05;7;486
25;2025-12-05;8;780
25;2025-12-05;9;450
25;2025-12-05;10;360
25;2025-12-05;11;410
25;2025-12-05;12;408
25;2025-12-05;13;501
25;2025-12-05;14;469
25;2025-12-05;15;545
25;2025-12-05;16;684
25;2025-12-05;17;695
25;2025-12-05;18;635
25;2025-12-05;19;439
25;2025-12-05;20;295
25;2025-12-05;21;219
25;2025-12-05;22;127
25;2025-12-05;23;11
25;2025-12-06;0;2
25;2025-12-06;1;1
25;2025-12-06;2;0
25;2025-12-06;3;0
25;2025-12-06;4;0
25;2025-12-06;5;5
25;2025-12-06;6;71
25;2025-12-06;7;141
25;2025-12-06;8;293
25;2025-12-06;9;290
25;2025-12-06;10;291
25;2025-12-06;11;362
25;2025-12-06;12;402
25;2025-12-06;13;493
25;2025-12-06;14;547
25;2025-12-06;15;584
25;2025-12-06;16;547
25;2025-12-06;17;474
25;2025-12-06;18;469
25;2025-12-06;19;405
25;2025-12-06;20;272
25;2025-12-06;21;236
25;2025-12-06;22;141
25;2025-12-06;23;47
25;2025-12-07;0;14
25;2025-12-07;1;1
25;2025-12-07;2;0
25;2025-12-07;3;0
25;2025-12-07;4;0
25;2025-12-07;5;5
25;2025-12-07;6;55
25;2025-12-07;7;109
25;2025-12-07;8;189
25;2025-12-07;9;205
25;2025-12-07;10;224
25;2025-12-07;11;286
25;2025-12-07;12;349
25;2025-12-07;13;414
25;2025-12-07;14;468
25;2025-12-07;15;516
25;2025-12-07;16;471
25;2025-12-07;17;430
25;2025-12-07;18;409
25;2025-12-07;19;321
25;2025-12-07;20;223
25;2025-12-07;21;178
25;2025-12-07;22;107
25;2025-12-07;23;28
25;2025-12-08;0;6
25;2025-12-08;1;0
25;2025-12-08;2;0
25;2025-12-08;3;0
25;2025-12-08;4;0
25;2025-12-08;5;6
25;2025-12-08;6;185
25;2025-12-08;7;487
25;2025-12-08;8;790
25;2025-12-08;9;454
25;2025-12-08;10;339
25;2025-12-08;11;370
25;2025-12-08;12;382
25;2025-12-08;13;491
25;2025-12-08;14;417
25;2025-12-08;15;471
25;2025-12-08;16;628
25;2025-12-08;17;685
25;2025-12-08;18;728
25;2025-12-08;19;468
25;2025-12-08;20;289
25;2025-12-08;21;194
25;2025-12-08;22;105
25;2025-12-08;23;5
25;2025-12-09;0;1
25;2025-12-09;1;0
25;2025-12-09;2;0
25;2025-12-09;3;0
25;2025-12-09;4;0
25;2025-12-09;5;9
25;2025-12-09;6;197
25;2025-12-09;7;501
25;2025-12-09;8;819
25;2025-12-09;9;472
25;2025-12-09;10;377
25;2025-12-09;11;417
25;2025-12-09;12;387
25;2025-12-09;13;474
25;2025-12-09;14;438
25;2025-12-09;15;508
25;2025-12-09;16;620
25;2025-12-09;17;675
25;2025-12-09;18;728
25;2025-12-09;19;498
25;2025-12-09;20;317
25;2025-12-09;21;199
25;2025-12-09;22;112
25;2025-12-09;23;5
25;2025-12-10;0;1
25;2025-12-10;1;1
25;2025-12-10;2;0
25;2025-12-10;3;0
25;2025-12-10;4;0
25;2025-12-10;5;10
25;2025-12-10;6;202
25;2025-12-10;7;492
25;2025-12-10;8;806
25;2025-12-10;9;485
25;2025-12-10;10;376
25;2025-12-10;11;410
25;2025-12-10;12;411
25;2025-12-10;13;517
25;2025-12-10;14;440
25;2025-12-10;15;532
25;2025-12-10;16;622
25;2025-12-10;17;699
25;2025-12-10;18;761
25;2025-12-10;19;506
25;2025-12-10;20;335
25;2025-12-10;21;235
25;2025-12-10;22;120
25;2025-12-10;23;3
25;2025-12-11;0;1
25;2025-12-11;1;1
25;2025-12-11;2;0
25;2025-12-11;3;0
25;2025-12-11;4;1
25;2025-12-11;5;14
25;2025-12-11;6;197
25;2025-12-11;7;485
25;2025-12-11;8;816
25;2025-12-11;9;455
25;2025-12-11;10;375
25;2025-12-11;11;388
25;2025-12-11;12;401
25;2025-12-11;13;474
25;2025-12-11;14;449
25;2025-12-11;15;519
25;2025-12-11;16;622
25;2025-12-11;17;699
25;2025-12-11;18;743
25;2025-12-11;19;481
25;2025-12-11;20;322
25;2025-12-11;21;228
25;2025-12-11;22;126
25;2025-12-11;23;13
25;2025-12-12;0;3
25;2025-12-12;1;1
25;2025-12-12;2;0
25;2025-12-12;3;0
25;2025-12-12;4;0
25;2025-12-12;5;15
25;2025-12-12;6;202
25;2025-12-12;7;487
25;2025-12-12;8;780
25;2025-12-12;9;449
25;2025-12-12;10;359
25;2025-12-12;11;409
25;2025-12-12;12;407
25;2025-12-12;13;501
25;2025-12-12;14;466
25;2025-12-12;15;545
25;2025-12-12;16;683
25;2025-12-12;17;691
25;2025-12-12;18;633
25;2025-12-12;19;438
25;2025-12-12;20;299
25;2025-12-12;21;223
25;2025-12-12;22;132
25;2025-12-12;23;15
25;2025-12-13;0;3
25;2025-12-13;1;1
25;2025-12-13;2;0
25;2025-12-13;3;0
25;2025-12-13;4;0
25;2025-12-13;5;8
25;2025-12-13;6;76
25;2025-12-13;7;142
25;2025-12-13;8;293
25;2025-12-13;9;291
25;2025-12-13;10;292
25;2025-12-13;11;361
25;2025-12-13;12;398
25;2025-12-13;13;491
25;2025-12-13;14;543
25;2025-12-13;15;582
25;2025-12-13;16;546
25;2025-12-13;17;471
25;2025-12-13;18;467
25;2025-12-13;19;405
25;2025-12-13;20;275
25;2025-12-13;21;238
25;2025-12-13;22;145
25;2025-12-13;23;50
25;2025-12-14;0;15
25;2025-12-14;1;1
25;2025-12-14;2;0
25;2025-12-14;3;0
25;2025-12-14;4;0
25;2025-12-14;5;9
25;2025-12-14;6;59
25;2025-12-14;7;110
25;2025-12-14;8;191
25;2025-12-14;9;208
25;2025-12-14;10;226
25;2025-12-14;11;288
25;2025-12-14;12;349
25;2025-12-14;13;416
25;2025-12-14;14;466
25;2025-12-14;15;520
25;2025-12-14;16;471
25;2025-12-14;17;429
25;2025-12-14;18;409
25;2025-12-14;19;323
25;2025-12-14;20;227
25;2025-12-14;21;181
25;2025-12-14;22;111
25;2025-12-14;23;32
25;2025-12-15;0;9
25;2025-12-15;1;1
25;2025-12-15;2;0
25;2025-12-15;3;0
25;2025-12-15;4;0
25;2025-12-15;5;9
25;2025-12-15;6;188
25;2025-12-15;7;490
25;2025-12-15;8;796
25;2025-12-15;9;453
25;2025-12-15;10;340
25;2025-12-15;11;371
25;2025-12-15;12;383
25;2025-12-15;13;493
25;2025-12-15;14;415
25;2025-12-15;15;474
25;2025-12-15;16;634
25;2025-12-15;17;688
25;2025-12-15;18;731
25;2025-12-15;19;467
25;2025-12-15;20;293
25;2025-12-15;21;196
25;2025-12-15;22;109
25;2025-12-15;23;8
25;2025-12-16;0;2
25;2025-12-16;1;0
25;2025-12-16;2;0
25;2025-12-16;3;0
25;2025-12-16;4;0
25;2025-12-16;5;12
25;2025-12-16;6;197
25;2025-12-16;7;501
25;2025-12-16;8;821
25;2025-12-16;9;469
25;2025-12-16;10;378
25;2025-12-16;11;417
25;2025-12-16;12;387
25;2025-12-16;13;473
25;2025-12-16;14;435
25;2025-12-16;15;507
25;2025-12-16;16;619
25;2025-12-16;17;673
25;2025-12-16;18;725
25;2025-12-16;19;494
25;2025-12-16;20;319
25;2025-12-16;21;200
25;2025-12-16;22;113
25;2025-12-16;23;7
25;2025-12-17;0;1
25;2025-12-17;1;0
25;2025-12-17;2;0
25;2025-12-17;3;0
25;2025-12-17;4;0
25;2025-12-17;5;12
25;2025-12-17;6;201
25;2025-12-17;7;490
25;2025-12-17;8;804
25;2025-12-17;9;479
25;2025-12-17;10;374
25;2025-12-17;11;406
25;2025-12-17;12;408
25;2025-12-17;13;511
25;2025-12-17;14;432
25;2025-12-17;15;525
25;2025-12-17;16;615
25;2025-12-17;17;692
25;2025-12-17;18;755
25;2025-12-17;19;500
25;2025-12-17;20;335
25;2025-12-17;21;234
25;2025-12-17;22;121
25;2025-12-17;23;5
25;2025-12-18;0;1
25;2025-12-18;1;1
25;2025-12-18;2;0
25;2025-12-18;3;0
25;2025-12-18;4;1
25;2025-12-18;5;14
25;2025-12-18;6;195
25;2025-12-18;7;486
25;2025-12-18;8;817
25;2025-12-18;9;455
25;2025-12-18;10;376
25;2025-12-18;11;389
25;2025-12-18;12;401
25;2025-12-18;13;473
25;2025-12-18;14;448
25;2025-12-18;15;518
25;2025-12-18;16;621
25;2025-12-18;17;698
25;2025-12-18;18;743
25;2025-12-18;19;482
25;2025-12-18;20;325
25;2025-12-18;21;228
25;2025-12-18;22;127
25;2025-12-18;23;14
25;2025-12-19;0;2
25;2025-12-19;1;1
25;2025-12-19;2;1
25;2025-12-19;3;1
25;2025-12-19;4;1
25;2025-12-19;5;15
25;2025-12-19;6;194
25;2025-12-19;7;480
25;2025-12-19;8;774
25;2025-12-19;9;442
25;2025-12-19;10;352
25;2025-12-19;11;404
25;2025-12-19;12;402
25;2025-12-19;13;494
25;2025-12-19;14;460
25;2025-12-19;15;539
25;2025-12-19;16;676
25;2025-12-19;17;686
25;2025-12-19;18;628
25;2025-12-19;19;432
25;2025-12-19;20;296
25;2025-12-19;21;217
25;2025-12-19;22;127
25;2025-12-19;23;14
25;2025-12-20;0;3
25;2025-12-20;1;0
25;2025-12-20;2;0
25;2025-12-20;3;0
25;2025-12-20;4;0
25;2025-12-20;5;7
25;2025-12-20;6;69
25;2025-12-20;7;138
25;2025-12-20;8;287
25;2025-12-20;9;286
25;2025-12-20;10;284
25;2025-12-20;11;359
25;2025-12-20;12;398
25;2025-12-20;13;489
25;2025-12-20;14;542
25;2025-12-20;15;580
25;2025-12-20;16;545
25;2025-12-20;17;470
25;2025-12-20;18;467
25;2025-12-20;19;404
25;2025-12-20;20;273
25;2025-12-20;21;236
25;2025-12-20;22;140
25;2025-12-20;23;48
25;2025-12-21;0;16
25;2025-12-21;1;0
25;2025-12-21;2;0
25;2025-12-21;3;0
25;2025-12-21;4;0
25;2025-12-21;5;9
25;2025-12-21;6;55
25;2025-12-21;7;106
25;2025-12-21;8;187
25;2025-12-21;9;201
25;2025-12-21;10;219
25;2025-12-21;11;284
25;2025-12-21;12;354
25;2025-12-21;13;423
25;2025-12-21;14;471
25;2025-12-21;15;522
25;2025-12-21;16;477
25;2025-12-21;17;437
25;2025-12-21;18;418
25;2025-12-21;19;327
25;2025-12-21;20;225
25;2025-12-21;21;177
25;2025-12-21;22;108
25;2025-12-21;23;29
25;2025-12-22;0;9
25;2025-12-22;1;1
25;2025-12-22;2;1
25;2025-12-22;3;1
25;2025-12-22;4;1
25;2025-12-22;5;10
25;2025-12-22;6;176
25;2025-12-22;7;480
25;2025-12-22;8;777
25;2025-12-22;9;443
25;2025-12-22;10;329
25;2025-12-22;11;361
25;2025-12-22;12;376
25;2025-12-22;13;484
25;2025-12-22;14;408
25;2025-12-22;15;464
25;2025-12-22;16;620
25;2025-12-22;17;674
25;2025-12-22;18;719
25;2025-12-22;19;456
25;2025-12-22;20;287
25;2025-12-22;21;192
25;2025-12-22;22;107
25;2025-12-22;23;13
25;2025-12-23;0;3
25;2025-12-23;1;1
25;2025-12-23;2;0
25;2025-12-23;3;0
25;2025-12-23;4;0
25;2025-12-23;5;12
25;2025-12-23;6;182
25;2025-12-23;7;483
25;2025-12-23;8;791
25;2025-12-23;9;454
25;2025-12-23;10;360
25;2025-12-23;11;401
25;2025-12-23;12;374
25;2025-12-23;13;458
25;2025-12-23;14;422
25;2025-12-23;15;489
25;2025-12-23;16;598
25;2025-12-23;17;652
25;2025-12-23;18;705
25;2025-12-23;19;480
25;2025-12-23;20;312
25;2025-12-23;21;193
25;2025-12-23;22;109
25;2025-12-23;23;7
25;2025-12-24;0;1
25;2025-12-24;1;1
25;2025-12-24;2;0
25;2025-12-24;3;0
25;2025-12-24;4;0
25;2025-12-24;5;11
25;2025-12-24;6;175
25;2025-12-24;7;471
25;2025-12-24;8;775
25;2025-12-24;9;462
25;2025-12-24;10;358
25;2025-12-24;11;395
25;2025-12-24;12;399
25;2025-12-24;13;498
25;2025-12-24;14;423
25;2025-12-24;15;511
25;2025-12-24;16;597
25;2025-12-24;17;672
25;2025-12-24;18;738
25;2025-12-24;19;485
25;2025-12-24;20;327
25;2025-12-24;21;227
25;2025-12-24;22;116
25;2025-12-24;23;4
25;2025-12-25;0;2
25;2025-12-25;1;1
25;2025-12-25;2;0
25;2025-12-25;3;0
25;2025-12-25;4;0
25;2025-12-25;5;14
25;2025-12-25;6;174
25;2025-12-25;7;474
25;2025-12-25;8;799
25;2025-12-25;9;446
25;2025-12-25;10;365
25;2025-12-25;11;379
25;2025-12-25;12;394
25;2025-12-25;13;463
25;2025-12-25;14;439
25;2025-12-25;15;504
25;2025-12-25;16;604
25;2025-12-25;17;679
25;2025-12-25;18;731
25;2025-12-25;19;471
25;2025-12-25;20;321
25;2025-12-25;21;225
25;2025-12-25;22;125
25;2025-12-25;23;17
25;2025-12-26;0;5
25;2025-12-26;1;1
25;2025-12-26;2;0
25;2025-12-26;3;0
25;2025-12-26;4;0
25;2025-12-26;5;16
25;2025-12-26;6;180
25;2025-12-26;7;477
25;2025-12-26;8;767
25;2025-12-26;9;442
25;2025-12-26;10;352
25;2025-12-26;11;402
25;2025-12-26;12;402
25;2025-12-26;13;491
25;2025-12-26;14;461
25;2025-12-26;15;533
25;2025-12-26;16;656
25;2025-12-26;17;674
25;2025-12-26;18;620
25;2025-12-26;19;429
25;2025-12-26;20;297
25;2025-12-26;21;217
25;2025-12-26;22;128
25;2025-12-26;23;16
25;2025-12-27;0;6
25;2025-12-27;1;2
25;2025-12-27;2;0
25;2025-12-27;3;0
25;2025-12-27;4;0
25;2025-12-27;5;8
25;2025-12-27;6;67
25;2025-12-27;7;132
25;2025-12-27;8;279
25;2025-12-27;9;276
25;2025-12-27;10;274
25;2025-12-27;11;347
25;2025-12-27;12;386
25;2025-12-27;13;478
25;2025-12-27;14;530
25;2025-12-27;15;567
25;2025-12-27;16;535
25;2025-12-27;17;464
25;2025-12-27;18;463
25;2025-12-27;19;402
25;2025-12-27;20;274
25;2025-12-27;21;237
25;2025-12-27;22;143
25;2025-12-27;23;52
25;2025-12-28;0;19
25;2025-12-28;1;2
25;2025-12-28;2;0
25;2025-12-28;3;0
25;2025-12-28;4;0
25;2025-12-28;5;7
25;2025-12-28;6;52
25;2025-12-28;7;97
25;2025-12-28;8;171
25;2025-12-28;9;185
25;2025-12-28;10;201
25;2025-12-28;11;267
25;2025-12-28;12;337
25;2025-12-28;13;404
25;2025-12-28;14;454
25;2025-12-28;15;503
25;2025-12-28;16;460
25;2025-12-28;17;423
25;2025-12-28;18;405
25;2025-12-28;19;312
25;2025-12-28;20;219
25;2025-12-28;21;177
25;2025-12-28;22;110
25;2025-12-28;23;32
25;2025-12-29;0;11
25;2025-12-29;1;2
25;2025-12-29;2;1
25;2025-12-29;3;1
25;2025-12-29;4;0
25;2025-12-29;5;4
25;2025-12-29;6;151
25;2025-12-29;7;448
25;2025-12-29;8;722
25;2025-12-29;9;405
25;2025-12-29;10;296
25;2025-12-29;11;322
25;2025-12-29;12;337
25;2025-12-29;13;439
25;2025-12-29;14;370
25;2025-12-29;15;426
25;2025-12-29;16;571
25;2025-12-29;17;629
25;2025-12-29;18;677
25;2025-12-29;19;426
25;2025-12-29;20;271
25;2025-12-29;21;182
25;2025-12-29;22;103
25;2025-12-29;23;15
25;2025-12-30;0;4
25;2025-12-30;1;5
25;2025-12-30;2;1
25;2025-12-30;3;1
25;2025-12-30;4;1
25;2025-12-30;5;5
25;2025-12-30;6;130
25;2025-12-30;7;360
25;2025-12-30;8;605
25;2025-12-30;9;351
25;2025-12-30;10;260
25;2025-12-30;11;302
25;2025-12-30;12;280
25;2025-12-30;13;366
25;2025-12-30;14;333
25;2025-12-30;15;388
25;2025-12-30;16;465
25;2025-12-30;17;525
25;2025-12-30;18;580
25;2025-12-30;19;391
25;2025-12-30;20;251
25;2025-12-30;21;166
25;2025-12-30;22;87
25;2025-12-30;23;5
25;2025-12-31;0;4
25;2025-12-31;1;3
25;2025-12-31;2;1
25;2025-12-31;3;1
25;2025-12-31;4;2
25;2025-12-31;5;0
25;2025-12-31;6;38
25;2025-12-31;7;112
25;2025-12-31;8;171
25;2025-12-31;9;154
25;2025-12-31;10;122
25;2025-12-31;11;150
25;2025-12-31;12;191
25;2025-12-31;13;236
25;2025-12-31;14;241
25;2025-12-31;15;283
25;2025-12-31;16;289
25;2025-12-31;17;297
25;2025-12-31;18;323
25;2025-12-31;19;237
25;2025-12-31;20;151
25;2025-12-31;21;120
25;2025-12-31;22;58
25;2025-12-31;23;12
26;2025-11-01;0;45
26;2025-11-01;1;1
26;2025-11-01;2;2
26;2025-11-01;3;2
26;2025-11-01;4;1
26;2025-11-01;5;47
26;2025-11-01;6;282
26;2025-11-01;7;381
26;2025-11-01;8;578
26;2025-11-01;9;650
26;2025-11-01;10;763
26;2025-11-01;11;947
26;2025-11-01;12;951
26;2025-11-01;13;985
26;2025-11-01;14;963
26;2025-11-01;15;934
26;2025-11-01;16;921
26;2025-11-01;17;891
26;2025-11-01;18;860
26;2025-11-01;19;746
26;2025-11-01;20;520
26;2025-11-01;21;385
26;2025-11-01;22;235
26;2025-11-01;23;148
26;2025-11-02;0;43
26;2025-11-02;1;6
26;2025-11-02;2;4
26;2025-11-02;3;3
26;2025-11-02;4;2
26;2025-11-02;5;29
26;2025-11-02;6;175
26;2025-11-02;7;283
26;2025-11-02;8;411
26;2025-11-02;9;527
26;2025-11-02;10;615
26;2025-11-02;11;764
26;2025-11-02;12;821
26;2025-11-02;13;864
26;2025-11-02;14;838
26;2025-11-02;15;767
26;2025-11-02;16;761
26;2025-11-02;17;750
26;2025-11-02;18;662
26;2025-11-02;19;583
26;2025-11-02;20;426
26;2025-11-02;21;305
26;2025-11-02;22;193
26;2025-11-02;23;100
26;2025-11-03;0;32
26;2025-11-03;1;3
26;2025-11-03;2;1
26;2025-11-03;3;1
26;2025-11-03;4;1
26;2025-11-03;5;32
26;2025-11-03;6;291
26;2025-11-03;7;473
26;2025-11-03;8;463
26;2025-11-03;9;567
26;2025-11-03;10;710
26;2025-11-03;11;799
26;2025-11-03;12;819
26;2025-11-03;13;835
26;2025-11-03;14;829
26;2025-11-03;15;781
26;2025-11-03;16;757
26;2025-11-03;17;726
26;2025-11-03;18;686
26;2025-11-03;19;731
26;2025-11-03;20;493
26;2025-11-03;21;335
26;2025-11-03;22;192
26;2025-11-03;23;85
26;2025-11-04;0;28
26;2025-11-04;1;2
26;2025-11-04;2;1
26;2025-11-04;3;2
26;2025-11-04;4;2
26;2025-11-04;5;28
26;2025-11-04;6;285
26;2025-11-04;7;456
26;2025-11-04;8;462
26;2025-11-04;9;550
26;2025-11-04;10;683
26;2025-11-04;11;788
26;2025-11-04;12;811
26;2025-11-04;13;813
26;2025-11-04;14;809
26;2025-11-04;15;773
26;2025-11-04;16;729
26;2025-11-04;17;692
26;2025-11-04;18;642
26;2025-11-04;19;689
26;2025-11-04;20;474
26;2025-11-04;21;333
26;2025-11-04;22;181
26;2025-11-04;23;82
26;2025-11-05;0;21
26;2025-11-05;1;1
26;2025-11-05;2;0
26;2025-11-05;3;0
26;2025-11-05;4;2
26;2025-11-05;5;80
26;2025-11-05;6;485
26;2025-11-05;7;1033
26;2025-11-05;8;2037
26;2025-11-05;9;1398
26;2025-11-05;10;1175
26;2025-11-05;11;1051
26;2025-11-05;12;1094
26;2025-11-05;13;1155
26;2025-11-05;14;1206
26;2025-11-05;15;1280
26;2025-11-05;16;1422
26;2025-11-05;17;1607
26;2025-11-05;18;1762
26;2025-11-05;19;1206
26;2025-11-05;20;756
26;2025-11-05;21;481
26;2025-11-05;22;241
26;2025-11-05;23;126
26;2025-11-06;0;27
26;2025-11-06;1;1
26;2025-11-06;2;1
26;2025-11-06;3;1
26;2025-11-06;4;3
26;2025-11-06;5;86
26;2025-11-06;6;500
26;2025-11-06;7;1011
26;2025-11-06;8;2009
26;2025-11-06;9;1383
26;2025-11-06;10;1147
26;2025-11-06;11;1033
26;2025-11-06;12;1066
26;2025-11-06;13;1117
26;2025-11-06;14;1169
26;2025-11-06;15;1252
26;2025-11-06;16;1417
26;2025-11-06;17;1626
26;2025-11-06;18;1781
26;2025-11-06;19;1199
26;2025-11-06;20;738
26;2025-11-06;21;474
26;2025-11-06;22;245
26;2025-11-06;23;133
26;2025-11-07;0;30
26;2025-11-07;1;1
26;2025-11-07;2;0
26;2025-11-07;3;1
26;2025-11-07;4;4
26;2025-11-07;5;84
26;2025-11-07;6;487
26;2025-11-07;7;980
26;2025-11-07;8;1939
26;2025-11-07;9;1340
26;2025-11-07;10;1124
26;2025-11-07;11;1015
26;2025-11-07;12;1050
26;2025-11-07;13;1106
26;2025-11-07;14;1161
26;2025-11-07;15;1276
26;2025-11-07;16;1517
26;2025-11-07;17;1626
26;2025-11-07;18;1492
26;2025-11-07;19;1081
26;2025-11-07;20;687
26;2025-11-07;21;443
26;2025-11-07;22;241
26;2025-11-07;23;155
26;2025-11-08;0;44
26;2025-11-08;1;0
26;2025-11-08;2;0
26;2025-11-08;3;0
26;2025-11-08;4;0
26;2025-11-08;5;46
26;2025-11-08;6;278
26;2025-11-08;7;361
26;2025-11-08;8;552
26;2025-11-08;9;621
26;2025-11-08;10;721
26;2025-11-08;11;891
26;2025-11-08;12;900
26;2025-11-08;13;926
26;2025-11-08;14;906
26;2025-11-08;15;882
26;2025-11-08;16;875
26;2025-11-08;17;845
26;2025-11-08;18;826
26;2025-11-08;19;730
26;2025-11-08;20;511
26;2025-11-08;21;380
26;2025-11-08;22;226
26;2025-11-08;23;139
26;2025-11-09;0;32
26;2025-11-09;1;2
26;2025-11-09;2;0
26;2025-11-09;3;0
26;2025-11-09;4;1
26;2025-11-09;5;19
26;2025-11-09;6;167
26;2025-11-09;7;261
26;2025-11-09;8;390
26;2025-11-09;9;500
26;2025-11-09;10;579
26;2025-11-09;11;701
26;2025-11-09;12;756
26;2025-11-09;13;799
26;2025-11-09;14;773
26;2025-11-09;15;706
26;2025-11-09;16;710
26;2025-11-09;17;695
26;2025-11-09;18;621
26;2025-11-09;19;566
26;2025-11-09;20;410
26;2025-11-09;21;290
26;2025-11-09;22;184
26;2025-11-09;23;91
26;2025-11-10;0;11
26;2025-11-10;1;0
26;2025-11-10;2;0
26;2025-11-10;3;1
26;2025-11-10;4;0
26;2025-11-10;5;71
26;2025-11-10;6;488
26;2025-11-10;7;998
26;2025-11-10;8;1969
26;2025-11-10;9;1357
26;2025-11-10;10;1118
26;2025-11-10;11;992
26;2025-11-10;12;1027
26;2025-11-10;13;1079
26;2025-11-10;14;1127
26;2025-11-10;15;1204
26;2025-11-10;16;1389
26;2025-11-10;17;1595
26;2025-11-10;18;1738
26;2025-11-10;19;1180
26;2025-11-10;20;725
26;2025-11-10;21;431
26;2025-11-10;22;211
26;2025-11-10;23;91
26;2025-11-11;0;10
26;2025-11-11;1;0
26;2025-11-11;2;0
26;2025-11-11;3;0
26;2025-11-11;4;1
26;2025-11-11;5;79
26;2025-11-11;6;507
26;2025-11-11;7;1022
26;2025-11-11;8;2015
26;2025-11-11;9;1410
26;2025-11-11;10;1143
26;2025-11-11;11;1031
26;2025-11-11;12;1060
26;2025-11-11;13;1104
26;2025-11-11;14;1156
26;2025-11-11;15;1238
26;2025-11-11;16;1427
26;2025-11-11;17;1639
26;2025-11-11;18;1776
26;2025-11-11;19;1233
26;2025-11-11;20;741
26;2025-11-11;21;455
26;2025-11-11;22;220
26;2025-11-11;23;107
26;2025-11-12;0;16
26;2025-11-12;1;1
26;2025-11-12;2;0
26;2025-11-12;3;0
26;2025-11-12;4;0
26;2025-11-12;5;76
26;2025-11-12;6;492
26;2025-11-12;7;1015
26;2025-11-12;8;2021
26;2025-11-12;9;1390
26;2025-11-12;10;1146
26;2025-11-12;11;1032
26;2025-11-12;12;1071
26;2025-11-12;13;1119
26;2025-11-12;14;1172
26;2025-11-12;15;1250
26;2025-11-12;16;1415
26;2025-11-12;17;1604
26;2025-11-12;18;1769
26;2025-11-12;19;1207
26;2025-11-12;20;771
26;2025-11-12;21;490
26;2025-11-12;22;244
26;2025-11-12;23;127
26;2025-11-13;0;23
26;2025-11-13;1;1
26;2025-11-13;2;0
26;2025-11-13;3;1
26;2025-11-13;4;1
26;2025-11-13;5;84
26;2025-11-13;6;513
26;2025-11-13;7;1027
26;2025-11-13;8;2023
26;2025-11-13;9;1403
26;2025-11-13;10;1160
26;2025-11-13;11;1051
26;2025-11-13;12;1084
26;2025-11-13;13;1132
26;2025-11-13;14;1180
26;2025-11-13;15;1264
26;2025-11-13;16;1434
26;2025-11-13;17;1648
26;2025-11-13;18;1802
26;2025-11-13;19;1213
26;2025-11-13;20;758
26;2025-11-13;21;486
26;2025-11-13;22;251
26;2025-11-13;23;131
26;2025-11-14;0;24
26;2025-11-14;1;0
26;2025-11-14;2;0
26;2025-11-14;3;1
26;2025-11-14;4;1
26;2025-11-14;5;82
26;2025-11-14;6;495
26;2025-11-14;7;990
26;2025-11-14;8;1956
26;2025-11-14;9;1355
26;2025-11-14;10;1137
26;2025-11-14;11;1028
26;2025-11-14;12;1064
26;2025-11-14;13;1123
26;2025-11-14;14;1178
26;2025-11-14;15;1293
26;2025-11-14;16;1541
26;2025-11-14;17;1653
26;2025-11-14;18;1512
26;2025-11-14;19;1100
26;2025-11-14;20;704
26;2025-11-14;21;448
26;2025-11-14;22;241
26;2025-11-14;23;150
26;2025-11-15;0;42
26;2025-11-15;1;0
26;2025-11-15;2;0
26;2025-11-15;3;0
26;2025-11-15;4;0
26;2025-11-15;5;44
26;2025-11-15;6;283
26;2025-11-15;7;379
26;2025-11-15;8;587
26;2025-11-15;9;660
26;2025-11-15;10;763
26;2025-11-15;11;926
26;2025-11-15;12;936
26;2025-11-15;13;961
26;2025-11-15;14;941
26;2025-11-15;15;917
26;2025-11-15;16;909
26;2025-11-15;17;879
26;2025-11-15;18;861
26;2025-11-15;19;761
26;2025-11-15;20;538
26;2025-11-15;21;398
26;2025-11-15;22;243
26;2025-11-15;23;151
26;2025-11-16;0;39
26;2025-11-16;1;3
26;2025-11-16;2;0
26;2025-11-16;3;0
26;2025-11-16;4;2
26;2025-11-16;5;24
26;2025-11-16;6;174
26;2025-11-16;7;274
26;2025-11-16;8;414
26;2025-11-16;9;530
26;2025-11-16;10;610
26;2025-11-16;11;738
26;2025-11-16;12;793
26;2025-11-16;13;837
26;2025-11-16;14;810
26;2025-11-16;15;740
26;2025-11-16;16;743
26;2025-11-16;17;728
26;2025-11-16;18;657
26;2025-11-16;19;597
26;2025-11-16;20;439
26;2025-11-16;21;307
26;2025-11-16;22;196
26;2025-11-16;23;103
26;2025-11-17;0;17
26;2025-11-17;1;0
26;2025-11-17;2;0
26;2025-11-17;3;1
26;2025-11-17;4;0
26;2025-11-17;5;76
26;2025-11-17;6;504
26;2025-11-17;7;1012
26;2025-11-17;8;1987
26;2025-11-17;9;1387
26;2025-11-17;10;1146
26;2025-11-17;11;1023
26;2025-11-17;12;1057
26;2025-11-17;13;1107
26;2025-11-17;14;1154
26;2025-11-17;15;1235
26;2025-11-17;16;1403
26;2025-11-17;17;1609
26;2025-11-17;18;1758
26;2025-11-17;19;1199
26;2025-11-17;20;739
26;2025-11-17;21;443
26;2025-11-17;22;219
26;2025-11-17;23;99
26;2025-11-18;0;14
26;2025-11-18;1;1
26;2025-11-18;2;0
26;2025-11-18;3;0
26;2025-11-18;4;2
26;2025-11-18;5;82
26;2025-11-18;6;512
26;2025-11-18;7;1026
26;2025-11-18;8;2022
26;2025-11-18;9;1419
26;2025-11-18;10;1151
26;2025-11-18;11;1043
26;2025-11-18;12;1072
26;2025-11-18;13;1114
26;2025-11-18;14;1165
26;2025-11-18;15;1245
26;2025-11-18;16;1433
26;2025-11-18;17;1646
26;2025-11-18;18;1781
26;2025-11-18;19;1241
26;2025-11-18;20;750
26;2025-11-18;21;462
26;2025-11-18;22;224
26;2025-11-18;23;109
26;2025-11-19;0;16
26;2025-11-19;1;0
26;2025-11-19;2;0
26;2025-11-19;3;0
26;2025-11-19;4;0
26;2025-11-19;5;77
26;2025-11-19;6;494
26;2025-11-19;7;1015
26;2025-11-19;8;2020
26;2025-11-19;9;1392
26;2025-11-19;10;1150
26;2025-11-19;11;1038
26;2025-11-19;12;1077
26;2025-11-19;13;1124
26;2025-11-19;14;1176
26;2025-11-19;15;1253
26;2025-11-19;16;1413
26;2025-11-19;17;1603
26;2025-11-19;18;1768
26;2025-11-19;19;1209
26;2025-11-19;20;774
26;2025-11-19;21;496
26;2025-11-19;22;248
26;2025-11-19;23;130
26;2025-11-20;0;23
26;2025-11-20;1;1
26;2025-11-20;2;0
26;2025-11-20;3;1
26;2025-11-20;4;1
26;2025-11-20;5;84
26;2025-11-20;6;515
26;2025-11-20;7;1027
26;2025-11-20;8;2024
26;2025-11-20;9;1404
26;2025-11-20;10;1164
26;2025-11-20;11;1056
26;2025-11-20;12;1089
26;2025-11-20;13;1136
26;2025-11-20;14;1185
26;2025-11-20;15;1269
26;2025-11-20;16;1438
26;2025-11-20;17;1650
26;2025-11-20;18;1805
26;2025-11-20;19;1218
26;2025-11-20;20;760
26;2025-11-20;21;490
26;2025-11-20;22;253
26;2025-11-20;23;134
26;2025-11-21;0;26
26;2025-11-21;1;1
26;2025-11-21;2;0
26;2025-11-21;3;1
26;2025-11-21;4;1
26;2025-11-21;5;84
26;2025-11-21;6;500
26;2025-11-21;7;993
26;2025-11-21;8;1955
26;2025-11-21;9;1357
26;2025-11-21;10;1142
26;2025-11-21;11;1032
26;2025-11-21;12;1069
26;2025-11-21;13;1128
26;2025-11-21;14;1183
26;2025-11-21;15;1297
26;2025-11-21;16;1542
26;2025-11-21;17;1654
26;2025-11-21;18;1518
26;2025-11-21;19;1107
26;2025-11-21;20;711
26;2025-11-21;21;454
26;2025-11-21;22;244
26;2025-11-21;23;151
26;2025-11-22;0;45
26;2025-11-22;1;0
26;2025-11-22;2;0
26;2025-11-22;3;1
26;2025-11-22;4;0
26;2025-11-22;5;44
26;2025-11-22;6;283
26;2025-11-22;7;379
26;2025-11-22;8;583
26;2025-11-22;9;657
26;2025-11-22;10;760
26;2025-11-22;11;923
26;2025-11-22;12;933
26;2025-11-22;13;942
26;2025-11-22;14;922
26;2025-11-22;15;899
26;2025-11-22;16;888
26;2025-11-22;17;861
26;2025-11-22;18;846
26;2025-11-22;19;746
26;2025-11-22;20;522
26;2025-11-22;21;393
26;2025-11-22;22;241
26;2025-11-22;23;149
26;2025-11-23;0;37
26;2025-11-23;1;3
26;2025-11-23;2;0
26;2025-11-23;3;0
26;2025-11-23;4;2
26;2025-11-23;5;25
26;2025-11-23;6;173
26;2025-11-23;7;266
26;2025-11-23;8;400
26;2025-11-23;9;514
26;2025-11-23;10;597
26;2025-11-23;11;724
26;2025-11-23;12;780
26;2025-11-23;13;823
26;2025-11-23;14;797
26;2025-11-23;15;727
26;2025-11-23;16;730
26;2025-11-23;17;713
26;2025-11-23;18;644
26;2025-11-23;19;584
26;2025-11-23;20;426
26;2025-11-23;21;304
26;2025-11-23;22;195
26;2025-11-23;23;102
26;2025-11-24;0;17
26;2025-11-24;1;0
26;2025-11-24;2;0
26;2025-11-24;3;0
26;2025-11-24;4;0
26;2025-11-24;5;74
26;2025-11-24;6;495
26;2025-11-24;7;997
26;2025-11-24;8;1968
26;2025-11-24;9;1372
26;2025-11-24;10;1122
26;2025-11-24;11;1014
26;2025-11-24;12;1047
26;2025-11-24;13;1097
26;2025-11-24;14;1131
26;2025-11-24;15;1209
26;2025-11-24;16;1387
26;2025-11-24;17;1596
26;2025-11-24;18;1742
26;2025-11-24;19;1183
26;2025-11-24;20;729
26;2025-11-24;21;443
26;2025-11-24;22;222
26;2025-11-24;23;102
26;2025-11-25;0;18
26;2025-11-25;1;1
26;2025-11-25;2;1
26;2025-11-25;3;1
26;2025-11-25;4;3
26;2025-11-25;5;85
26;2025-11-25;6;509
26;2025-11-25;7;1016
26;2025-11-25;8;1996
26;2025-11-25;9;1398
26;2025-11-25;10;1127
26;2025-11-25;11;1033
26;2025-11-25;12;1062
26;2025-11-25;13;1105
26;2025-11-25;14;1139
26;2025-11-25;15;1232
26;2025-11-25;16;1415
26;2025-11-25;17;1631
26;2025-11-25;18;1769
26;2025-11-25;19;1227
26;2025-11-25;20;743
26;2025-11-25;21;464
26;2025-11-25;22;229
26;2025-11-25;23;113
26;2025-11-26;0;22
26;2025-11-26;1;1
26;2025-11-26;2;0
26;2025-11-26;3;0
26;2025-11-26;4;1
26;2025-11-26;5;79
26;2025-11-26;6;489
26;2025-11-26;7;1002
26;2025-11-26;8;1994
26;2025-11-26;9;1368
26;2025-11-26;10;1121
26;2025-11-26;11;1024
26;2025-11-26;12;1063
26;2025-11-26;13;1107
26;2025-11-26;14;1150
26;2025-11-26;15;1230
26;2025-11-26;16;1388
26;2025-11-26;17;1578
26;2025-11-26;18;1745
26;2025-11-26;19;1180
26;2025-11-26;20;759
26;2025-11-26;21;487
26;2025-11-26;22;246
26;2025-11-26;23;127
26;2025-11-27;0;26
26;2025-11-27;1;1
26;2025-11-27;2;0
26;2025-11-27;3;0
26;2025-11-27;4;2
26;2025-11-27;5;85
26;2025-11-27;6;507
26;2025-11-27;7;1009
26;2025-11-27;8;1987
26;2025-11-27;9;1379
26;2025-11-27;10;1135
26;2025-11-27;11;1041
26;2025-11-27;12;1073
26;2025-11-27;13;1119
26;2025-11-27;14;1151
26;2025-11-27;15;1246
26;2025-11-27;16;1413
26;2025-11-27;17;1621
26;2025-11-27;18;1784
26;2025-11-27;19;1195
26;2025-11-27;20;747
26;2025-11-27;21;486
26;2025-11-27;22;253
26;2025-11-27;23;134
26;2025-11-28;0;29
26;2025-11-28;1;1
26;2025-11-28;2;0
26;2025-11-28;3;1
26;2025-11-28;4;3
26;2025-11-28;5;85
26;2025-11-28;6;495
26;2025-11-28;7;979
26;2025-11-28;8;1924
26;2025-11-28;9;1342
26;2025-11-28;10;1115
26;2025-11-28;11;1018
26;2025-11-28;12;1053
26;2025-11-28;13;1110
26;2025-11-28;14;1147
26;2025-11-28;15;1273
26;2025-11-28;16;1506
26;2025-11-28;17;1623
26;2025-11-28;18;1501
26;2025-11-28;19;1081
26;2025-11-28;20;696
26;2025-11-28;21;448
26;2025-11-28;22;240
26;2025-11-28;23;148
26;2025-11-29;0;42
26;2025-11-29;1;0
26;2025-11-29;2;0
26;2025-11-29;3;0
26;2025-11-29;4;0
26;2025-11-29;5;45
26;2025-11-29;6;280
26;2025-11-29;7;367
26;2025-11-29;8;566
26;2025-11-29;9;640
26;2025-11-29;10;745
26;2025-11-29;11;908
26;2025-11-29;12;919
26;2025-11-29;13;944
26;2025-11-29;14;924
26;2025-11-29;15;901
26;2025-11-29;16;892
26;2025-11-29;17;864
26;2025-11-29;18;847
26;2025-11-29;19;746
26;2025-11-29;20;522
26;2025-11-29;21;393
26;2025-11-29;22;242
26;2025-11-29;23;152
26;2025-11-30;0;42
26;2025-11-30;1;5
26;2025-11-30;2;1
26;2025-11-30;3;1
26;2025-11-30;4;2
26;2025-11-30;5;30
26;2025-11-30;6;176
26;2025-11-30;7;272
26;2025-11-30;8;406
26;2025-11-30;9;521
26;2025-11-30;10;602
26;2025-11-30;11;732
26;2025-11-30;12;788
26;2025-11-30;13;830
26;2025-11-30;14;805
26;2025-11-30;15;735
26;2025-11-30;16;736
26;2025-11-30;17;722
26;2025-11-30;18;649
26;2025-11-30;19;589
26;2025-11-30;20;431
26;2025-11-30;21;308
26;2025-11-30;22;199
26;2025-11-30;23;107
26;2025-12-01;0;21
26;2025-12-01;1;0
26;2025-12-01;2;0
26;2025-12-01;3;0
26;2025-12-01;4;0
26;2025-12-01;5;78
26;2025-12-01;6;497
26;2025-12-01;7;998
26;2025-12-01;8;1949
26;2025-12-01;9;1359
26;2025-12-01;10;1122
26;2025-12-01;11;1010
26;2025-12-01;12;1044
26;2025-12-01;13;1097
26;2025-12-01;14;1128
26;2025-12-01;15;1204
26;2025-12-01;16;1378
26;2025-12-01;17;1582
26;2025-12-01;18;1723
26;2025-12-01;19;1174
26;2025-12-01;20;725
26;2025-12-01;21;442
26;2025-12-01;22;224
26;2025-12-01;23;105
26;2025-12-02;0;22
26;2025-12-02;1;4
26;2025-12-02;2;2
26;2025-12-02;3;3
26;2025-12-02;4;5
26;2025-12-02;5;86
26;2025-12-02;6;506
26;2025-12-02;7;1013
26;2025-12-02;8;1976
26;2025-12-02;9;1384
26;2025-12-02;10;1122
26;2025-12-02;11;1028
26;2025-12-02;12;1058
26;2025-12-02;13;1101
26;2025-12-02;14;1137
26;2025-12-02;15;1224
26;2025-12-02;16;1404
26;2025-12-02;17;1614
26;2025-12-02;18;1756
26;2025-12-02;19;1219
26;2025-12-02;20;738
26;2025-12-02;21;459
26;2025-12-02;22;228
26;2025-12-02;23;114
26;2025-12-03;0;24
26;2025-12-03;1;1
26;2025-12-03;2;0
26;2025-12-03;3;0
26;2025-12-03;4;2
26;2025-12-03;5;81
26;2025-12-03;6;484
26;2025-12-03;7;1008
26;2025-12-03;8;1993
26;2025-12-03;9;1372
26;2025-12-03;10;1125
26;2025-12-03;11;1030
26;2025-12-03;12;1067
26;2025-12-03;13;1112
26;2025-12-03;14;1155
26;2025-12-03;15;1233
26;2025-12-03;16;1393
26;2025-12-03;17;1580
26;2025-12-03;18;1748
26;2025-12-03;19;1179
26;2025-12-03;20;757
26;2025-12-03;21;485
26;2025-12-03;22;249
26;2025-12-03;23;132
26;2025-12-04;0;31
26;2025-12-04;1;1
26;2025-12-04;2;0
26;2025-12-04;3;0
26;2025-12-04;4;3
26;2025-12-04;5;88
26;2025-12-04;6;505
26;2025-12-04;7;1010
26;2025-12-04;8;1987
26;2025-12-04;9;1377
26;2025-12-04;10;1134
26;2025-12-04;11;1038
26;2025-12-04;12;1071
26;2025-12-04;13;1116
26;2025-12-04;14;1150
26;2025-12-04;15;1242
26;2025-12-04;16;1408
26;2025-12-04;17;1616
26;2025-12-04;18;1779
26;2025-12-04;19;1185
26;2025-12-04;20;742
26;2025-12-04;21;481
26;2025-12-04;22;254
26;2025-12-04;23;137
26;2025-12-05;0;33
26;2025-12-05;1;1
26;2025-12-05;2;0
26;2025-12-05;3;1
26;2025-12-05;4;4
26;2025-12-05;5;90
26;2025-12-05;6;494
26;2025-12-05;7;986
26;2025-12-05;8;1931
26;2025-12-05;9;1347
26;2025-12-05;10;1121
26;2025-12-05;11;1025
26;2025-12-05;12;1060
26;2025-12-05;13;1117
26;2025-12-05;14;1153
26;2025-12-05;15;1276
26;2025-12-05;16;1512
26;2025-12-05;17;1627
26;2025-12-05;18;1505
26;2025-12-05;19;1086
26;2025-12-05;20;697
26;2025-12-05;21;447
26;2025-12-05;22;245
26;2025-12-05;23;154
26;2025-12-06;0;48
26;2025-12-06;1;1
26;2025-12-06;2;0
26;2025-12-06;3;0
26;2025-12-06;4;1
26;2025-12-06;5;50
26;2025-12-06;6;284
26;2025-12-06;7;368
26;2025-12-06;8;563
26;2025-12-06;9;639
26;2025-12-06;10;743
26;2025-12-06;11;907
26;2025-12-06;12;919
26;2025-12-06;13;945
26;2025-12-06;14;925
26;2025-12-06;15;901
26;2025-12-06;16;893
26;2025-12-06;17;863
26;2025-12-06;18;844
26;2025-12-06;19;745
26;2025-12-06;20;521
26;2025-12-06;21;392
26;2025-12-06;22;244
26;2025-12-06;23;154
26;2025-12-07;0;46
26;2025-12-07;1;5
26;2025-12-07;2;1
26;2025-12-07;3;1
26;2025-12-07;4;2
26;2025-12-07;5;34
26;2025-12-07;6;181
26;2025-12-07;7;274
26;2025-12-07;8;404
26;2025-12-07;9;516
26;2025-12-07;10;598
26;2025-12-07;11;728
26;2025-12-07;12;783
26;2025-12-07;13;825
26;2025-12-07;14;800
26;2025-12-07;15;732
26;2025-12-07;16;735
26;2025-12-07;17;718
26;2025-12-07;18;646
26;2025-12-07;19;585
26;2025-12-07;20;429
26;2025-12-07;21;309
26;2025-12-07;22;201
26;2025-12-07;23;110
26;2025-12-08;0;26
26;2025-12-08;1;1
26;2025-12-08;2;0
26;2025-12-08;3;0
26;2025-12-08;4;1
26;2025-12-08;5;84
26;2025-12-08;6;502
26;2025-12-08;7;1008
26;2025-12-08;8;1962
26;2025-12-08;9;1367
26;2025-12-08;10;1123
26;2025-12-08;11;1017
26;2025-12-08;12;1050
26;2025-12-08;13;1101
26;2025-12-08;14;1133
26;2025-12-08;15;1209
26;2025-12-08;16;1384
26;2025-12-08;17;1588
26;2025-12-08;18;1736
26;2025-12-08;19;1178
26;2025-12-08;20;732
26;2025-12-08;21;444
26;2025-12-08;22;229
26;2025-12-08;23;109
26;2025-12-09;0;25
26;2025-12-09;1;1
26;2025-12-09;2;0
26;2025-12-09;3;1
26;2025-12-09;4;4
26;2025-12-09;5;91
26;2025-12-09;6;511
26;2025-12-09;7;1024
26;2025-12-09;8;2002
26;2025-12-09;9;1398
26;2025-12-09;10;1131
26;2025-12-09;11;1038
26;2025-12-09;12;1066
26;2025-12-09;13;1109
26;2025-12-09;14;1143
26;2025-12-09;15;1235
26;2025-12-09;16;1415
26;2025-12-09;17;1628
26;2025-12-09;18;1769
26;2025-12-09;19;1225
26;2025-12-09;20;744
26;2025-12-09;21;464
26;2025-12-09;22;236
26;2025-12-09;23;121
26;2025-12-10;0;29
26;2025-12-10;1;2
26;2025-12-10;2;0
26;2025-12-10;3;0
26;2025-12-10;4;4
26;2025-12-10;5;90
26;2025-12-10;6;494
26;2025-12-10;7;1013
26;2025-12-10;8;1999
26;2025-12-10;9;1373
26;2025-12-10;10;1125
26;2025-12-10;11;1031
26;2025-12-10;12;1068
26;2025-12-10;13;1114
26;2025-12-10;14;1158
26;2025-12-10;15;1238
26;2025-12-10;16;1397
26;2025-12-10;17;1584
26;2025-12-10;18;1750
26;2025-12-10;19;1182
26;2025-12-10;20;761
26;2025-12-10;21;487
26;2025-12-10;22;252
26;2025-12-10;23;135
26;2025-12-11;0;34
26;2025-12-11;1;3
26;2025-12-11;2;0
26;2025-12-11;3;0
26;2025-12-11;4;4
26;2025-12-11;5;94
26;2025-12-11;6;508
26;2025-12-11;7;1013
26;2025-12-11;8;1996
26;2025-12-11;9;1380
26;2025-12-11;10;1133
26;2025-12-11;11;1038
26;2025-12-11;12;1071
26;2025-12-11;13;1119
26;2025-12-11;14;1152
26;2025-12-11;15;1247
26;2025-12-11;16;1414
26;2025-12-11;17;1620
26;2025-12-11;18;1783
26;2025-12-11;19;1187
26;2025-12-11;20;745
26;2025-12-11;21;482
26;2025-12-11;22;258
26;2025-12-11;23;141
26;2025-12-12;0;36
26;2025-12-12;1;3
26;2025-12-12;2;0
26;2025-12-12;3;1
26;2025-12-12;4;6
26;2025-12-12;5;95
26;2025-12-12;6;498
26;2025-12-12;7;989
26;2025-12-12;8;1937
26;2025-12-12;9;1349
26;2025-12-12;10;1119
26;2025-12-12;11;1023
26;2025-12-12;12;1059
26;2025-12-12;13;1119
26;2025-12-12;14;1154
26;2025-12-12;15;1281
26;2025-12-12;16;1515
26;2025-12-12;17;1623
26;2025-12-12;18;1504
26;2025-12-12;19;1083
26;2025-12-12;20;701
26;2025-12-12;21;448
26;2025-12-12;22;249
26;2025-12-12;23;159
26;2025-12-13;0;51
26;2025-12-13;1;1
26;2025-12-13;2;0
26;2025-12-13;3;0
26;2025-12-13;4;1
26;2025-12-13;5;56
26;2025-12-13;6;289
26;2025-12-13;7;368
26;2025-12-13;8;560
26;2025-12-13;9;635
26;2025-12-13;10;737
26;2025-12-13;11;906
26;2025-12-13;12;917
26;2025-12-13;13;945
26;2025-12-13;14;924
26;2025-12-13;15;902
26;2025-12-13;16;895
26;2025-12-13;17;863
26;2025-12-13;18;842
26;2025-12-13;19;742
26;2025-12-13;20;521
26;2025-12-13;21;393
26;2025-12-13;22;247
26;2025-12-13;23;158
26;2025-12-14;0;49
26;2025-12-14;1;7
26;2025-12-14;2;1
26;2025-12-14;3;1
26;2025-12-14;4;3
26;2025-12-14;5;39
26;2025-12-14;6;184
26;2025-12-14;7;275
26;2025-12-14;8;403
26;2025-12-14;9;516
26;2025-12-14;10;598
26;2025-12-14;11;735
26;2025-12-14;12;791
26;2025-12-14;13;839
26;2025-12-14;14;809
26;2025-12-14;15;742
26;2025-12-14;16;745
26;2025-12-14;17;729
26;2025-12-14;18;652
26;2025-12-14;19;587
26;2025-12-14;20;429
26;2025-12-14;21;311
26;2025-12-14;22;203
26;2025-12-14;23;113
26;2025-12-15;0;29
26;2025-12-15;1;3
26;2025-12-15;2;0
26;2025-12-15;3;0
26;2025-12-15;4;4
26;2025-12-15;5;88
26;2025-12-15;6;503
26;2025-12-15;7;1015
26;2025-12-15;8;1971
26;2025-12-15;9;1375
26;2025-12-15;10;1132
26;2025-12-15;11;1024
26;2025-12-15;12;1057
26;2025-12-15;13;1111
26;2025-12-15;14;1141
26;2025-12-15;15;1221
26;2025-12-15;16;1393
26;2025-12-15;17;1592
26;2025-12-15;18;1739
26;2025-12-15;19;1183
26;2025-12-15;20;735
26;2025-12-15;21;445
26;2025-12-15;22;231
26;2025-12-15;23;113
26;2025-12-16;0;29
26;2025-12-16;1;3
26;2025-12-16;2;1
26;2025-12-16;3;2
26;2025-12-16;4;6
26;2025-12-16;5;95
26;2025-12-16;6;511
26;2025-12-16;7;1027
26;2025-12-16;8;2006
26;2025-12-16;9;1404
26;2025-12-16;10;1134
26;2025-12-16;11;1041
26;2025-12-16;12;1069
26;2025-12-16;13;1114
26;2025-12-16;14;1147
26;2025-12-16;15;1240
26;2025-12-16;16;1419
26;2025-12-16;17;1628
26;2025-12-16;18;1769
26;2025-12-16;19;1226
26;2025-12-16;20;745
26;2025-12-16;21;463
26;2025-12-16;22;237
26;2025-12-16;23;122
26;2025-12-17;0;32
26;2025-12-17;1;2
26;2025-12-17;2;0
26;2025-12-17;3;0
26;2025-12-17;4;6
26;2025-12-17;5;90
26;2025-12-17;6;492
26;2025-12-17;7;1013
26;2025-12-17;8;1999
26;2025-12-17;9;1375
26;2025-12-17;10;1125
26;2025-12-17;11;1029
26;2025-12-17;12;1066
26;2025-12-17;13;1112
26;2025-12-17;14;1156
26;2025-12-17;15;1238
26;2025-12-17;16;1395
26;2025-12-17;17;1584
26;2025-12-17;18;1748
26;2025-12-17;19;1179
26;2025-12-17;20;758
26;2025-12-17;21;484
26;2025-12-17;22;252
26;2025-12-17;23;137
26;2025-12-18;0;35
26;2025-12-18;1;4
26;2025-12-18;2;0
26;2025-12-18;3;1
26;2025-12-18;4;5
26;2025-12-18;5;93
26;2025-12-18;6;508
26;2025-12-18;7;1015
26;2025-12-18;8;1994
26;2025-12-18;9;1378
26;2025-12-18;10;1135
26;2025-12-18;11;1040
26;2025-12-18;12;1072
26;2025-12-18;13;1121
26;2025-12-18;14;1153
26;2025-12-18;15;1245
26;2025-12-18;16;1407
26;2025-12-18;17;1612
26;2025-12-18;18;1772
26;2025-12-18;19;1183
26;2025-12-18;20;748
26;2025-12-18;21;484
26;2025-12-18;22;259
26;2025-12-18;23;142
26;2025-12-19;0;33
26;2025-12-19;1;3
26;2025-12-19;2;0
26;2025-12-19;3;1
26;2025-12-19;4;5
26;2025-12-19;5;87
26;2025-12-19;6;489
26;2025-12-19;7;982
26;2025-12-19;8;1926
26;2025-12-19;9;1335
26;2025-12-19;10;1112
26;2025-12-19;11;1017
26;2025-12-19;12;1052
26;2025-12-19;13;1115
26;2025-12-19;14;1150
26;2025-12-19;15;1268
26;2025-12-19;16;1497
26;2025-12-19;17;1605
26;2025-12-19;18;1485
26;2025-12-19;19;1071
26;2025-12-19;20;699
26;2025-12-19;21;444
26;2025-12-19;22;244
26;2025-12-19;23;153
26;2025-12-20;0;48
26;2025-12-20;1;1
26;2025-12-20;2;0
26;2025-12-20;3;0
26;2025-12-20;4;1
26;2025-12-20;5;50
26;2025-12-20;6;279
26;2025-12-20;7;367
26;2025-12-20;8;555
26;2025-12-20;9;633
26;2025-12-20;10;734
26;2025-12-20;11;905
26;2025-12-20;12;917
26;2025-12-20;13;945
26;2025-12-20;14;923
26;2025-12-20;15;897
26;2025-12-20;16;888
26;2025-12-20;17;861
26;2025-12-20;18;842
26;2025-12-20;19;740
26;2025-12-20;20;521
26;2025-12-20;21;395
26;2025-12-20;22;247
26;2025-12-20;23;155
26;2025-12-21;0;47
26;2025-12-21;1;7
26;2025-12-21;2;1
26;2025-12-21;3;1
26;2025-12-21;4;2
26;2025-12-21;5;35
26;2025-12-21;6;180
26;2025-12-21;7;273
26;2025-12-21;8;406
26;2025-12-21;9;518
26;2025-12-21;10;600
26;2025-12-21;11;736
26;2025-12-21;12;791
26;2025-12-21;13;837
26;2025-12-21;14;809
26;2025-12-21;15;744
26;2025-12-21;16;743
26;2025-12-21;17;730
26;2025-12-21;18;655
26;2025-12-21;19;588
26;2025-12-21;20;433
26;2025-12-21;21;311
26;2025-12-21;22;201
26;2025-12-21;23;110
26;2025-12-22;0;26
26;2025-12-22;1;4
26;2025-12-22;2;1
26;2025-12-22;3;1
26;2025-12-22;4;4
26;2025-12-22;5;81
26;2025-12-22;6;494
26;2025-12-22;7;999
26;2025-12-22;8;1940
26;2025-12-22;9;1338
26;2025-12-22;10;1116
26;2025-12-22;11;1007
26;2025-12-22;12;1045
26;2025-12-22;13;1099
26;2025-12-22;14;1129
26;2025-12-22;15;1205
26;2025-12-22;16;1360
26;2025-12-22;17;1544
26;2025-12-22;18;1701
26;2025-12-22;19;1161
26;2025-12-22;20;726
26;2025-12-22;21;439
26;2025-12-22;22;228
26;2025-12-22;23;111
26;2025-12-23;0;30
26;2025-12-23;1;4
26;2025-12-23;2;2
26;2025-12-23;3;2
26;2025-12-23;4;5
26;2025-12-23;5;87
26;2025-12-23;6;494
26;2025-12-23;7;1001
26;2025-12-23;8;1953
26;2025-12-23;9;1342
26;2025-12-23;10;1108
26;2025-12-23;11;1013
26;2025-12-23;12;1049
26;2025-12-23;13;1094
26;2025-12-23;14;1128
26;2025-12-23;15;1213
26;2025-12-23;16;1365
26;2025-12-23;17;1566
26;2025-12-23;18;1718
26;2025-12-23;19;1199
26;2025-12-23;20;730
26;2025-12-23;21;454
26;2025-12-23;22;230
26;2025-12-23;23;118
26;2025-12-24;0;27
26;2025-12-24;1;3
26;2025-12-24;2;0
26;2025-12-24;3;0
26;2025-12-24;4;5
26;2025-12-24;5;83
26;2025-12-24;6;474
26;2025-12-24;7;987
26;2025-12-24;8;1949
26;2025-12-24;9;1300
26;2025-12-24;10;1101
26;2025-12-24;11;1001
26;2025-12-24;12;1047
26;2025-12-24;13;1092
26;2025-12-24;14;1137
26;2025-12-24;15;1209
26;2025-12-24;16;1337
26;2025-12-24;17;1512
26;2025-12-24;18;1702
26;2025-12-24;19;1150
26;2025-12-24;20;744
26;2025-12-24;21;474
26;2025-12-24;22;243
26;2025-12-24;23;132
26;2025-12-25;0;32
26;2025-12-25;1;3
26;2025-12-25;2;0
26;2025-12-25;3;1
26;2025-12-25;4;5
26;2025-12-25;5;88
26;2025-12-25;6;496
26;2025-12-25;7;997
26;2025-12-25;8;1954
26;2025-12-25;9;1325
26;2025-12-25;10;1116
26;2025-12-25;11;1019
26;2025-12-25;12;1056
26;2025-12-25;13;1104
26;2025-12-25;14;1140
26;2025-12-25;15;1221
26;2025-12-25;16;1372
26;2025-12-25;17;1564
26;2025-12-25;18;1747
26;2025-12-25;19;1167
26;2025-12-25;20;736
26;2025-12-25;21;475
26;2025-12-25;22;254
26;2025-12-25;23;139
26;2025-12-26;0;35
26;2025-12-26;1;4
26;2025-12-26;2;0
26;2025-12-26;3;1
26;2025-12-26;4;6
26;2025-12-26;5;88
26;2025-12-26;6;486
26;2025-12-26;7;971
26;2025-12-26;8;1893
26;2025-12-26;9;1299
26;2025-12-26;10;1101
26;2025-12-26;11;1001
26;2025-12-26;12;1043
26;2025-12-26;13;1104
26;2025-12-26;14;1142
26;2025-12-26;15;1241
26;2025-12-26;16;1453
26;2025-12-26;17;1571
26;2025-12-26;18;1486
26;2025-12-26;19;1066
26;2025-12-26;20;692
26;2025-12-26;21;443
26;2025-12-26;22;245
26;2025-12-26;23;153
26;2025-12-27;0;51
26;2025-12-27;1;3
26;2025-12-27;2;0
26;2025-12-27;3;1
26;2025-12-27;4;2
26;2025-12-27;5;50
26;2025-12-27;6;278
26;2025-12-27;7;360
26;2025-12-27;8;540
26;2025-12-27;9;617
26;2025-12-27;10;707
26;2025-12-27;11;876
26;2025-12-27;12;896
26;2025-12-27;13;925
26;2025-12-27;14;905
26;2025-12-27;15;882
26;2025-12-27;16;875
26;2025-12-27;17;850
26;2025-12-27;18;833
26;2025-12-27;19;733
26;2025-12-27;20;517
26;2025-12-27;21;392
26;2025-12-27;22;247
26;2025-12-27;23;157
26;2025-12-28;0;50
26;2025-12-28;1;11
26;2025-12-28;2;2
26;2025-12-28;3;3
26;2025-12-28;4;5
26;2025-12-28;5;32
26;2025-12-28;6;170
26;2025-12-28;7;261
26;2025-12-28;8;387
26;2025-12-28;9;494
26;2025-12-28;10;575
26;2025-12-28;11;707
26;2025-12-28;12;766
26;2025-12-28;13;813
26;2025-12-28;14;787
26;2025-12-28;15;722
26;2025-12-28;16;721
26;2025-12-28;17;710
26;2025-12-28;18;637
26;2025-12-28;19;567
26;2025-12-28;20;422
26;2025-12-28;21;302
26;2025-12-28;22;195
26;2025-12-28;23;111
26;2025-12-29;0;26
26;2025-12-29;1;4
26;2025-12-29;2;1
26;2025-12-29;3;2
26;2025-12-29;4;4
26;2025-12-29;5;72
26;2025-12-29;6;465
26;2025-12-29;7;958
26;2025-12-29;8;1869
26;2025-12-29;9;1265
26;2025-12-29;10;1053
26;2025-12-29;11;956
26;2025-12-29;12;997
26;2025-12-29;13;1050
26;2025-12-29;14;1080
26;2025-12-29;15;1159
26;2025-12-29;16;1294
26;2025-12-29;17;1474
26;2025-12-29;18;1637
26;2025-12-29;19;1115
26;2025-12-29;20;691
26;2025-12-29;21;396
26;2025-12-29;22;212
26;2025-12-29;23;99
26;2025-12-30;0;29
26;2025-12-30;1;5
26;2025-12-30;2;5
26;2025-12-30;3;5
26;2025-12-30;4;6
26;2025-12-30;5;54
26;2025-12-30;6;379
26;2025-12-30;7;805
26;2025-12-30;8;1735
26;2025-12-30;9;1133
26;2025-12-30;10;914
26;2025-12-30;11;819
26;2025-12-30;12;862
26;2025-12-30;13;911
26;2025-12-30;14;945
26;2025-12-30;15;1035
26;2025-12-30;16;1172
26;2025-12-30;17;1373
26;2025-12-30;18;1519
26;2025-12-30;19;1024
26;2025-12-30;20;610
26;2025-12-30;21;374
26;2025-12-30;22;192
26;2025-12-30;23;99
26;2025-12-31;0;25
26;2025-12-31;1;1
26;2025-12-31;2;1
26;2025-12-31;3;1
26;2025-12-31;4;0
26;2025-12-31;5;0
26;2025-12-31;6;168
26;2025-12-31;7;230
26;2025-12-31;8;234
26;2025-12-31;9;284
26;2025-12-31;10;391
26;2025-12-31;11;483
26;2025-12-31;12;506
26;2025-12-31;13;501
26;2025-12-31;14;490
26;2025-12-31;15;471
26;2025-12-31;16;462
26;2025-12-31;17;449
26;2025-12-31;18;401
26;2025-12-31;19;443
26;2025-12-31;20;352
26;2025-12-31;21;216
26;2025-12-31;22;135
26;2025-12-31;23;76
28;2025-11-01;0;1
28;2025-11-01;1;3
28;2025-11-01;2;2
28;2025-11-01;3;2
28;2025-11-01;4;0
28;2025-11-01;5;37
28;2025-11-01;6;113
28;2025-11-01;7;241
28;2025-11-01;8;372
28;2025-11-01;9;450
28;2025-11-01;10;467
28;2025-11-01;11;486
28;2025-11-01;12;570
28;2025-11-01;13;605
28;2025-11-01;14;604
28;2025-11-01;15;569
28;2025-11-01;16;561
28;2025-11-01;17;562
28;2025-11-01;18;468
28;2025-11-01;19;399
28;2025-11-01;20;301
28;2025-11-01;21;265
28;2025-11-01;22;133
28;2025-11-01;23;13
28;2025-11-02;0;4
28;2025-11-02;1;3
28;2025-11-02;2;3
28;2025-11-02;3;4
28;2025-11-02;4;2
28;2025-11-02;5;26
28;2025-11-02;6;87
28;2025-11-02;7;165
28;2025-11-02;8;257
28;2025-11-02;9;347
28;2025-11-02;10;377
28;2025-11-02;11;411
28;2025-11-02;12;462
28;2025-11-02;13;516
28;2025-11-02;14;503
28;2025-11-02;15;514
28;2025-11-02;16;476
28;2025-11-02;17;478
28;2025-11-02;18;413
28;2025-11-02;19;347
28;2025-11-02;20;264
28;2025-11-02;21;215
28;2025-11-02;22;93
28;2025-11-02;23;4
28;2025-11-03;0;2
28;2025-11-03;1;2
28;2025-11-03;2;1
28;2025-11-03;3;1
28;2025-11-03;4;0
28;2025-11-03;5;24
28;2025-11-03;6;151
28;2025-11-03;7;358
28;2025-11-03;8;474
28;2025-11-03;9;477
28;2025-11-03;10;416
28;2025-11-03;11;394
28;2025-11-03;12;472
28;2025-11-03;13;505
28;2025-11-03;14;488
28;2025-11-03;15;509
28;2025-11-03;16;528
28;2025-11-03;17;568
28;2025-11-03;18;525
28;2025-11-03;19;430
28;2025-11-03;20;316
28;2025-11-03;21;209
28;2025-11-03;22;89
28;2025-11-03;23;10
28;2025-11-04;0;2
28;2025-11-04;1;3
28;2025-11-04;2;1
28;2025-11-04;3;1
28;2025-11-04;4;0
28;2025-11-04;5;20
28;2025-11-04;6;145
28;2025-11-04;7;338
28;2025-11-04;8;444
28;2025-11-04;9;455
28;2025-11-04;10;399
28;2025-11-04;11;384
28;2025-11-04;12;459
28;2025-11-04;13;471
28;2025-11-04;14;493
28;2025-11-04;15;478
28;2025-11-04;16;507
28;2025-11-04;17;545
28;2025-11-04;18;499
28;2025-11-04;19;414
28;2025-11-04;20;312
28;2025-11-04;21;210
28;2025-11-04;22;95
28;2025-11-04;23;8
28;2025-11-05;0;1
28;2025-11-05;1;1
28;2025-11-05;2;0
28;2025-11-05;3;0
28;2025-11-05;4;0
28;2025-11-05;5;74
28;2025-11-05;6;259
28;2025-11-05;7;733
28;2025-11-05;8;1154
28;2025-11-05;9;793
28;2025-11-05;10;616
28;2025-11-05;11;580
28;2025-11-05;12;684
28;2025-11-05;13;706
28;2025-11-05;14;661
28;2025-11-05;15;685
28;2025-11-05;16;818
28;2025-11-05;17;955
28;2025-11-05;18;924
28;2025-11-05;19;696
28;2025-11-05;20;488
28;2025-11-05;21;322
28;2025-11-05;22;134
28;2025-11-05;23;9
28;2025-11-06;0;1
28;2025-11-06;1;1
28;2025-11-06;2;1
28;2025-11-06;3;1
28;2025-11-06;4;1
28;2025-11-06;5;78
28;2025-11-06;6;264
28;2025-11-06;7;721
28;2025-11-06;8;1116
28;2025-11-06;9;817
28;2025-11-06;10;594
28;2025-11-06;11;552
28;2025-11-06;12;674
28;2025-11-06;13;695
28;2025-11-06;14;656
28;2025-11-06;15;658
28;2025-11-06;16;806
28;2025-11-06;17;947
28;2025-11-06;18;914
28;2025-11-06;19;695
28;2025-11-06;20;488
28;2025-11-06;21;322
28;2025-11-06;22;133
28;2025-11-06;23;16
28;2025-11-07;0;1
28;2025-11-07;1;2
28;2025-11-07;2;0
28;2025-11-07;3;0
28;2025-11-07;4;2
28;2025-11-07;5;78
28;2025-11-07;6;248
28;2025-11-07;7;724
28;2025-11-07;8;1088
28;2025-11-07;9;768
28;2025-11-07;10;567
28;2025-11-07;11;552
28;2025-11-07;12;664
28;2025-11-07;13;685
28;2025-11-07;14;647
28;2025-11-07;15;678
28;2025-11-07;16;868
28;2025-11-07;17;917
28;2025-11-07;18;751
28;2025-11-07;19;598
28;2025-11-07;20;427
28;2025-11-07;21;295
28;2025-11-07;22;139
28;2025-11-07;23;16
28;2025-11-08;0;2
28;2025-11-08;1;0
28;2025-11-08;2;0
28;2025-11-08;3;0
28;2025-11-08;4;0
28;2025-11-08;5;35
28;2025-11-08;6;109
28;2025-11-08;7;228
28;2025-11-08;8;348
28;2025-11-08;9;423
28;2025-11-08;10;439
28;2025-11-08;11;458
28;2025-11-08;12;542
28;2025-11-08;13;574
28;2025-11-08;14;571
28;2025-11-08;15;538
28;2025-11-08;16;537
28;2025-11-08;17;540
28;2025-11-08;18;454
28;2025-11-08;19;394
28;2025-11-08;20;296
28;2025-11-08;21;262
28;2025-11-08;22;123
28;2025-11-08;23;6
28;2025-11-09;0;2
28;2025-11-09;1;0
28;2025-11-09;2;0
28;2025-11-09;3;0
28;2025-11-09;4;1
28;2025-11-09;5;16
28;2025-11-09;6;82
28;2025-11-09;7;151
28;2025-11-09;8;237
28;2025-11-09;9;315
28;2025-11-09;10;344
28;2025-11-09;11;378
28;2025-11-09;12;428
28;2025-11-09;13;476
28;2025-11-09;14;463
28;2025-11-09;15;473
28;2025-11-09;16;448
28;2025-11-09;17;451
28;2025-11-09;18;393
28;2025-11-09;19;330
28;2025-11-09;20;251
28;2025-11-09;21;204
28;2025-11-09;22;83
28;2025-11-09;23;0
28;2025-11-10;0;0
28;2025-11-10;1;0
28;2025-11-10;2;0
28;2025-11-10;3;0
28;2025-11-10;4;0
28;2025-11-10;5;64
28;2025-11-10;6;242
28;2025-11-10;7;716
28;2025-11-10;8;1100
28;2025-11-10;9;789
28;2025-11-10;10;569
28;2025-11-10;11;515
28;2025-11-10;12;623
28;2025-11-10;13;651
28;2025-11-10;14;595
28;2025-11-10;15;631
28;2025-11-10;16;791
28;2025-11-10;17;932
28;2025-11-10;18;900
28;2025-11-10;19;679
28;2025-11-10;20;444
28;2025-11-10;21;269
28;2025-11-10;22;97
28;2025-11-10;23;3
28;2025-11-11;0;0
28;2025-11-11;1;0
28;2025-11-11;2;0
28;2025-11-11;3;0
28;2025-11-11;4;0
28;2025-11-11;5;71
28;2025-11-11;6;250
28;2025-11-11;7;734
28;2025-11-11;8;1123
28;2025-11-11;9;817
28;2025-11-11;10;610
28;2025-11-11;11;554
28;2025-11-11;12;651
28;2025-11-11;13;680
28;2025-11-11;14;653
28;2025-11-11;15;654
28;2025-11-11;16;786
28;2025-11-11;17;943
28;2025-11-11;18;918
28;2025-11-11;19;694
28;2025-11-11;20;491
28;2025-11-11;21;297
28;2025-11-11;22;120
28;2025-11-11;23;7
28;2025-11-12;0;0
28;2025-11-12;1;0
28;2025-11-12;2;0
28;2025-11-12;3;0
28;2025-11-12;4;0
28;2025-11-12;5;71
28;2025-11-12;6;258
28;2025-11-12;7;730
28;2025-11-12;8;1129
28;2025-11-12;9;785
28;2025-11-12;10;614
28;2025-11-12;11;578
28;2025-11-12;12;682
28;2025-11-12;13;703
28;2025-11-12;14;660
28;2025-11-12;15;683
28;2025-11-12;16;818
28;2025-11-12;17;954
28;2025-11-12;18;927
28;2025-11-12;19;712
28;2025-11-12;20;497
28;2025-11-12;21;328
28;2025-11-12;22;135
28;2025-11-12;23;7
28;2025-11-13;0;0
28;2025-11-13;1;1
28;2025-11-13;2;0
28;2025-11-13;3;0
28;2025-11-13;4;0
28;2025-11-13;5;77
28;2025-11-13;6;266
28;2025-11-13;7;738
28;2025-11-13;8;1131
28;2025-11-13;9;835
28;2025-11-13;10;612
28;2025-11-13;11;570
28;2025-11-13;12;695
28;2025-11-13;13;716
28;2025-11-13;14;677
28;2025-11-13;15;678
28;2025-11-13;16;825
28;2025-11-13;17;963
28;2025-11-13;18;932
28;2025-11-13;19;717
28;2025-11-13;20;503
28;2025-11-13;21;333
28;2025-11-13;22;135
28;2025-11-13;23;12
28;2025-11-14;0;0
28;2025-11-14;1;1
28;2025-11-14;2;0
28;2025-11-14;3;0
28;2025-11-14;4;1
28;2025-11-14;5;75
28;2025-11-14;6;247
28;2025-11-14;7;733
28;2025-11-14;8;1100
28;2025-11-14;9;781
28;2025-11-14;10;583
28;2025-11-14;11;569
28;2025-11-14;12;682
28;2025-11-14;13;706
28;2025-11-14;14;669
28;2025-11-14;15;700
28;2025-11-14;16;887
28;2025-11-14;17;935
28;2025-11-14;18;772
28;2025-11-14;19;617
28;2025-11-14;20;434
28;2025-11-14;21;295
28;2025-11-14;22;135
28;2025-11-14;23;7
28;2025-11-15;0;0
28;2025-11-15;1;0
28;2025-11-15;2;0
28;2025-11-15;3;0
28;2025-11-15;4;0
28;2025-11-15;5;32
28;2025-11-15;6;110
28;2025-11-15;7;238
28;2025-11-15;8;369
28;2025-11-15;9;452
28;2025-11-15;10;467
28;2025-11-15;11;486
28;2025-11-15;12;572
28;2025-11-15;13;606
28;2025-11-15;14;603
28;2025-11-15;15;567
28;2025-11-15;16;562
28;2025-11-15;17;565
28;2025-11-15;18;477
28;2025-11-15;19;415
28;2025-11-15;20;305
28;2025-11-15;21;272
28;2025-11-15;22;135
28;2025-11-15;23;11
28;2025-11-16;0;2
28;2025-11-16;1;0
28;2025-11-16;2;0
28;2025-11-16;3;0
28;2025-11-16;4;1
28;2025-11-16;5;21
28;2025-11-16;6;88
28;2025-11-16;7;160
28;2025-11-16;8;250
28;2025-11-16;9;339
28;2025-11-16;10;370
28;2025-11-16;11;407
28;2025-11-16;12;457
28;2025-11-16;13;507
28;2025-11-16;14;493
28;2025-11-16;15;505
28;2025-11-16;16;473
28;2025-11-16;17;474
28;2025-11-16;18;418
28;2025-11-16;19;357
28;2025-11-16;20;267
28;2025-11-16;21;219
28;2025-11-16;22;95
28;2025-11-16;23;0
28;2025-11-17;0;1
28;2025-11-17;1;1
28;2025-11-17;2;0
28;2025-11-17;3;0
28;2025-11-17;4;0
28;2025-11-17;5;68
28;2025-11-17;6;248
28;2025-11-17;7;734
28;2025-11-17;8;1119
28;2025-11-17;9;821
28;2025-11-17;10;599
28;2025-11-17;11;547
28;2025-11-17;12;654
28;2025-11-17;13;681
28;2025-11-17;14;623
28;2025-11-17;15;659
28;2025-11-17;16;807
28;2025-11-17;17;946
28;2025-11-17;18;917
28;2025-11-17;19;697
28;2025-11-17;20;458
28;2025-11-17;21;280
28;2025-11-17;22;105
28;2025-11-17;23;4
28;2025-11-18;0;0
28;2025-11-18;1;0
28;2025-11-18;2;0
28;2025-11-18;3;0
28;2025-11-18;4;1
28;2025-11-18;5;73
28;2025-11-18;6;254
28;2025-11-18;7;738
28;2025-11-18;8;1133
28;2025-11-18;9;829
28;2025-11-18;10;622
28;2025-11-18;11;566
28;2025-11-18;12;663
28;2025-11-18;13;690
28;2025-11-18;14;662
28;2025-11-18;15;663
28;2025-11-18;16;795
28;2025-11-18;17;951
28;2025-11-18;18;927
28;2025-11-18;19;705
28;2025-11-18;20;498
28;2025-11-18;21;303
28;2025-11-18;22;122
28;2025-11-18;23;5
28;2025-11-19;0;0
28;2025-11-19;1;0
28;2025-11-19;2;0
28;2025-11-19;3;0
28;2025-11-19;4;0
28;2025-11-19;5;71
28;2025-11-19;6;258
28;2025-11-19;7;732
28;2025-11-19;8;1130
28;2025-11-19;9;794
28;2025-11-19;10;623
28;2025-11-19;11;586
28;2025-11-19;12;689
28;2025-11-19;13;711
28;2025-11-19;14;666
28;2025-11-19;15;690
28;2025-11-19;16;821
28;2025-11-19;17;956
28;2025-11-19;18;929
28;2025-11-19;19;715
28;2025-11-19;20;503
28;2025-11-19;21;332
28;2025-11-19;22;138
28;2025-11-19;23;9
28;2025-11-20;0;1
28;2025-11-20;1;1
28;2025-11-20;2;0
28;2025-11-20;3;0
28;2025-11-20;4;1
28;2025-11-20;5;77
28;2025-11-20;6;266
28;2025-11-20;7;748
28;2025-11-20;8;1134
28;2025-11-20;9;837
28;2025-11-20;10;619
28;2025-11-20;11;578
28;2025-11-20;12;701
28;2025-11-20;13;721
28;2025-11-20;14;682
28;2025-11-20;15;682
28;2025-11-20;16;827
28;2025-11-20;17;965
28;2025-11-20;18;936
28;2025-11-20;19;721
28;2025-11-20;20;508
28;2025-11-20;21;335
28;2025-11-20;22;137
28;2025-11-20;23;12
28;2025-11-21;0;0
28;2025-11-21;1;1
28;2025-11-21;2;0
28;2025-11-21;3;0
28;2025-11-21;4;1
28;2025-11-21;5;78
28;2025-11-21;6;251
28;2025-11-21;7;738
28;2025-11-21;8;1104
28;2025-11-21;9;785
28;2025-11-21;10;589
28;2025-11-21;11;576
28;2025-11-21;12;687
28;2025-11-21;13;711
28;2025-11-21;14;673
28;2025-11-21;15;705
28;2025-11-21;16;891
28;2025-11-21;17;938
28;2025-11-21;18;778
28;2025-11-21;19;624
28;2025-11-21;20;442
28;2025-11-21;21;298
28;2025-11-21;22;136
28;2025-11-21;23;9
28;2025-11-22;0;0
28;2025-11-22;1;0
28;2025-11-22;2;0
28;2025-11-22;3;0
28;2025-11-22;4;0
28;2025-11-22;5;33
28;2025-11-22;6;112
28;2025-11-22;7;238
28;2025-11-22;8;369
28;2025-11-22;9;453
28;2025-11-22;10;468
28;2025-11-22;11;486
28;2025-11-22;12;571
28;2025-11-22;13;587
28;2025-11-22;14;583
28;2025-11-22;15;550
28;2025-11-22;16;543
28;2025-11-22;17;546
28;2025-11-22;18;461
28;2025-11-22;19;403
28;2025-11-22;20;301
28;2025-11-22;21;268
28;2025-11-22;22;133
28;2025-11-22;23;11
28;2025-11-23;0;2
28;2025-11-23;1;0
28;2025-11-23;2;0
28;2025-11-23;3;0
28;2025-11-23;4;1
28;2025-11-23;5;21
28;2025-11-23;6;87
28;2025-11-23;7;153
28;2025-11-23;8;243
28;2025-11-23;9;330
28;2025-11-23;10;360
28;2025-11-23;11;394
28;2025-11-23;12;445
28;2025-11-23;13;492
28;2025-11-23;14;479
28;2025-11-23;15;490
28;2025-11-23;16;459
28;2025-11-23;17;462
28;2025-11-23;18;406
28;2025-11-23;19;346
28;2025-11-23;20;263
28;2025-11-23;21;217
28;2025-11-23;22;94
28;2025-11-23;23;2
28;2025-11-24;0;1
28;2025-11-24;1;1
28;2025-11-24;2;0
28;2025-11-24;3;0
28;2025-11-24;4;0
28;2025-11-24;5;67
28;2025-11-24;6;244
28;2025-11-24;7;717
28;2025-11-24;8;1107
28;2025-11-24;9;809
28;2025-11-24;10;590
28;2025-11-24;11;538
28;2025-11-24;12;644
28;2025-11-24;13;672
28;2025-11-24;14;614
28;2025-11-24;15;649
28;2025-11-24;16;796
28;2025-11-24;17;937
28;2025-11-24;18;908
28;2025-11-24;19;688
28;2025-11-24;20;455
28;2025-11-24;21;282
28;2025-11-24;22;108
28;2025-11-24;23;6
28;2025-11-25;0;1
28;2025-11-25;1;0
28;2025-11-25;2;1
28;2025-11-25;3;0
28;2025-11-25;4;1
28;2025-11-25;5;76
28;2025-11-25;6;258
28;2025-11-25;7;728
28;2025-11-25;8;1116
28;2025-11-25;9;819
28;2025-11-25;10;615
28;2025-11-25;11;561
28;2025-11-25;12;656
28;2025-11-25;13;683
28;2025-11-25;14;655
28;2025-11-25;15;655
28;2025-11-25;16;786
28;2025-11-25;17;944
28;2025-11-25;18;919
28;2025-11-25;19;697
28;2025-11-25;20;496
28;2025-11-25;21;308
28;2025-11-25;22;127
28;2025-11-25;23;9
28;2025-11-26;0;0
28;2025-11-26;1;0
28;2025-11-26;2;0
28;2025-11-26;3;0
28;2025-11-26;4;0
28;2025-11-26;5;74
28;2025-11-26;6;260
28;2025-11-26;7;719
28;2025-11-26;8;1113
28;2025-11-26;9;780
28;2025-11-26;10;610
28;2025-11-26;11;572
28;2025-11-26;12;676
28;2025-11-26;13;696
28;2025-11-26;14;652
28;2025-11-26;15;676
28;2025-11-26;16;807
28;2025-11-26;17;943
28;2025-11-26;18;914
28;2025-11-26;19;697
28;2025-11-26;20;493
28;2025-11-26;21;328
28;2025-11-26;22;135
28;2025-11-26;23;9
28;2025-11-27;0;1
28;2025-11-27;1;0
28;2025-11-27;2;0
28;2025-11-27;3;0
28;2025-11-27;4;1
28;2025-11-27;5;78
28;2025-11-27;6;265
28;2025-11-27;7;732
28;2025-11-27;8;1115
28;2025-11-27;9;821
28;2025-11-27;10;602
28;2025-11-27;11;562
28;2025-11-27;12;684
28;2025-11-27;13;704
28;2025-11-27;14;664
28;2025-11-27;15;665
28;2025-11-27;16;811
28;2025-11-27;17;952
28;2025-11-27;18;923
28;2025-11-27;19;708
28;2025-11-27;20;499
28;2025-11-27;21;331
28;2025-11-27;22;137
28;2025-11-27;23;14
28;2025-11-28;0;0
28;2025-11-28;1;1
28;2025-11-28;2;0
28;2025-11-28;3;0
28;2025-11-28;4;1
28;2025-11-28;5;79
28;2025-11-28;6;251
28;2025-11-28;7;724
28;2025-11-28;8;1091
28;2025-11-28;9;773
28;2025-11-28;10;578
28;2025-11-28;11;563
28;2025-11-28;12;672
28;2025-11-28;13;696
28;2025-11-28;14;658
28;2025-11-28;15;688
28;2025-11-28;16;872
28;2025-11-28;17;924
28;2025-11-28;18;763
28;2025-11-28;19;611
28;2025-11-28;20;436
28;2025-11-28;21;296
28;2025-11-28;22;134
28;2025-11-28;23;11
28;2025-11-29;0;0
28;2025-11-29;1;0
28;2025-11-29;2;0
28;2025-11-29;3;0
28;2025-11-29;4;0
28;2025-11-29;5;34
28;2025-11-29;6;109
28;2025-11-29;7;229
28;2025-11-29;8;359
28;2025-11-29;9;438
28;2025-11-29;10;453
28;2025-11-29;11;472
28;2025-11-29;12;554
28;2025-11-29;13;588
28;2025-11-29;14;585
28;2025-11-29;15;551
28;2025-11-29;16;544
28;2025-11-29;17;546
28;2025-11-29;18;462
28;2025-11-29;19;403
28;2025-11-29;20;302
28;2025-11-29;21;270
28;2025-11-29;22;137
28;2025-11-29;23;16
28;2025-11-30;0;3
28;2025-11-30;1;2
28;2025-11-30;2;1
28;2025-11-30;3;1
28;2025-11-30;4;1
28;2025-11-30;5;26
28;2025-11-30;6;91
28;2025-11-30;7;160
28;2025-11-30;8;250
28;2025-11-30;9;336
28;2025-11-30;10;365
28;2025-11-30;11;400
28;2025-11-30;12;450
28;2025-11-30;13;498
28;2025-11-30;14;486
28;2025-11-30;15;496
28;2025-11-30;16;466
28;2025-11-30;17;468
28;2025-11-30;18;412
28;2025-11-30;19;351
28;2025-11-30;20;267
28;2025-11-30;21;221
28;2025-11-30;22;100
28;2025-11-30;23;7
28;2025-12-01;0;0
28;2025-12-01;1;0
28;2025-12-01;2;0
28;2025-12-01;3;0
28;2025-12-01;4;0
28;2025-12-01;5;72
28;2025-12-01;6;249
28;2025-12-01;7;717
28;2025-12-01;8;1101
28;2025-12-01;9;802
28;2025-12-01;10;585
28;2025-12-01;11;531
28;2025-12-01;12;639
28;2025-12-01;13;667
28;2025-12-01;14;608
28;2025-12-01;15;643
28;2025-12-01;16;791
28;2025-12-01;17;932
28;2025-12-01;18;902
28;2025-12-01;19;683
28;2025-12-01;20;452
28;2025-12-01;21;282
28;2025-12-01;22;111
28;2025-12-01;23;9
28;2025-12-02;0;3
28;2025-12-02;1;3
28;2025-12-02;2;2
28;2025-12-02;3;2
28;2025-12-02;4;4
28;2025-12-02;5;78
28;2025-12-02;6;258
28;2025-12-02;7;725
28;2025-12-02;8;1113
28;2025-12-02;9;813
28;2025-12-02;10;605
28;2025-12-02;11;549
28;2025-12-02;12;647
28;2025-12-02;13;676
28;2025-12-02;14;648
28;2025-12-02;15;648
28;2025-12-02;16;783
28;2025-12-02;17;941
28;2025-12-02;18;923
28;2025-12-02;19;691
28;2025-12-02;20;490
28;2025-12-02;21;305
28;2025-12-02;22;127
28;2025-12-02;23;8
28;2025-12-03;0;1
28;2025-12-03;1;1
28;2025-12-03;2;0
28;2025-12-03;3;0
28;2025-12-03;4;0
28;2025-12-03;5;76
28;2025-12-03;6;260
28;2025-12-03;7;720
28;2025-12-03;8;1117
28;2025-12-03;9;781
28;2025-12-03;10;608
28;2025-12-03;11;571
28;2025-12-03;12;676
28;2025-12-03;13;697
28;2025-12-03;14;654
28;2025-12-03;15;678
28;2025-12-03;16;809
28;2025-12-03;17;950
28;2025-12-03;18;919
28;2025-12-03;19;699
28;2025-12-03;20;490
28;2025-12-03;21;328
28;2025-12-03;22;139
28;2025-12-03;23;12
28;2025-12-04;0;1
28;2025-12-04;1;1
28;2025-12-04;2;0
28;2025-12-04;3;0
28;2025-12-04;4;1
28;2025-12-04;5;81
28;2025-12-04;6;267
28;2025-12-04;7;731
28;2025-12-04;8;1115
28;2025-12-04;9;818
28;2025-12-04;10;597
28;2025-12-04;11;555
28;2025-12-04;12;679
28;2025-12-04;13;700
28;2025-12-04;14;660
28;2025-12-04;15;662
28;2025-12-04;16;808
28;2025-12-04;17;952
28;2025-12-04;18;921
28;2025-12-04;19;702
28;2025-12-04;20;493
28;2025-12-04;21;329
28;2025-12-04;22;139
28;2025-12-04;23;17
28;2025-12-05;0;0
28;2025-12-05;1;1
28;2025-12-05;2;0
28;2025-12-05;3;0
28;2025-12-05;4;2
28;2025-12-05;5;84
28;2025-12-05;6;256
28;2025-12-05;7;727
28;2025-12-05;8;1097
28;2025-12-05;9;775
28;2025-12-05;10;578
28;2025-12-05;11;563
28;2025-12-05;12;675
28;2025-12-05;13;699
28;2025-12-05;14;659
28;2025-12-05;15;691
28;2025-12-05;16;875
28;2025-12-05;17;931
28;2025-12-05;18;771
28;2025-12-05;19;613
28;2025-12-05;20;435
28;2025-12-05;21;300
28;2025-12-05;22;139
28;2025-12-05;23;15
28;2025-12-06;0;1
28;2025-12-06;1;1
28;2025-12-06;2;0
28;2025-12-06;3;0
28;2025-12-06;4;1
28;2025-12-06;5;39
28;2025-12-06;6;114
28;2025-12-06;7;235
28;2025-12-06;8;360
28;2025-12-06;9;437
28;2025-12-06;10;453
28;2025-12-06;11;471
28;2025-12-06;12;553
28;2025-12-06;13;588
28;2025-12-06;14;584
28;2025-12-06;15;550
28;2025-12-06;16;544
28;2025-12-06;17;546
28;2025-12-06;18;462
28;2025-12-06;19;402
28;2025-12-06;20;303
28;2025-12-06;21;271
28;2025-12-06;22;139
28;2025-12-06;23;17
28;2025-12-07;0;3
28;2025-12-07;1;1
28;2025-12-07;2;1
28;2025-12-07;3;1
28;2025-12-07;4;1
28;2025-12-07;5;30
28;2025-12-07;6;94
28;2025-12-07;7;162
28;2025-12-07;8;250
28;2025-12-07;9;333
28;2025-12-07;10;362
28;2025-12-07;11;397
28;2025-12-07;12;446
28;2025-12-07;13;495
28;2025-12-07;14;481
28;2025-12-07;15;491
28;2025-12-07;16;465
28;2025-12-07;17;466
28;2025-12-07;18;409
28;2025-12-07;19;349
28;2025-12-07;20;269
28;2025-12-07;21;223
28;2025-12-07;22;102
28;2025-12-07;23;7
28;2025-12-08;0;1
28;2025-12-08;1;0
28;2025-12-08;2;0
28;2025-12-08;3;0
28;2025-12-08;4;0
28;2025-12-08;5;77
28;2025-12-08;6;256
28;2025-12-08;7;726
28;2025-12-08;8;1110
28;2025-12-08;9;810
28;2025-12-08;10;589
28;2025-12-08;11;537
28;2025-12-08;12;645
28;2025-12-08;13;674
28;2025-12-08;14;613
28;2025-12-08;15;649
28;2025-12-08;16;797
28;2025-12-08;17;940
28;2025-12-08;18;910
28;2025-12-08;19;689
28;2025-12-08;20;457
28;2025-12-08;21;288
28;2025-12-08;22;115
28;2025-12-08;23;10
28;2025-12-09;0;1
28;2025-12-09;1;1
28;2025-12-09;2;0
28;2025-12-09;3;0
28;2025-12-09;4;1
28;2025-12-09;5;83
28;2025-12-09;6;265
28;2025-12-09;7;733
28;2025-12-09;8;1119
28;2025-12-09;9;820
28;2025-12-09;10;614
28;2025-12-09;11;560
28;2025-12-09;12;657
28;2025-12-09;13;685
28;2025-12-09;14;655
28;2025-12-09;15;658
28;2025-12-09;16;790
28;2025-12-09;17;951
28;2025-12-09;18;925
28;2025-12-09;19;699
28;2025-12-09;20;497
28;2025-12-09;21;313
28;2025-12-09;22;136
28;2025-12-09;23;15
28;2025-12-10;0;1
28;2025-12-10;1;1
28;2025-12-10;2;0
28;2025-12-10;3;0
28;2025-12-10;4;0
28;2025-12-10;5;84
28;2025-12-10;6;270
28;2025-12-10;7;726
28;2025-12-10;8;1118
28;2025-12-10;9;784
28;2025-12-10;10;611
28;2025-12-10;11;574
28;2025-12-10;12;679
28;2025-12-10;13;700
28;2025-12-10;14;656
28;2025-12-10;15;681
28;2025-12-10;16;813
28;2025-12-10;17;952
28;2025-12-10;18;920
28;2025-12-10;19;701
28;2025-12-10;20;494
28;2025-12-10;21;332
28;2025-12-10;22;142
28;2025-12-10;23;14
28;2025-12-11;0;3
28;2025-12-11;1;1
28;2025-12-11;2;0
28;2025-12-11;3;0
28;2025-12-11;4;3
28;2025-12-11;5;87
28;2025-12-11;6;273
28;2025-12-11;7;734
28;2025-12-11;8;1114
28;2025-12-11;9;819
28;2025-12-11;10;595
28;2025-12-11;11;555
28;2025-12-11;12;678
28;2025-12-11;13;700
28;2025-12-11;14;657
28;2025-12-11;15;662
28;2025-12-11;16;811
28;2025-12-11;17;953
28;2025-12-11;18;922
28;2025-12-11;19;702
28;2025-12-11;20;495
28;2025-12-11;21;334
28;2025-12-11;22;144
28;2025-12-11;23;20
28;2025-12-12;0;3
28;2025-12-12;1;1
28;2025-12-12;2;0
28;2025-12-12;3;0
28;2025-12-12;4;4
28;2025-12-12;5;88
28;2025-12-12;6;260
28;2025-12-12;7;729
28;2025-12-12;8;1095
28;2025-12-12;9;777
28;2025-12-12;10;574
28;2025-12-12;11;560
28;2025-12-12;12;671
28;2025-12-12;13;697
28;2025-12-12;14;656
28;2025-12-12;15;690
28;2025-12-12;16;877
28;2025-12-12;17;930
28;2025-12-12;18;772
28;2025-12-12;19;611
28;2025-12-12;20;436
28;2025-12-12;21;304
28;2025-12-12;22;144
28;2025-12-12;23;19
28;2025-12-13;0;2
28;2025-12-13;1;1
28;2025-12-13;2;0
28;2025-12-13;3;0
28;2025-12-13;4;0
28;2025-12-13;5;44
28;2025-12-13;6;119
28;2025-12-13;7;236
28;2025-12-13;8;360
28;2025-12-13;9;435
28;2025-12-13;10;451
28;2025-12-13;11;466
28;2025-12-13;12;550
28;2025-12-13;13;585
28;2025-12-13;14;581
28;2025-12-13;15;548
28;2025-12-13;16;541
28;2025-12-13;17;543
28;2025-12-13;18;460
28;2025-12-13;19;403
28;2025-12-13;20;307
28;2025-12-13;21;275
28;2025-12-13;22;143
28;2025-12-13;23;20
28;2025-12-14;0;4
28;2025-12-14;1;3
28;2025-12-14;2;1
28;2025-12-14;3;1
28;2025-12-14;4;2
28;2025-12-14;5;35
28;2025-12-14;6;99
28;2025-12-14;7;163
28;2025-12-14;8;252
28;2025-12-14;9;334
28;2025-12-14;10;362
28;2025-12-14;11;395
28;2025-12-14;12;446
28;2025-12-14;13;497
28;2025-12-14;14;481
28;2025-12-14;15;496
28;2025-12-14;16;465
28;2025-12-14;17;466
28;2025-12-14;18;410
28;2025-12-14;19;350
28;2025-12-14;20;273
28;2025-12-14;21;227
28;2025-12-14;22;106
28;2025-12-14;23;11
28;2025-12-15;0;3
28;2025-12-15;1;0
28;2025-12-15;2;0
28;2025-12-15;3;0
28;2025-12-15;4;1
28;2025-12-15;5;81
28;2025-12-15;6;259
28;2025-12-15;7;734
28;2025-12-15;8;1117
28;2025-12-15;9;817
28;2025-12-15;10;590
28;2025-12-15;11;537
28;2025-12-15;12;647
28;2025-12-15;13;678
28;2025-12-15;14;614
28;2025-12-15;15;655
28;2025-12-15;16;808
28;2025-12-15;17;949
28;2025-12-15;18;917
28;2025-12-15;19;689
28;2025-12-15;20;457
28;2025-12-15;21;292
28;2025-12-15;22;119
28;2025-12-15;23;13
28;2025-12-16;0;3
28;2025-12-16;1;2
28;2025-12-16;2;1
28;2025-12-16;3;0
28;2025-12-16;4;2
28;2025-12-16;5;86
28;2025-12-16;6;266
28;2025-12-16;7;735
28;2025-12-16;8;1123
28;2025-12-16;9;823
28;2025-12-16;10;611
28;2025-12-16;11;559
28;2025-12-16;12;655
28;2025-12-16;13;685
28;2025-12-16;14;652
28;2025-12-16;15;656
28;2025-12-16;16;794
28;2025-12-16;17;956
28;2025-12-16;18;928
28;2025-12-16;19;696
28;2025-12-16;20;495
28;2025-12-16;21;315
28;2025-12-16;22;137
28;2025-12-16;23;16
28;2025-12-17;0;2
28;2025-12-17;1;0
28;2025-12-17;2;0
28;2025-12-17;3;0
28;2025-12-17;4;1
28;2025-12-17;5;85
28;2025-12-17;6;269
28;2025-12-17;7;726
28;2025-12-17;8;1119
28;2025-12-17;9;782
28;2025-12-17;10;605
28;2025-12-17;11;568
28;2025-12-17;12;672
28;2025-12-17;13;694
28;2025-12-17;14;646
28;2025-12-17;15;673
28;2025-12-17;16;810
28;2025-12-17;17;951
28;2025-12-17;18;918
28;2025-12-17;19;694
28;2025-12-17;20;490
28;2025-12-17;21;332
28;2025-12-17;22;143
28;2025-12-17;23;16
28;2025-12-18;0;3
28;2025-12-18;1;1
28;2025-12-18;2;0
28;2025-12-18;3;0
28;2025-12-18;4;3
28;2025-12-18;5;86
28;2025-12-18;6;272
28;2025-12-18;7;735
28;2025-12-18;8;1118
28;2025-12-18;9;820
28;2025-12-18;10;594
28;2025-12-18;11;555
28;2025-12-18;12;677
28;2025-12-18;13;701
28;2025-12-18;14;656
28;2025-12-18;15;661
28;2025-12-18;16;813
28;2025-12-18;17;957
28;2025-12-18;18;926
28;2025-12-18;19;701
28;2025-12-18;20;498
28;2025-12-18;21;336
28;2025-12-18;22;145
28;2025-12-18;23;20
28;2025-12-19;0;2
28;2025-12-19;1;1
28;2025-12-19;2;1
28;2025-12-19;3;1
28;2025-12-19;4;3
28;2025-12-19;5;82
28;2025-12-19;6;251
28;2025-12-19;7;722
28;2025-12-19;8;1088
28;2025-12-19;9;771
28;2025-12-19;10;566
28;2025-12-19;11;554
28;2025-12-19;12;665
28;2025-12-19;13;692
28;2025-12-19;14;649
28;2025-12-19;15;685
28;2025-12-19;16;874
28;2025-12-19;17;927
28;2025-12-19;18;770
28;2025-12-19;19;606
28;2025-12-19;20;432
28;2025-12-19;21;301
28;2025-12-19;22;138
28;2025-12-19;23;17
28;2025-12-20;0;1
28;2025-12-20;1;1
28;2025-12-20;2;0
28;2025-12-20;3;0
28;2025-12-20;4;0
28;2025-12-20;5;40
28;2025-12-20;6;111
28;2025-12-20;7;231
28;2025-12-20;8;360
28;2025-12-20;9;436
28;2025-12-20;10;451
28;2025-12-20;11;466
28;2025-12-20;12;550
28;2025-12-20;13;586
28;2025-12-20;14;580
28;2025-12-20;15;548
28;2025-12-20;16;541
28;2025-12-20;17;543
28;2025-12-20;18;460
28;2025-12-20;19;404
28;2025-12-20;20;308
28;2025-12-20;21;275
28;2025-12-20;22;141
28;2025-12-20;23;21
28;2025-12-21;0;6
28;2025-12-21;1;3
28;2025-12-21;2;1
28;2025-12-21;3;1
28;2025-12-21;4;2
28;2025-12-21;5;31
28;2025-12-21;6;92
28;2025-12-21;7;159
28;2025-12-21;8;250
28;2025-12-21;9;340
28;2025-12-21;10;368
28;2025-12-21;11;403
28;2025-12-21;12;453
28;2025-12-21;13;504
28;2025-12-21;14;484
28;2025-12-21;15;501
28;2025-12-21;16;471
28;2025-12-21;17;472
28;2025-12-21;18;417
28;2025-12-21;19;358
28;2025-12-21;20;272
28;2025-12-21;21;227
28;2025-12-21;22;102
28;2025-12-21;23;11
28;2025-12-22;0;3
28;2025-12-22;1;1
28;2025-12-22;2;1
28;2025-12-22;3;1
28;2025-12-22;4;1
28;2025-12-22;5;74
28;2025-12-22;6;250
28;2025-12-22;7;721
28;2025-12-22;8;1101
28;2025-12-22;9;801
28;2025-12-22;10;578
28;2025-12-22;11;525
28;2025-12-22;12;635
28;2025-12-22;13;668
28;2025-12-22;14;602
28;2025-12-22;15;643
28;2025-12-22;16;795
28;2025-12-22;17;934
28;2025-12-22;18;902
28;2025-12-22;19;678
28;2025-12-22;20;450
28;2025-12-22;21;287
28;2025-12-22;22;118
28;2025-12-22;23;16
28;2025-12-23;0;3
28;2025-12-23;1;3
28;2025-12-23;2;2
28;2025-12-23;3;0
28;2025-12-23;4;1
28;2025-12-23;5;79
28;2025-12-23;6;253
28;2025-12-23;7;707
28;2025-12-23;8;1097
28;2025-12-23;9;792
28;2025-12-23;10;591
28;2025-12-23;11;538
28;2025-12-23;12;636
28;2025-12-23;13;665
28;2025-12-23;14;632
28;2025-12-23;15;637
28;2025-12-23;16;772
28;2025-12-23;17;933
28;2025-12-23;18;906
28;2025-12-23;19;681
28;2025-12-23;20;486
28;2025-12-23;21;308
28;2025-12-23;22;131
28;2025-12-23;23;14
28;2025-12-24;0;2
28;2025-12-24;1;0
28;2025-12-24;2;0
28;2025-12-24;3;0
28;2025-12-24;4;1
28;2025-12-24;5;77
28;2025-12-24;6;255
28;2025-12-24;7;701
28;2025-12-24;8;1094
28;2025-12-24;9;755
28;2025-12-24;10;583
28;2025-12-24;11;551
28;2025-12-24;12;654
28;2025-12-24;13;677
28;2025-12-24;14;627
28;2025-12-24;15;655
28;2025-12-24;16;789
28;2025-12-24;17;929
28;2025-12-24;18;898
28;2025-12-24;19;679
28;2025-12-24;20;480
28;2025-12-24;21;324
28;2025-12-24;22;136
28;2025-12-24;23;14
28;2025-12-25;0;4
28;2025-12-25;1;1
28;2025-12-25;2;0
28;2025-12-25;3;0
28;2025-12-25;4;3
28;2025-12-25;5;81
28;2025-12-25;6;265
28;2025-12-25;7;719
28;2025-12-25;8;1101
28;2025-12-25;9;804
28;2025-12-25;10;579
28;2025-12-25;11;541
28;2025-12-25;12;659
28;2025-12-25;13;683
28;2025-12-25;14;638
28;2025-12-25;15;644
28;2025-12-25;16;796
28;2025-12-25;17;939
28;2025-12-25;18;912
28;2025-12-25;19;690
28;2025-12-25;20;490
28;2025-12-25;21;332
28;2025-12-25;22;141
28;2025-12-25;23;22
28;2025-12-26;0;4
28;2025-12-26;1;1
28;2025-12-26;2;0
28;2025-12-26;3;0
28;2025-12-26;4;3
28;2025-12-26;5;83
28;2025-12-26;6;252
28;2025-12-26;7;716
28;2025-12-26;8;1082
28;2025-12-26;9;764
28;2025-12-26;10;560
28;2025-12-26;11;547
28;2025-12-26;12;656
28;2025-12-26;13;683
28;2025-12-26;14;639
28;2025-12-26;15;674
28;2025-12-26;16;853
28;2025-12-26;17;917
28;2025-12-26;18;761
28;2025-12-26;19;601
28;2025-12-26;20;433
28;2025-12-26;21;302
28;2025-12-26;22;138
28;2025-12-26;23;19
28;2025-12-27;0;4
28;2025-12-27;1;2
28;2025-12-27;2;0
28;2025-12-27;3;0
28;2025-12-27;4;1
28;2025-12-27;5;41
28;2025-12-27;6;109
28;2025-12-27;7;225
28;2025-12-27;8;348
28;2025-12-27;9;425
28;2025-12-27;10;437
28;2025-12-27;11;455
28;2025-12-27;12;536
28;2025-12-27;13;571
28;2025-12-27;14;565
28;2025-12-27;15;536
28;2025-12-27;16;530
28;2025-12-27;17;534
28;2025-12-27;18;453
28;2025-12-27;19;404
28;2025-12-27;20;309
28;2025-12-27;21;276
28;2025-12-27;22;144
28;2025-12-27;23;25
28;2025-12-28;0;10
28;2025-12-28;1;6
28;2025-12-28;2;2
28;2025-12-28;3;2
28;2025-12-28;4;3
28;2025-12-28;5;28
28;2025-12-28;6;86
28;2025-12-28;7;148
28;2025-12-28;8;233
28;2025-12-28;9;323
28;2025-12-28;10;349
28;2025-12-28;11;384
28;2025-12-28;12;433
28;2025-12-28;13;484
28;2025-12-28;14;465
28;2025-12-28;15;482
28;2025-12-28;16;455
28;2025-12-28;17;458
28;2025-12-28;18;404
28;2025-12-28;19;341
28;2025-12-28;20;263
28;2025-12-28;21;219
28;2025-12-28;22;103
28;2025-12-28;23;14
28;2025-12-29;0;5
28;2025-12-29;1;1
28;2025-12-29;2;1
28;2025-12-29;3;1
28;2025-12-29;4;1
28;2025-12-29;5;65
28;2025-12-29;6;227
28;2025-12-29;7;673
28;2025-12-29;8;1050
28;2025-12-29;9;745
28;2025-12-29;10;533
28;2025-12-29;11;480
28;2025-12-29;12;586
28;2025-12-29;13;617
28;2025-12-29;14;552
28;2025-12-29;15;595
28;2025-12-29;16;745
28;2025-12-29;17;883
28;2025-12-29;18;854
28;2025-12-29;19;637
28;2025-12-29;20;428
28;2025-12-29;21;265
28;2025-12-29;22;113
28;2025-12-29;23;18
28;2025-12-30;0;4
28;2025-12-30;1;5
28;2025-12-30;2;5
28;2025-12-30;3;3
28;2025-12-30;4;2
28;2025-12-30;5;50
28;2025-12-30;6;185
28;2025-12-30;7;557
28;2025-12-30;8;890
28;2025-12-30;9;635
28;2025-12-30;10;448
28;2025-12-30;11;407
28;2025-12-30;12;497
28;2025-12-30;13;530
28;2025-12-30;14;497
28;2025-12-30;15;506
28;2025-12-30;16;632
28;2025-12-30;17;769
28;2025-12-30;18;743
28;2025-12-30;19;565
28;2025-12-30;20;386
28;2025-12-30;21;254
28;2025-12-30;22;109
28;2025-12-30;23;8
28;2025-12-31;0;2
28;2025-12-31;1;3
28;2025-12-31;2;1
28;2025-12-31;3;1
28;2025-12-31;4;0
28;2025-12-31;5;0
28;2025-12-31;6;84
28;2025-12-31;7;142
28;2025-12-31;8;204
28;2025-12-31;9;193
28;2025-12-31;10;233
28;2025-12-31;11;236
28;2025-12-31;12;269
28;2025-12-31;13;300
28;2025-12-31;14;309
28;2025-12-31;15;309
28;2025-12-31;16;319
28;2025-12-31;17;347
28;2025-12-31;18;308
28;2025-12-31;19;270
28;2025-12-31;20;195
28;2025-12-31;21;135
28;2025-12-31;22;75
28;2025-12-31;23;5
50;2025-11-01;0;59
50;2025-11-01;1;3
50;2025-11-01;2;2
50;2025-11-01;3;2
50;2025-11-01;4;0
50;2025-11-01;5;44
50;2025-11-01;6;188
50;2025-11-01;7;385
50;2025-11-01;8;523
50;2025-11-01;9;537
50;2025-11-01;10;539
50;2025-11-01;11;641
50;2025-11-01;12;698
50;2025-11-01;13;743
50;2025-11-01;14;744
50;2025-11-01;15;695
50;2025-11-01;16;661
50;2025-11-01;17;703
50;2025-11-01;18;618
50;2025-11-01;19;526
50;2025-11-01;20;459
50;2025-11-01;21;389
50;2025-11-01;22;219
50;2025-11-01;23;139
50;2025-11-02;0;42
50;2025-11-02;1;6
50;2025-11-02;2;3
50;2025-11-02;3;3
50;2025-11-02;4;2
50;2025-11-02;5;23
50;2025-11-02;6;130
50;2025-11-02;7;237
50;2025-11-02;8;369
50;2025-11-02;9;405
50;2025-11-02;10;444
50;2025-11-02;11;547
50;2025-11-02;12;570
50;2025-11-02;13;641
50;2025-11-02;14;660
50;2025-11-02;15;595
50;2025-11-02;16;615
50;2025-11-02;17;606
50;2025-11-02;18;521
50;2025-11-02;19;481
50;2025-11-02;20;402
50;2025-11-02;21;329
50;2025-11-02;22;195
50;2025-11-02;23;97
50;2025-11-03;0;36
50;2025-11-03;1;6
50;2025-11-03;2;1
50;2025-11-03;3;1
50;2025-11-03;4;0
50;2025-11-03;5;25
50;2025-11-03;6;268
50;2025-11-03;7;388
50;2025-11-03;8;454
50;2025-11-03;9;499
50;2025-11-03;10;538
50;2025-11-03;11;670
50;2025-11-03;12;749
50;2025-11-03;13;766
50;2025-11-03;14;768
50;2025-11-03;15;719
50;2025-11-03;16;724
50;2025-11-03;17;701
50;2025-11-03;18;635
50;2025-11-03;19;588
50;2025-11-03;20;525
50;2025-11-03;21;375
50;2025-11-03;22;206
50;2025-11-03;23;103
50;2025-11-04;0;33
50;2025-11-04;1;4
50;2025-11-04;2;1
50;2025-11-04;3;1
50;2025-11-04;4;0
50;2025-11-04;5;21
50;2025-11-04;6;282
50;2025-11-04;7;367
50;2025-11-04;8;444
50;2025-11-04;9;484
50;2025-11-04;10;503
50;2025-11-04;11;634
50;2025-11-04;12;680
50;2025-11-04;13;703
50;2025-11-04;14;711
50;2025-11-04;15;682
50;2025-11-04;16;675
50;2025-11-04;17;658
50;2025-11-04;18;597
50;2025-11-04;19;564
50;2025-11-04;20;531
50;2025-11-04;21;369
50;2025-11-04;22;201
50;2025-11-04;23;102
50;2025-11-05;0;26
50;2025-11-05;1;1
50;2025-11-05;2;0
50;2025-11-05;3;0
50;2025-11-05;4;0
50;2025-11-05;5;78
50;2025-11-05;6;580
50;2025-11-05;7;1835
50;2025-11-05;8;2788
50;2025-11-05;9;2179
50;2025-11-05;10;1673
50;2025-11-05;11;1517
50;2025-11-05;12;1449
50;2025-11-05;13;1464
50;2025-11-05;14;1369
50;2025-11-05;15;1571
50;2025-11-05;16;1752
50;2025-11-05;17;2327
50;2025-11-05;18;2452
50;2025-11-05;19;1453
50;2025-11-05;20;907
50;2025-11-05;21;631
50;2025-11-05;22;313
50;2025-11-05;23;150
50;2025-11-06;0;34
50;2025-11-06;1;1
50;2025-11-06;2;1
50;2025-11-06;3;1
50;2025-11-06;4;1
50;2025-11-06;5;83
50;2025-11-06;6;583
50;2025-11-06;7;1822
50;2025-11-06;8;2745
50;2025-11-06;9;2164
50;2025-11-06;10;1666
50;2025-11-06;11;1505
50;2025-11-06;12;1414
50;2025-11-06;13;1405
50;2025-11-06;14;1346
50;2025-11-06;15;1532
50;2025-11-06;16;1747
50;2025-11-06;17;2322
50;2025-11-06;18;2449
50;2025-11-06;19;1440
50;2025-11-06;20;933
50;2025-11-06;21;635
50;2025-11-06;22;322
50;2025-11-06;23;166
50;2025-11-07;0;43
50;2025-11-07;1;3
50;2025-11-07;2;0
50;2025-11-07;3;0
50;2025-11-07;4;2
50;2025-11-07;5;80
50;2025-11-07;6;584
50;2025-11-07;7;1791
50;2025-11-07;8;2707
50;2025-11-07;9;2112
50;2025-11-07;10;1593
50;2025-11-07;11;1488
50;2025-11-07;12;1424
50;2025-11-07;13;1410
50;2025-11-07;14;1363
50;2025-11-07;15;1609
50;2025-11-07;16;1887
50;2025-11-07;17;2235
50;2025-11-07;18;2033
50;2025-11-07;19;1236
50;2025-11-07;20;813
50;2025-11-07;21;563
50;2025-11-07;22;321
50;2025-11-07;23;171
50;2025-11-08;0;58
50;2025-11-08;1;1
50;2025-11-08;2;0
50;2025-11-08;3;0
50;2025-11-08;4;0
50;2025-11-08;5;42
50;2025-11-08;6;183
50;2025-11-08;7;371
50;2025-11-08;8;547
50;2025-11-08;9;563
50;2025-11-08;10;573
50;2025-11-08;11;674
50;2025-11-08;12;726
50;2025-11-08;13;774
50;2025-11-08;14;769
50;2025-11-08;15;731
50;2025-11-08;16;695
50;2025-11-08;17;736
50;2025-11-08;18;653
50;2025-11-08;19;562
50;2025-11-08;20;457
50;2025-11-08;21;383
50;2025-11-08;22;211
50;2025-11-08;23;130
50;2025-11-09;0;32
50;2025-11-09;1;2
50;2025-11-09;2;0
50;2025-11-09;3;0
50;2025-11-09;4;1
50;2025-11-09;5;14
50;2025-11-09;6;123
50;2025-11-09;7;225
50;2025-11-09;8;364
50;2025-11-09;9;398
50;2025-11-09;10;440
50;2025-11-09;11;585
50;2025-11-09;12;608
50;2025-11-09;13;679
50;2025-11-09;14;696
50;2025-11-09;15;634
50;2025-11-09;16;655
50;2025-11-09;17;651
50;2025-11-09;18;567
50;2025-11-09;19;521
50;2025-11-09;20;397
50;2025-11-09;21;315
50;2025-11-09;22;187
50;2025-11-09;23;87
50;2025-11-10;0;14
50;2025-11-10;1;0
50;2025-11-10;2;0
50;2025-11-10;3;0
50;2025-11-10;4;0
50;2025-11-10;5;65
50;2025-11-10;6;536
50;2025-11-10;7;1766
50;2025-11-10;8;2683
50;2025-11-10;9;2110
50;2025-11-10;10;1597
50;2025-11-10;11;1462
50;2025-11-10;12;1370
50;2025-11-10;13;1384
50;2025-11-10;14;1328
50;2025-11-10;15;1485
50;2025-11-10;16;1657
50;2025-11-10;17;2229
50;2025-11-10;18;2356
50;2025-11-10;19;1409
50;2025-11-10;20;904
50;2025-11-10;21;581
50;2025-11-10;22;276
50;2025-11-10;23;119
50;2025-11-11;0;14
50;2025-11-11;1;0
50;2025-11-11;2;0
50;2025-11-11;3;0
50;2025-11-11;4;0
50;2025-11-11;5;73
50;2025-11-11;6;579
50;2025-11-11;7;1800
50;2025-11-11;8;2724
50;2025-11-11;9;2148
50;2025-11-11;10;1673
50;2025-11-11;11;1506
50;2025-11-11;12;1440
50;2025-11-11;13;1438
50;2025-11-11;14;1367
50;2025-11-11;15;1542
50;2025-11-11;16;1682
50;2025-11-11;17;2338
50;2025-11-11;18;2438
50;2025-11-11;19;1427
50;2025-11-11;20;943
50;2025-11-11;21;615
50;2025-11-11;22;293
50;2025-11-11;23;136
50;2025-11-12;0;21
50;2025-11-12;1;1
50;2025-11-12;2;0
50;2025-11-12;3;0
50;2025-11-12;4;0
50;2025-11-12;5;74
50;2025-11-12;6;587
50;2025-11-12;7;1838
50;2025-11-12;8;2792
50;2025-11-12;9;2184
50;2025-11-12;10;1674
50;2025-11-12;11;1512
50;2025-11-12;12;1444
50;2025-11-12;13;1457
50;2025-11-12;14;1368
50;2025-11-12;15;1561
50;2025-11-12;16;1754
50;2025-11-12;17;2336
50;2025-11-12;18;2470
50;2025-11-12;19;1468
50;2025-11-12;20;929
50;2025-11-12;21;648
50;2025-11-12;22;319
50;2025-11-12;23;151
50;2025-11-13;0;31
50;2025-11-13;1;1
50;2025-11-13;2;0
50;2025-11-13;3;0
50;2025-11-13;4;1
50;2025-11-13;5;81
50;2025-11-13;6;598
50;2025-11-13;7;1843
50;2025-11-13;8;2768
50;2025-11-13;9;2187
50;2025-11-13;10;1687
50;2025-11-13;11;1524
50;2025-11-13;12;1438
50;2025-11-13;13;1430
50;2025-11-13;14;1368
50;2025-11-13;15;1554
50;2025-11-13;16;1769
50;2025-11-13;17;2342
50;2025-11-13;18;2477
50;2025-11-13;19;1461
50;2025-11-13;20;955
50;2025-11-13;21;658
50;2025-11-13;22;331
50;2025-11-13;23;164
50;2025-11-14;0;38
50;2025-11-14;1;1
50;2025-11-14;2;0
50;2025-11-14;3;0
50;2025-11-14;4;1
50;2025-11-14;5;78
50;2025-11-14;6;595
50;2025-11-14;7;1808
50;2025-11-14;8;2726
50;2025-11-14;9;2128
50;2025-11-14;10;1610
50;2025-11-14;11;1508
50;2025-11-14;12;1446
50;2025-11-14;13;1433
50;2025-11-14;14;1388
50;2025-11-14;15;1636
50;2025-11-14;16;1912
50;2025-11-14;17;2261
50;2025-11-14;18;2059
50;2025-11-14;19;1257
50;2025-11-14;20;830
50;2025-11-14;21;576
50;2025-11-14;22;323
50;2025-11-14;23;167
50;2025-11-15;0;58
50;2025-11-15;1;1
50;2025-11-15;2;0
50;2025-11-15;3;0
50;2025-11-15;4;0
50;2025-11-15;5;40
50;2025-11-15;6;187
50;2025-11-15;7;393
50;2025-11-15;8;594
50;2025-11-15;9;623
50;2025-11-15;10;632
50;2025-11-15;11;724
50;2025-11-15;12;782
50;2025-11-15;13;827
50;2025-11-15;14;822
50;2025-11-15;15;782
50;2025-11-15;16;742
50;2025-11-15;17;783
50;2025-11-15;18;699
50;2025-11-15;19;611
50;2025-11-15;20;498
50;2025-11-15;21;408
50;2025-11-15;22;226
50;2025-11-15;23;142
50;2025-11-16;0;41
50;2025-11-16;1;3
50;2025-11-16;2;0
50;2025-11-16;3;0
50;2025-11-16;4;1
50;2025-11-16;5;19
50;2025-11-16;6;129
50;2025-11-16;7;240
50;2025-11-16;8;394
50;2025-11-16;9;449
50;2025-11-16;10;483
50;2025-11-16;11;632
50;2025-11-16;12;654
50;2025-11-16;13;723
50;2025-11-16;14;739
50;2025-11-16;15;681
50;2025-11-16;16;699
50;2025-11-16;17;693
50;2025-11-16;18;610
50;2025-11-16;19;568
50;2025-11-16;20;440
50;2025-11-16;21;346
50;2025-11-16;22;199
50;2025-11-16;23;99
50;2025-11-17;0;21
50;2025-11-17;1;0
50;2025-11-17;2;1
50;2025-11-17;3;0
50;2025-11-17;4;0
50;2025-11-17;5;69
50;2025-11-17;6;552
50;2025-11-17;7;1783
50;2025-11-17;8;2702
50;2025-11-17;9;2138
50;2025-11-17;10;1628
50;2025-11-17;11;1490
50;2025-11-17;12;1400
50;2025-11-17;13;1411
50;2025-11-17;14;1357
50;2025-11-17;15;1513
50;2025-11-17;16;1671
50;2025-11-17;17;2241
50;2025-11-17;18;2372
50;2025-11-17;19;1430
50;2025-11-17;20;917
50;2025-11-17;21;593
50;2025-11-17;22;286
50;2025-11-17;23;127
50;2025-11-18;0;18
50;2025-11-18;1;1
50;2025-11-18;2;0
50;2025-11-18;3;0
50;2025-11-18;4;1
50;2025-11-18;5;76
50;2025-11-18;6;585
50;2025-11-18;7;1803
50;2025-11-18;8;2731
50;2025-11-18;9;2156
50;2025-11-18;10;1679
50;2025-11-18;11;1512
50;2025-11-18;12;1448
50;2025-11-18;13;1446
50;2025-11-18;14;1376
50;2025-11-18;15;1547
50;2025-11-18;16;1688
50;2025-11-18;17;2343
50;2025-11-18;18;2443
50;2025-11-18;19;1436
50;2025-11-18;20;952
50;2025-11-18;21;621
50;2025-11-18;22;299
50;2025-11-18;23;138
50;2025-11-19;0;22
50;2025-11-19;1;1
50;2025-11-19;2;0
50;2025-11-19;3;0
50;2025-11-19;4;0
50;2025-11-19;5;75
50;2025-11-19;6;591
50;2025-11-19;7;1834
50;2025-11-19;8;2791
50;2025-11-19;9;2186
50;2025-11-19;10;1675
50;2025-11-19;11;1515
50;2025-11-19;12;1447
50;2025-11-19;13;1460
50;2025-11-19;14;1371
50;2025-11-19;15;1562
50;2025-11-19;16;1752
50;2025-11-19;17;2335
50;2025-11-19;18;2468
50;2025-11-19;19;1467
50;2025-11-19;20;932
50;2025-11-19;21;652
50;2025-11-19;22;324
50;2025-11-19;23;154
50;2025-11-20;0;31
50;2025-11-20;1;1
50;2025-11-20;2;0
50;2025-11-20;3;0
50;2025-11-20;4;1
50;2025-11-20;5;82
50;2025-11-20;6;604
50;2025-11-20;7;1842
50;2025-11-20;8;2770
50;2025-11-20;9;2189
50;2025-11-20;10;1690
50;2025-11-20;11;1527
50;2025-11-20;12;1442
50;2025-11-20;13;1433
50;2025-11-20;14;1373
50;2025-11-20;15;1556
50;2025-11-20;16;1772
50;2025-11-20;17;2346
50;2025-11-20;18;2479
50;2025-11-20;19;1464
50;2025-11-20;20;959
50;2025-11-20;21;660
50;2025-11-20;22;334
50;2025-11-20;23;167
50;2025-11-21;0;41
50;2025-11-21;1;1
50;2025-11-21;2;0
50;2025-11-21;3;0
50;2025-11-21;4;1
50;2025-11-21;5;81
50;2025-11-21;6;604
50;2025-11-21;7;1812
50;2025-11-21;8;2728
50;2025-11-21;9;2130
50;2025-11-21;10;1615
50;2025-11-21;11;1509
50;2025-11-21;12;1448
50;2025-11-21;13;1436
50;2025-11-21;14;1390
50;2025-11-21;15;1638
50;2025-11-21;16;1912
50;2025-11-21;17;2264
50;2025-11-21;18;2062
50;2025-11-21;19;1263
50;2025-11-21;20;837
50;2025-11-21;21;581
50;2025-11-21;22;330
50;2025-11-21;23;168
50;2025-11-22;0;60
50;2025-11-22;1;1
50;2025-11-22;2;0
50;2025-11-22;3;0
50;2025-11-22;4;0
50;2025-11-22;5;42
50;2025-11-22;6;191
50;2025-11-22;7;402
50;2025-11-22;8;597
50;2025-11-22;9;624
50;2025-11-22;10;631
50;2025-11-22;11;748
50;2025-11-22;12;807
50;2025-11-22;13;834
50;2025-11-22;14;831
50;2025-11-22;15;789
50;2025-11-22;16;746
50;2025-11-22;17;788
50;2025-11-22;18;706
50;2025-11-22;19;622
50;2025-11-22;20;490
50;2025-11-22;21;409
50;2025-11-22;22;230
50;2025-11-22;23;145
50;2025-11-23;0;40
50;2025-11-23;1;3
50;2025-11-23;2;0
50;2025-11-23;3;0
50;2025-11-23;4;1
50;2025-11-23;5;21
50;2025-11-23;6;129
50;2025-11-23;7;236
50;2025-11-23;8;389
50;2025-11-23;9;439
50;2025-11-23;10;480
50;2025-11-23;11;621
50;2025-11-23;12;664
50;2025-11-23;13;731
50;2025-11-23;14;749
50;2025-11-23;15;689
50;2025-11-23;16;707
50;2025-11-23;17;702
50;2025-11-23;18;624
50;2025-11-23;19;561
50;2025-11-23;20;437
50;2025-11-23;21;351
50;2025-11-23;22;205
50;2025-11-23;23;100
50;2025-11-24;0;23
50;2025-11-24;1;0
50;2025-11-24;2;0
50;2025-11-24;3;0
50;2025-11-24;4;0
50;2025-11-24;5;68
50;2025-11-24;6;542
50;2025-11-24;7;1770
50;2025-11-24;8;2687
50;2025-11-24;9;2128
50;2025-11-24;10;1620
50;2025-11-24;11;1480
50;2025-11-24;12;1388
50;2025-11-24;13;1399
50;2025-11-24;14;1346
50;2025-11-24;15;1497
50;2025-11-24;16;1660
50;2025-11-24;17;2229
50;2025-11-24;18;2353
50;2025-11-24;19;1415
50;2025-11-24;20;913
50;2025-11-24;21;586
50;2025-11-24;22;288
50;2025-11-24;23;131
50;2025-11-25;0;25
50;2025-11-25;1;1
50;2025-11-25;2;1
50;2025-11-25;3;0
50;2025-11-25;4;1
50;2025-11-25;5;80
50;2025-11-25;6;582
50;2025-11-25;7;1788
50;2025-11-25;8;2717
50;2025-11-25;9;2144
50;2025-11-25;10;1669
50;2025-11-25;11;1499
50;2025-11-25;12;1431
50;2025-11-25;13;1430
50;2025-11-25;14;1361
50;2025-11-25;15;1533
50;2025-11-25;16;1672
50;2025-11-25;17;2334
50;2025-11-25;18;2431
50;2025-11-25;19;1425
50;2025-11-25;20;948
50;2025-11-25;21;617
50;2025-11-25;22;304
50;2025-11-25;23;143
50;2025-11-26;0;30
50;2025-11-26;1;1
50;2025-11-26;2;0
50;2025-11-26;3;0
50;2025-11-26;4;0
50;2025-11-26;5;78
50;2025-11-26;6;587
50;2025-11-26;7;1818
50;2025-11-26;8;2762
50;2025-11-26;9;2170
50;2025-11-26;10;1660
50;2025-11-26;11;1496
50;2025-11-26;12;1422
50;2025-11-26;13;1435
50;2025-11-26;14;1349
50;2025-11-26;15;1537
50;2025-11-26;16;1729
50;2025-11-26;17;2316
50;2025-11-26;18;2438
50;2025-11-26;19;1446
50;2025-11-26;20;922
50;2025-11-26;21;638
50;2025-11-26;22;324
50;2025-11-26;23;152
50;2025-11-27;0;36
50;2025-11-27;1;1
50;2025-11-27;2;1
50;2025-11-27;3;0
50;2025-11-27;4;1
50;2025-11-27;5;83
50;2025-11-27;6;595
50;2025-11-27;7;1824
50;2025-11-27;8;2740
50;2025-11-27;9;2168
50;2025-11-27;10;1671
50;2025-11-27;11;1507
50;2025-11-27;12;1417
50;2025-11-27;13;1411
50;2025-11-27;14;1351
50;2025-11-27;15;1526
50;2025-11-27;16;1745
50;2025-11-27;17;2327
50;2025-11-27;18;2452
50;2025-11-27;19;1450
50;2025-11-27;20;954
50;2025-11-27;21;650
50;2025-11-27;22;334
50;2025-11-27;23;167
50;2025-11-28;0;45
50;2025-11-28;1;2
50;2025-11-28;2;0
50;2025-11-28;3;0
50;2025-11-28;4;1
50;2025-11-28;5;82
50;2025-11-28;6;599
50;2025-11-28;7;1795
50;2025-11-28;8;2701
50;2025-11-28;9;2114
50;2025-11-28;10;1602
50;2025-11-28;11;1488
50;2025-11-28;12;1422
50;2025-11-28;13;1409
50;2025-11-28;14;1364
50;2025-11-28;15;1606
50;2025-11-28;16;1880
50;2025-11-28;17;2244
50;2025-11-28;18;2045
50;2025-11-28;19;1240
50;2025-11-28;20;827
50;2025-11-28;21;570
50;2025-11-28;22;327
50;2025-11-28;23;166
50;2025-11-29;0;58
50;2025-11-29;1;1
50;2025-11-29;2;0
50;2025-11-29;3;0
50;2025-11-29;4;0
50;2025-11-29;5;44
50;2025-11-29;6;191
50;2025-11-29;7;392
50;2025-11-29;8;590
50;2025-11-29;9;611
50;2025-11-29;10;620
50;2025-11-29;11;733
50;2025-11-29;12;795
50;2025-11-29;13;840
50;2025-11-29;14;837
50;2025-11-29;15;794
50;2025-11-29;16;754
50;2025-11-29;17;795
50;2025-11-29;18;716
50;2025-11-29;19;628
50;2025-11-29;20;498
50;2025-11-29;21;418
50;2025-11-29;22;233
50;2025-11-29;23;149
50;2025-11-30;0;45
50;2025-11-30;1;4
50;2025-11-30;2;1
50;2025-11-30;3;1
50;2025-11-30;4;1
50;2025-11-30;5;26
50;2025-11-30;6;133
50;2025-11-30;7;242
50;2025-11-30;8;402
50;2025-11-30;9;450
50;2025-11-30;10;489
50;2025-11-30;11;632
50;2025-11-30;12;674
50;2025-11-30;13;742
50;2025-11-30;14;761
50;2025-11-30;15;699
50;2025-11-30;16;718
50;2025-11-30;17;714
50;2025-11-30;18;635
50;2025-11-30;19;571
50;2025-11-30;20;448
50;2025-11-30;21;361
50;2025-11-30;22;208
50;2025-11-30;23;103
50;2025-12-01;0;26
50;2025-12-01;1;0
50;2025-12-01;2;0
50;2025-12-01;3;0
50;2025-12-01;4;0
50;2025-12-01;5;74
50;2025-12-01;6;544
50;2025-12-01;7;1759
50;2025-12-01;8;2668
50;2025-12-01;9;2110
50;2025-12-01;10;1607
50;2025-12-01;11;1472
50;2025-12-01;12;1380
50;2025-12-01;13;1389
50;2025-12-01;14;1340
50;2025-12-01;15;1489
50;2025-12-01;16;1646
50;2025-12-01;17;2211
50;2025-12-01;18;2337
50;2025-12-01;19;1407
50;2025-12-01;20;909
50;2025-12-01;21;583
50;2025-12-01;22;288
50;2025-12-01;23;133
50;2025-12-02;0;28
50;2025-12-02;1;4
50;2025-12-02;2;2
50;2025-12-02;3;2
50;2025-12-02;4;4
50;2025-12-02;5;81
50;2025-12-02;6;576
50;2025-12-02;7;1765
50;2025-12-02;8;2680
50;2025-12-02;9;2111
50;2025-12-02;10;1648
50;2025-12-02;11;1477
50;2025-12-02;12;1415
50;2025-12-02;13;1415
50;2025-12-02;14;1348
50;2025-12-02;15;1517
50;2025-12-02;16;1651
50;2025-12-02;17;2315
50;2025-12-02;18;2420
50;2025-12-02;19;1419
50;2025-12-02;20;940
50;2025-12-02;21;612
50;2025-12-02;22;301
50;2025-12-02;23;142
50;2025-12-03;0;32
50;2025-12-03;1;2
50;2025-12-03;2;0
50;2025-12-03;3;0
50;2025-12-03;4;0
50;2025-12-03;5;80
50;2025-12-03;6;585
50;2025-12-03;7;1825
50;2025-12-03;8;2766
50;2025-12-03;9;2174
50;2025-12-03;10;1662
50;2025-12-03;11;1498
50;2025-12-03;12;1426
50;2025-12-03;13;1439
50;2025-12-03;14;1353
50;2025-12-03;15;1542
50;2025-12-03;16;1734
50;2025-12-03;17;2319
50;2025-12-03;18;2442
50;2025-12-03;19;1447
50;2025-12-03;20;923
50;2025-12-03;21;637
50;2025-12-03;22;323
50;2025-12-03;23;155
50;2025-12-04;0;41
50;2025-12-04;1;2
50;2025-12-04;2;0
50;2025-12-04;3;0
50;2025-12-04;4;1
50;2025-12-04;5;86
50;2025-12-04;6;595
50;2025-12-04;7;1824
50;2025-12-04;8;2738
50;2025-12-04;9;2167
50;2025-12-04;10;1667
50;2025-12-04;11;1501
50;2025-12-04;12;1412
50;2025-12-04;13;1406
50;2025-12-04;14;1347
50;2025-12-04;15;1522
50;2025-12-04;16;1740
50;2025-12-04;17;2325
50;2025-12-04;18;2448
50;2025-12-04;19;1440
50;2025-12-04;20;946
50;2025-12-04;21;644
50;2025-12-04;22;331
50;2025-12-04;23;170
50;2025-12-05;0;49
50;2025-12-05;1;2
50;2025-12-05;2;0
50;2025-12-05;3;0
50;2025-12-05;4;2
50;2025-12-05;5;87
50;2025-12-05;6;600
50;2025-12-05;7;1801
50;2025-12-05;8;2708
50;2025-12-05;9;2119
50;2025-12-05;10;1606
50;2025-12-05;11;1492
50;2025-12-05;12;1428
50;2025-12-05;13;1416
50;2025-12-05;14;1370
50;2025-12-05;15;1610
50;2025-12-05;16;1885
50;2025-12-05;17;2249
50;2025-12-05;18;2049
50;2025-12-05;19;1243
50;2025-12-05;20;831
50;2025-12-05;21;570
50;2025-12-05;22;327
50;2025-12-05;23;172
50;2025-12-06;0;63
50;2025-12-06;1;2
50;2025-12-06;2;0
50;2025-12-06;3;0
50;2025-12-06;4;1
50;2025-12-06;5;50
50;2025-12-06;6;197
50;2025-12-06;7;394
50;2025-12-06;8;589
50;2025-12-06;9;609
50;2025-12-06;10;619
50;2025-12-06;11;733
50;2025-12-06;12;792
50;2025-12-06;13;839
50;2025-12-06;14;836
50;2025-12-06;15;793
50;2025-12-06;16;754
50;2025-12-06;17;795
50;2025-12-06;18;714
50;2025-12-06;19;624
50;2025-12-06;20;498
50;2025-12-06;21;419
50;2025-12-06;22;234
50;2025-12-06;23;151
50;2025-12-07;0;47
50;2025-12-07;1;4
50;2025-12-07;2;1
50;2025-12-07;3;1
50;2025-12-07;4;1
50;2025-12-07;5;30
50;2025-12-07;6;136
50;2025-12-07;7;243
50;2025-12-07;8;397
50;2025-12-07;9;442
50;2025-12-07;10;482
50;2025-12-07;11;624
50;2025-12-07;12;667
50;2025-12-07;13;735
50;2025-12-07;14;753
50;2025-12-07;15;692
50;2025-12-07;16;712
50;2025-12-07;17;706
50;2025-12-07;18;626
50;2025-12-07;19;561
50;2025-12-07;20;445
50;2025-12-07;21;360
50;2025-12-07;22;210
50;2025-12-07;23;107
50;2025-12-08;0;32
50;2025-12-08;1;1
50;2025-12-08;2;0
50;2025-12-08;3;0
50;2025-12-08;4;0
50;2025-12-08;5;79
50;2025-12-08;6;550
50;2025-12-08;7;1776
50;2025-12-08;8;2691
50;2025-12-08;9;2128
50;2025-12-08;10;1613
50;2025-12-08;11;1479
50;2025-12-08;12;1389
50;2025-12-08;13;1398
50;2025-12-08;14;1347
50;2025-12-08;15;1492
50;2025-12-08;16;1652
50;2025-12-08;17;2231
50;2025-12-08;18;2356
50;2025-12-08;19;1413
50;2025-12-08;20;915
50;2025-12-08;21;586
50;2025-12-08;22;294
50;2025-12-08;23;137
50;2025-12-09;0;32
50;2025-12-09;1;1
50;2025-12-09;2;0
50;2025-12-09;3;0
50;2025-12-09;4;1
50;2025-12-09;5;87
50;2025-12-09;6;582
50;2025-12-09;7;1795
50;2025-12-09;8;2721
50;2025-12-09;9;2147
50;2025-12-09;10;1668
50;2025-12-09;11;1498
50;2025-12-09;12;1433
50;2025-12-09;13;1431
50;2025-12-09;14;1362
50;2025-12-09;15;1530
50;2025-12-09;16;1670
50;2025-12-09;17;2339
50;2025-12-09;18;2435
50;2025-12-09;19;1427
50;2025-12-09;20;946
50;2025-12-09;21;618
50;2025-12-09;22;309
50;2025-12-09;23;151
50;2025-12-10;0;38
50;2025-12-10;1;4
50;2025-12-10;2;0
50;2025-12-10;3;0
50;2025-12-10;4;1
50;2025-12-10;5;88
50;2025-12-10;6;593
50;2025-12-10;7;1832
50;2025-12-10;8;2777
50;2025-12-10;9;2176
50;2025-12-10;10;1665
50;2025-12-10;11;1502
50;2025-12-10;12;1429
50;2025-12-10;13;1443
50;2025-12-10;14;1358
50;2025-12-10;15;1546
50;2025-12-10;16;1736
50;2025-12-10;17;2327
50;2025-12-10;18;2450
50;2025-12-10;19;1450
50;2025-12-10;20;923
50;2025-12-10;21;639
50;2025-12-10;22;326
50;2025-12-10;23;160
50;2025-12-11;0;44
50;2025-12-11;1;3
50;2025-12-11;2;1
50;2025-12-11;3;1
50;2025-12-11;4;3
50;2025-12-11;5;92
50;2025-12-11;6;597
50;2025-12-11;7;1830
50;2025-12-11;8;2749
50;2025-12-11;9;2170
50;2025-12-11;10;1670
50;2025-12-11;11;1506
50;2025-12-11;12;1416
50;2025-12-11;13;1413
50;2025-12-11;14;1352
50;2025-12-11;15;1528
50;2025-12-11;16;1746
50;2025-12-11;17;2330
50;2025-12-11;18;2458
50;2025-12-11;19;1443
50;2025-12-11;20;946
50;2025-12-11;21;644
50;2025-12-11;22;335
50;2025-12-11;23;173
50;2025-12-12;0;52
50;2025-12-12;1;4
50;2025-12-12;2;0
50;2025-12-12;3;0
50;2025-12-12;4;4
50;2025-12-12;5;92
50;2025-12-12;6;601
50;2025-12-12;7;1803
50;2025-12-12;8;2716
50;2025-12-12;9;2119
50;2025-12-12;10;1608
50;2025-12-12;11;1495
50;2025-12-12;12;1431
50;2025-12-12;13;1419
50;2025-12-12;14;1370
50;2025-12-12;15;1612
50;2025-12-12;16;1885
50;2025-12-12;17;2246
50;2025-12-12;18;2046
50;2025-12-12;19;1241
50;2025-12-12;20;829
50;2025-12-12;21;570
50;2025-12-12;22;332
50;2025-12-12;23;176
50;2025-12-13;0;68
50;2025-12-13;1;3
50;2025-12-13;2;0
50;2025-12-13;3;1
50;2025-12-13;4;0
50;2025-12-13;5;55
50;2025-12-13;6;201
50;2025-12-13;7;396
50;2025-12-13;8;590
50;2025-12-13;9;608
50;2025-12-13;10;623
50;2025-12-13;11;733
50;2025-12-13;12;795
50;2025-12-13;13;842
50;2025-12-13;14;837
50;2025-12-13;15;796
50;2025-12-13;16;758
50;2025-12-13;17;800
50;2025-12-13;18;718
50;2025-12-13;19;629
50;2025-12-13;20;501
50;2025-12-13;21;422
50;2025-12-13;22;235
50;2025-12-13;23;153
50;2025-12-14;0;52
50;2025-12-14;1;6
50;2025-12-14;2;1
50;2025-12-14;3;1
50;2025-12-14;4;2
50;2025-12-14;5;36
50;2025-12-14;6;140
50;2025-12-14;7;240
50;2025-12-14;8;395
50;2025-12-14;9;448
50;2025-12-14;10;489
50;2025-12-14;11;636
50;2025-12-14;12;679
50;2025-12-14;13;750
50;2025-12-14;14;764
50;2025-12-14;15;707
50;2025-12-14;16;726
50;2025-12-14;17;721
50;2025-12-14;18;639
50;2025-12-14;19;570
50;2025-12-14;20;448
50;2025-12-14;21;361
50;2025-12-14;22;212
50;2025-12-14;23;110
50;2025-12-15;0;36
50;2025-12-15;1;4
50;2025-12-15;2;0
50;2025-12-15;3;0
50;2025-12-15;4;1
50;2025-12-15;5;83
50;2025-12-15;6;551
50;2025-12-15;7;1785
50;2025-12-15;8;2700
50;2025-12-15;9;2138
50;2025-12-15;10;1621
50;2025-12-15;11;1487
50;2025-12-15;12;1396
50;2025-12-15;13;1408
50;2025-12-15;14;1355
50;2025-12-15;15;1502
50;2025-12-15;16;1662
50;2025-12-15;17;2238
50;2025-12-15;18;2366
50;2025-12-15;19;1417
50;2025-12-15;20;918
50;2025-12-15;21;587
50;2025-12-15;22;296
50;2025-12-15;23;141
50;2025-12-16;0;36
50;2025-12-16;1;3
50;2025-12-16;2;1
50;2025-12-16;3;1
50;2025-12-16;4;2
50;2025-12-16;5;90
50;2025-12-16;6;582
50;2025-12-16;7;1798
50;2025-12-16;8;2726
50;2025-12-16;9;2150
50;2025-12-16;10;1669
50;2025-12-16;11;1502
50;2025-12-16;12;1437
50;2025-12-16;13;1438
50;2025-12-16;14;1367
50;2025-12-16;15;1536
50;2025-12-16;16;1675
50;2025-12-16;17;2344
50;2025-12-16;18;2442
50;2025-12-16;19;1430
50;2025-12-16;20;947
50;2025-12-16;21;615
50;2025-12-16;22;311
50;2025-12-16;23;152
50;2025-12-17;0;40
50;2025-12-17;1;4
50;2025-12-17;2;0
50;2025-12-17;3;0
50;2025-12-17;4;2
50;2025-12-17;5;89
50;2025-12-17;6;591
50;2025-12-17;7;1833
50;2025-12-17;8;2777
50;2025-12-17;9;2175
50;2025-12-17;10;1662
50;2025-12-17;11;1500
50;2025-12-17;12;1428
50;2025-12-17;13;1442
50;2025-12-17;14;1357
50;2025-12-17;15;1545
50;2025-12-17;16;1734
50;2025-12-17;17;2324
50;2025-12-17;18;2451
50;2025-12-17;19;1448
50;2025-12-17;20;921
50;2025-12-17;21;635
50;2025-12-17;22;326
50;2025-12-17;23;160
50;2025-12-18;0;45
50;2025-12-18;1;4
50;2025-12-18;2;1
50;2025-12-18;3;0
50;2025-12-18;4;3
50;2025-12-18;5;91
50;2025-12-18;6;597
50;2025-12-18;7;1822
50;2025-12-18;8;2745
50;2025-12-18;9;2171
50;2025-12-18;10;1662
50;2025-12-18;11;1497
50;2025-12-18;12;1408
50;2025-12-18;13;1407
50;2025-12-18;14;1349
50;2025-12-18;15;1521
50;2025-12-18;16;1737
50;2025-12-18;17;2330
50;2025-12-18;18;2459
50;2025-12-18;19;1438
50;2025-12-18;20;949
50;2025-12-18;21;647
50;2025-12-18;22;338
50;2025-12-18;23;175
50;2025-12-19;0;50
50;2025-12-19;1;4
50;2025-12-19;2;0
50;2025-12-19;3;1
50;2025-12-19;4;3
50;2025-12-19;5;85
50;2025-12-19;6;593
50;2025-12-19;7;1789
50;2025-12-19;8;2704
50;2025-12-19;9;2115
50;2025-12-19;10;1593
50;2025-12-19;11;1467
50;2025-12-19;12;1406
50;2025-12-19;13;1394
50;2025-12-19;14;1348
50;2025-12-19;15;1590
50;2025-12-19;16;1868
50;2025-12-19;17;2247
50;2025-12-19;18;2046
50;2025-12-19;19;1225
50;2025-12-19;20;826
50;2025-12-19;21;565
50;2025-12-19;22;328
50;2025-12-19;23;170
50;2025-12-20;0;64
50;2025-12-20;1;3
50;2025-12-20;2;0
50;2025-12-20;3;0
50;2025-12-20;4;0
50;2025-12-20;5;51
50;2025-12-20;6;195
50;2025-12-20;7;390
50;2025-12-20;8;585
50;2025-12-20;9;605
50;2025-12-20;10;620
50;2025-12-20;11;737
50;2025-12-20;12;799
50;2025-12-20;13;856
50;2025-12-20;14;850
50;2025-12-20;15;797
50;2025-12-20;16;758
50;2025-12-20;17;798
50;2025-12-20;18;718
50;2025-12-20;19;628
50;2025-12-20;20;500
50;2025-12-20;21;420
50;2025-12-20;22;236
50;2025-12-20;23;153
50;2025-12-21;0;50
50;2025-12-21;1;6
50;2025-12-21;2;1
50;2025-12-21;3;1
50;2025-12-21;4;2
50;2025-12-21;5;33
50;2025-12-21;6;138
50;2025-12-21;7;241
50;2025-12-21;8;398
50;2025-12-21;9;452
50;2025-12-21;10;495
50;2025-12-21;11;642
50;2025-12-21;12;680
50;2025-12-21;13;752
50;2025-12-21;14;765
50;2025-12-21;15;711
50;2025-12-21;16;730
50;2025-12-21;17;724
50;2025-12-21;18;644
50;2025-12-21;19;573
50;2025-12-21;20;453
50;2025-12-21;21;366
50;2025-12-21;22;211
50;2025-12-21;23;111
50;2025-12-22;0;33
50;2025-12-22;1;4
50;2025-12-22;2;0
50;2025-12-22;3;1
50;2025-12-22;4;1
50;2025-12-22;5;77
50;2025-12-22;6;541
50;2025-12-22;7;1744
50;2025-12-22;8;2692
50;2025-12-22;9;2122
50;2025-12-22;10;1572
50;2025-12-22;11;1433
50;2025-12-22;12;1363
50;2025-12-22;13;1374
50;2025-12-22;14;1329
50;2025-12-22;15;1457
50;2025-12-22;16;1625
50;2025-12-22;17;2226
50;2025-12-22;18;2352
50;2025-12-22;19;1378
50;2025-12-22;20;908
50;2025-12-22;21;577
50;2025-12-22;22;294
50;2025-12-22;23;141
50;2025-12-23;0;36
50;2025-12-23;1;6
50;2025-12-23;2;2
50;2025-12-23;3;1
50;2025-12-23;4;1
50;2025-12-23;5;83
50;2025-12-23;6;563
50;2025-12-23;7;1745
50;2025-12-23;8;2701
50;2025-12-23;9;2116
50;2025-12-23;10;1602
50;2025-12-23;11;1435
50;2025-12-23;12;1382
50;2025-12-23;13;1383
50;2025-12-23;14;1325
50;2025-12-23;15;1482
50;2025-12-23;16;1623
50;2025-12-23;17;2314
50;2025-12-23;18;2407
50;2025-12-23;19;1376
50;2025-12-23;20;927
50;2025-12-23;21;603
50;2025-12-23;22;304
50;2025-12-23;23;146
50;2025-12-24;0;35
50;2025-12-24;1;4
50;2025-12-24;2;0
50;2025-12-24;3;0
50;2025-12-24;4;1
50;2025-12-24;5;82
50;2025-12-24;6;568
50;2025-12-24;7;1784
50;2025-12-24;8;2756
50;2025-12-24;9;2136
50;2025-12-24;10;1586
50;2025-12-24;11;1423
50;2025-12-24;12;1364
50;2025-12-24;13;1375
50;2025-12-24;14;1298
50;2025-12-24;15;1476
50;2025-12-24;16;1691
50;2025-12-24;17;2294
50;2025-12-24;18;2426
50;2025-12-24;19;1385
50;2025-12-24;20;897
50;2025-12-24;21;620
50;2025-12-24;22;318
50;2025-12-24;23;153
50;2025-12-25;0;41
50;2025-12-25;1;4
50;2025-12-25;2;1
50;2025-12-25;3;1
50;2025-12-25;4;3
50;2025-12-25;5;86
50;2025-12-25;6;577
50;2025-12-25;7;1786
50;2025-12-25;8;2732
50;2025-12-25;9;2141
50;2025-12-25;10;1602
50;2025-12-25;11;1438
50;2025-12-25;12;1361
50;2025-12-25;13;1359
50;2025-12-25;14;1323
50;2025-12-25;15;1477
50;2025-12-25;16;1711
50;2025-12-25;17;2310
50;2025-12-25;18;2450
50;2025-12-25;19;1395
50;2025-12-25;20;932
50;2025-12-25;21;631
50;2025-12-25;22;333
50;2025-12-25;23;171
50;2025-12-26;0;51
50;2025-12-26;1;6
50;2025-12-26;2;0
50;2025-12-26;3;0
50;2025-12-26;4;4
50;2025-12-26;5;86
50;2025-12-26;6;581
50;2025-12-26;7;1760
50;2025-12-26;8;2699
50;2025-12-26;9;2094
50;2025-12-26;10;1540
50;2025-12-26;11;1426
50;2025-12-26;12;1367
50;2025-12-26;13;1363
50;2025-12-26;14;1319
50;2025-12-26;15;1558
50;2025-12-26;16;1847
50;2025-12-26;17;2246
50;2025-12-26;18;2048
50;2025-12-26;19;1220
50;2025-12-26;20;814
50;2025-12-26;21;559
50;2025-12-26;22;328
50;2025-12-26;23;171
50;2025-12-27;0;66
50;2025-12-27;1;5
50;2025-12-27;2;0
50;2025-12-27;3;1
50;2025-12-27;4;0
50;2025-12-27;5;50
50;2025-12-27;6;190
50;2025-12-27;7;375
50;2025-12-27;8;562
50;2025-12-27;9;587
50;2025-12-27;10;604
50;2025-12-27;11;721
50;2025-12-27;12;780
50;2025-12-27;13;839
50;2025-12-27;14;834
50;2025-12-27;15;782
50;2025-12-27;16;740
50;2025-12-27;17;783
50;2025-12-27;18;705
50;2025-12-27;19;620
50;2025-12-27;20;490
50;2025-12-27;21;414
50;2025-12-27;22;238
50;2025-12-27;23;154
50;2025-12-28;0;52
50;2025-12-28;1;10
50;2025-12-28;2;2
50;2025-12-28;3;2
50;2025-12-28;4;3
50;2025-12-28;5;29
50;2025-12-28;6;127
50;2025-12-28;7;227
50;2025-12-28;8;372
50;2025-12-28;9;422
50;2025-12-28;10;466
50;2025-12-28;11;616
50;2025-12-28;12;654
50;2025-12-28;13;726
50;2025-12-28;14;741
50;2025-12-28;15;688
50;2025-12-28;16;706
50;2025-12-28;17;701
50;2025-12-28;18;621
50;2025-12-28;19;547
50;2025-12-28;20;436
50;2025-12-28;21;349
50;2025-12-28;22;207
50;2025-12-28;23;110
50;2025-12-29;0;33
50;2025-12-29;1;5
50;2025-12-29;2;1
50;2025-12-29;3;1
50;2025-12-29;4;1
50;2025-12-29;5;66
50;2025-12-29;6;505
50;2025-12-29;7;1683
50;2025-12-29;8;2634
50;2025-12-29;9;2052
50;2025-12-29;10;1489
50;2025-12-29;11;1364
50;2025-12-29;12;1287
50;2025-12-29;13;1303
50;2025-12-29;14;1252
50;2025-12-29;15;1396
50;2025-12-29;16;1559
50;2025-12-29;17;2170
50;2025-12-29;18;2300
50;2025-12-29;19;1316
50;2025-12-29;20;865
50;2025-12-29;21;523
50;2025-12-29;22;261
50;2025-12-29;23;129
50;2025-12-30;0;34
50;2025-12-30;1;8
50;2025-12-30;2;5
50;2025-12-30;3;5
50;2025-12-30;4;2
50;2025-12-30;5;62
50;2025-12-30;6;425
50;2025-12-30;7;1531
50;2025-12-30;8;2484
50;2025-12-30;9;1907
50;2025-12-30;10;1382
50;2025-12-30;11;1231
50;2025-12-30;12;1182
50;2025-12-30;13;1190
50;2025-12-30;14;1123
50;2025-12-30;15;1300
50;2025-12-30;16;1427
50;2025-12-30;17;2125
50;2025-12-30;18;2218
50;2025-12-30;19;1198
50;2025-12-30;20;774
50;2025-12-30;21;485
50;2025-12-30;22;241
50;2025-12-30;23;125
50;2025-12-31;0;30
50;2025-12-31;1;8
50;2025-12-31;2;1
50;2025-12-31;3;1
50;2025-12-31;4;0
50;2025-12-31;5;5
50;2025-12-31;6;169
50;2025-12-31;7;146
50;2025-12-31;8;260
50;2025-12-31;9;231
50;2025-12-31;10;263
50;2025-12-31;11;379
50;2025-12-31;12;416
50;2025-12-31;13;435
50;2025-12-31;14;443
50;2025-12-31;15;421
50;2025-12-31;16;401
50;2025-12-31;17;439
50;2025-12-31;18;408
50;2025-12-31;19;337
50;2025-12-31;20;330
50;2025-12-31;21;268
50;2025-12-31;22;156
50;2025-12-31;23;78
