route;date;hour;prediction
1;2025-11-01;0;5
1;2025-11-01;1;2
1;2025-11-01;2;2
1;2025-11-01;3;2
1;2025-11-01;4;0
1;2025-11-01;5;30
1;2025-11-01;6;181
1;2025-11-01;7;371
1;2025-11-01;8;459
1;2025-11-01;9;716
1;2025-11-01;10;834
1;2025-11-01;11;788
1;2025-11-01;12;959
1;2025-11-01;13;954
1;2025-11-01;14;918
1;2025-11-01;15;785
1;2025-11-01;16;728
1;2025-11-01;17;696
1;2025-11-01;18;614
1;2025-11-01;19;548
1;2025-11-01;20;396
1;2025-11-01;21;297
1;2025-11-01;22;136
1;2025-11-01;23;20
1;2025-11-02;0;1
1;2025-11-02;1;3
1;2025-11-02;2;2
1;2025-11-02;3;2
1;2025-11-02;4;1
1;2025-11-02;5;20
1;2025-11-02;6;120
1;2025-11-02;7;274
1;2025-11-02;8;365
1;2025-11-02;9;603
1;2025-11-02;10;681
1;2025-11-02;11;671
1;2025-11-02;12;840
1;2025-11-02;13;849
1;2025-11-02;14;764
1;2025-11-02;15;717
1;2025-11-02;16;645
1;2025-11-02;17;613
1;2025-11-02;18;531
1;2025-11-02;19;441
1;2025-11-02;20;362
1;2025-11-02;21;254
1;2025-11-02;22;97
1;2025-11-02;23;15
1;2025-11-03;0;1
1;2025-11-03;1;0
1;2025-11-03;2;0
1;2025-11-03;3;0
1;2025-11-03;4;0
1;2025-11-03;5;34
1;2025-11-03;6;287
1;2025-11-03;7;462
1;2025-11-03;8;439
1;2025-11-03;9;674
1;2025-11-03;10;765
1;2025-11-03;11;752
1;2025-11-03;12;803
1;2025-11-03;13;815
1;2025-11-03;14;795
1;2025-11-03;15;731
1;2025-11-03;16;691
1;2025-11-03;17;641
1;2025-11-03;18;598
1;2025-11-03;19;570
1;2025-11-03;20;488
1;2025-11-03;21;305
1;2025-11-03;22;153
1;2025-11-03;23;23
1;2025-11-04;0;4
1;2025-11-04;1;1
1;2025-11-04;2;2
1;2025-11-04;3;2
1;2025-11-04;4;0
1;2025-11-04;5;36
1;2025-11-04;6;268
1;2025-11-04;7;431
1;2025-11-04;8;404
1;2025-11-04;9;660
1;2025-11-04;10;738
1;2025-11-04;11;718
1;2025-11-04;12;792
1;2025-11-04;13;789
1;2025-11-04;14;777
1;2025-11-04;15;704
1;2025-11-04;16;684
1;2025-11-04;17;617
1;2025-11-04;18;533
1;2025-11-04;19;537
1;2025-11-04;20;470
1;2025-11-04;21;312
1;2025-11-04;22;149
1;2025-11-04;23;13
1;2025-11-05;0;0
1;2025-11-05;1;0
1;2025-11-05;2;0
1;2025-11-05;3;0
1;2025-11-05;4;4
1;2025-11-05;5;128
1;2025-11-05;6;512
1;2025-11-05;7;1432
1;2025-11-05;8;1877
1;2025-11-05;9;1442
1;2025-11-05;10;1321
1;2025-11-05;11;1341
1;2025-11-05;12;1343
1;2025-11-05;13;1372
1;2025-11-05;14;1330
1;2025-11-05;15;1448
1;2025-11-05;16;1445
1;2025-11-05;17;1712
1;2025-11-05;18;1714
1;2025-11-05;19;1328
1;2025-11-05;20;830
1;2025-11-05;21;465
1;2025-11-05;22;241
1;2025-11-05;23;29
1;2025-11-06;0;3
1;2025-11-06;1;0
1;2025-11-06;2;1
1;2025-11-06;3;2
1;2025-11-06;4;6
1;2025-11-06;5;122
1;2025-11-06;6;509
1;2025-11-06;7;1432
1;2025-11-06;8;1862
1;2025-11-06;9;1397
1;2025-11-06;10;1309
1;2025-11-06;11;1327
1;2025-11-06;12;1329
1;2025-11-06;13;1357
1;2025-11-06;14;1315
1;2025-11-06;15;1442
1;2025-11-06;16;1447
1;2025-11-06;17;1719
1;2025-11-06;18;1720
1;2025-11-06;19;1321
1;2025-11-06;20;835
1;2025-11-06;21;476
1;2025-11-06;22;234
1;2025-11-06;23;40
1;2025-11-07;0;4
1;2025-11-07;1;0
1;2025-11-07;2;0
1;2025-11-07;3;1
1;2025-11-07;4;6
1;2025-11-07;5;129
1;2025-11-07;6;496
1;2025-11-07;7;1429
1;2025-11-07;8;1811
1;2025-11-07;9;1373
1;2025-11-07;10;1243
1;2025-11-07;11;1322
1;2025-11-07;12;1321
1;2025-11-07;13;1363
1;2025-11-07;14;1276
1;2025-11-07;15;1454
1;2025-11-07;16;1499
1;2025-11-07;17;1708
1;2025-11-07;18;1558
1;2025-11-07;19;1187
1;2025-11-07;20;744
1;2025-11-07;21;469
1;2025-11-07;22;230
1;2025-11-07;23;40
1;2025-11-08;0;2
1;2025-11-08;1;0
1;2025-11-08;2;0
1;2025-11-08;3;0
1;2025-11-08;4;0
1;2025-11-08;5;29
1;2025-11-08;6;180
1;2025-11-08;7;356
1;2025-11-08;8;443
1;2025-11-08;9;701
1;2025-11-08;10;815
1;2025-11-08;11;769
1;2025-11-08;12;940
1;2025-11-08;13;935
1;2025-11-08;14;895
1;2025-11-08;15;766
1;2025-11-08;16;710
1;2025-11-08;17;677
1;2025-11-08;18;602
1;2025-11-08;19;542
1;2025-11-08;20;391
1;2025-11-08;21;293
1;2025-11-08;22;126
1;2025-11-08;23;9
1;2025-11-09;0;0
1;2025-11-09;1;0
1;2025-11-09;2;0
1;2025-11-09;3;1
1;2025-11-09;4;0
1;2025-11-09;5;6
1;2025-11-09;6;107
1;2025-11-09;7;248
1;2025-11-09;8;338
1;2025-11-09;9;576
1;2025-11-09;10;652
1;2025-11-09;11;642
1;2025-11-09;12;810
1;2025-11-09;13;815
1;2025-11-09;14;729
1;2025-11-09;15;687
1;2025-11-09;16;621
1;2025-11-09;17;587
1;2025-11-09;18;512
1;2025-11-09;19;421
1;2025-11-09;20;345
1;2025-11-09;21;239
1;2025-11-09;22;84
1;2025-11-09;23;0
1;2025-11-10;0;0
1;2025-11-10;1;0
1;2025-11-10;2;0
1;2025-11-10;3;0
1;2025-11-10;4;0
1;2025-11-10;5;108
1;2025-11-10;6;488
1;2025-11-10;7;1396
1;2025-11-10;8;1784
1;2025-11-10;9;1370
1;2025-11-10;10;1232
1;2025-11-10;11;1255
1;2025-11-10;12;1294
1;2025-11-10;13;1321
1;2025-11-10;14;1238
1;2025-11-10;15;1374
1;2025-11-10;16;1427
1;2025-11-10;17;1685
1;2025-11-10;18;1699
1;2025-11-10;19;1310
1;2025-11-10;20;824
1;2025-11-10;21;438
1;2025-11-10;22;203
1;2025-11-10;23;9
1;2025-11-11;0;0
1;2025-11-11;1;0
1;2025-11-11;2;0
1;2025-11-11;3;0
1;2025-11-11;4;0
1;2025-11-11;5;130
1;2025-11-11;6;509
1;2025-11-11;7;1433
1;2025-11-11;8;1835
1;2025-11-11;9;1435
1;2025-11-11;10;1317
1;2025-11-11;11;1334
1;2025-11-11;12;1336
1;2025-11-11;13;1365
1;2025-11-11;14;1277
1;2025-11-11;15;1441
1;2025-11-11;16;1437
1;2025-11-11;17;1705
1;2025-11-11;18;1725
1;2025-11-11;19;1332
1;2025-11-11;20;840
1;2025-11-11;21;476
1;2025-11-11;22;222
1;2025-11-11;23;21
1;2025-11-12;0;0
1;2025-11-12;1;0
1;2025-11-12;2;0
1;2025-11-12;3;0
1;2025-11-12;4;0
1;2025-11-12;5;124
1;2025-11-12;6;519
1;2025-11-12;7;1429
1;2025-11-12;8;1880
1;2025-11-12;9;1444
1;2025-11-12;10;1323
1;2025-11-12;11;1343
1;2025-11-12;12;1345
1;2025-11-12;13;1372
1;2025-11-12;14;1327
1;2025-11-12;15;1448
1;2025-11-12;16;1453
1;2025-11-12;17;1719
1;2025-11-12;18;1726
1;2025-11-12;19;1345
1;2025-11-12;20;856
1;2025-11-12;21;477
1;2025-11-12;22;246
1;2025-11-12;23;32
1;2025-11-13;0;0
1;2025-11-13;1;0
1;2025-11-13;2;0
1;2025-11-13;3;1
1;2025-11-13;4;0
1;2025-11-13;5;120
1;2025-11-13;6;525
1;2025-11-13;7;1454
1;2025-11-13;8;1889
1;2025-11-13;9;1424
1;2025-11-13;10;1334
1;2025-11-13;11;1356
1;2025-11-13;12;1355
1;2025-11-13;13;1383
1;2025-11-13;14;1340
1;2025-11-13;15;1464
1;2025-11-13;16;1471
1;2025-11-13;17;1740
1;2025-11-13;18;1747
1;2025-11-13;19;1348
1;2025-11-13;20;862
1;2025-11-13;21;492
1;2025-11-13;22;239
1;2025-11-13;23;42
1;2025-11-14;0;0
1;2025-11-14;1;0
1;2025-11-14;2;0
1;2025-11-14;3;2
1;2025-11-14;4;0
1;2025-11-14;5;128
1;2025-11-14;6;508
1;2025-11-14;7;1445
1;2025-11-14;8;1834
1;2025-11-14;9;1397
1;2025-11-14;10;1264
1;2025-11-14;11;1348
1;2025-11-14;12;1343
1;2025-11-14;13;1388
1;2025-11-14;14;1299
1;2025-11-14;15;1474
1;2025-11-14;16;1519
1;2025-11-14;17;1728
1;2025-11-14;18;1583
1;2025-11-14;19;1208
1;2025-11-14;20;769
1;2025-11-14;21;483
1;2025-11-14;22;235
1;2025-11-14;23;38
1;2025-11-15;0;0
1;2025-11-15;1;0
1;2025-11-15;2;0
1;2025-11-15;3;0
1;2025-11-15;4;0
1;2025-11-15;5;24
1;2025-11-15;6;180
1;2025-11-15;7;372
1;2025-11-15;8;466
1;2025-11-15;9;725
1;2025-11-15;10;841
1;2025-11-15;11;797
1;2025-11-15;12;968
1;2025-11-15;13;962
1;2025-11-15;14;921
1;2025-11-15;15;793
1;2025-11-15;16;734
1;2025-11-15;17;702
1;2025-11-15;18;626
1;2025-11-15;19;566
1;2025-11-15;20;414
1;2025-11-15;21;300
1;2025-11-15;22;140
1;2025-11-15;23;19
1;2025-11-16;0;0
1;2025-11-16;1;1
1;2025-11-16;2;0
1;2025-11-16;3;0
1;2025-11-16;4;0
1;2025-11-16;5;12
1;2025-11-16;6;116
1;2025-11-16;7;265
1;2025-11-16;8;365
1;2025-11-16;9;603
1;2025-11-16;10;679
1;2025-11-16;11;670
1;2025-11-16;12;838
1;2025-11-16;13;844
1;2025-11-16;14;756
1;2025-11-16;15;714
1;2025-11-16;16;648
1;2025-11-16;17;614
1;2025-11-16;18;540
1;2025-11-16;19;455
1;2025-11-16;20;377
1;2025-11-16;21;255
1;2025-11-16;22;97
1;2025-11-16;23;10
1;2025-11-17;0;0
1;2025-11-17;1;0
1;2025-11-17;2;0
1;2025-11-17;3;0
1;2025-11-17;4;0
1;2025-11-17;5;118
1;2025-11-17;6;510
1;2025-11-17;7;1423
1;2025-11-17;8;1815
1;2025-11-17;9;1402
1;2025-11-17;10;1264
1;2025-11-17;11;1287
1;2025-11-17;12;1326
1;2025-11-17;13;1353
1;2025-11-17;14;1270
1;2025-11-17;15;1406
1;2025-11-17;16;1440
1;2025-11-17;17;1699
1;2025-11-17;18;1713
1;2025-11-17;19;1326
1;2025-11-17;20;836
1;2025-11-17;21;449
1;2025-11-17;22;215
1;2025-11-17;23;16
1;2025-11-18;0;0
1;2025-11-18;1;0
1;2025-11-18;2;0
1;2025-11-18;3;0
1;2025-11-18;4;0
1;2025-11-18;5;134
1;2025-11-18;6;514
1;2025-11-18;7;1436
1;2025-11-18;8;1841
1;2025-11-18;9;1442
1;2025-11-18;10;1326
1;2025-11-18;11;1343
1;2025-11-18;12;1344
1;2025-11-18;13;1371
1;2025-11-18;14;1283
1;2025-11-18;15;1444
1;2025-11-18;16;1441
1;2025-11-18;17;1710
1;2025-11-18;18;1730
1;2025-11-18;19;1336
1;2025-11-18;20;848
1;2025-11-18;21;482
1;2025-11-18;22;229
1;2025-11-18;23;24
1;2025-11-19;0;0
1;2025-11-19;1;0
1;2025-11-19;2;0
1;2025-11-19;3;0
1;2025-11-19;4;0
1;2025-11-19;5;124
1;2025-11-19;6;520
1;2025-11-19;7;1425
1;2025-11-19;8;1876
1;2025-11-19;9;1444
1;2025-11-19;10;1323
1;2025-11-19;11;1342
1;2025-11-19;12;1342
1;2025-11-19;13;1370
1;2025-11-19;14;1324
1;2025-11-19;15;1445
1;2025-11-19;16;1450
1;2025-11-19;17;1716
1;2025-11-19;18;1722
1;2025-11-19;19;1344
1;2025-11-19;20;858
1;2025-11-19;21;479
1;2025-11-19;22;248
1;2025-11-19;23;33
1;2025-11-20;0;0
1;2025-11-20;1;0
1;2025-11-20;2;0
1;2025-11-20;3;1
1;2025-11-20;4;0
1;2025-11-20;5;120
1;2025-11-20;6;525
1;2025-11-20;7;1452
1;2025-11-20;8;1889
1;2025-11-20;9;1424
1;2025-11-20;10;1334
1;2025-11-20;11;1357
1;2025-11-20;12;1356
1;2025-11-20;13;1383
1;2025-11-20;14;1342
1;2025-11-20;15;1466
1;2025-11-20;16;1473
1;2025-11-20;17;1742
1;2025-11-20;18;1750
1;2025-11-20;19;1352
1;2025-11-20;20;865
1;2025-11-20;21;496
1;2025-11-20;22;243
1;2025-11-20;23;44
1;2025-11-21;0;0
1;2025-11-21;1;0
1;2025-11-21;2;0
1;2025-11-21;3;2
1;2025-11-21;4;0
1;2025-11-21;5;132
1;2025-11-21;6;512
1;2025-11-21;7;1447
1;2025-11-21;8;1836
1;2025-11-21;9;1398
1;2025-11-21;10;1265
1;2025-11-21;11;1349
1;2025-11-21;12;1344
1;2025-11-21;13;1390
1;2025-11-21;14;1300
1;2025-11-21;15;1475
1;2025-11-21;16;1520
1;2025-11-21;17;1729
1;2025-11-21;18;1585
1;2025-11-21;19;1211
1;2025-11-21;20;772
1;2025-11-21;21;487
1;2025-11-21;22;239
1;2025-11-21;23;43
1;2025-11-22;0;0
1;2025-11-22;1;0
1;2025-11-22;2;0
1;2025-11-22;3;1
1;2025-11-22;4;0
1;2025-11-22;5;26
1;2025-11-22;6;181
1;2025-11-22;7;372
1;2025-11-22;8;466
1;2025-11-22;9;725
1;2025-11-22;10;839
1;2025-11-22;11;794
1;2025-11-22;12;966
1;2025-11-22;13;936
1;2025-11-22;14;895
1;2025-11-22;15;767
1;2025-11-22;16;713
1;2025-11-22;17;681
1;2025-11-22;18;605
1;2025-11-22;19;546
1;2025-11-22;20;396
1;2025-11-22;21;296
1;2025-11-22;22;135
1;2025-11-22;23;16
1;2025-11-23;0;0
1;2025-11-23;1;0
1;2025-11-23;2;0
1;2025-11-23;3;0
1;2025-11-23;4;0
1;2025-11-23;5;14
1;2025-11-23;6;114
1;2025-11-23;7;256
1;2025-11-23;8;353
1;2025-11-23;9;590
1;2025-11-23;10;665
1;2025-11-23;11;656
1;2025-11-23;12;823
1;2025-11-23;13;828
1;2025-11-23;14;742
1;2025-11-23;15;700
1;2025-11-23;16;634
1;2025-11-23;17;600
1;2025-11-23;18;526
1;2025-11-23;19;438
1;2025-11-23;20;362
1;2025-11-23;21;253
1;2025-11-23;22;94
1;2025-11-23;23;9
1;2025-11-24;0;0
1;2025-11-24;1;0
1;2025-11-24;2;0
1;2025-11-24;3;0
1;2025-11-24;4;0
1;2025-11-24;5;114
1;2025-11-24;6;499
1;2025-11-24;7;1402
1;2025-11-24;8;1798
1;2025-11-24;9;1386
1;2025-11-24;10;1249
1;2025-11-24;11;1272
1;2025-11-24;12;1312
1;2025-11-24;13;1338
1;2025-11-24;14;1255
1;2025-11-24;15;1387
1;2025-11-24;16;1422
1;2025-11-24;17;1680
1;2025-11-24;18;1694
1;2025-11-24;19;1311
1;2025-11-24;20;821
1;2025-11-24;21;448
1;2025-11-24;22;218
1;2025-11-24;23;18
1;2025-11-25;0;0
1;2025-11-25;1;0
1;2025-11-25;2;1
1;2025-11-25;3;1
1;2025-11-25;4;2
1;2025-11-25;5;137
1;2025-11-25;6;512
1;2025-11-25;7;1419
1;2025-11-25;8;1825
1;2025-11-25;9;1429
1;2025-11-25;10;1314
1;2025-11-25;11;1331
1;2025-11-25;12;1333
1;2025-11-25;13;1360
1;2025-11-25;14;1272
1;2025-11-25;15;1432
1;2025-11-25;16;1429
1;2025-11-25;17;1695
1;2025-11-25;18;1715
1;2025-11-25;19;1321
1;2025-11-25;20;837
1;2025-11-25;21;485
1;2025-11-25;22;234
1;2025-11-25;23;28
1;2025-11-26;0;0
1;2025-11-26;1;0
1;2025-11-26;2;0
1;2025-11-26;3;0
1;2025-11-26;4;3
1;2025-11-26;5;128
1;2025-11-26;6;515
1;2025-11-26;7;1409
1;2025-11-26;8;1856
1;2025-11-26;9;1425
1;2025-11-26;10;1307
1;2025-11-26;11;1326
1;2025-11-26;12;1328
1;2025-11-26;13;1355
1;2025-11-26;14;1309
1;2025-11-26;15;1426
1;2025-11-26;16;1431
1;2025-11-26;17;1698
1;2025-11-26;18;1700
1;2025-11-26;19;1318
1;2025-11-26;20;838
1;2025-11-26;21;472
1;2025-11-26;22;245
1;2025-11-26;23;28
1;2025-11-27;0;2
1;2025-11-27;1;0
1;2025-11-27;2;0
1;2025-11-27;3;0
1;2025-11-27;4;5
1;2025-11-27;5;121
1;2025-11-27;6;516
1;2025-11-27;7;1432
1;2025-11-27;8;1864
1;2025-11-27;9;1403
1;2025-11-27;10;1316
1;2025-11-27;11;1336
1;2025-11-27;12;1338
1;2025-11-27;13;1365
1;2025-11-27;14;1321
1;2025-11-27;15;1446
1;2025-11-27;16;1453
1;2025-11-27;17;1723
1;2025-11-27;18;1726
1;2025-11-27;19;1332
1;2025-11-27;20;849
1;2025-11-27;21;491
1;2025-11-27;22;242
1;2025-11-27;23;42
1;2025-11-28;0;4
1;2025-11-28;1;0
1;2025-11-28;2;0
1;2025-11-28;3;1
1;2025-11-28;4;7
1;2025-11-28;5;131
1;2025-11-28;6;506
1;2025-11-28;7;1431
1;2025-11-28;8;1815
1;2025-11-28;9;1382
1;2025-11-28;10;1252
1;2025-11-28;11;1330
1;2025-11-28;12;1329
1;2025-11-28;13;1370
1;2025-11-28;14;1281
1;2025-11-28;15;1457
1;2025-11-28;16;1502
1;2025-11-28;17;1712
1;2025-11-28;18;1565
1;2025-11-28;19;1196
1;2025-11-28;20;757
1;2025-11-28;21;484
1;2025-11-28;22;238
1;2025-11-28;23;41
1;2025-11-29;0;2
1;2025-11-29;1;0
1;2025-11-29;2;0
1;2025-11-29;3;0
1;2025-11-29;4;0
1;2025-11-29;5;28
1;2025-11-29;6;179
1;2025-11-29;7;360
1;2025-11-29;8;451
1;2025-11-29;9;707
1;2025-11-29;10;825
1;2025-11-29;11;776
1;2025-11-29;12;950
1;2025-11-29;13;944
1;2025-11-29;14;904
1;2025-11-29;15;775
1;2025-11-29;16;718
1;2025-11-29;17;685
1;2025-11-29;18;610
1;2025-11-29;19;551
1;2025-11-29;20;400
1;2025-11-29;21;300
1;2025-11-29;22;140
1;2025-11-29;23;22
1;2025-11-30;0;0
1;2025-11-30;1;1
1;2025-11-30;2;0
1;2025-11-30;3;0
1;2025-11-30;4;0
1;2025-11-30;5;20
1;2025-11-30;6;119
1;2025-11-30;7;264
1;2025-11-30;8;361
1;2025-11-30;9;598
1;2025-11-30;10;674
1;2025-11-30;11;665
1;2025-11-30;12;831
1;2025-11-30;13;837
1;2025-11-30;14;750
1;2025-11-30;15;709
1;2025-11-30;16;642
1;2025-11-30;17;609
1;2025-11-30;18;534
1;2025-11-30;19;445
1;2025-11-30;20;370
1;2025-11-30;21;260
1;2025-11-30;22;102
1;2025-11-30;23;18
1;2025-12-01;0;0
1;2025-12-01;1;0
1;2025-12-01;2;0
1;2025-12-01;3;0
1;2025-12-01;4;2
1;2025-12-01;5;122
1;2025-12-01;6;506
1;2025-12-01;7;1411
1;2025-12-01;8;1793
1;2025-12-01;9;1387
1;2025-12-01;10;1250
1;2025-12-01;11;1273
1;2025-12-01;12;1312
1;2025-12-01;13;1339
1;2025-12-01;14;1256
1;2025-12-01;15;1389
1;2025-12-01;16;1425
1;2025-12-01;17;1680
1;2025-12-01;18;1693
1;2025-12-01;19;1318
1;2025-12-01;20;822
1;2025-12-01;21;449
1;2025-12-01;22;219
1;2025-12-01;23;21
1;2025-12-02;0;0
1;2025-12-02;1;0
1;2025-12-02;2;0
1;2025-12-02;3;0
1;2025-12-02;4;2
1;2025-12-02;5;136
1;2025-12-02;6;508
1;2025-12-02;7;1412
1;2025-12-02;8;1805
1;2025-12-02;9;1422
1;2025-12-02;10;1307
1;2025-12-02;11;1324
1;2025-12-02;12;1328
1;2025-12-02;13;1355
1;2025-12-02;14;1268
1;2025-12-02;15;1428
1;2025-12-02;16;1425
1;2025-12-02;17;1685
1;2025-12-02;18;1705
1;2025-12-02;19;1321
1;2025-12-02;20;836
1;2025-12-02;21;484
1;2025-12-02;22;235
1;2025-12-02;23;31
1;2025-12-03;0;0
1;2025-12-03;1;0
1;2025-12-03;2;0
1;2025-12-03;3;0
1;2025-12-03;4;4
1;2025-12-03;5;131
1;2025-12-03;6;513
1;2025-12-03;7;1416
1;2025-12-03;8;1862
1;2025-12-03;9;1432
1;2025-12-03;10;1314
1;2025-12-03;11;1334
1;2025-12-03;12;1336
1;2025-12-03;13;1363
1;2025-12-03;14;1318
1;2025-12-03;15;1435
1;2025-12-03;16;1440
1;2025-12-03;17;1707
1;2025-12-03;18;1709
1;2025-12-03;19;1326
1;2025-12-03;20;844
1;2025-12-03;21;470
1;2025-12-03;22;249
1;2025-12-03;23;37
1;2025-12-04;0;3
1;2025-12-04;1;0
1;2025-12-04;2;0
1;2025-12-04;3;0
1;2025-12-04;4;8
1;2025-12-04;5;127
1;2025-12-04;6;518
1;2025-12-04;7;1436
1;2025-12-04;8;1868
1;2025-12-04;9;1407
1;2025-12-04;10;1320
1;2025-12-04;11;1339
1;2025-12-04;12;1341
1;2025-12-04;13;1368
1;2025-12-04;14;1325
1;2025-12-04;15;1450
1;2025-12-04;16;1456
1;2025-12-04;17;1726
1;2025-12-04;18;1730
1;2025-12-04;19;1333
1;2025-12-04;20;852
1;2025-12-04;21;488
1;2025-12-04;22;246
1;2025-12-04;23;49
1;2025-12-05;0;5
1;2025-12-05;1;0
1;2025-12-05;2;0
1;2025-12-05;3;1
1;2025-12-05;4;9
1;2025-12-05;5;138
1;2025-12-05;6;507
1;2025-12-05;7;1440
1;2025-12-05;8;1824
1;2025-12-05;9;1391
1;2025-12-05;10;1261
1;2025-12-05;11;1338
1;2025-12-05;12;1337
1;2025-12-05;13;1378
1;2025-12-05;14;1290
1;2025-12-05;15;1466
1;2025-12-05;16;1510
1;2025-12-05;17;1720
1;2025-12-05;18;1572
1;2025-12-05;19;1201
1;2025-12-05;20;765
1;2025-12-05;21;482
1;2025-12-05;22;242
1;2025-12-05;23;49
1;2025-12-06;0;3
1;2025-12-06;1;0
1;2025-12-06;2;0
1;2025-12-06;3;0
1;2025-12-06;4;0
1;2025-12-06;5;34
1;2025-12-06;6;184
1;2025-12-06;7;361
1;2025-12-06;8;451
1;2025-12-06;9;709
1;2025-12-06;10;823
1;2025-12-06;11;779
1;2025-12-06;12;951
1;2025-12-06;13;946
1;2025-12-06;14;905
1;2025-12-06;15;779
1;2025-12-06;16;723
1;2025-12-06;17;688
1;2025-12-06;18;612
1;2025-12-06;19;553
1;2025-12-06;20;403
1;2025-12-06;21;304
1;2025-12-06;22;145
1;2025-12-06;23;28
1;2025-12-07;0;0
1;2025-12-07;1;0
1;2025-12-07;2;0
1;2025-12-07;3;0
1;2025-12-07;4;0
1;2025-12-07;5;26
1;2025-12-07;6;126
1;2025-12-07;7;268
1;2025-12-07;8;358
1;2025-12-07;9;595
1;2025-12-07;10;673
1;2025-12-07;11;664
1;2025-12-07;12;829
1;2025-12-07;13;836
1;2025-12-07;14;750
1;2025-12-07;15;708
1;2025-12-07;16;644
1;2025-12-07;17;609
1;2025-12-07;18;533
1;2025-12-07;19;447
1;2025-12-07;20;373
1;2025-12-07;21;266
1;2025-12-07;22;109
1;2025-12-07;23;25
1;2025-12-08;0;1
1;2025-12-08;1;0
1;2025-12-08;2;0
1;2025-12-08;3;0
1;2025-12-08;4;7
1;2025-12-08;5;130
1;2025-12-08;6;512
1;2025-12-08;7;1419
1;2025-12-08;8;1808
1;2025-12-08;9;1397
1;2025-12-08;10;1260
1;2025-12-08;11;1283
1;2025-12-08;12;1322
1;2025-12-08;13;1349
1;2025-12-08;14;1266
1;2025-12-08;15;1398
1;2025-12-08;16;1432
1;2025-12-08;17;1691
1;2025-12-08;18;1704
1;2025-12-08;19;1321
1;2025-12-08;20;831
1;2025-12-08;21;454
1;2025-12-08;22;228
1;2025-12-08;23;29
1;2025-12-09;0;0
1;2025-12-09;1;0
1;2025-12-09;2;0
1;2025-12-09;3;1
1;2025-12-09;4;6
1;2025-12-09;5;147
1;2025-12-09;6;519
1;2025-12-09;7;1431
1;2025-12-09;8;1836
1;2025-12-09;9;1440
1;2025-12-09;10;1325
1;2025-12-09;11;1342
1;2025-12-09;12;1344
1;2025-12-09;13;1371
1;2025-12-09;14;1284
1;2025-12-09;15;1445
1;2025-12-09;16;1441
1;2025-12-09;17;1707
1;2025-12-09;18;1726
1;2025-12-09;19;1332
1;2025-12-09;20;846
1;2025-12-09;21;490
1;2025-12-09;22;245
1;2025-12-09;23;40
1;2025-12-10;0;2
1;2025-12-10;1;0
1;2025-12-10;2;0
1;2025-12-10;3;0
1;2025-12-10;4;9
1;2025-12-10;5;142
1;2025-12-10;6;525
1;2025-12-10;7;1424
1;2025-12-10;8;1868
1;2025-12-10;9;1437
1;2025-12-10;10;1320
1;2025-12-10;11;1340
1;2025-12-10;12;1342
1;2025-12-10;13;1369
1;2025-12-10;14;1324
1;2025-12-10;15;1441
1;2025-12-10;16;1446
1;2025-12-10;17;1713
1;2025-12-10;18;1714
1;2025-12-10;19;1332
1;2025-12-10;20;845
1;2025-12-10;21;475
1;2025-12-10;22;254
1;2025-12-10;23;41
1;2025-12-11;0;6
1;2025-12-11;1;1
1;2025-12-11;2;0
1;2025-12-11;3;0
1;2025-12-11;4;11
1;2025-12-11;5;136
1;2025-12-11;6;525
1;2025-12-11;7;1443
1;2025-12-11;8;1873
1;2025-12-11;9;1411
1;2025-12-11;10;1325
1;2025-12-11;11;1344
1;2025-12-11;12;1346
1;2025-12-11;13;1375
1;2025-12-11;14;1329
1;2025-12-11;15;1457
1;2025-12-11;16;1463
1;2025-12-11;17;1733
1;2025-12-11;18;1735
1;2025-12-11;19;1338
1;2025-12-11;20;852
1;2025-12-11;21;494
1;2025-12-11;22;252
1;2025-12-11;23;55
1;2025-12-12;0;8
1;2025-12-12;1;1
1;2025-12-12;2;0
1;2025-12-12;3;1
1;2025-12-12;4;13
1;2025-12-12;5;146
1;2025-12-12;6;514
1;2025-12-12;7;1444
1;2025-12-12;8;1827
1;2025-12-12;9;1393
1;2025-12-12;10;1263
1;2025-12-12;11;1340
1;2025-12-12;12;1339
1;2025-12-12;13;1383
1;2025-12-12;14;1292
1;2025-12-12;15;1470
1;2025-12-12;16;1515
1;2025-12-12;17;1723
1;2025-12-12;18;1575
1;2025-12-12;19;1204
1;2025-12-12;20;764
1;2025-12-12;21;489
1;2025-12-12;22;249
1;2025-12-12;23;56
1;2025-12-13;0;7
1;2025-12-13;1;1
1;2025-12-13;2;0
1;2025-12-13;3;0
1;2025-12-13;4;0
1;2025-12-13;5;41
1;2025-12-13;6;192
1;2025-12-13;7;363
1;2025-12-13;8;452
1;2025-12-13;9;707
1;2025-12-13;10;822
1;2025-12-13;11;778
1;2025-12-13;12;950
1;2025-12-13;13;947
1;2025-12-13;14;905
1;2025-12-13;15;780
1;2025-12-13;16;725
1;2025-12-13;17;690
1;2025-12-13;18;615
1;2025-12-13;19;557
1;2025-12-13;20;408
1;2025-12-13;21;308
1;2025-12-13;22;152
1;2025-12-13;23;33
1;2025-12-14;0;0
1;2025-12-14;1;1
1;2025-12-14;2;0
1;2025-12-14;3;0
1;2025-12-14;4;1
1;2025-12-14;5;33
1;2025-12-14;6;132
1;2025-12-14;7;271
1;2025-12-14;8;363
1;2025-12-14;9;602
1;2025-12-14;10;680
1;2025-12-14;11;671
1;2025-12-14;12;837
1;2025-12-14;13;849
1;2025-12-14;14;757
1;2025-12-14;15;721
1;2025-12-14;16;654
1;2025-12-14;17;618
1;2025-12-14;18;541
1;2025-12-14;19;451
1;2025-12-14;20;377
1;2025-12-14;21;271
1;2025-12-14;22;114
1;2025-12-14;23;29
1;2025-12-15;0;2
1;2025-12-15;1;1
1;2025-12-15;2;0
1;2025-12-15;3;0
1;2025-12-15;4;10
1;2025-12-15;5;136
1;2025-12-15;6;516
1;2025-12-15;7;1430
1;2025-12-15;8;1817
1;2025-12-15;9;1406
1;2025-12-15;10;1269
1;2025-12-15;11;1292
1;2025-12-15;12;1331
1;2025-12-15;13;1362
1;2025-12-15;14;1275
1;2025-12-15;15;1412
1;2025-12-15;16;1446
1;2025-12-15;17;1701
1;2025-12-15;18;1711
1;2025-12-15;19;1325
1;2025-12-15;20;833
1;2025-12-15;21;458
1;2025-12-15;22;232
1;2025-12-15;23;34
1;2025-12-16;0;4
1;2025-12-16;1;1
1;2025-12-16;2;2
1;2025-12-16;3;3
1;2025-12-16;4;10
1;2025-12-16;5;153
1;2025-12-16;6;522
1;2025-12-16;7;1435
1;2025-12-16;8;1840
1;2025-12-16;9;1444
1;2025-12-16;10;1329
1;2025-12-16;11;1346
1;2025-12-16;12;1348
1;2025-12-16;13;1378
1;2025-12-16;14;1287
1;2025-12-16;15;1450
1;2025-12-16;16;1447
1;2025-12-16;17;1712
1;2025-12-16;18;1731
1;2025-12-16;19;1335
1;2025-12-16;20;846
1;2025-12-16;21;492
1;2025-12-16;22;247
1;2025-12-16;23;44
1;2025-12-17;0;4
1;2025-12-17;1;0
1;2025-12-17;2;0
1;2025-12-17;3;0
1;2025-12-17;4;11
1;2025-12-17;5;144
1;2025-12-17;6;526
1;2025-12-17;7;1426
1;2025-12-17;8;1870
1;2025-12-17;9;1439
1;2025-12-17;10;1322
1;2025-12-17;11;1339
1;2025-12-17;12;1341
1;2025-12-17;13;1371
1;2025-12-17;14;1321
1;2025-12-17;15;1440
1;2025-12-17;16;1445
1;2025-12-17;17;1713
1;2025-12-17;18;1715
1;2025-12-17;19;1330
1;2025-12-17;20;844
1;2025-12-17;21;477
1;2025-12-17;22;256
1;2025-12-17;23;45
1;2025-12-18;0;6
1;2025-12-18;1;0
1;2025-12-18;2;1
1;2025-12-18;3;1
1;2025-12-18;4;11
1;2025-12-18;5;134
1;2025-12-18;6;525
1;2025-12-18;7;1444
1;2025-12-18;8;1875
1;2025-12-18;9;1413
1;2025-12-18;10;1326
1;2025-12-18;11;1346
1;2025-12-18;12;1348
1;2025-12-18;13;1379
1;2025-12-18;14;1331
1;2025-12-18;15;1459
1;2025-12-18;16;1466
1;2025-12-18;17;1735
1;2025-12-18;18;1738
1;2025-12-18;19;1340
1;2025-12-18;20;854
1;2025-12-18;21;498
1;2025-12-18;22;255
1;2025-12-18;23;58
1;2025-12-19;0;8
1;2025-12-19;1;1
1;2025-12-19;2;1
1;2025-12-19;3;1
1;2025-12-19;4;12
1;2025-12-19;5;138
1;2025-12-19;6;501
1;2025-12-19;7;1433
1;2025-12-19;8;1817
1;2025-12-19;9;1383
1;2025-12-19;10;1253
1;2025-12-19;11;1330
1;2025-12-19;12;1329
1;2025-12-19;13;1373
1;2025-12-19;14;1281
1;2025-12-19;15;1460
1;2025-12-19;16;1506
1;2025-12-19;17;1714
1;2025-12-19;18;1566
1;2025-12-19;19;1194
1;2025-12-19;20;754
1;2025-12-19;21;480
1;2025-12-19;22;239
1;2025-12-19;23;51
1;2025-12-20;0;6
1;2025-12-20;1;0
1;2025-12-20;2;0
1;2025-12-20;3;0
1;2025-12-20;4;0
1;2025-12-20;5;36
1;2025-12-20;6;183
1;2025-12-20;7;356
1;2025-12-20;8;445
1;2025-12-20;9;700
1;2025-12-20;10;815
1;2025-12-20;11;771
1;2025-12-20;12;944
1;2025-12-20;13;942
1;2025-12-20;14;898
1;2025-12-20;15;774
1;2025-12-20;16;719
1;2025-12-20;17;684
1;2025-12-20;18;610
1;2025-12-20;19;550
1;2025-12-20;20;403
1;2025-12-20;21;304
1;2025-12-20;22;149
1;2025-12-20;23;32
1;2025-12-21;0;3
1;2025-12-21;1;0
1;2025-12-21;2;0
1;2025-12-21;3;0
1;2025-12-21;4;1
1;2025-12-21;5;30
1;2025-12-21;6;128
1;2025-12-21;7;262
1;2025-12-21;8;365
1;2025-12-21;9;605
1;2025-12-21;10;682
1;2025-12-21;11;673
1;2025-12-21;12;839
1;2025-12-21;13;851
1;2025-12-21;14;759
1;2025-12-21;15;724
1;2025-12-21;16;657
1;2025-12-21;17;621
1;2025-12-21;18;543
1;2025-12-21;19;451
1;2025-12-21;20;379
1;2025-12-21;21;263
1;2025-12-21;22;111
1;2025-12-21;23;25
1;2025-12-22;0;3
1;2025-12-22;1;0
1;2025-12-22;2;1
1;2025-12-22;3;0
1;2025-12-22;4;11
1;2025-12-22;5;128
1;2025-12-22;6;504
1;2025-12-22;7;1417
1;2025-12-22;8;1805
1;2025-12-22;9;1394
1;2025-12-22;10;1257
1;2025-12-22;11;1280
1;2025-12-22;12;1319
1;2025-12-22;13;1351
1;2025-12-22;14;1263
1;2025-12-22;15;1400
1;2025-12-22;16;1434
1;2025-12-22;17;1688
1;2025-12-22;18;1699
1;2025-12-22;19;1313
1;2025-12-22;20;823
1;2025-12-22;21;448
1;2025-12-22;22;225
1;2025-12-22;23;29
1;2025-12-23;0;4
1;2025-12-23;1;0
1;2025-12-23;2;2
1;2025-12-23;3;3
1;2025-12-23;4;9
1;2025-12-23;5;142
1;2025-12-23;6;505
1;2025-12-23;7;1413
1;2025-12-23;8;1817
1;2025-12-23;9;1421
1;2025-12-23;10;1307
1;2025-12-23;11;1324
1;2025-12-23;12;1329
1;2025-12-23;13;1359
1;2025-12-23;14;1268
1;2025-12-23;15;1432
1;2025-12-23;16;1429
1;2025-12-23;17;1694
1;2025-12-23;18;1713
1;2025-12-23;19;1316
1;2025-12-23;20;830
1;2025-12-23;21;477
1;2025-12-23;22;239
1;2025-12-23;23;38
1;2025-12-24;0;4
1;2025-12-24;1;0
1;2025-12-24;2;0
1;2025-12-24;3;0
1;2025-12-24;4;10
1;2025-12-24;5;133
1;2025-12-24;6;507
1;2025-12-24;7;1403
1;2025-12-24;8;1847
1;2025-12-24;9;1416
1;2025-12-24;10;1298
1;2025-12-24;11;1316
1;2025-12-24;12;1321
1;2025-12-24;13;1350
1;2025-12-24;14;1300
1;2025-12-24;15;1419
1;2025-12-24;16;1424
1;2025-12-24;17;1693
1;2025-12-24;18;1695
1;2025-12-24;19;1310
1;2025-12-24;20;828
1;2025-12-24;21;461
1;2025-12-24;22;245
1;2025-12-24;23;38
1;2025-12-25;0;7
1;2025-12-25;1;0
1;2025-12-25;2;1
1;2025-12-25;3;1
1;2025-12-25;4;11
1;2025-12-25;5;128
1;2025-12-25;6;509
1;2025-12-25;7;1420
1;2025-12-25;8;1850
1;2025-12-25;9;1392
1;2025-12-25;10;1306
1;2025-12-25;11;1326
1;2025-12-25;12;1332
1;2025-12-25;13;1362
1;2025-12-25;14;1315
1;2025-12-25;15;1444
1;2025-12-25;16;1450
1;2025-12-25;17;1719
1;2025-12-25;18;1725
1;2025-12-25;19;1327
1;2025-12-25;20;843
1;2025-12-25;21;486
1;2025-12-25;22;247
1;2025-12-25;23;55
1;2025-12-26;0;10
1;2025-12-26;1;0
1;2025-12-26;2;0
1;2025-12-26;3;1
1;2025-12-26;4;12
1;2025-12-26;5;138
1;2025-12-26;6;497
1;2025-12-26;7;1420
1;2025-12-26;8;1804
1;2025-12-26;9;1376
1;2025-12-26;10;1246
1;2025-12-26;11;1323
1;2025-12-26;12;1326
1;2025-12-26;13;1371
1;2025-12-26;14;1280
1;2025-12-26;15;1458
1;2025-12-26;16;1493
1;2025-12-26;17;1705
1;2025-12-26;18;1561
1;2025-12-26;19;1191
1;2025-12-26;20;751
1;2025-12-26;21;476
1;2025-12-26;22;239
1;2025-12-26;23;53
1;2025-12-27;0;10
1;2025-12-27;1;0
1;2025-12-27;2;0
1;2025-12-27;3;1
1;2025-12-27;4;0
1;2025-12-27;5;36
1;2025-12-27;6;179
1;2025-12-27;7;345
1;2025-12-27;8;428
1;2025-12-27;9;677
1;2025-12-27;10;791
1;2025-12-27;11;748
1;2025-12-27;12;928
1;2025-12-27;13;927
1;2025-12-27;14;884
1;2025-12-27;15;760
1;2025-12-27;16;705
1;2025-12-27;17;672
1;2025-12-27;18;599
1;2025-12-27;19;544
1;2025-12-27;20;400
1;2025-12-27;21;303
1;2025-12-27;22;149
1;2025-12-27;23;35
1;2025-12-28;0;8
1;2025-12-28;1;0
1;2025-12-28;2;0
1;2025-12-28;3;1
1;2025-12-28;4;2
1;2025-12-28;5;25
1;2025-12-28;6;117
1;2025-12-28;7;244
1;2025-12-28;8;336
1;2025-12-28;9;574
1;2025-12-28;10;645
1;2025-12-28;11;641
1;2025-12-28;12;807
1;2025-12-28;13;820
1;2025-12-28;14;729
1;2025-12-28;15;696
1;2025-12-28;16;629
1;2025-12-28;17;596
1;2025-12-28;18;520
1;2025-12-28;19;430
1;2025-12-28;20;371
1;2025-12-28;21;258
1;2025-12-28;22;107
1;2025-12-28;23;28
1;2025-12-29;0;5
1;2025-12-29;1;0
1;2025-12-29;2;1
1;2025-12-29;3;1
1;2025-12-29;4;10
1;2025-12-29;5;112
1;2025-12-29;6;471
1;2025-12-29;7;1356
1;2025-12-29;8;1733
1;2025-12-29;9;1323
1;2025-12-29;10;1185
1;2025-12-29;11;1208
1;2025-12-29;12;1251
1;2025-12-29;13;1283
1;2025-12-29;14;1196
1;2025-12-29;15;1339
1;2025-12-29;16;1372
1;2025-12-29;17;1633
1;2025-12-29;18;1647
1;2025-12-29;19;1260
1;2025-12-29;20;787
1;2025-12-29;21;411
1;2025-12-29;22;206
1;2025-12-29;23;28
1;2025-12-30;0;5
1;2025-12-30;1;3
1;2025-12-30;2;3
1;2025-12-30;3;4
1;2025-12-30;4;9
1;2025-12-30;5;118
1;2025-12-30;6;410
1;2025-12-30;7;1217
1;2025-12-30;8;1612
1;2025-12-30;9;1240
1;2025-12-30;10;1151
1;2025-12-30;11;1145
1;2025-12-30;12;1152
1;2025-12-30;13;1180
1;2025-12-30;14;1089
1;2025-12-30;15;1254
1;2025-12-30;16;1236
1;2025-12-30;17;1512
1;2025-12-30;18;1534
1;2025-12-30;19;1141
1;2025-12-30;20;731
1;2025-12-30;21;422
1;2025-12-30;22;213
1;2025-12-30;23;31
1;2025-12-31;0;7
1;2025-12-31;1;2
1;2025-12-31;2;1
1;2025-12-31;3;1
1;2025-12-31;4;0
1;2025-12-31;5;8
1;2025-12-31;6;146
1;2025-12-31;7;183
1;2025-12-31;8;142
1;2025-12-31;9;354
1;2025-12-31;10;456
1;2025-12-31;11;436
1;2025-12-31;12;496
1;2025-12-31;13;502
1;2025-12-31;14;471
1;2025-12-31;15;418
1;2025-12-31;16;398
1;2025-12-31;17;353
1;2025-12-31;18;309
1;2025-12-31;19;282
1;2025-12-31;20;310
1;2025-12-31;21;197
1;2025-12-31;22;96
1;2025-12-31;23;6
5;2025-11-01;0;2
5;2025-11-01;1;2
5;2025-11-01;2;2
5;2025-11-01;3;2
5;2025-11-01;4;2
5;2025-11-01;5;3
5;2025-11-01;6;3
5;2025-11-01;7;2
5;2025-11-01;8;2
5;2025-11-01;9;2
5;2025-11-01;10;3
5;2025-11-01;11;4
5;2025-11-01;12;4
5;2025-11-01;13;4
5;2025-11-01;14;4
5;2025-11-01;15;4
5;2025-11-01;16;3
5;2025-11-01;17;3
5;2025-11-01;18;3
5;2025-11-01;19;2
5;2025-11-01;20;2
5;2025-11-01;21;2
5;2025-11-01;22;2
5;2025-11-01;23;2
5;2025-11-02;0;2
5;2025-11-02;1;2
5;2025-11-02;2;2
5;2025-11-02;3;2
5;2025-11-02;4;2
5;2025-11-02;5;2
5;2025-11-02;6;2
5;2025-11-02;7;1
5;2025-11-02;8;2
5;2025-11-02;9;2
5;2025-11-02;10;2
5;2025-11-02;11;3
5;2025-11-02;12;3
5;2025-11-02;13;3
5;2025-11-02;14;3
5;2025-11-02;15;2
5;2025-11-02;16;0
5;2025-11-02;17;0
5;2025-11-02;18;0
5;2025-11-02;19;0
5;2025-11-02;20;0
5;2025-11-02;21;0
5;2025-11-02;22;0
5;2025-11-02;23;0
5;2025-11-03;0;0
5;2025-11-03;1;0
5;2025-11-03;2;0
5;2025-11-03;3;0
5;2025-11-03;4;0
5;2025-11-03;5;0
5;2025-11-03;6;0
5;2025-11-03;7;0
5;2025-11-03;8;0
5;2025-11-03;9;0
5;2025-11-03;10;0
5;2025-11-03;11;0
5;2025-11-03;12;1
5;2025-11-03;13;2
5;2025-11-03;14;2
5;2025-11-03;15;1
5;2025-11-03;16;2
5;2025-11-03;17;1
5;2025-11-03;18;1
5;2025-11-03;19;2
5;2025-11-03;20;2
5;2025-11-03;21;2
5;2025-11-03;22;2
5;2025-11-03;23;2
5;2025-11-04;0;1
5;2025-11-04;1;1
5;2025-11-04;2;1
5;2025-11-04;3;1
5;2025-11-04;4;1
5;2025-11-04;5;1
5;2025-11-04;6;1
5;2025-11-04;7;1
5;2025-11-04;8;0
5;2025-11-04;9;0
5;2025-11-04;10;1
5;2025-11-04;11;1
5;2025-11-04;12;1
5;2025-11-04;13;2
5;2025-11-04;14;2
5;2025-11-04;15;2
5;2025-11-04;16;1
5;2025-11-04;17;2
5;2025-11-04;18;2
5;2025-11-04;19;3
5;2025-11-04;20;1
5;2025-11-04;21;1
5;2025-11-04;22;1
5;2025-11-04;23;1
5;2025-11-05;0;0
5;2025-11-05;1;0
5;2025-11-05;2;0
5;2025-11-05;3;0
5;2025-11-05;4;0
5;2025-11-05;5;0
5;2025-11-05;6;0
5;2025-11-05;7;0
5;2025-11-05;8;0
5;2025-11-05;9;0
5;2025-11-05;10;0
5;2025-11-05;11;0
5;2025-11-05;12;0
5;2025-11-05;13;0
5;2025-11-05;14;0
5;2025-11-05;15;0
5;2025-11-05;16;0
5;2025-11-05;17;0
5;2025-11-05;18;0
5;2025-11-05;19;0
5;2025-11-05;20;0
5;2025-11-05;21;0
5;2025-11-05;22;0
5;2025-11-05;23;0
5;2025-11-06;0;0
5;2025-11-06;1;0
5;2025-11-06;2;0
5;2025-11-06;3;0
5;2025-11-06;4;0
5;2025-11-06;5;0
5;2025-11-06;6;0
5;2025-11-06;7;0
5;2025-11-06;8;0
5;2025-11-06;9;0
5;2025-11-06;10;0
5;2025-11-06;11;0
5;2025-11-06;12;0
5;2025-11-06;13;1
5;2025-11-06;14;1
5;2025-11-06;15;1
5;2025-11-06;16;1
5;2025-11-06;17;0
5;2025-11-06;18;0
5;2025-11-06;19;1
5;2025-11-06;20;0
5;2025-11-06;21;0
5;2025-11-06;22;0
5;2025-11-06;23;0
5;2025-11-07;0;0
5;2025-11-07;1;0
5;2025-11-07;2;0
5;2025-11-07;3;0
5;2025-11-07;4;0
5;2025-11-07;5;0
5;2025-11-07;6;0
5;2025-11-07;7;0
5;2025-11-07;8;0
5;2025-11-07;9;0
5;2025-11-07;10;0
5;2025-11-07;11;0
5;2025-11-07;12;0
5;2025-11-07;13;3
5;2025-11-07;14;3
5;2025-11-07;15;4
5;2025-11-07;16;4
5;2025-11-07;17;2
5;2025-11-07;18;0
5;2025-11-07;19;0
5;2025-11-07;20;0
5;2025-11-07;21;1
5;2025-11-07;22;1
5;2025-11-07;23;1
5;2025-11-08;0;0
5;2025-11-08;1;0
5;2025-11-08;2;0
5;2025-11-08;3;0
5;2025-11-08;4;0
5;2025-11-08;5;2
5;2025-11-08;6;2
5;2025-11-08;7;2
5;2025-11-08;8;0
5;2025-11-08;9;0
5;2025-11-08;10;0
5;2025-11-08;11;2
5;2025-11-08;12;2
5;2025-11-08;13;3
5;2025-11-08;14;3
5;2025-11-08;15;2
5;2025-11-08;16;2
5;2025-11-08;17;1
5;2025-11-08;18;1
5;2025-11-08;19;0
5;2025-11-08;20;0
5;2025-11-08;21;0
5;2025-11-08;22;0
5;2025-11-08;23;0
5;2025-11-09;0;0
5;2025-11-09;1;0
5;2025-11-09;2;0
5;2025-11-09;3;0
5;2025-11-09;4;0
5;2025-11-09;5;0
5;2025-11-09;6;2
5;2025-11-09;7;1
5;2025-11-09;8;1
5;2025-11-09;9;1
5;2025-11-09;10;1
5;2025-11-09;11;2
5;2025-11-09;12;2
5;2025-11-09;13;2
5;2025-11-09;14;2
5;2025-11-09;15;2
5;2025-11-09;16;2
5;2025-11-09;17;1
5;2025-11-09;18;1
5;2025-11-09;19;0
5;2025-11-09;20;1
5;2025-11-09;21;1
5;2025-11-09;22;1
5;2025-11-09;23;1
5;2025-11-10;0;1
5;2025-11-10;1;0
5;2025-11-10;2;0
5;2025-11-10;3;0
5;2025-11-10;4;0
5;2025-11-10;5;0
5;2025-11-10;6;0
5;2025-11-10;7;0
5;2025-11-10;8;0
5;2025-11-10;9;0
5;2025-11-10;10;0
5;2025-11-10;11;0
5;2025-11-10;12;0
5;2025-11-10;13;1
5;2025-11-10;14;1
5;2025-11-10;15;1
5;2025-11-10;16;0
5;2025-11-10;17;0
5;2025-11-10;18;0
5;2025-11-10;19;0
5;2025-11-10;20;0
5;2025-11-10;21;0
5;2025-11-10;22;0
5;2025-11-10;23;0
5;2025-11-11;0;0
5;2025-11-11;1;0
5;2025-11-11;2;0
5;2025-11-11;3;0
5;2025-11-11;4;0
5;2025-11-11;5;0
5;2025-11-11;6;0
5;2025-11-11;7;0
5;2025-11-11;8;0
5;2025-11-11;9;0
5;2025-11-11;10;0
5;2025-11-11;11;0
5;2025-11-11;12;0
5;2025-11-11;13;0
5;2025-11-11;14;0
5;2025-11-11;15;0
5;2025-11-11;16;0
5;2025-11-11;17;0
5;2025-11-11;18;0
5;2025-11-11;19;0
5;2025-11-11;20;0
5;2025-11-11;21;0
5;2025-11-11;22;0
5;2025-11-11;23;0
5;2025-11-12;0;0
5;2025-11-12;1;0
5;2025-11-12;2;0
5;2025-11-12;3;0
5;2025-11-12;4;0
5;2025-11-12;5;0
5;2025-11-12;6;0
5;2025-11-12;7;0
5;2025-11-12;8;0
5;2025-11-12;9;0
5;2025-11-12;10;0
5;2025-11-12;11;0
5;2025-11-12;12;0
5;2025-11-12;13;0
5;2025-11-12;14;0
5;2025-11-12;15;0
5;2025-11-12;16;0
5;2025-11-12;17;0
5;2025-11-12;18;0
5;2025-11-12;19;0
5;2025-11-12;20;0
5;2025-11-12;21;0
5;2025-11-12;22;0
5;2025-11-12;23;0
5;2025-11-13;0;0
5;2025-11-13;1;0
5;2025-11-13;2;0
5;2025-11-13;3;0
5;2025-11-13;4;0
5;2025-11-13;5;0
5;2025-11-13;6;0
5;2025-11-13;7;0
5;2025-11-13;8;0
5;2025-11-13;9;0
5;2025-11-13;10;0
5;2025-11-13;11;0
5;2025-11-13;12;0
5;2025-11-13;13;0
5;2025-11-13;14;0
5;2025-11-13;15;0
5;2025-11-13;16;0
5;2025-11-13;17;0
5;2025-11-13;18;0
5;2025-11-13;19;0
5;2025-11-13;20;0
5;2025-11-13;21;0
5;2025-11-13;22;0
5;2025-11-13;23;0
5;2025-11-14;0;0
5;2025-11-14;1;0
5;2025-11-14;2;0
5;2025-11-14;3;0
5;2025-11-14;4;0
5;2025-11-14;5;0
5;2025-11-14;6;0
5;2025-11-14;7;0
5;2025-11-14;8;0
5;2025-11-14;9;0
5;2025-11-14;10;0
5;2025-11-14;11;0
5;2025-11-14;12;0
5;2025-11-14;13;2
5;2025-11-14;14;2
5;2025-11-14;15;3
5;2025-11-14;16;3
5;2025-11-14;17;1
5;2025-11-14;18;0
5;2025-11-14;19;0
5;2025-11-14;20;0
5;2025-11-14;21;0
5;2025-11-14;22;0
5;2025-11-14;23;0
5;2025-11-15;0;0
5;2025-11-15;1;0
5;2025-11-15;2;0
5;2025-11-15;3;0
5;2025-11-15;4;0
5;2025-11-15;5;1
5;2025-11-15;6;1
5;2025-11-15;7;1
5;2025-11-15;8;0
5;2025-11-15;9;0
5;2025-11-15;10;0
5;2025-11-15;11;0
5;2025-11-15;12;1
5;2025-11-15;13;1
5;2025-11-15;14;1
5;2025-11-15;15;1
5;2025-11-15;16;1
5;2025-11-15;17;0
5;2025-11-15;18;1
5;2025-11-15;19;0
5;2025-11-15;20;0
5;2025-11-15;21;0
5;2025-11-15;22;0
5;2025-11-15;23;0
5;2025-11-16;0;0
5;2025-11-16;1;0
5;2025-11-16;2;0
5;2025-11-16;3;0
5;2025-11-16;4;0
5;2025-11-16;5;0
5;2025-11-16;6;0
5;2025-11-16;7;0
5;2025-11-16;8;0
5;2025-11-16;9;0
5;2025-11-16;10;0
5;2025-11-16;11;1
5;2025-11-16;12;1
5;2025-11-16;13;1
5;2025-11-16;14;1
5;2025-11-16;15;1
5;2025-11-16;16;1
5;2025-11-16;17;0
5;2025-11-16;18;0
5;2025-11-16;19;0
5;2025-11-16;20;0
5;2025-11-16;21;0
5;2025-11-16;22;0
5;2025-11-16;23;0
5;2025-11-17;0;0
5;2025-11-17;1;0
5;2025-11-17;2;0
5;2025-11-17;3;0
5;2025-11-17;4;0
5;2025-11-17;5;0
5;2025-11-17;6;0
5;2025-11-17;7;0
5;2025-11-17;8;0
5;2025-11-17;9;0
5;2025-11-17;10;0
5;2025-11-17;11;0
5;2025-11-17;12;0
5;2025-11-17;13;0
5;2025-11-17;14;0
5;2025-11-17;15;0
5;2025-11-17;16;0
5;2025-11-17;17;0
5;2025-11-17;18;0
5;2025-11-17;19;0
5;2025-11-17;20;0
5;2025-11-17;21;0
5;2025-11-17;22;0
5;2025-11-17;23;0
5;2025-11-18;0;0
5;2025-11-18;1;0
5;2025-11-18;2;0
5;2025-11-18;3;0
5;2025-11-18;4;0
5;2025-11-18;5;0
5;2025-11-18;6;0
5;2025-11-18;7;0
5;2025-11-18;8;0
5;2025-11-18;9;0
5;2025-11-18;10;0
5;2025-11-18;11;0
5;2025-11-18;12;0
5;2025-11-18;13;0
5;2025-11-18;14;0
5;2025-11-18;15;0
5;2025-11-18;16;0
5;2025-11-18;17;0
5;2025-11-18;18;0
5;2025-11-18;19;0
5;2025-11-18;20;0
5;2025-11-18;21;0
5;2025-11-18;22;0
5;2025-11-18;23;0
5;2025-11-19;0;0
5;2025-11-19;1;0
5;2025-11-19;2;0
5;2025-11-19;3;0
5;2025-11-19;4;0
5;2025-11-19;5;0
5;2025-11-19;6;0
5;2025-11-19;7;0
5;2025-11-19;8;0
5;2025-11-19;9;0
5;2025-11-19;10;0
5;2025-11-19;11;0
5;2025-11-19;12;0
5;2025-11-19;13;0
5;2025-11-19;14;0
5;2025-11-19;15;0
5;2025-11-19;16;0
5;2025-11-19;17;0
5;2025-11-19;18;0
5;2025-11-19;19;0
5;2025-11-19;20;0
5;2025-11-19;21;0
5;2025-11-19;22;0
5;2025-11-19;23;0
5;2025-11-20;0;0
5;2025-11-20;1;0
5;2025-11-20;2;0
5;2025-11-20;3;0
5;2025-11-20;4;0
5;2025-11-20;5;0
5;2025-11-20;6;0
5;2025-11-20;7;0
5;2025-11-20;8;0
5;2025-11-20;9;0
5;2025-11-20;10;0
5;2025-11-20;11;0
5;2025-11-20;12;0
5;2025-11-20;13;0
5;2025-11-20;14;0
5;2025-11-20;15;0
5;2025-11-20;16;0
5;2025-11-20;17;0
5;2025-11-20;18;0
5;2025-11-20;19;0
5;2025-11-20;20;0
5;2025-11-20;21;0
5;2025-11-20;22;0
5;2025-11-20;23;0
5;2025-11-21;0;0
5;2025-11-21;1;0
5;2025-11-21;2;0
5;2025-11-21;3;0
5;2025-11-21;4;0
5;2025-11-21;5;0
5;2025-11-21;6;0
5;2025-11-21;7;0
5;2025-11-21;8;0
5;2025-11-21;9;0
5;2025-11-21;10;0
5;2025-11-21;11;0
5;2025-11-21;12;0
5;2025-11-21;13;2
5;2025-11-21;14;2
5;2025-11-21;15;3
5;2025-11-21;16;3
5;2025-11-21;17;1
5;2025-11-21;18;0
5;2025-11-21;19;0
5;2025-11-21;20;0
5;2025-11-21;21;0
5;2025-11-21;22;0
5;2025-11-21;23;0
5;2025-11-22;0;0
5;2025-11-22;1;0
5;2025-11-22;2;0
5;2025-11-22;3;0
5;2025-11-22;4;0
5;2025-11-22;5;1
5;2025-11-22;6;1
5;2025-11-22;7;0
5;2025-11-22;8;0
5;2025-11-22;9;0
5;2025-11-22;10;0
5;2025-11-22;11;0
5;2025-11-22;12;0
5;2025-11-22;13;2
5;2025-11-22;14;2
5;2025-11-22;15;2
5;2025-11-22;16;2
5;2025-11-22;17;1
5;2025-11-22;18;1
5;2025-11-22;19;0
5;2025-11-22;20;0
5;2025-11-22;21;0
5;2025-11-22;22;0
5;2025-11-22;23;0
5;2025-11-23;0;0
5;2025-11-23;1;0
5;2025-11-23;2;0
5;2025-11-23;3;0
5;2025-11-23;4;0
5;2025-11-23;5;0
5;2025-11-23;6;1
5;2025-11-23;7;1
5;2025-11-23;8;1
5;2025-11-23;9;1
5;2025-11-23;10;1
5;2025-11-23;11;1
5;2025-11-23;12;2
5;2025-11-23;13;2
5;2025-11-23;14;2
5;2025-11-23;15;2
5;2025-11-23;16;2
5;2025-11-23;17;1
5;2025-11-23;18;1
5;2025-11-23;19;1
5;2025-11-23;20;1
5;2025-11-23;21;1
5;2025-11-23;22;1
5;2025-11-23;23;1
5;2025-11-24;0;1
5;2025-11-24;1;0
5;2025-11-24;2;0
5;2025-11-24;3;0
5;2025-11-24;4;0
5;2025-11-24;5;0
5;2025-11-24;6;0
5;2025-11-24;7;0
5;2025-11-24;8;0
5;2025-11-24;9;0
5;2025-11-24;10;0
5;2025-11-24;11;0
5;2025-11-24;12;0
5;2025-11-24;13;1
5;2025-11-24;14;1
5;2025-11-24;15;1
5;2025-11-24;16;1
5;2025-11-24;17;0
5;2025-11-24;18;0
5;2025-11-24;19;0
5;2025-11-24;20;0
5;2025-11-24;21;0
5;2025-11-24;22;0
5;2025-11-24;23;0
5;2025-11-25;0;0
5;2025-11-25;1;0
5;2025-11-25;2;0
5;2025-11-25;3;0
5;2025-11-25;4;0
5;2025-11-25;5;0
5;2025-11-25;6;0
5;2025-11-25;7;0
5;2025-11-25;8;0
5;2025-11-25;9;0
5;2025-11-25;10;0
5;2025-11-25;11;0
5;2025-11-25;12;0
5;2025-11-25;13;1
5;2025-11-25;14;1
5;2025-11-25;15;1
5;2025-11-25;16;1
5;2025-11-25;17;0
5;2025-11-25;18;0
5;2025-11-25;19;1
5;2025-11-25;20;0
5;2025-11-25;21;0
5;2025-11-25;22;0
5;2025-11-25;23;0
5;2025-11-26;0;0
5;2025-11-26;1;0
5;2025-11-26;2;0
5;2025-11-26;3;0
5;2025-11-26;4;0
5;2025-11-26;5;0
5;2025-11-26;6;0
5;2025-11-26;7;0
5;2025-11-26;8;0
5;2025-11-26;9;0
5;2025-11-26;10;0
5;2025-11-26;11;0
5;2025-11-26;12;0
5;2025-11-26;13;1
5;2025-11-26;14;0
5;2025-11-26;15;0
5;2025-11-26;16;0
5;2025-11-26;17;0
5;2025-11-26;18;0
5;2025-11-26;19;1
5;2025-11-26;20;0
5;2025-11-26;21;0
5;2025-11-26;22;0
5;2025-11-26;23;0
5;2025-11-27;0;0
5;2025-11-27;1;0
5;2025-11-27;2;0
5;2025-11-27;3;0
5;2025-11-27;4;0
5;2025-11-27;5;0
5;2025-11-27;6;0
5;2025-11-27;7;0
5;2025-11-27;8;0
5;2025-11-27;9;0
5;2025-11-27;10;0
5;2025-11-27;11;0
5;2025-11-27;12;0
5;2025-11-27;13;1
5;2025-11-27;14;1
5;2025-11-27;15;1
5;2025-11-27;16;1
5;2025-11-27;17;0
5;2025-11-27;18;0
5;2025-11-27;19;1
5;2025-11-27;20;0
5;2025-11-27;21;0
5;2025-11-27;22;0
5;2025-11-27;23;0
5;2025-11-28;0;0
5;2025-11-28;1;0
5;2025-11-28;2;0
5;2025-11-28;3;0
5;2025-11-28;4;0
5;2025-11-28;5;0
5;2025-11-28;6;0
5;2025-11-28;7;0
5;2025-11-28;8;0
5;2025-11-28;9;0
5;2025-11-28;10;0
5;2025-11-28;11;0
5;2025-11-28;12;0
5;2025-11-28;13;3
5;2025-11-28;14;3
5;2025-11-28;15;4
5;2025-11-28;16;4
5;2025-11-28;17;2
5;2025-11-28;18;0
5;2025-11-28;19;0
5;2025-11-28;20;0
5;2025-11-28;21;0
5;2025-11-28;22;0
5;2025-11-28;23;0
5;2025-11-29;0;0
5;2025-11-29;1;0
5;2025-11-29;2;0
5;2025-11-29;3;0
5;2025-11-29;4;0
5;2025-11-29;5;2
5;2025-11-29;6;1
5;2025-11-29;7;1
5;2025-11-29;8;0
5;2025-11-29;9;0
5;2025-11-29;10;0
5;2025-11-29;11;1
5;2025-11-29;12;1
5;2025-11-29;13;2
5;2025-11-29;14;2
5;2025-11-29;15;2
5;2025-11-29;16;2
5;2025-11-29;17;1
5;2025-11-29;18;1
5;2025-11-29;19;0
5;2025-11-29;20;0
5;2025-11-29;21;0
5;2025-11-29;22;0
5;2025-11-29;23;0
5;2025-11-30;0;0
5;2025-11-30;1;0
5;2025-11-30;2;0
5;2025-11-30;3;0
5;2025-11-30;4;0
5;2025-11-30;5;0
5;2025-11-30;6;1
5;2025-11-30;7;4
5;2025-11-30;8;5
5;2025-11-30;9;5
5;2025-11-30;10;5
5;2025-11-30;11;5
5;2025-11-30;12;6
5;2025-11-30;13;6
5;2025-11-30;14;6
5;2025-11-30;15;5
5;2025-11-30;16;5
5;2025-11-30;17;5
5;2025-11-30;18;5
5;2025-11-30;19;5
5;2025-11-30;20;5
5;2025-11-30;21;5
5;2025-11-30;22;5
5;2025-11-30;23;5
5;2025-12-01;0;1
5;2025-12-01;1;0
5;2025-12-01;2;0
5;2025-12-01;3;0
5;2025-12-01;4;0
5;2025-12-01;5;0
5;2025-12-01;6;0
5;2025-12-01;7;0
5;2025-12-01;8;0
5;2025-12-01;9;0
5;2025-12-01;10;0
5;2025-12-01;11;0
5;2025-12-01;12;0
5;2025-12-01;13;0
5;2025-12-01;14;0
5;2025-12-01;15;0
5;2025-12-01;16;0
5;2025-12-01;17;0
5;2025-12-01;18;0
5;2025-12-01;19;0
5;2025-12-01;20;0
5;2025-12-01;21;0
5;2025-12-01;22;0
5;2025-12-01;23;0
5;2025-12-02;0;0
5;2025-12-02;1;0
5;2025-12-02;2;0
5;2025-12-02;3;0
5;2025-12-02;4;0
5;2025-12-02;5;0
5;2025-12-02;6;0
5;2025-12-02;7;0
5;2025-12-02;8;0
5;2025-12-02;9;0
5;2025-12-02;10;0
5;2025-12-02;11;0
5;2025-12-02;12;0
5;2025-12-02;13;0
5;2025-12-02;14;0
5;2025-12-02;15;0
5;2025-12-02;16;0
5;2025-12-02;17;0
5;2025-12-02;18;0
5;2025-12-02;19;0
5;2025-12-02;20;0
5;2025-12-02;21;0
5;2025-12-02;22;0
5;2025-12-02;23;0
5;2025-12-03;0;0
5;2025-12-03;1;0
5;2025-12-03;2;0
5;2025-12-03;3;0
5;2025-12-03;4;0
5;2025-12-03;5;0
5;2025-12-03;6;0
5;2025-12-03;7;0
5;2025-12-03;8;0
5;2025-12-03;9;0
5;2025-12-03;10;1
5;2025-12-03;11;1
5;2025-12-03;12;0
5;2025-12-03;13;1
5;2025-12-03;14;0
5;2025-12-03;15;0
5;2025-12-03;16;0
5;2025-12-03;17;1
5;2025-12-03;18;1
5;2025-12-03;19;1
5;2025-12-03;20;0
5;2025-12-03;21;0
5;2025-12-03;22;0
5;2025-12-03;23;1
5;2025-12-04;0;0
5;2025-12-04;1;0
5;2025-12-04;2;0
5;2025-12-04;3;0
5;2025-12-04;4;0
5;2025-12-04;5;0
5;2025-12-04;6;0
5;2025-12-04;7;0
5;2025-12-04;8;0
5;2025-12-04;9;0
5;2025-12-04;10;0
5;2025-12-04;11;0
5;2025-12-04;12;1
5;2025-12-04;13;1
5;2025-12-04;14;1
5;2025-12-04;15;1
5;2025-12-04;16;1
5;2025-12-04;17;1
5;2025-12-04;18;1
5;2025-12-04;19;1
5;2025-12-04;20;0
5;2025-12-04;21;0
5;2025-12-04;22;0
5;2025-12-04;23;1
5;2025-12-05;0;0
5;2025-12-05;1;0
5;2025-12-05;2;0
5;2025-12-05;3;0
5;2025-12-05;4;0
5;2025-12-05;5;0
5;2025-12-05;6;0
5;2025-12-05;7;0
5;2025-12-05;8;0
5;2025-12-05;9;0
5;2025-12-05;10;0
5;2025-12-05;11;0
5;2025-12-05;12;1
5;2025-12-05;13;3
5;2025-12-05;14;3
5;2025-12-05;15;5
5;2025-12-05;16;4
5;2025-12-05;17;2
5;2025-12-05;18;0
5;2025-12-05;19;0
5;2025-12-05;20;0
5;2025-12-05;21;1
5;2025-12-05;22;0
5;2025-12-05;23;1
5;2025-12-06;0;0
5;2025-12-06;1;0
5;2025-12-06;2;0
5;2025-12-06;3;0
5;2025-12-06;4;0
5;2025-12-06;5;2
5;2025-12-06;6;2
5;2025-12-06;7;2
5;2025-12-06;8;0
5;2025-12-06;9;0
5;2025-12-06;10;0
5;2025-12-06;11;1
5;2025-12-06;12;2
5;2025-12-06;13;2
5;2025-12-06;14;2
5;2025-12-06;15;2
5;2025-12-06;16;2
5;2025-12-06;17;2
5;2025-12-06;18;2
5;2025-12-06;19;0
5;2025-12-06;20;0
5;2025-12-06;21;0
5;2025-12-06;22;0
5;2025-12-06;23;0
5;2025-12-07;0;0
5;2025-12-07;1;0
5;2025-12-07;2;0
5;2025-12-07;3;0
5;2025-12-07;4;0
5;2025-12-07;5;0
5;2025-12-07;6;1
5;2025-12-07;7;1
5;2025-12-07;8;2
5;2025-12-07;9;2
5;2025-12-07;10;2
5;2025-12-07;11;2
5;2025-12-07;12;2
5;2025-12-07;13;2
5;2025-12-07;14;2
5;2025-12-07;15;2
5;2025-12-07;16;2
5;2025-12-07;17;1
5;2025-12-07;18;1
5;2025-12-07;19;0
5;2025-12-07;20;1
5;2025-12-07;21;1
5;2025-12-07;22;1
5;2025-12-07;23;2
5;2025-12-08;0;1
5;2025-12-08;1;0
5;2025-12-08;2;0
5;2025-12-08;3;0
5;2025-12-08;4;0
5;2025-12-08;5;0
5;2025-12-08;6;0
5;2025-12-08;7;0
5;2025-12-08;8;0
5;2025-12-08;9;0
5;2025-12-08;10;0
5;2025-12-08;11;0
5;2025-12-08;12;1
5;2025-12-08;13;1
5;2025-12-08;14;1
5;2025-12-08;15;1
5;2025-12-08;16;1
5;2025-12-08;17;0
5;2025-12-08;18;0
5;2025-12-08;19;0
5;2025-12-08;20;0
5;2025-12-08;21;0
5;2025-12-08;22;0
5;2025-12-08;23;1
5;2025-12-09;0;0
5;2025-12-09;1;0
5;2025-12-09;2;0
5;2025-12-09;3;0
5;2025-12-09;4;0
5;2025-12-09;5;0
5;2025-12-09;6;0
5;2025-12-09;7;0
5;2025-12-09;8;0
5;2025-12-09;9;0
5;2025-12-09;10;0
5;2025-12-09;11;0
5;2025-12-09;12;1
5;2025-12-09;13;1
5;2025-12-09;14;1
5;2025-12-09;15;1
5;2025-12-09;16;1
5;2025-12-09;17;1
5;2025-12-09;18;0
5;2025-12-09;19;1
5;2025-12-09;20;1
5;2025-12-09;21;0
5;2025-12-09;22;0
5;2025-12-09;23;0
5;2025-12-10;0;0
5;2025-12-10;1;0
5;2025-12-10;2;0
5;2025-12-10;3;0
5;2025-12-10;4;0
5;2025-12-10;5;0
5;2025-12-10;6;0
5;2025-12-10;7;0
5;2025-12-10;8;0
5;2025-12-10;9;0
5;2025-12-10;10;1
5;2025-12-10;11;1
5;2025-12-10;12;1
5;2025-12-10;13;1
5;2025-12-10;14;0
5;2025-12-10;15;0
5;2025-12-10;16;0
5;2025-12-10;17;1
5;2025-12-10;18;1
5;2025-12-10;19;1
5;2025-12-10;20;0
5;2025-12-10;21;0
5;2025-12-10;22;0
5;2025-12-10;23;0
5;2025-12-11;0;0
5;2025-12-11;1;0
5;2025-12-11;2;0
5;2025-12-11;3;0
5;2025-12-11;4;0
5;2025-12-11;5;0
5;2025-12-11;6;0
5;2025-12-11;7;0
5;2025-12-11;8;0
5;2025-12-11;9;0
5;2025-12-11;10;0
5;2025-12-11;11;0
5;2025-12-11;12;1
5;2025-12-11;13;1
5;2025-12-11;14;1
5;2025-12-11;15;1
5;2025-12-11;16;1
5;2025-12-11;17;1
5;2025-12-11;18;1
5;2025-12-11;19;1
5;2025-12-11;20;0
5;2025-12-11;21;0
5;2025-12-11;22;1
5;2025-12-11;23;1
5;2025-12-12;0;0
5;2025-12-12;1;0
5;2025-12-12;2;0
5;2025-12-12;3;0
5;2025-12-12;4;0
5;2025-12-12;5;0
5;2025-12-12;6;0
5;2025-12-12;7;0
5;2025-12-12;8;0
5;2025-12-12;9;0
5;2025-12-12;10;0
5;2025-12-12;11;0
5;2025-12-12;12;1
5;2025-12-12;13;3
5;2025-12-12;14;3
5;2025-12-12;15;5
5;2025-12-12;16;4
5;2025-12-12;17;2
5;2025-12-12;18;0
5;2025-12-12;19;0
5;2025-12-12;20;0
5;2025-12-12;21;1
5;2025-12-12;22;1
5;2025-12-12;23;1
5;2025-12-13;0;0
5;2025-12-13;1;0
5;2025-12-13;2;0
5;2025-12-13;3;0
5;2025-12-13;4;0
5;2025-12-13;5;2
5;2025-12-13;6;2
5;2025-12-13;7;2
5;2025-12-13;8;0
5;2025-12-13;9;0
5;2025-12-13;10;0
5;2025-12-13;11;2
5;2025-12-13;12;2
5;2025-12-13;13;2
5;2025-12-13;14;2
5;2025-12-13;15;2
5;2025-12-13;16;2
5;2025-12-13;17;2
5;2025-12-13;18;2
5;2025-12-13;19;0
5;2025-12-13;20;0
5;2025-12-13;21;0
5;2025-12-13;22;0
5;2025-12-13;23;0
5;2025-12-14;0;0
5;2025-12-14;1;0
5;2025-12-14;2;0
5;2025-12-14;3;0
5;2025-12-14;4;0
5;2025-12-14;5;0
5;2025-12-14;6;1
5;2025-12-14;7;1
5;2025-12-14;8;2
5;2025-12-14;9;2
5;2025-12-14;10;2
5;2025-12-14;11;2
5;2025-12-14;12;3
5;2025-12-14;13;3
5;2025-12-14;14;3
5;2025-12-14;15;2
5;2025-12-14;16;2
5;2025-12-14;17;2
5;2025-12-14;18;1
5;2025-12-14;19;1
5;2025-12-14;20;1
5;2025-12-14;21;1
5;2025-12-14;22;1
5;2025-12-14;23;2
5;2025-12-15;0;1
5;2025-12-15;1;0
5;2025-12-15;2;0
5;2025-12-15;3;0
5;2025-12-15;4;0
5;2025-12-15;5;0
5;2025-12-15;6;0
5;2025-12-15;7;0
5;2025-12-15;8;0
5;2025-12-15;9;0
5;2025-12-15;10;1
5;2025-12-15;11;1
5;2025-12-15;12;1
5;2025-12-15;13;1
5;2025-12-15;14;2
5;2025-12-15;15;1
5;2025-12-15;16;1
5;2025-12-15;17;0
5;2025-12-15;18;0
5;2025-12-15;19;1
5;2025-12-15;20;0
5;2025-12-15;21;0
5;2025-12-15;22;0
5;2025-12-15;23;0
5;2025-12-16;0;0
5;2025-12-16;1;0
5;2025-12-16;2;0
5;2025-12-16;3;0
5;2025-12-16;4;0
5;2025-12-16;5;0
5;2025-12-16;6;0
5;2025-12-16;7;0
5;2025-12-16;8;0
5;2025-12-16;9;0
5;2025-12-16;10;0
5;2025-12-16;11;0
5;2025-12-16;12;1
5;2025-12-16;13;1
5;2025-12-16;14;1
5;2025-12-16;15;1
5;2025-12-16;16;1
5;2025-12-16;17;1
5;2025-12-16;18;1
5;2025-12-16;19;1
5;2025-12-16;20;1
5;2025-12-16;21;0
5;2025-12-16;22;0
5;2025-12-16;23;0
5;2025-12-17;0;0
5;2025-12-17;1;0
5;2025-12-17;2;0
5;2025-12-17;3;0
5;2025-12-17;4;0
5;2025-12-17;5;0
5;2025-12-17;6;0
5;2025-12-17;7;0
5;2025-12-17;8;0
5;2025-12-17;9;0
5;2025-12-17;10;1
5;2025-12-17;11;1
5;2025-12-17;12;1
5;2025-12-17;13;1
5;2025-12-17;14;0
5;2025-12-17;15;0
5;2025-12-17;16;0
5;2025-12-17;17;1
5;2025-12-17;18;1
5;2025-12-17;19;1
5;2025-12-17;20;0
5;2025-12-17;21;0
5;2025-12-17;22;0
5;2025-12-17;23;0
5;2025-12-18;0;0
5;2025-12-18;1;0
5;2025-12-18;2;0
5;2025-12-18;3;0
5;2025-12-18;4;0
5;2025-12-18;5;0
5;2025-12-18;6;0
5;2025-12-18;7;0
5;2025-12-18;8;0
5;2025-12-18;9;0
5;2025-12-18;10;0
5;2025-12-18;11;0
5;2025-12-18;12;1
5;2025-12-18;13;1
5;2025-12-18;14;1
5;2025-12-18;15;1
5;2025-12-18;16;1
5;2025-12-18;17;1
5;2025-12-18;18;1
5;2025-12-18;19;1
5;2025-12-18;20;0
5;2025-12-18;21;0
5;2025-12-18;22;1
5;2025-12-18;23;1
5;2025-12-19;0;0
5;2025-12-19;1;1
5;2025-12-19;2;1
5;2025-12-19;3;1
5;2025-12-19;4;1
5;2025-12-19;5;1
5;2025-12-19;6;1
5;2025-12-19;7;0
5;2025-12-19;8;0
5;2025-12-19;9;0
5;2025-12-19;10;0
5;2025-12-19;11;0
5;2025-12-19;12;1
5;2025-12-19;13;3
5;2025-12-19;14;3
5;2025-12-19;15;5
5;2025-12-19;16;4
5;2025-12-19;17;2
5;2025-12-19;18;0
5;2025-12-19;19;0
5;2025-12-19;20;0
5;2025-12-19;21;1
5;2025-12-19;22;1
5;2025-12-19;23;1
5;2025-12-20;0;0
5;2025-12-20;1;0
5;2025-12-20;2;0
5;2025-12-20;3;0
5;2025-12-20;4;0
5;2025-12-20;5;2
5;2025-12-20;6;2
5;2025-12-20;7;2
5;2025-12-20;8;0
5;2025-12-20;9;0
5;2025-12-20;10;0
5;2025-12-20;11;2
5;2025-12-20;12;2
5;2025-12-20;13;3
5;2025-12-20;14;3
5;2025-12-20;15;2
5;2025-12-20;16;3
5;2025-12-20;17;2
5;2025-12-20;18;2
5;2025-12-20;19;0
5;2025-12-20;20;0
5;2025-12-20;21;0
5;2025-12-20;22;0
5;2025-12-20;23;0
5;2025-12-21;0;0
5;2025-12-21;1;0
5;2025-12-21;2;0
5;2025-12-21;3;0
5;2025-12-21;4;0
5;2025-12-21;5;0
5;2025-12-21;6;1
5;2025-12-21;7;1
5;2025-12-21;8;2
5;2025-12-21;9;2
5;2025-12-21;10;2
5;2025-12-21;11;2
5;2025-12-21;12;3
5;2025-12-21;13;3
5;2025-12-21;14;3
5;2025-12-21;15;2
5;2025-12-21;16;2
5;2025-12-21;17;2
5;2025-12-21;18;1
5;2025-12-21;19;1
5;2025-12-21;20;1
5;2025-12-21;21;1
5;2025-12-21;22;1
5;2025-12-21;23;2
5;2025-12-22;0;2
5;2025-12-22;1;1
5;2025-12-22;2;1
5;2025-12-22;3;1
5;2025-12-22;4;1
5;2025-12-22;5;1
5;2025-12-22;6;1
5;2025-12-22;7;1
5;2025-12-22;8;1
5;2025-12-22;9;1
5;2025-12-22;10;1
5;2025-12-22;11;1
5;2025-12-22;12;1
5;2025-12-22;13;2
5;2025-12-22;14;2
5;2025-12-22;15;1
5;2025-12-22;16;1
5;2025-12-22;17;1
5;2025-12-22;18;1
5;2025-12-22;19;1
5;2025-12-22;20;1
5;2025-12-22;21;1
5;2025-12-22;22;1
5;2025-12-22;23;1
5;2025-12-23;0;1
5;2025-12-23;1;0
5;2025-12-23;2;0
5;2025-12-23;3;0
5;2025-12-23;4;0
5;2025-12-23;5;0
5;2025-12-23;6;0
5;2025-12-23;7;0
5;2025-12-23;8;0
5;2025-12-23;9;0
5;2025-12-23;10;0
5;2025-12-23;11;0
5;2025-12-23;12;1
5;2025-12-23;13;1
5;2025-12-23;14;2
5;2025-12-23;15;1
5;2025-12-23;16;1
5;2025-12-23;17;1
5;2025-12-23;18;1
5;2025-12-23;19;1
5;2025-12-23;20;1
5;2025-12-23;21;1
5;2025-12-23;22;0
5;2025-12-23;23;0
5;2025-12-24;0;0
5;2025-12-24;1;0
5;2025-12-24;2;0
5;2025-12-24;3;0
5;2025-12-24;4;0
5;2025-12-24;5;0
5;2025-12-24;6;0
5;2025-12-24;7;0
5;2025-12-24;8;0
5;2025-12-24;9;0
5;2025-12-24;10;1
5;2025-12-24;11;1
5;2025-12-24;12;1
5;2025-12-24;13;2
5;2025-12-24;14;0
5;2025-12-24;15;0
5;2025-12-24;16;0
5;2025-12-24;17;1
5;2025-12-24;18;1
5;2025-12-24;19;1
5;2025-12-24;20;1
5;2025-12-24;21;1
5;2025-12-24;22;1
5;2025-12-24;23;1
5;2025-12-25;0;1
5;2025-12-25;1;0
5;2025-12-25;2;0
5;2025-12-25;3;0
5;2025-12-25;4;0
5;2025-12-25;5;0
5;2025-12-25;6;0
5;2025-12-25;7;0
5;2025-12-25;8;0
5;2025-12-25;9;0
5;2025-12-25;10;0
5;2025-12-25;11;1
5;2025-12-25;12;1
5;2025-12-25;13;2
5;2025-12-25;14;2
5;2025-12-25;15;2
5;2025-12-25;16;2
5;2025-12-25;17;2
5;2025-12-25;18;2
5;2025-12-25;19;3
5;2025-12-25;20;2
5;2025-12-25;21;2
5;2025-12-25;22;2
5;2025-12-25;23;2
5;2025-12-26;0;1
5;2025-12-26;1;0
5;2025-12-26;2;0
5;2025-12-26;3;0
5;2025-12-26;4;0
5;2025-12-26;5;0
5;2025-12-26;6;0
5;2025-12-26;7;0
5;2025-12-26;8;0
5;2025-12-26;9;0
5;2025-12-26;10;0
5;2025-12-26;11;1
5;2025-12-26;12;1
5;2025-12-26;13;5
5;2025-12-26;14;5
5;2025-12-26;15;6
5;2025-12-26;16;6
5;2025-12-26;17;4
5;2025-12-26;18;1
5;2025-12-26;19;1
5;2025-12-26;20;1
5;2025-12-26;21;2
5;2025-12-26;22;2
5;2025-12-26;23;2
5;2025-12-27;0;1
5;2025-12-27;1;0
5;2025-12-27;2;0
5;2025-12-27;3;0
5;2025-12-27;4;0
5;2025-12-27;5;0
5;2025-12-27;6;0
5;2025-12-27;7;0
5;2025-12-27;8;0
5;2025-12-27;9;0
5;2025-12-27;10;0
5;2025-12-27;11;2
5;2025-12-27;12;3
5;2025-12-27;13;4
5;2025-12-27;14;4
5;2025-12-27;15;4
5;2025-12-27;16;4
5;2025-12-27;17;3
5;2025-12-27;18;4
5;2025-12-27;19;2
5;2025-12-27;20;2
5;2025-12-27;21;2
5;2025-12-27;22;2
5;2025-12-27;23;2
5;2025-12-28;0;1
5;2025-12-28;1;0
5;2025-12-28;2;0
5;2025-12-28;3;0
5;2025-12-28;4;0
5;2025-12-28;5;0
5;2025-12-28;6;1
5;2025-12-28;7;1
5;2025-12-28;8;1
5;2025-12-28;9;1
5;2025-12-28;10;1
5;2025-12-28;11;2
5;2025-12-28;12;2
5;2025-12-28;13;4
5;2025-12-28;14;4
5;2025-12-28;15;4
5;2025-12-28;16;4
5;2025-12-28;17;3
5;2025-12-28;18;3
5;2025-12-28;19;2
5;2025-12-28;20;2
5;2025-12-28;21;2
5;2025-12-28;22;2
5;2025-12-28;23;2
5;2025-12-29;0;2
5;2025-12-29;1;1
5;2025-12-29;2;1
5;2025-12-29;3;1
5;2025-12-29;4;1
5;2025-12-29;5;1
5;2025-12-29;6;1
5;2025-12-29;7;1
5;2025-12-29;8;1
5;2025-12-29;9;1
5;2025-12-29;10;1
5;2025-12-29;11;1
5;2025-12-29;12;2
5;2025-12-29;13;2
5;2025-12-29;14;2
5;2025-12-29;15;2
5;2025-12-29;16;2
5;2025-12-29;17;2
5;2025-12-29;18;2
5;2025-12-29;19;2
5;2025-12-29;20;1
5;2025-12-29;21;1
5;2025-12-29;22;1
5;2025-12-29;23;1
5;2025-12-30;0;3
5;2025-12-30;1;2
5;2025-12-30;2;2
5;2025-12-30;3;2
5;2025-12-30;4;2
5;2025-12-30;5;2
5;2025-12-30;6;2
5;2025-12-30;7;3
5;2025-12-30;8;3
5;2025-12-30;9;2
5;2025-12-30;10;2
5;2025-12-30;11;2
5;2025-12-30;12;3
5;2025-12-30;13;3
5;2025-12-30;14;3
5;2025-12-30;15;3
5;2025-12-30;16;4
5;2025-12-30;17;3
5;2025-12-30;18;2
5;2025-12-30;19;2
5;2025-12-30;20;1
5;2025-12-30;21;2
5;2025-12-30;22;2
5;2025-12-30;23;2
5;2025-12-31;0;2
5;2025-12-31;1;2
5;2025-12-31;2;1
5;2025-12-31;3;1
5;2025-12-31;4;3
5;2025-12-31;5;3
5;2025-12-31;6;3
5;2025-12-31;7;0
5;2025-12-31;8;0
5;2025-12-31;9;0
5;2025-12-31;10;3
5;2025-12-31;11;4
5;2025-12-31;12;5
5;2025-12-31;13;2
5;2025-12-31;14;0
5;2025-12-31;15;0
5;2025-12-31;16;0
5;2025-12-31;17;2
5;2025-12-31;18;0
5;2025-12-31;19;0
5;2025-12-31;20;0
5;2025-12-31;21;0
5;2025-12-31;22;0
5;2025-12-31;23;0
7;2025-11-01;0;98
7;2025-11-01;1;17
7;2025-11-01;2;3
7;2025-11-01;3;3
7;2025-11-01;4;0
7;2025-11-01;5;55
7;2025-11-01;6;301
7;2025-11-01;7;477
7;2025-11-01;8;751
7;2025-11-01;9;790
7;2025-11-01;10;911
7;2025-11-01;11;1068
7;2025-11-01;12;1143
7;2025-11-01;13;1216
7;2025-11-01;14;1235
7;2025-11-01;15;1200
7;2025-11-01;16;1118
7;2025-11-01;17;1116
7;2025-11-01;18;997
7;2025-11-01;19;924
7;2025-11-01;20;749
7;2025-11-01;21;608
7;2025-11-01;22;326
7;2025-11-01;23;197
7;2025-11-02;0;88
7;2025-11-02;1;12
7;2025-11-02;2;4
7;2025-11-02;3;4
7;2025-11-02;4;3
7;2025-11-02;5;31
7;2025-11-02;6;196
7;2025-11-02;7;331
7;2025-11-02;8;549
7;2025-11-02;9;678
7;2025-11-02;10;722
7;2025-11-02;11;939
7;2025-11-02;12;1007
7;2025-11-02;13;1100
7;2025-11-02;14;1110
7;2025-11-02;15;1086
7;2025-11-02;16;1003
7;2025-11-02;17;1025
7;2025-11-02;18;885
7;2025-11-02;19;741
7;2025-11-02;20;646
7;2025-11-02;21;510
7;2025-11-02;22;258
7;2025-11-02;23;153
7;2025-11-03;0;61
7;2025-11-03;1;13
7;2025-11-03;2;1
7;2025-11-03;3;1
7;2025-11-03;4;1
7;2025-11-03;5;81
7;2025-11-03;6;369
7;2025-11-03;7;482
7;2025-11-03;8;690
7;2025-11-03;9;663
7;2025-11-03;10;756
7;2025-11-03;11;877
7;2025-11-03;12;931
7;2025-11-03;13;1013
7;2025-11-03;14;1038
7;2025-11-03;15;1026
7;2025-11-03;16;958
7;2025-11-03;17;995
7;2025-11-03;18;874
7;2025-11-03;19;746
7;2025-11-03;20;713
7;2025-11-03;21;463
7;2025-11-03;22;222
7;2025-11-03;23;120
7;2025-11-04;0;55
7;2025-11-04;1;10
7;2025-11-04;2;2
7;2025-11-04;3;2
7;2025-11-04;4;0
7;2025-11-04;5;81
7;2025-11-04;6;366
7;2025-11-04;7;412
7;2025-11-04;8;646
7;2025-11-04;9;647
7;2025-11-04;10;697
7;2025-11-04;11;839
7;2025-11-04;12;900
7;2025-11-04;13;1007
7;2025-11-04;14;1031
7;2025-11-04;15;1013
7;2025-11-04;16;934
7;2025-11-04;17;967
7;2025-11-04;18;842
7;2025-11-04;19;714
7;2025-11-04;20;696
7;2025-11-04;21;477
7;2025-11-04;22;236
7;2025-11-04;23;111
7;2025-11-05;0;53
7;2025-11-05;1;3
7;2025-11-05;2;0
7;2025-11-05;3;0
7;2025-11-05;4;0
7;2025-11-05;5;208
7;2025-11-05;6;729
7;2025-11-05;7;1651
7;2025-11-05;8;2516
7;2025-11-05;9;1861
7;2025-11-05;10;1586
7;2025-11-05;11;1479
7;2025-11-05;12;1556
7;2025-11-05;13;1551
7;2025-11-05;14;1602
7;2025-11-05;15;1746
7;2025-11-05;16;1832
7;2025-11-05;17;2344
7;2025-11-05;18;2550
7;2025-11-05;19;1695
7;2025-11-05;20;1061
7;2025-11-05;21;638
7;2025-11-05;22;354
7;2025-11-05;23;191
7;2025-11-06;0;61
7;2025-11-06;1;9
7;2025-11-06;2;1
7;2025-11-06;3;1
7;2025-11-06;4;1
7;2025-11-06;5;197
7;2025-11-06;6;720
7;2025-11-06;7;1664
7;2025-11-06;8;2537
7;2025-11-06;9;1837
7;2025-11-06;10;1552
7;2025-11-06;11;1466
7;2025-11-06;12;1555
7;2025-11-06;13;1541
7;2025-11-06;14;1597
7;2025-11-06;15;1735
7;2025-11-06;16;1864
7;2025-11-06;17;2334
7;2025-11-06;18;2587
7;2025-11-06;19;1691
7;2025-11-06;20;1058
7;2025-11-06;21;637
7;2025-11-06;22;343
7;2025-11-06;23;195
7;2025-11-07;0;64
7;2025-11-07;1;10
7;2025-11-07;2;0
7;2025-11-07;3;0
7;2025-11-07;4;0
7;2025-11-07;5;195
7;2025-11-07;6;673
7;2025-11-07;7;1585
7;2025-11-07;8;2372
7;2025-11-07;9;1781
7;2025-11-07;10;1512
7;2025-11-07;11;1468
7;2025-11-07;12;1541
7;2025-11-07;13;1617
7;2025-11-07;14;1627
7;2025-11-07;15;1798
7;2025-11-07;16;1965
7;2025-11-07;17;2313
7;2025-11-07;18;2320
7;2025-11-07;19;1536
7;2025-11-07;20;1001
7;2025-11-07;21;626
7;2025-11-07;22;359
7;2025-11-07;23;217
7;2025-11-08;0;95
7;2025-11-08;1;13
7;2025-11-08;2;0
7;2025-11-08;3;0
7;2025-11-08;4;0
7;2025-11-08;5;54
7;2025-11-08;6;299
7;2025-11-08;7;462
7;2025-11-08;8;730
7;2025-11-08;9;789
7;2025-11-08;10;903
7;2025-11-08;11;1055
7;2025-11-08;12;1118
7;2025-11-08;13;1190
7;2025-11-08;14;1212
7;2025-11-08;15;1177
7;2025-11-08;16;1103
7;2025-11-08;17;1107
7;2025-11-08;18;1008
7;2025-11-08;19;932
7;2025-11-08;20;739
7;2025-11-08;21;598
7;2025-11-08;22;312
7;2025-11-08;23;186
7;2025-11-09;0;74
7;2025-11-09;1;0
7;2025-11-09;2;0
7;2025-11-09;3;0
7;2025-11-09;4;0
7;2025-11-09;5;16
7;2025-11-09;6;182
7;2025-11-09;7;307
7;2025-11-09;8;523
7;2025-11-09;9;646
7;2025-11-09;10;690
7;2025-11-09;11;922
7;2025-11-09;12;979
7;2025-11-09;13;1070
7;2025-11-09;14;1076
7;2025-11-09;15;1059
7;2025-11-09;16;981
7;2025-11-09;17;1016
7;2025-11-09;18;900
7;2025-11-09;19;720
7;2025-11-09;20;625
7;2025-11-09;21;489
7;2025-11-09;22;242
7;2025-11-09;23;139
7;2025-11-10;0;48
7;2025-11-10;1;0
7;2025-11-10;2;0
7;2025-11-10;3;0
7;2025-11-10;4;0
7;2025-11-10;5;178
7;2025-11-10;6;689
7;2025-11-10;7;1562
7;2025-11-10;8;2428
7;2025-11-10;9;1742
7;2025-11-10;10;1472
7;2025-11-10;11;1382
7;2025-11-10;12;1476
7;2025-11-10;13;1458
7;2025-11-10;14;1509
7;2025-11-10;15;1677
7;2025-11-10;16;1793
7;2025-11-10;17;2279
7;2025-11-10;18;2500
7;2025-11-10;19;1647
7;2025-11-10;20;1049
7;2025-11-10;21;596
7;2025-11-10;22;279
7;2025-11-10;23;154
7;2025-11-11;0;44
7;2025-11-11;1;0
7;2025-11-11;2;0
7;2025-11-11;3;0
7;2025-11-11;4;0
7;2025-11-11;5;201
7;2025-11-11;6;737
7;2025-11-11;7;1630
7;2025-11-11;8;2504
7;2025-11-11;9;1809
7;2025-11-11;10;1567
7;2025-11-11;11;1457
7;2025-11-11;12;1531
7;2025-11-11;13;1547
7;2025-11-11;14;1588
7;2025-11-11;15;1746
7;2025-11-11;16;1835
7;2025-11-11;17;2327
7;2025-11-11;18;2578
7;2025-11-11;19;1701
7;2025-11-11;20;1070
7;2025-11-11;21;644
7;2025-11-11;22;334
7;2025-11-11;23;168
7;2025-11-12;0;48
7;2025-11-12;1;0
7;2025-11-12;2;0
7;2025-11-12;3;0
7;2025-11-12;4;0
7;2025-11-12;5;204
7;2025-11-12;6;743
7;2025-11-12;7;1656
7;2025-11-12;8;2512
7;2025-11-12;9;1869
7;2025-11-12;10;1590
7;2025-11-12;11;1479
7;2025-11-12;12;1559
7;2025-11-12;13;1551
7;2025-11-12;14;1605
7;2025-11-12;15;1749
7;2025-11-12;16;1840
7;2025-11-12;17;2347
7;2025-11-12;18;2558
7;2025-11-12;19;1717
7;2025-11-12;20;1081
7;2025-11-12;21;659
7;2025-11-12;22;366
7;2025-11-12;23;194
7;2025-11-13;0;59
7;2025-11-13;1;3
7;2025-11-13;2;0
7;2025-11-13;3;0
7;2025-11-13;4;0
7;2025-11-13;5;195
7;2025-11-13;6;743
7;2025-11-13;7;1691
7;2025-11-13;8;2559
7;2025-11-13;9;1863
7;2025-11-13;10;1578
7;2025-11-13;11;1492
7;2025-11-13;12;1582
7;2025-11-13;13;1569
7;2025-11-13;14;1622
7;2025-11-13;15;1759
7;2025-11-13;16;1888
7;2025-11-13;17;2354
7;2025-11-13;18;2610
7;2025-11-13;19;1720
7;2025-11-13;20;1087
7;2025-11-13;21;664
7;2025-11-13;22;357
7;2025-11-13;23;198
7;2025-11-14;0;62
7;2025-11-14;1;1
7;2025-11-14;2;0
7;2025-11-14;3;0
7;2025-11-14;4;0
7;2025-11-14;5;194
7;2025-11-14;6;694
7;2025-11-14;7;1605
7;2025-11-14;8;2389
7;2025-11-14;9;1804
7;2025-11-14;10;1534
7;2025-11-14;11;1491
7;2025-11-14;12;1564
7;2025-11-14;13;1641
7;2025-11-14;14;1651
7;2025-11-14;15;1821
7;2025-11-14;16;1987
7;2025-11-14;17;2331
7;2025-11-14;18;2345
7;2025-11-14;19;1560
7;2025-11-14;20;1027
7;2025-11-14;21;649
7;2025-11-14;22;373
7;2025-11-14;23;218
7;2025-11-15;0;96
7;2025-11-15;1;10
7;2025-11-15;2;0
7;2025-11-15;3;0
7;2025-11-15;4;0
7;2025-11-15;5;49
7;2025-11-15;6;309
7;2025-11-15;7;483
7;2025-11-15;8;759
7;2025-11-15;9;815
7;2025-11-15;10;933
7;2025-11-15;11;1090
7;2025-11-15;12;1150
7;2025-11-15;13;1221
7;2025-11-15;14;1254
7;2025-11-15;15;1208
7;2025-11-15;16;1139
7;2025-11-15;17;1143
7;2025-11-15;18;1044
7;2025-11-15;19;971
7;2025-11-15;20;767
7;2025-11-15;21;627
7;2025-11-15;22;337
7;2025-11-15;23;201
7;2025-11-16;0;85
7;2025-11-16;1;4
7;2025-11-16;2;0
7;2025-11-16;3;0
7;2025-11-16;4;0
7;2025-11-16;5;22
7;2025-11-16;6;200
7;2025-11-16;7;323
7;2025-11-16;8;552
7;2025-11-16;9;677
7;2025-11-16;10;720
7;2025-11-16;11;949
7;2025-11-16;12;1010
7;2025-11-16;13;1101
7;2025-11-16;14;1106
7;2025-11-16;15;1090
7;2025-11-16;16;1012
7;2025-11-16;17;1047
7;2025-11-16;18;930
7;2025-11-16;19;756
7;2025-11-16;20;659
7;2025-11-16;21;524
7;2025-11-16;22;259
7;2025-11-16;23;152
7;2025-11-17;0;59
7;2025-11-17;1;0
7;2025-11-17;2;0
7;2025-11-17;3;0
7;2025-11-17;4;0
7;2025-11-17;5;188
7;2025-11-17;6;721
7;2025-11-17;7;1592
7;2025-11-17;8;2455
7;2025-11-17;9;1775
7;2025-11-17;10;1500
7;2025-11-17;11;1412
7;2025-11-17;12;1505
7;2025-11-17;13;1486
7;2025-11-17;14;1541
7;2025-11-17;15;1709
7;2025-11-17;16;1804
7;2025-11-17;17;2290
7;2025-11-17;18;2512
7;2025-11-17;19;1660
7;2025-11-17;20;1059
7;2025-11-17;21;608
7;2025-11-17;22;291
7;2025-11-17;23;164
7;2025-11-18;0;49
7;2025-11-18;1;0
7;2025-11-18;2;0
7;2025-11-18;3;0
7;2025-11-18;4;0
7;2025-11-18;5;205
7;2025-11-18;6;743
7;2025-11-18;7;1630
7;2025-11-18;8;2507
7;2025-11-18;9;1812
7;2025-11-18;10;1570
7;2025-11-18;11;1459
7;2025-11-18;12;1533
7;2025-11-18;13;1551
7;2025-11-18;14;1591
7;2025-11-18;15;1748
7;2025-11-18;16;1837
7;2025-11-18;17;2329
7;2025-11-18;18;2580
7;2025-11-18;19;1704
7;2025-11-18;20;1075
7;2025-11-18;21;650
7;2025-11-18;22;341
7;2025-11-18;23;172
7;2025-11-19;0;50
7;2025-11-19;1;0
7;2025-11-19;2;0
7;2025-11-19;3;0
7;2025-11-19;4;0
7;2025-11-19;5;204
7;2025-11-19;6;744
7;2025-11-19;7;1650
7;2025-11-19;8;2508
7;2025-11-19;9;1865
7;2025-11-19;10;1588
7;2025-11-19;11;1476
7;2025-11-19;12;1555
7;2025-11-19;13;1548
7;2025-11-19;14;1602
7;2025-11-19;15;1745
7;2025-11-19;16;1837
7;2025-11-19;17;2343
7;2025-11-19;18;2555
7;2025-11-19;19;1715
7;2025-11-19;20;1081
7;2025-11-19;21;661
7;2025-11-19;22;368
7;2025-11-19;23;196
7;2025-11-20;0;60
7;2025-11-20;1;4
7;2025-11-20;2;0
7;2025-11-20;3;0
7;2025-11-20;4;0
7;2025-11-20;5;195
7;2025-11-20;6;760
7;2025-11-20;7;1688
7;2025-11-20;8;2559
7;2025-11-20;9;1863
7;2025-11-20;10;1579
7;2025-11-20;11;1493
7;2025-11-20;12;1583
7;2025-11-20;13;1569
7;2025-11-20;14;1625
7;2025-11-20;15;1762
7;2025-11-20;16;1891
7;2025-11-20;17;2356
7;2025-11-20;18;2613
7;2025-11-20;19;1723
7;2025-11-20;20;1090
7;2025-11-20;21;667
7;2025-11-20;22;360
7;2025-11-20;23;201
7;2025-11-21;0;66
7;2025-11-21;1;4
7;2025-11-21;2;0
7;2025-11-21;3;0
7;2025-11-21;4;0
7;2025-11-21;5;198
7;2025-11-21;6;697
7;2025-11-21;7;1606
7;2025-11-21;8;2391
7;2025-11-21;9;1805
7;2025-11-21;10;1535
7;2025-11-21;11;1492
7;2025-11-21;12;1565
7;2025-11-21;13;1642
7;2025-11-21;14;1653
7;2025-11-21;15;1822
7;2025-11-21;16;1989
7;2025-11-21;17;2332
7;2025-11-21;18;2347
7;2025-11-21;19;1563
7;2025-11-21;20;1030
7;2025-11-21;21;653
7;2025-11-21;22;376
7;2025-11-21;23;223
7;2025-11-22;0;100
7;2025-11-22;1;12
7;2025-11-22;2;0
7;2025-11-22;3;0
7;2025-11-22;4;0
7;2025-11-22;5;51
7;2025-11-22;6;311
7;2025-11-22;7;484
7;2025-11-22;8;757
7;2025-11-22;9;813
7;2025-11-22;10;930
7;2025-11-22;11;1088
7;2025-11-22;12;1148
7;2025-11-22;13;1193
7;2025-11-22;14;1215
7;2025-11-22;15;1180
7;2025-11-22;16;1110
7;2025-11-22;17;1115
7;2025-11-22;18;1018
7;2025-11-22;19;943
7;2025-11-22;20;744
7;2025-11-22;21;606
7;2025-11-22;22;329
7;2025-11-22;23;197
7;2025-11-23;0;83
7;2025-11-23;1;3
7;2025-11-23;2;0
7;2025-11-23;3;0
7;2025-11-23;4;0
7;2025-11-23;5;22
7;2025-11-23;6;190
7;2025-11-23;7;314
7;2025-11-23;8;538
7;2025-11-23;9;661
7;2025-11-23;10;704
7;2025-11-23;11;934
7;2025-11-23;12;992
7;2025-11-23;13;1082
7;2025-11-23;14;1089
7;2025-11-23;15;1071
7;2025-11-23;16;992
7;2025-11-23;17;1027
7;2025-11-23;18;913
7;2025-11-23;19;738
7;2025-11-23;20;641
7;2025-11-23;21;510
7;2025-11-23;22;256
7;2025-11-23;23;150
7;2025-11-24;0;56
7;2025-11-24;1;0
7;2025-11-24;2;0
7;2025-11-24;3;0
7;2025-11-24;4;0
7;2025-11-24;5;184
7;2025-11-24;6;700
7;2025-11-24;7;1565
7;2025-11-24;8;2430
7;2025-11-24;9;1754
7;2025-11-24;10;1484
7;2025-11-24;11;1395
7;2025-11-24;12;1488
7;2025-11-24;13;1469
7;2025-11-24;14;1521
7;2025-11-24;15;1689
7;2025-11-24;16;1784
7;2025-11-24;17;2268
7;2025-11-24;18;2487
7;2025-11-24;19;1641
7;2025-11-24;20;1041
7;2025-11-24;21;599
7;2025-11-24;22;293
7;2025-11-24;23;167
7;2025-11-25;0;52
7;2025-11-25;1;3
7;2025-11-25;2;0
7;2025-11-25;3;0
7;2025-11-25;4;0
7;2025-11-25;5;207
7;2025-11-25;6;731
7;2025-11-25;7;1612
7;2025-11-25;8;2484
7;2025-11-25;9;1793
7;2025-11-25;10;1553
7;2025-11-25;11;1445
7;2025-11-25;12;1519
7;2025-11-25;13;1535
7;2025-11-25;14;1574
7;2025-11-25;15;1730
7;2025-11-25;16;1819
7;2025-11-25;17;2311
7;2025-11-25;18;2558
7;2025-11-25;19;1686
7;2025-11-25;20;1060
7;2025-11-25;21;643
7;2025-11-25;22;346
7;2025-11-25;23;177
7;2025-11-26;0;56
7;2025-11-26;1;4
7;2025-11-26;2;0
7;2025-11-26;3;0
7;2025-11-26;4;0
7;2025-11-26;5;207
7;2025-11-26;6;730
7;2025-11-26;7;1629
7;2025-11-26;8;2484
7;2025-11-26;9;1844
7;2025-11-26;10;1566
7;2025-11-26;11;1458
7;2025-11-26;12;1536
7;2025-11-26;13;1531
7;2025-11-26;14;1580
7;2025-11-26;15;1723
7;2025-11-26;16;1815
7;2025-11-26;17;2319
7;2025-11-26;18;2527
7;2025-11-26;19;1684
7;2025-11-26;20;1058
7;2025-11-26;21;644
7;2025-11-26;22;364
7;2025-11-26;23;192
7;2025-11-27;0;61
7;2025-11-27;1;10
7;2025-11-27;2;0
7;2025-11-27;3;0
7;2025-11-27;4;0
7;2025-11-27;5;195
7;2025-11-27;6;743
7;2025-11-27;7;1664
7;2025-11-27;8;2532
7;2025-11-27;9;1839
7;2025-11-27;10;1554
7;2025-11-27;11;1469
7;2025-11-27;12;1558
7;2025-11-27;13;1546
7;2025-11-27;14;1600
7;2025-11-27;15;1737
7;2025-11-27;16;1867
7;2025-11-27;17;2330
7;2025-11-27;18;2585
7;2025-11-27;19;1698
7;2025-11-27;20;1069
7;2025-11-27;21;654
7;2025-11-27;22;359
7;2025-11-27;23;200
7;2025-11-28;0;66
7;2025-11-28;1;10
7;2025-11-28;2;0
7;2025-11-28;3;0
7;2025-11-28;4;0
7;2025-11-28;5;196
7;2025-11-28;6;684
7;2025-11-28;7;1586
7;2025-11-28;8;2368
7;2025-11-28;9;1785
7;2025-11-28;10;1517
7;2025-11-28;11;1471
7;2025-11-28;12;1544
7;2025-11-28;13;1619
7;2025-11-28;14;1630
7;2025-11-28;15;1800
7;2025-11-28;16;1967
7;2025-11-28;17;2307
7;2025-11-28;18;2324
7;2025-11-28;19;1544
7;2025-11-28;20;1012
7;2025-11-28;21;642
7;2025-11-28;22;374
7;2025-11-28;23;221
7;2025-11-29;0;97
7;2025-11-29;1;14
7;2025-11-29;2;0
7;2025-11-29;3;0
7;2025-11-29;4;0
7;2025-11-29;5;51
7;2025-11-29;6;302
7;2025-11-29;7;468
7;2025-11-29;8;738
7;2025-11-29;9;797
7;2025-11-29;10;911
7;2025-11-29;11;1070
7;2025-11-29;12;1130
7;2025-11-29;13;1201
7;2025-11-29;14;1224
7;2025-11-29;15;1188
7;2025-11-29;16;1116
7;2025-11-29;17;1120
7;2025-11-29;18;1024
7;2025-11-29;19;949
7;2025-11-29;20;750
7;2025-11-29;21;612
7;2025-11-29;22;333
7;2025-11-29;23;201
7;2025-11-30;0;88
7;2025-11-30;1;10
7;2025-11-30;2;1
7;2025-11-30;3;1
7;2025-11-30;4;0
7;2025-11-30;5;28
7;2025-11-30;6;195
7;2025-11-30;7;322
7;2025-11-30;8;546
7;2025-11-30;9;671
7;2025-11-30;10;714
7;2025-11-30;11;943
7;2025-11-30;12;1001
7;2025-11-30;13;1091
7;2025-11-30;14;1098
7;2025-11-30;15;1080
7;2025-11-30;16;1001
7;2025-11-30;17;1036
7;2025-11-30;18;922
7;2025-11-30;19;747
7;2025-11-30;20;651
7;2025-11-30;21;518
7;2025-11-30;22;263
7;2025-11-30;23;157
7;2025-12-01;0;61
7;2025-12-01;1;5
7;2025-12-01;2;0
7;2025-12-01;3;0
7;2025-12-01;4;0
7;2025-12-01;5;192
7;2025-12-01;6;708
7;2025-12-01;7;1571
7;2025-12-01;8;2416
7;2025-12-01;9;1748
7;2025-12-01;10;1484
7;2025-12-01;11;1395
7;2025-12-01;12;1488
7;2025-12-01;13;1470
7;2025-12-01;14;1522
7;2025-12-01;15;1686
7;2025-12-01;16;1780
7;2025-12-01;17;2254
7;2025-12-01;18;2473
7;2025-12-01;19;1644
7;2025-12-01;20;1044
7;2025-12-01;21;601
7;2025-12-01;22;294
7;2025-12-01;23;168
7;2025-12-02;0;52
7;2025-12-02;1;3
7;2025-12-02;2;0
7;2025-12-02;3;0
7;2025-12-02;4;0
7;2025-12-02;5;206
7;2025-12-02;6;729
7;2025-12-02;7;1599
7;2025-12-02;8;2456
7;2025-12-02;9;1776
7;2025-12-02;10;1546
7;2025-12-02;11;1438
7;2025-12-02;12;1514
7;2025-12-02;13;1530
7;2025-12-02;14;1569
7;2025-12-02;15;1719
7;2025-12-02;16;1805
7;2025-12-02;17;2281
7;2025-12-02;18;2518
7;2025-12-02;19;1676
7;2025-12-02;20;1061
7;2025-12-02;21;643
7;2025-12-02;22;342
7;2025-12-02;23;179
7;2025-12-03;0;58
7;2025-12-03;1;4
7;2025-12-03;2;0
7;2025-12-03;3;0
7;2025-12-03;4;0
7;2025-12-03;5;210
7;2025-12-03;6;729
7;2025-12-03;7;1636
7;2025-12-03;8;2491
7;2025-12-03;9;1850
7;2025-12-03;10;1573
7;2025-12-03;11;1466
7;2025-12-03;12;1544
7;2025-12-03;13;1539
7;2025-12-03;14;1588
7;2025-12-03;15;1732
7;2025-12-03;16;1823
7;2025-12-03;17;2327
7;2025-12-03;18;2535
7;2025-12-03;19;1691
7;2025-12-03;20;1063
7;2025-12-03;21;643
7;2025-12-03;22;362
7;2025-12-03;23;198
7;2025-12-04;0;68
7;2025-12-04;1;13
7;2025-12-04;2;0
7;2025-12-04;3;0
7;2025-12-04;4;0
7;2025-12-04;5;201
7;2025-12-04;6;746
7;2025-12-04;7;1668
7;2025-12-04;8;2535
7;2025-12-04;9;1843
7;2025-12-04;10;1558
7;2025-12-04;11;1472
7;2025-12-04;12;1561
7;2025-12-04;13;1549
7;2025-12-04;14;1604
7;2025-12-04;15;1741
7;2025-12-04;16;1871
7;2025-12-04;17;2333
7;2025-12-04;18;2587
7;2025-12-04;19;1699
7;2025-12-04;20;1073
7;2025-12-04;21;651
7;2025-12-04;22;357
7;2025-12-04;23;205
7;2025-12-05;0;72
7;2025-12-05;1;14
7;2025-12-05;2;0
7;2025-12-05;3;0
7;2025-12-05;4;1
7;2025-12-05;5;204
7;2025-12-05;6;687
7;2025-12-05;7;1595
7;2025-12-05;8;2377
7;2025-12-05;9;1794
7;2025-12-05;10;1527
7;2025-12-05;11;1479
7;2025-12-05;12;1553
7;2025-12-05;13;1628
7;2025-12-05;14;1638
7;2025-12-05;15;1808
7;2025-12-05;16;1975
7;2025-12-05;17;2316
7;2025-12-05;18;2330
7;2025-12-05;19;1548
7;2025-12-05;20;1018
7;2025-12-05;21;640
7;2025-12-05;22;373
7;2025-12-05;23;228
7;2025-12-06;0;103
7;2025-12-06;1;19
7;2025-12-06;2;0
7;2025-12-06;3;0
7;2025-12-06;4;0
7;2025-12-06;5;58
7;2025-12-06;6;306
7;2025-12-06;7;468
7;2025-12-06;8;740
7;2025-12-06;9;797
7;2025-12-06;10;910
7;2025-12-06;11;1076
7;2025-12-06;12;1139
7;2025-12-06;13;1210
7;2025-12-06;14;1232
7;2025-12-06;15;1197
7;2025-12-06;16;1127
7;2025-12-06;17;1131
7;2025-12-06;18;1033
7;2025-12-06;19;956
7;2025-12-06;20;754
7;2025-12-06;21;613
7;2025-12-06;22;337
7;2025-12-06;23;206
7;2025-12-07;0;94
7;2025-12-07;1;16
7;2025-12-07;2;1
7;2025-12-07;3;1
7;2025-12-07;4;0
7;2025-12-07;5;35
7;2025-12-07;6;202
7;2025-12-07;7;327
7;2025-12-07;8;543
7;2025-12-07;9;669
7;2025-12-07;10;712
7;2025-12-07;11;949
7;2025-12-07;12;1006
7;2025-12-07;13;1097
7;2025-12-07;14;1104
7;2025-12-07;15;1086
7;2025-12-07;16;1010
7;2025-12-07;17;1044
7;2025-12-07;18;928
7;2025-12-07;19;755
7;2025-12-07;20;655
7;2025-12-07;21;520
7;2025-12-07;22;270
7;2025-12-07;23;164
7;2025-12-08;0;71
7;2025-12-08;1;11
7;2025-12-08;2;0
7;2025-12-08;3;0
7;2025-12-08;4;0
7;2025-12-08;5;200
7;2025-12-08;6;715
7;2025-12-08;7;1583
7;2025-12-08;8;2441
7;2025-12-08;9;1765
7;2025-12-08;10;1494
7;2025-12-08;11;1405
7;2025-12-08;12;1498
7;2025-12-08;13;1480
7;2025-12-08;14;1532
7;2025-12-08;15;1700
7;2025-12-08;16;1795
7;2025-12-08;17;2279
7;2025-12-08;18;2497
7;2025-12-08;19;1651
7;2025-12-08;20;1051
7;2025-12-08;21;606
7;2025-12-08;22;304
7;2025-12-08;23;177
7;2025-12-09;0;63
7;2025-12-09;1;9
7;2025-12-09;2;0
7;2025-12-09;3;0
7;2025-12-09;4;0
7;2025-12-09;5;218
7;2025-12-09;6;741
7;2025-12-09;7;1625
7;2025-12-09;8;2496
7;2025-12-09;9;1804
7;2025-12-09;10;1564
7;2025-12-09;11;1456
7;2025-12-09;12;1530
7;2025-12-09;13;1546
7;2025-12-09;14;1585
7;2025-12-09;15;1742
7;2025-12-09;16;1831
7;2025-12-09;17;2322
7;2025-12-09;18;2568
7;2025-12-09;19;1697
7;2025-12-09;20;1070
7;2025-12-09;21;649
7;2025-12-09;22;351
7;2025-12-09;23;189
7;2025-12-10;0;67
7;2025-12-10;1;10
7;2025-12-10;2;0
7;2025-12-10;3;0
7;2025-12-10;4;1
7;2025-12-10;5;222
7;2025-12-10;6;743
7;2025-12-10;7;1644
7;2025-12-10;8;2497
7;2025-12-10;9;1856
7;2025-12-10;10;1579
7;2025-12-10;11;1472
7;2025-12-10;12;1550
7;2025-12-10;13;1545
7;2025-12-10;14;1595
7;2025-12-10;15;1738
7;2025-12-10;16;1830
7;2025-12-10;17;2334
7;2025-12-10;18;2540
7;2025-12-10;19;1697
7;2025-12-10;20;1064
7;2025-12-10;21;649
7;2025-12-10;22;367
7;2025-12-10;23;204
7;2025-12-11;0;73
7;2025-12-11;1;17
7;2025-12-11;2;1
7;2025-12-11;3;0
7;2025-12-11;4;4
7;2025-12-11;5;208
7;2025-12-11;6;752
7;2025-12-11;7;1674
7;2025-12-11;8;2541
7;2025-12-11;9;1848
7;2025-12-11;10;1562
7;2025-12-11;11;1476
7;2025-12-11;12;1566
7;2025-12-11;13;1556
7;2025-12-11;14;1609
7;2025-12-11;15;1748
7;2025-12-11;16;1878
7;2025-12-11;17;2340
7;2025-12-11;18;2594
7;2025-12-11;19;1705
7;2025-12-11;20;1073
7;2025-12-11;21;655
7;2025-12-11;22;362
7;2025-12-11;23;210
7;2025-12-12;0;78
7;2025-12-12;1;18
7;2025-12-12;2;1
7;2025-12-12;3;0
7;2025-12-12;4;4
7;2025-12-12;5;211
7;2025-12-12;6;692
7;2025-12-12;7;1598
7;2025-12-12;8;2380
7;2025-12-12;9;1797
7;2025-12-12;10;1529
7;2025-12-12;11;1481
7;2025-12-12;12;1555
7;2025-12-12;13;1632
7;2025-12-12;14;1641
7;2025-12-12;15;1813
7;2025-12-12;16;1980
7;2025-12-12;17;2319
7;2025-12-12;18;2334
7;2025-12-12;19;1552
7;2025-12-12;20;1017
7;2025-12-12;21;645
7;2025-12-12;22;379
7;2025-12-12;23;234
7;2025-12-13;0;110
7;2025-12-13;1;25
7;2025-12-13;2;0
7;2025-12-13;3;0
7;2025-12-13;4;0
7;2025-12-13;5;66
7;2025-12-13;6;313
7;2025-12-13;7;470
7;2025-12-13;8;736
7;2025-12-13;9;794
7;2025-12-13;10;909
7;2025-12-13;11;1078
7;2025-12-13;12;1141
7;2025-12-13;13;1215
7;2025-12-13;14;1235
7;2025-12-13;15;1202
7;2025-12-13;16;1133
7;2025-12-13;17;1136
7;2025-12-13;18;1038
7;2025-12-13;19;961
7;2025-12-13;20;757
7;2025-12-13;21;617
7;2025-12-13;22;342
7;2025-12-13;23;211
7;2025-12-14;0;99
7;2025-12-14;1;21
7;2025-12-14;2;2
7;2025-12-14;3;2
7;2025-12-14;4;2
7;2025-12-14;5;42
7;2025-12-14;6;208
7;2025-12-14;7;330
7;2025-12-14;8;550
7;2025-12-14;9;677
7;2025-12-14;10;719
7;2025-12-14;11;957
7;2025-12-14;12;1015
7;2025-12-14;13;1111
7;2025-12-14;14;1113
7;2025-12-14;15;1100
7;2025-12-14;16;1021
7;2025-12-14;17;1056
7;2025-12-14;18;940
7;2025-12-14;19;763
7;2025-12-14;20;661
7;2025-12-14;21;524
7;2025-12-14;22;274
7;2025-12-14;23;168
7;2025-12-15;0;75
7;2025-12-15;1;15
7;2025-12-15;2;0
7;2025-12-15;3;0
7;2025-12-15;4;2
7;2025-12-15;5;205
7;2025-12-15;6;722
7;2025-12-15;7;1593
7;2025-12-15;8;2451
7;2025-12-15;9;1775
7;2025-12-15;10;1503
7;2025-12-15;11;1415
7;2025-12-15;12;1507
7;2025-12-15;13;1493
7;2025-12-15;14;1541
7;2025-12-15;15;1714
7;2025-12-15;16;1809
7;2025-12-15;17;2288
7;2025-12-15;18;2505
7;2025-12-15;19;1655
7;2025-12-15;20;1053
7;2025-12-15;21;608
7;2025-12-15;22;308
7;2025-12-15;23;180
7;2025-12-16;0;68
7;2025-12-16;1;13
7;2025-12-16;2;2
7;2025-12-16;3;1
7;2025-12-16;4;1
7;2025-12-16;5;223
7;2025-12-16;6;743
7;2025-12-16;7;1629
7;2025-12-16;8;2500
7;2025-12-16;9;1809
7;2025-12-16;10;1568
7;2025-12-16;11;1460
7;2025-12-16;12;1534
7;2025-12-16;13;1552
7;2025-12-16;14;1589
7;2025-12-16;15;1748
7;2025-12-16;16;1837
7;2025-12-16;17;2328
7;2025-12-16;18;2574
7;2025-12-16;19;1700
7;2025-12-16;20;1070
7;2025-12-16;21;650
7;2025-12-16;22;353
7;2025-12-16;23;191
7;2025-12-17;0;70
7;2025-12-17;1;13
7;2025-12-17;2;0
7;2025-12-17;3;0
7;2025-12-17;4;2
7;2025-12-17;5;223
7;2025-12-17;6;742
7;2025-12-17;7;1646
7;2025-12-17;8;2499
7;2025-12-17;9;1858
7;2025-12-17;10;1580
7;2025-12-17;11;1471
7;2025-12-17;12;1549
7;2025-12-17;13;1546
7;2025-12-17;14;1592
7;2025-12-17;15;1738
7;2025-12-17;16;1829
7;2025-12-17;17;2335
7;2025-12-17;18;2542
7;2025-12-17;19;1696
7;2025-12-17;20;1064
7;2025-12-17;21;649
7;2025-12-17;22;369
7;2025-12-17;23;206
7;2025-12-18;0;75
7;2025-12-18;1;18
7;2025-12-18;2;1
7;2025-12-18;3;0
7;2025-12-18;4;4
7;2025-12-18;5;207
7;2025-12-18;6;751
7;2025-12-18;7;1676
7;2025-12-18;8;2543
7;2025-12-18;9;1850
7;2025-12-18;10;1564
7;2025-12-18;11;1479
7;2025-12-18;12;1569
7;2025-12-18;13;1559
7;2025-12-18;14;1611
7;2025-12-18;15;1751
7;2025-12-18;16;1881
7;2025-12-18;17;2343
7;2025-12-18;18;2597
7;2025-12-18;19;1707
7;2025-12-18;20;1076
7;2025-12-18;21;659
7;2025-12-18;22;365
7;2025-12-18;23;213
7;2025-12-19;0;74
7;2025-12-19;1;18
7;2025-12-19;2;1
7;2025-12-19;3;1
7;2025-12-19;4;3
7;2025-12-19;5;200
7;2025-12-19;6;679
7;2025-12-19;7;1588
7;2025-12-19;8;2370
7;2025-12-19;9;1787
7;2025-12-19;10;1518
7;2025-12-19;11;1471
7;2025-12-19;12;1545
7;2025-12-19;13;1623
7;2025-12-19;14;1631
7;2025-12-19;15;1804
7;2025-12-19;16;1971
7;2025-12-19;17;2310
7;2025-12-19;18;2325
7;2025-12-19;19;1542
7;2025-12-19;20;1007
7;2025-12-19;21;636
7;2025-12-19;22;370
7;2025-12-19;23;226
7;2025-12-20;0;106
7;2025-12-20;1;22
7;2025-12-20;2;0
7;2025-12-20;3;0
7;2025-12-20;4;0
7;2025-12-20;5;59
7;2025-12-20;6;302
7;2025-12-20;7;462
7;2025-12-20;8;729
7;2025-12-20;9;787
7;2025-12-20;10;902
7;2025-12-20;11;1071
7;2025-12-20;12;1135
7;2025-12-20;13;1212
7;2025-12-20;14;1232
7;2025-12-20;15;1198
7;2025-12-20;16;1128
7;2025-12-20;17;1131
7;2025-12-20;18;1034
7;2025-12-20;19;956
7;2025-12-20;20;753
7;2025-12-20;21;613
7;2025-12-20;22;338
7;2025-12-20;23;208
7;2025-12-21;0;97
7;2025-12-21;1;19
7;2025-12-21;2;1
7;2025-12-21;3;1
7;2025-12-21;4;1
7;2025-12-21;5;35
7;2025-12-21;6;201
7;2025-12-21;7;319
7;2025-12-21;8;553
7;2025-12-21;9;679
7;2025-12-21;10;722
7;2025-12-21;11;959
7;2025-12-21;12;1017
7;2025-12-21;13;1116
7;2025-12-21;14;1118
7;2025-12-21;15;1103
7;2025-12-21;16;1025
7;2025-12-21;17;1059
7;2025-12-21;18;943
7;2025-12-21;19;763
7;2025-12-21;20;664
7;2025-12-21;21;527
7;2025-12-21;22;266
7;2025-12-21;23;162
7;2025-12-22;0;71
7;2025-12-22;1;16
7;2025-12-22;2;1
7;2025-12-22;3;1
7;2025-12-22;4;2
7;2025-12-22;5;196
7;2025-12-22;6;710
7;2025-12-22;7;1581
7;2025-12-22;8;2439
7;2025-12-22;9;1763
7;2025-12-22;10;1491
7;2025-12-22;11;1402
7;2025-12-22;12;1495
7;2025-12-22;13;1482
7;2025-12-22;14;1529
7;2025-12-22;15;1701
7;2025-12-22;16;1797
7;2025-12-22;17;2276
7;2025-12-22;18;2493
7;2025-12-22;19;1643
7;2025-12-22;20;1042
7;2025-12-22;21;599
7;2025-12-22;22;299
7;2025-12-22;23;173
7;2025-12-23;0;63
7;2025-12-23;1;13
7;2025-12-23;2;1
7;2025-12-23;3;0
7;2025-12-23;4;0
7;2025-12-23;5;212
7;2025-12-23;6;721
7;2025-12-23;7;1606
7;2025-12-23;8;2477
7;2025-12-23;9;1786
7;2025-12-23;10;1545
7;2025-12-23;11;1437
7;2025-12-23;12;1515
7;2025-12-23;13;1534
7;2025-12-23;14;1570
7;2025-12-23;15;1730
7;2025-12-23;16;1819
7;2025-12-23;17;2310
7;2025-12-23;18;2562
7;2025-12-23;19;1681
7;2025-12-23;20;1054
7;2025-12-23;21;635
7;2025-12-23;22;341
7;2025-12-23;23;183
7;2025-12-24;0;65
7;2025-12-24;1;13
7;2025-12-24;2;0
7;2025-12-24;3;0
7;2025-12-24;4;2
7;2025-12-24;5;212
7;2025-12-24;6;724
7;2025-12-24;7;1623
7;2025-12-24;8;2487
7;2025-12-24;9;1835
7;2025-12-24;10;1557
7;2025-12-24;11;1448
7;2025-12-24;12;1529
7;2025-12-24;13;1526
7;2025-12-24;14;1571
7;2025-12-24;15;1717
7;2025-12-24;16;1808
7;2025-12-24;17;2320
7;2025-12-24;18;2533
7;2025-12-24;19;1675
7;2025-12-24;20;1047
7;2025-12-24;21;633
7;2025-12-24;22;356
7;2025-12-24;23;197
7;2025-12-25;0;69
7;2025-12-25;1;17
7;2025-12-25;2;0
7;2025-12-25;3;0
7;2025-12-25;4;4
7;2025-12-25;5;198
7;2025-12-25;6;735
7;2025-12-25;7;1652
7;2025-12-25;8;2530
7;2025-12-25;9;1826
7;2025-12-25;10;1540
7;2025-12-25;11;1459
7;2025-12-25;12;1553
7;2025-12-25;13;1543
7;2025-12-25;14;1595
7;2025-12-25;15;1735
7;2025-12-25;16;1865
7;2025-12-25;17;2333
7;2025-12-25;18;2596
7;2025-12-25;19;1694
7;2025-12-25;20;1063
7;2025-12-25;21;647
7;2025-12-25;22;356
7;2025-12-25;23;208
7;2025-12-26;0;76
7;2025-12-26;1;19
7;2025-12-26;2;0
7;2025-12-26;3;0
7;2025-12-26;4;3
7;2025-12-26;5;201
7;2025-12-26;6;675
7;2025-12-26;7;1575
7;2025-12-26;8;2369
7;2025-12-26;9;1775
7;2025-12-26;10;1507
7;2025-12-26;11;1465
7;2025-12-26;12;1542
7;2025-12-26;13;1620
7;2025-12-26;14;1630
7;2025-12-26;15;1802
7;2025-12-26;16;1958
7;2025-12-26;17;2306
7;2025-12-26;18;2325
7;2025-12-26;19;1539
7;2025-12-26;20;1005
7;2025-12-26;21;632
7;2025-12-26;22;368
7;2025-12-26;23;227
7;2025-12-27;0;108
7;2025-12-27;1;23
7;2025-12-27;2;0
7;2025-12-27;3;0
7;2025-12-27;4;0
7;2025-12-27;5;58
7;2025-12-27;6;299
7;2025-12-27;7;449
7;2025-12-27;8;703
7;2025-12-27;9;763
7;2025-12-27;10;880
7;2025-12-27;11;1051
7;2025-12-27;12;1119
7;2025-12-27;13;1197
7;2025-12-27;14;1215
7;2025-12-27;15;1181
7;2025-12-27;16;1113
7;2025-12-27;17;1119
7;2025-12-27;18;1024
7;2025-12-27;19;949
7;2025-12-27;20;745
7;2025-12-27;21;606
7;2025-12-27;22;335
7;2025-12-27;23;208
7;2025-12-28;0;100
7;2025-12-28;1;22
7;2025-12-28;2;3
7;2025-12-28;3;3
7;2025-12-28;4;4
7;2025-12-28;5;30
7;2025-12-28;6;189
7;2025-12-28;7;301
7;2025-12-28;8;521
7;2025-12-28;9;646
7;2025-12-28;10;689
7;2025-12-28;11;925
7;2025-12-28;12;986
7;2025-12-28;13;1086
7;2025-12-28;14;1087
7;2025-12-28;15;1075
7;2025-12-28;16;997
7;2025-12-28;17;1032
7;2025-12-28;18;917
7;2025-12-28;19;742
7;2025-12-28;20;652
7;2025-12-28;21;515
7;2025-12-28;22;260
7;2025-12-28;23;160
7;2025-12-29;0;68
7;2025-12-29;1;17
7;2025-12-29;2;1
7;2025-12-29;3;1
7;2025-12-29;4;2
7;2025-12-29;5;177
7;2025-12-29;6;662
7;2025-12-29;7;1518
7;2025-12-29;8;2377
7;2025-12-29;9;1689
7;2025-12-29;10;1419
7;2025-12-29;11;1335
7;2025-12-29;12;1431
7;2025-12-29;13;1418
7;2025-12-29;14;1465
7;2025-12-29;15;1639
7;2025-12-29;16;1734
7;2025-12-29;17;2220
7;2025-12-29;18;2446
7;2025-12-29;19;1593
7;2025-12-29;20;1008
7;2025-12-29;21;537
7;2025-12-29;22;260
7;2025-12-29;23;164
7;2025-12-30;0;59
7;2025-12-30;1;13
7;2025-12-30;2;4
7;2025-12-30;3;3
7;2025-12-30;4;1
7;2025-12-30;5;184
7;2025-12-30;6;575
7;2025-12-30;7;1411
7;2025-12-30;8;2280
7;2025-12-30;9;1593
7;2025-12-30;10;1357
7;2025-12-30;11;1255
7;2025-12-30;12;1333
7;2025-12-30;13;1352
7;2025-12-30;14;1385
7;2025-12-30;15;1547
7;2025-12-30;16;1624
7;2025-12-30;17;2126
7;2025-12-30;18;2388
7;2025-12-30;19;1502
7;2025-12-30;20;895
7;2025-12-30;21;538
7;2025-12-30;22;288
7;2025-12-30;23;168
7;2025-12-31;0;51
7;2025-12-31;1;14
7;2025-12-31;2;2
7;2025-12-31;3;1
7;2025-12-31;4;0
7;2025-12-31;5;56
7;2025-12-31;6;173
7;2025-12-31;7;165
7;2025-12-31;8;349
7;2025-12-31;9;393
7;2025-12-31;10;432
7;2025-12-31;11;573
7;2025-12-31;12;624
7;2025-12-31;13;726
7;2025-12-31;14;751
7;2025-12-31;15;719
7;2025-12-31;16;646
7;2025-12-31;17;719
7;2025-12-31;18;604
7;2025-12-31;19;472
7;2025-12-31;20;454
7;2025-12-31;21;339
7;2025-12-31;22;172
7;2025-12-31;23;93
11;2025-11-01;0;111
11;2025-11-01;1;0
11;2025-11-01;2;3
11;2025-11-01;3;3
11;2025-11-01;4;1
11;2025-11-01;5;221
11;2025-11-01;6;780
11;2025-11-01;7;729
11;2025-11-01;8;1001
11;2025-11-01;9;1125
11;2025-11-01;10;1221
11;2025-11-01;11;1668
11;2025-11-01;12;1809
11;2025-11-01;13;1720
11;2025-11-01;14;1803
11;2025-11-01;15;1790
11;2025-11-01;16;1779
11;2025-11-01;17;1817
11;2025-11-01;18;1582
11;2025-11-01;19;1402
11;2025-11-01;20;1090
11;2025-11-01;21;809
11;2025-11-01;22;472
11;2025-11-01;23;316
11;2025-11-02;0;100
11;2025-11-02;1;14
11;2025-11-02;2;5
11;2025-11-02;3;4
11;2025-11-02;4;1
11;2025-11-02;5;131
11;2025-11-02;6;558
11;2025-11-02;7;558
11;2025-11-02;8;697
11;2025-11-02;9;951
11;2025-11-02;10;1107
11;2025-11-02;11;1491
11;2025-11-02;12;1649
11;2025-11-02;13;1551
11;2025-11-02;14;1633
11;2025-11-02;15;1645
11;2025-11-02;16;1640
11;2025-11-02;17;1687
11;2025-11-02;18;1446
11;2025-11-02;19;1244
11;2025-11-02;20;1012
11;2025-11-02;21;686
11;2025-11-02;22;401
11;2025-11-02;23;254
11;2025-11-03;0;68
11;2025-11-03;1;14
11;2025-11-03;2;1
11;2025-11-03;3;1
11;2025-11-03;4;2
11;2025-11-03;5;201
11;2025-11-03;6;672
11;2025-11-03;7;619
11;2025-11-03;8;761
11;2025-11-03;9;931
11;2025-11-03;10;1058
11;2025-11-03;11;1411
11;2025-11-03;12;1565
11;2025-11-03;13;1492
11;2025-11-03;14;1575
11;2025-11-03;15;1624
11;2025-11-03;16;1608
11;2025-11-03;17;1724
11;2025-11-03;18;1722
11;2025-11-03;19;1306
11;2025-11-03;20;913
11;2025-11-03;21;695
11;2025-11-03;22;373
11;2025-11-03;23;194
11;2025-11-04;0;62
11;2025-11-04;1;5
11;2025-11-04;2;2
11;2025-11-04;3;2
11;2025-11-04;4;1
11;2025-11-04;5;177
11;2025-11-04;6;656
11;2025-11-04;7;569
11;2025-11-04;8;755
11;2025-11-04;9;914
11;2025-11-04;10;1026
11;2025-11-04;11;1394
11;2025-11-04;12;1562
11;2025-11-04;13;1490
11;2025-11-04;14;1567
11;2025-11-04;15;1598
11;2025-11-04;16;1584
11;2025-11-04;17;1695
11;2025-11-04;18;1631
11;2025-11-04;19;1281
11;2025-11-04;20;928
11;2025-11-04;21;681
11;2025-11-04;22;357
11;2025-11-04;23;188
11;2025-11-05;0;59
11;2025-11-05;1;0
11;2025-11-05;2;0
11;2025-11-05;3;0
11;2025-11-05;4;0
11;2025-11-05;5;288
11;2025-11-05;6;1336
11;2025-11-05;7;2405
11;2025-11-05;8;3217
11;2025-11-05;9;2389
11;2025-11-05;10;1898
11;2025-11-05;11;1864
11;2025-11-05;12;1908
11;2025-11-05;13;1975
11;2025-11-05;14;1932
11;2025-11-05;15;2068
11;2025-11-05;16;2244
11;2025-11-05;17;2818
11;2025-11-05;18;3133
11;2025-11-05;19;2382
11;2025-11-05;20;1562
11;2025-11-05;21;911
11;2025-11-05;22;466
11;2025-11-05;23;251
11;2025-11-06;0;68
11;2025-11-06;1;0
11;2025-11-06;2;1
11;2025-11-06;3;1
11;2025-11-06;4;0
11;2025-11-06;5;290
11;2025-11-06;6;1334
11;2025-11-06;7;2358
11;2025-11-06;8;3183
11;2025-11-06;9;2476
11;2025-11-06;10;1913
11;2025-11-06;11;1849
11;2025-11-06;12;1903
11;2025-11-06;13;1984
11;2025-11-06;14;1947
11;2025-11-06;15;2069
11;2025-11-06;16;2284
11;2025-11-06;17;2834
11;2025-11-06;18;3154
11;2025-11-06;19;2303
11;2025-11-06;20;1546
11;2025-11-06;21;900
11;2025-11-06;22;488
11;2025-11-06;23;264
11;2025-11-07;0;70
11;2025-11-07;1;1
11;2025-11-07;2;0
11;2025-11-07;3;0
11;2025-11-07;4;0
11;2025-11-07;5;289
11;2025-11-07;6;1325
11;2025-11-07;7;2321
11;2025-11-07;8;3047
11;2025-11-07;9;2363
11;2025-11-07;10;1893
11;2025-11-07;11;1847
11;2025-11-07;12;1900
11;2025-11-07;13;1982
11;2025-11-07;14;1949
11;2025-11-07;15;2093
11;2025-11-07;16;2381
11;2025-11-07;17;2846
11;2025-11-07;18;2747
11;2025-11-07;19;2180
11;2025-11-07;20;1485
11;2025-11-07;21;902
11;2025-11-07;22;481
11;2025-11-07;23;279
11;2025-11-08;0;108
11;2025-11-08;1;0
11;2025-11-08;2;0
11;2025-11-08;3;0
11;2025-11-08;4;0
11;2025-11-08;5;220
11;2025-11-08;6;774
11;2025-11-08;7;709
11;2025-11-08;8;980
11;2025-11-08;9;1109
11;2025-11-08;10;1193
11;2025-11-08;11;1632
11;2025-11-08;12;1783
11;2025-11-08;13;1692
11;2025-11-08;14;1774
11;2025-11-08;15;1768
11;2025-11-08;16;1765
11;2025-11-08;17;1804
11;2025-11-08;18;1570
11;2025-11-08;19;1424
11;2025-11-08;20;1092
11;2025-11-08;21;801
11;2025-11-08;22;455
11;2025-11-08;23;302
11;2025-11-09;0;85
11;2025-11-09;1;0
11;2025-11-09;2;0
11;2025-11-09;3;0
11;2025-11-09;4;0
11;2025-11-09;5;117
11;2025-11-09;6;544
11;2025-11-09;7;531
11;2025-11-09;8;680
11;2025-11-09;9;932
11;2025-11-09;10;1066
11;2025-11-09;11;1445
11;2025-11-09;12;1608
11;2025-11-09;13;1523
11;2025-11-09;14;1608
11;2025-11-09;15;1626
11;2025-11-09;16;1622
11;2025-11-09;17;1673
11;2025-11-09;18;1431
11;2025-11-09;19;1235
11;2025-11-09;20;992
11;2025-11-09;21;666
11;2025-11-09;22;384
11;2025-11-09;23;239
11;2025-11-10;0;54
11;2025-11-10;1;0
11;2025-11-10;2;0
11;2025-11-10;3;0
11;2025-11-10;4;0
11;2025-11-10;5;272
11;2025-11-10;6;1307
11;2025-11-10;7;2259
11;2025-11-10;8;3041
11;2025-11-10;9;2320
11;2025-11-10;10;1839
11;2025-11-10;11;1810
11;2025-11-10;12;1843
11;2025-11-10;13;1904
11;2025-11-10;14;1883
11;2025-11-10;15;2014
11;2025-11-10;16;2223
11;2025-11-10;17;2754
11;2025-11-10;18;3091
11;2025-11-10;19;2288
11;2025-11-10;20;1533
11;2025-11-10;21;889
11;2025-11-10;22;430
11;2025-11-10;23;216
11;2025-11-11;0;50
11;2025-11-11;1;0
11;2025-11-11;2;0
11;2025-11-11;3;0
11;2025-11-11;4;0
11;2025-11-11;5;270
11;2025-11-11;6;1342
11;2025-11-11;7;2380
11;2025-11-11;8;3154
11;2025-11-11;9;2422
11;2025-11-11;10;1899
11;2025-11-11;11;1855
11;2025-11-11;12;1900
11;2025-11-11;13;1975
11;2025-11-11;14;1947
11;2025-11-11;15;2064
11;2025-11-11;16;2265
11;2025-11-11;17;2797
11;2025-11-11;18;3101
11;2025-11-11;19;2319
11;2025-11-11;20;1566
11;2025-11-11;21;907
11;2025-11-11;22;441
11;2025-11-11;23;232
11;2025-11-12;0;55
11;2025-11-12;1;0
11;2025-11-12;2;0
11;2025-11-12;3;0
11;2025-11-12;4;0
11;2025-11-12;5;285
11;2025-11-12;6;1348
11;2025-11-12;7;2407
11;2025-11-12;8;3211
11;2025-11-12;9;2398
11;2025-11-12;10;1902
11;2025-11-12;11;1871
11;2025-11-12;12;1914
11;2025-11-12;13;1979
11;2025-11-12;14;1939
11;2025-11-12;15;2071
11;2025-11-12;16;2250
11;2025-11-12;17;2823
11;2025-11-12;18;3145
11;2025-11-12;19;2404
11;2025-11-12;20;1585
11;2025-11-12;21;938
11;2025-11-12;22;489
11;2025-11-12;23;254
11;2025-11-13;0;65
11;2025-11-13;1;0
11;2025-11-13;2;0
11;2025-11-13;3;0
11;2025-11-13;4;0
11;2025-11-13;5;291
11;2025-11-13;6;1360
11;2025-11-13;7;2386
11;2025-11-13;8;3199
11;2025-11-13;9;2503
11;2025-11-13;10;1940
11;2025-11-13;11;1879
11;2025-11-13;12;1929
11;2025-11-13;13;2013
11;2025-11-13;14;1970
11;2025-11-13;15;2094
11;2025-11-13;16;2307
11;2025-11-13;17;2857
11;2025-11-13;18;3179
11;2025-11-13;19;2327
11;2025-11-13;20;1571
11;2025-11-13;21;926
11;2025-11-13;22;512
11;2025-11-13;23;268
11;2025-11-14;0;69
11;2025-11-14;1;0
11;2025-11-14;2;0
11;2025-11-14;3;0
11;2025-11-14;4;0
11;2025-11-14;5;290
11;2025-11-14;6;1346
11;2025-11-14;7;2342
11;2025-11-14;8;3059
11;2025-11-14;9;2387
11;2025-11-14;10;1916
11;2025-11-14;11;1871
11;2025-11-14;12;1923
11;2025-11-14;13;2004
11;2025-11-14;14;1972
11;2025-11-14;15;2118
11;2025-11-14;16;2404
11;2025-11-14;17;2868
11;2025-11-14;18;2770
11;2025-11-14;19;2205
11;2025-11-14;20;1511
11;2025-11-14;21;927
11;2025-11-14;22;503
11;2025-11-14;23;282
11;2025-11-15;0;109
11;2025-11-15;1;0
11;2025-11-15;2;0
11;2025-11-15;3;0
11;2025-11-15;4;0
11;2025-11-15;5;219
11;2025-11-15;6;801
11;2025-11-15;7;734
11;2025-11-15;8;1004
11;2025-11-15;9;1146
11;2025-11-15;10;1234
11;2025-11-15;11;1674
11;2025-11-15;12;1820
11;2025-11-15;13;1728
11;2025-11-15;14;1810
11;2025-11-15;15;1805
11;2025-11-15;16;1797
11;2025-11-15;17;1839
11;2025-11-15;18;1601
11;2025-11-15;19;1457
11;2025-11-15;20;1130
11;2025-11-15;21;830
11;2025-11-15;22;490
11;2025-11-15;23;326
11;2025-11-16;0;96
11;2025-11-16;1;3
11;2025-11-16;2;0
11;2025-11-16;3;0
11;2025-11-16;4;0
11;2025-11-16;5;126
11;2025-11-16;6;571
11;2025-11-16;7;556
11;2025-11-16;8;704
11;2025-11-16;9;962
11;2025-11-16;10;1098
11;2025-11-16;11;1477
11;2025-11-16;12;1637
11;2025-11-16;13;1552
11;2025-11-16;14;1638
11;2025-11-16;15;1656
11;2025-11-16;16;1649
11;2025-11-16;17;1703
11;2025-11-16;18;1460
11;2025-11-16;19;1271
11;2025-11-16;20;1026
11;2025-11-16;21;699
11;2025-11-16;22;417
11;2025-11-16;23;255
11;2025-11-17;0;65
11;2025-11-17;1;0
11;2025-11-17;2;0
11;2025-11-17;3;0
11;2025-11-17;4;0
11;2025-11-17;5;284
11;2025-11-17;6;1340
11;2025-11-17;7;2287
11;2025-11-17;8;3069
11;2025-11-17;9;2350
11;2025-11-17;10;1869
11;2025-11-17;11;1840
11;2025-11-17;12;1875
11;2025-11-17;13;1937
11;2025-11-17;14;1917
11;2025-11-17;15;2044
11;2025-11-17;16;2234
11;2025-11-17;17;2763
11;2025-11-17;18;3100
11;2025-11-17;19;2302
11;2025-11-17;20;1543
11;2025-11-17;21;901
11;2025-11-17;22;441
11;2025-11-17;23;227
11;2025-11-18;0;56
11;2025-11-18;1;0
11;2025-11-18;2;0
11;2025-11-18;3;0
11;2025-11-18;4;0
11;2025-11-18;5;276
11;2025-11-18;6;1349
11;2025-11-18;7;2381
11;2025-11-18;8;3151
11;2025-11-18;9;2425
11;2025-11-18;10;1904
11;2025-11-18;11;1860
11;2025-11-18;12;1906
11;2025-11-18;13;1981
11;2025-11-18;14;1954
11;2025-11-18;15;2069
11;2025-11-18;16;2265
11;2025-11-18;17;2797
11;2025-11-18;18;3100
11;2025-11-18;19;2323
11;2025-11-18;20;1575
11;2025-11-18;21;914
11;2025-11-18;22;448
11;2025-11-18;23;238
11;2025-11-19;0;57
11;2025-11-19;1;0
11;2025-11-19;2;0
11;2025-11-19;3;0
11;2025-11-19;4;0
11;2025-11-19;5;286
11;2025-11-19;6;1347
11;2025-11-19;7;2402
11;2025-11-19;8;3202
11;2025-11-19;9;2395
11;2025-11-19;10;1900
11;2025-11-19;11;1869
11;2025-11-19;12;1912
11;2025-11-19;13;1975
11;2025-11-19;14;1937
11;2025-11-19;15;2069
11;2025-11-19;16;2245
11;2025-11-19;17;2818
11;2025-11-19;18;3137
11;2025-11-19;19;2399
11;2025-11-19;20;1585
11;2025-11-19;21;940
11;2025-11-19;22;490
11;2025-11-19;23;257
11;2025-11-20;0;67
11;2025-11-20;1;0
11;2025-11-20;2;0
11;2025-11-20;3;0
11;2025-11-20;4;0
11;2025-11-20;5;291
11;2025-11-20;6;1358
11;2025-11-20;7;2383
11;2025-11-20;8;3200
11;2025-11-20;9;2504
11;2025-11-20;10;1941
11;2025-11-20;11;1880
11;2025-11-20;12;1929
11;2025-11-20;13;2013
11;2025-11-20;14;1973
11;2025-11-20;15;2097
11;2025-11-20;16;2310
11;2025-11-20;17;2860
11;2025-11-20;18;3180
11;2025-11-20;19;2331
11;2025-11-20;20;1575
11;2025-11-20;21;929
11;2025-11-20;22;515
11;2025-11-20;23;272
11;2025-11-21;0;72
11;2025-11-21;1;0
11;2025-11-21;2;0
11;2025-11-21;3;0
11;2025-11-21;4;0
11;2025-11-21;5;294
11;2025-11-21;6;1350
11;2025-11-21;7;2344
11;2025-11-21;8;3061
11;2025-11-21;9;2388
11;2025-11-21;10;1917
11;2025-11-21;11;1873
11;2025-11-21;12;1924
11;2025-11-21;13;2005
11;2025-11-21;14;1973
11;2025-11-21;15;2120
11;2025-11-21;16;2405
11;2025-11-21;17;2869
11;2025-11-21;18;2770
11;2025-11-21;19;2208
11;2025-11-21;20;1514
11;2025-11-21;21;930
11;2025-11-21;22;507
11;2025-11-21;23;287
11;2025-11-22;0;114
11;2025-11-22;1;0
11;2025-11-22;2;0
11;2025-11-22;3;0
11;2025-11-22;4;0
11;2025-11-22;5;221
11;2025-11-22;6;801
11;2025-11-22;7;732
11;2025-11-22;8;1001
11;2025-11-22;9;1143
11;2025-11-22;10;1229
11;2025-11-22;11;1668
11;2025-11-22;12;1818
11;2025-11-22;13;1698
11;2025-11-22;14;1781
11;2025-11-22;15;1775
11;2025-11-22;16;1771
11;2025-11-22;17;1809
11;2025-11-22;18;1570
11;2025-11-22;19;1432
11;2025-11-22;20;1105
11;2025-11-22;21;809
11;2025-11-22;22;474
11;2025-11-22;23;321
11;2025-11-23;0;94
11;2025-11-23;1;4
11;2025-11-23;2;0
11;2025-11-23;3;0
11;2025-11-23;4;0
11;2025-11-23;5;124
11;2025-11-23;6;558
11;2025-11-23;7;542
11;2025-11-23;8;689
11;2025-11-23;9;947
11;2025-11-23;10;1082
11;2025-11-23;11;1461
11;2025-11-23;12;1621
11;2025-11-23;13;1536
11;2025-11-23;14;1622
11;2025-11-23;15;1640
11;2025-11-23;16;1632
11;2025-11-23;17;1686
11;2025-11-23;18;1442
11;2025-11-23;19;1253
11;2025-11-23;20;1009
11;2025-11-23;21;686
11;2025-11-23;22;405
11;2025-11-23;23;253
11;2025-11-24;0;61
11;2025-11-24;1;0
11;2025-11-24;2;0
11;2025-11-24;3;0
11;2025-11-24;4;0
11;2025-11-24;5;279
11;2025-11-24;6;1319
11;2025-11-24;7;2262
11;2025-11-24;8;3046
11;2025-11-24;9;2332
11;2025-11-24;10;1854
11;2025-11-24;11;1825
11;2025-11-24;12;1860
11;2025-11-24;13;1918
11;2025-11-24;14;1898
11;2025-11-24;15;2026
11;2025-11-24;16;2216
11;2025-11-24;17;2745
11;2025-11-24;18;3067
11;2025-11-24;19;2282
11;2025-11-24;20;1528
11;2025-11-24;21;892
11;2025-11-24;22;432
11;2025-11-24;23;230
11;2025-11-25;0;59
11;2025-11-25;1;0
11;2025-11-25;2;1
11;2025-11-25;3;0
11;2025-11-25;4;0
11;2025-11-25;5;280
11;2025-11-25;6;1335
11;2025-11-25;7;2362
11;2025-11-25;8;3125
11;2025-11-25;9;2409
11;2025-11-25;10;1888
11;2025-11-25;11;1848
11;2025-11-25;12;1894
11;2025-11-25;13;1965
11;2025-11-25;14;1939
11;2025-11-25;15;2055
11;2025-11-25;16;2251
11;2025-11-25;17;2780
11;2025-11-25;18;3075
11;2025-11-25;19;2307
11;2025-11-25;20;1564
11;2025-11-25;21;908
11;2025-11-25;22;443
11;2025-11-25;23;245
11;2025-11-26;0;62
11;2025-11-26;1;0
11;2025-11-26;2;0
11;2025-11-26;3;0
11;2025-11-26;4;0
11;2025-11-26;5;290
11;2025-11-26;6;1333
11;2025-11-26;7;2380
11;2025-11-26;8;3172
11;2025-11-26;9;2373
11;2025-11-26;10;1882
11;2025-11-26;11;1850
11;2025-11-26;12;1893
11;2025-11-26;13;1958
11;2025-11-26;14;1918
11;2025-11-26;15;2051
11;2025-11-26;16;2227
11;2025-11-26;17;2795
11;2025-11-26;18;3104
11;2025-11-26;19;2370
11;2025-11-26;20;1562
11;2025-11-26;21;923
11;2025-11-26;22;476
11;2025-11-26;23;255
11;2025-11-27;0;68
11;2025-11-27;1;0
11;2025-11-27;2;0
11;2025-11-27;3;0
11;2025-11-27;4;0
11;2025-11-27;5;292
11;2025-11-27;6;1341
11;2025-11-27;7;2359
11;2025-11-27;8;3172
11;2025-11-27;9;2479
11;2025-11-27;10;1917
11;2025-11-27;11;1858
11;2025-11-27;12;1909
11;2025-11-27;13;1990
11;2025-11-27;14;1953
11;2025-11-27;15;2074
11;2025-11-27;16;2287
11;2025-11-27;17;2835
11;2025-11-27;18;3146
11;2025-11-27;19;2309
11;2025-11-27;20;1558
11;2025-11-27;21;918
11;2025-11-27;22;503
11;2025-11-27;23;273
11;2025-11-28;0;73
11;2025-11-28;1;1
11;2025-11-28;2;0
11;2025-11-28;3;0
11;2025-11-28;4;0
11;2025-11-28;5;294
11;2025-11-28;6;1335
11;2025-11-28;7;2323
11;2025-11-28;8;3038
11;2025-11-28;9;2368
11;2025-11-28;10;1898
11;2025-11-28;11;1854
11;2025-11-28;12;1905
11;2025-11-28;13;1986
11;2025-11-28;14;1955
11;2025-11-28;15;2098
11;2025-11-28;16;2381
11;2025-11-28;17;2846
11;2025-11-28;18;2745
11;2025-11-28;19;2188
11;2025-11-28;20;1499
11;2025-11-28;21;918
11;2025-11-28;22;496
11;2025-11-28;23;288
11;2025-11-29;0;110
11;2025-11-29;1;0
11;2025-11-29;2;0
11;2025-11-29;3;0
11;2025-11-29;4;0
11;2025-11-29;5;219
11;2025-11-29;6;796
11;2025-11-29;7;713
11;2025-11-29;8;973
11;2025-11-29;9;1127
11;2025-11-29;10;1213
11;2025-11-29;11;1649
11;2025-11-29;12;1797
11;2025-11-29;13;1706
11;2025-11-29;14;1789
11;2025-11-29;15;1782
11;2025-11-29;16;1768
11;2025-11-29;17;1802
11;2025-11-29;18;1563
11;2025-11-29;19;1430
11;2025-11-29;20;1110
11;2025-11-29;21;814
11;2025-11-29;22;478
11;2025-11-29;23;325
11;2025-11-30;0;99
11;2025-11-30;1;10
11;2025-11-30;2;2
11;2025-11-30;3;1
11;2025-11-30;4;0
11;2025-11-30;5;129
11;2025-11-30;6;562
11;2025-11-30;7;551
11;2025-11-30;8;685
11;2025-11-30;9;956
11;2025-11-30;10;1091
11;2025-11-30;11;1471
11;2025-11-30;12;1631
11;2025-11-30;13;1545
11;2025-11-30;14;1631
11;2025-11-30;15;1649
11;2025-11-30;16;1633
11;2025-11-30;17;1683
11;2025-11-30;18;1438
11;2025-11-30;19;1253
11;2025-11-30;20;1018
11;2025-11-30;21;693
11;2025-11-30;22;411
11;2025-11-30;23;260
11;2025-12-01;0;67
11;2025-12-01;1;2
11;2025-12-01;2;0
11;2025-12-01;3;0
11;2025-12-01;4;0
11;2025-12-01;5;287
11;2025-12-01;6;1332
11;2025-12-01;7;2258
11;2025-12-01;8;3028
11;2025-12-01;9;2312
11;2025-12-01;10;1843
11;2025-12-01;11;1811
11;2025-12-01;12;1853
11;2025-12-01;13;1899
11;2025-12-01;14;1878
11;2025-12-01;15;2006
11;2025-12-01;16;2199
11;2025-12-01;17;2728
11;2025-12-01;18;3053
11;2025-12-01;19;2269
11;2025-12-01;20;1535
11;2025-12-01;21;894
11;2025-12-01;22;433
11;2025-12-01;23;231
11;2025-12-02;0;59
11;2025-12-02;1;0
11;2025-12-02;2;0
11;2025-12-02;3;0
11;2025-12-02;4;0
11;2025-12-02;5;277
11;2025-12-02;6;1333
11;2025-12-02;7;2339
11;2025-12-02;8;3082
11;2025-12-02;9;2367
11;2025-12-02;10;1865
11;2025-12-02;11;1825
11;2025-12-02;12;1872
11;2025-12-02;13;1923
11;2025-12-02;14;1896
11;2025-12-02;15;2012
11;2025-12-02;16;2208
11;2025-12-02;17;2737
11;2025-12-02;18;3036
11;2025-12-02;19;2268
11;2025-12-02;20;1563
11;2025-12-02;21;907
11;2025-12-02;22;440
11;2025-12-02;23;245
11;2025-12-03;0;65
11;2025-12-03;1;0
11;2025-12-03;2;0
11;2025-12-03;3;0
11;2025-12-03;4;0
11;2025-12-03;5;291
11;2025-12-03;6;1330
11;2025-12-03;7;2387
11;2025-12-03;8;3178
11;2025-12-03;9;2378
11;2025-12-03;10;1888
11;2025-12-03;11;1857
11;2025-12-03;12;1901
11;2025-12-03;13;1965
11;2025-12-03;14;1926
11;2025-12-03;15;2058
11;2025-12-03;16;2234
11;2025-12-03;17;2803
11;2025-12-03;18;3112
11;2025-12-03;19;2375
11;2025-12-03;20;1566
11;2025-12-03;21;928
11;2025-12-03;22;474
11;2025-12-03;23;259
11;2025-12-04;0;74
11;2025-12-04;1;0
11;2025-12-04;2;0
11;2025-12-04;3;0
11;2025-12-04;4;0
11;2025-12-04;5;296
11;2025-12-04;6;1346
11;2025-12-04;7;2362
11;2025-12-04;8;3175
11;2025-12-04;9;2482
11;2025-12-04;10;1920
11;2025-12-04;11;1860
11;2025-12-04;12;1911
11;2025-12-04;13;1992
11;2025-12-04;14;1955
11;2025-12-04;15;2077
11;2025-12-04;16;2289
11;2025-12-04;17;2838
11;2025-12-04;18;3148
11;2025-12-04;19;2310
11;2025-12-04;20;1560
11;2025-12-04;21;920
11;2025-12-04;22;501
11;2025-12-04;23;276
11;2025-12-05;0;79
11;2025-12-05;1;3
11;2025-12-05;2;0
11;2025-12-05;3;0
11;2025-12-05;4;0
11;2025-12-05;5;300
11;2025-12-05;6;1342
11;2025-12-05;7;2332
11;2025-12-05;8;3046
11;2025-12-05;9;2376
11;2025-12-05;10;1907
11;2025-12-05;11;1862
11;2025-12-05;12;1913
11;2025-12-05;13;1994
11;2025-12-05;14;1962
11;2025-12-05;15;2105
11;2025-12-05;16;2389
11;2025-12-05;17;2853
11;2025-12-05;18;2751
11;2025-12-05;19;2191
11;2025-12-05;20;1504
11;2025-12-05;21;923
11;2025-12-05;22;494
11;2025-12-05;23;292
11;2025-12-06;0;116
11;2025-12-06;1;0
11;2025-12-06;2;0
11;2025-12-06;3;0
11;2025-12-06;4;0
11;2025-12-06;5;225
11;2025-12-06;6;782
11;2025-12-06;7;715
11;2025-12-06;8;971
11;2025-12-06;9;1133
11;2025-12-06;10;1216
11;2025-12-06;11;1651
11;2025-12-06;12;1805
11;2025-12-06;13;1713
11;2025-12-06;14;1795
11;2025-12-06;15;1789
11;2025-12-06;16;1777
11;2025-12-06;17;1811
11;2025-12-06;18;1571
11;2025-12-06;19;1435
11;2025-12-06;20;1119
11;2025-12-06;21;816
11;2025-12-06;22;480
11;2025-12-06;23;329
11;2025-12-07;0;105
11;2025-12-07;1;13
11;2025-12-07;2;1
11;2025-12-07;3;1
11;2025-12-07;4;0
11;2025-12-07;5;136
11;2025-12-07;6;566
11;2025-12-07;7;551
11;2025-12-07;8;683
11;2025-12-07;9;959
11;2025-12-07;10;1096
11;2025-12-07;11;1474
11;2025-12-07;12;1634
11;2025-12-07;13;1549
11;2025-12-07;14;1634
11;2025-12-07;15;1653
11;2025-12-07;16;1639
11;2025-12-07;17;1689
11;2025-12-07;18;1443
11;2025-12-07;19;1257
11;2025-12-07;20;1022
11;2025-12-07;21;697
11;2025-12-07;22;414
11;2025-12-07;23;267
11;2025-12-08;0;77
11;2025-12-08;1;5
11;2025-12-08;2;0
11;2025-12-08;3;0
11;2025-12-08;4;1
11;2025-12-08;5;296
11;2025-12-08;6;1336
11;2025-12-08;7;2280
11;2025-12-08;8;3056
11;2025-12-08;9;2342
11;2025-12-08;10;1864
11;2025-12-08;11;1835
11;2025-12-08;12;1870
11;2025-12-08;13;1929
11;2025-12-08;14;1908
11;2025-12-08;15;2036
11;2025-12-08;16;2226
11;2025-12-08;17;2756
11;2025-12-08;18;3076
11;2025-12-08;19;2291
11;2025-12-08;20;1537
11;2025-12-08;21;900
11;2025-12-08;22;438
11;2025-12-08;23;240
11;2025-12-09;0;69
11;2025-12-09;1;1
11;2025-12-09;2;0
11;2025-12-09;3;0
11;2025-12-09;4;1
11;2025-12-09;5;290
11;2025-12-09;6;1348
11;2025-12-09;7;2375
11;2025-12-09;8;3135
11;2025-12-09;9;2420
11;2025-12-09;10;1899
11;2025-12-09;11;1859
11;2025-12-09;12;1905
11;2025-12-09;13;1977
11;2025-12-09;14;1950
11;2025-12-09;15;2066
11;2025-12-09;16;2262
11;2025-12-09;17;2791
11;2025-12-09;18;3086
11;2025-12-09;19;2318
11;2025-12-09;20;1572
11;2025-12-09;21;913
11;2025-12-09;22;448
11;2025-12-09;23;255
11;2025-12-10;0;73
11;2025-12-10;1;0
11;2025-12-10;2;0
11;2025-12-10;3;0
11;2025-12-10;4;1
11;2025-12-10;5;303
11;2025-12-10;6;1348
11;2025-12-10;7;2396
11;2025-12-10;8;3184
11;2025-12-10;9;2384
11;2025-12-10;10;1895
11;2025-12-10;11;1864
11;2025-12-10;12;1908
11;2025-12-10;13;1972
11;2025-12-10;14;1933
11;2025-12-10;15;2065
11;2025-12-10;16;2241
11;2025-12-10;17;2809
11;2025-12-10;18;3117
11;2025-12-10;19;2383
11;2025-12-10;20;1568
11;2025-12-10;21;928
11;2025-12-10;22;479
11;2025-12-10;23;265
11;2025-12-11;0;80
11;2025-12-11;1;1
11;2025-12-11;2;0
11;2025-12-11;3;0
11;2025-12-11;4;2
11;2025-12-11;5;304
11;2025-12-11;6;1353
11;2025-12-11;7;2370
11;2025-12-11;8;3181
11;2025-12-11;9;2487
11;2025-12-11;10;1926
11;2025-12-11;11;1866
11;2025-12-11;12;1917
11;2025-12-11;13;2000
11;2025-12-11;14;1961
11;2025-12-11;15;2085
11;2025-12-11;16;2297
11;2025-12-11;17;2845
11;2025-12-11;18;3155
11;2025-12-11;19;2316
11;2025-12-11;20;1561
11;2025-12-11;21;919
11;2025-12-11;22;507
11;2025-12-11;23;281
11;2025-12-12;0;85
11;2025-12-12;1;6
11;2025-12-12;2;0
11;2025-12-12;3;0
11;2025-12-12;4;4
11;2025-12-12;5;306
11;2025-12-12;6;1347
11;2025-12-12;7;2336
11;2025-12-12;8;3049
11;2025-12-12;9;2379
11;2025-12-12;10;1910
11;2025-12-12;11;1865
11;2025-12-12;12;1916
11;2025-12-12;13;2000
11;2025-12-12;14;1965
11;2025-12-12;15;2111
11;2025-12-12;16;2394
11;2025-12-12;17;2857
11;2025-12-12;18;2755
11;2025-12-12;19;2195
11;2025-12-12;20;1504
11;2025-12-12;21;921
11;2025-12-12;22;501
11;2025-12-12;23;298
11;2025-12-13;0;123
11;2025-12-13;1;2
11;2025-12-13;2;0
11;2025-12-13;3;0
11;2025-12-13;4;1
11;2025-12-13;5;232
11;2025-12-13;6;787
11;2025-12-13;7;713
11;2025-12-13;8;968
11;2025-12-13;9;1133
11;2025-12-13;10;1216
11;2025-12-13;11;1652
11;2025-12-13;12;1805
11;2025-12-13;13;1719
11;2025-12-13;14;1799
11;2025-12-13;15;1795
11;2025-12-13;16;1784
11;2025-12-13;17;1817
11;2025-12-13;18;1577
11;2025-12-13;19;1441
11;2025-12-13;20;1118
11;2025-12-13;21;819
11;2025-12-13;22;485
11;2025-12-13;23;333
11;2025-12-14;0;110
11;2025-12-14;1;17
11;2025-12-14;2;2
11;2025-12-14;3;2
11;2025-12-14;4;2
11;2025-12-14;5;144
11;2025-12-14;6;570
11;2025-12-14;7;555
11;2025-12-14;8;691
11;2025-12-14;9;969
11;2025-12-14;10;1105
11;2025-12-14;11;1484
11;2025-12-14;12;1644
11;2025-12-14;13;1564
11;2025-12-14;14;1645
11;2025-12-14;15;1668
11;2025-12-14;16;1653
11;2025-12-14;17;1702
11;2025-12-14;18;1456
11;2025-12-14;19;1267
11;2025-12-14;20;1029
11;2025-12-14;21;703
11;2025-12-14;22;418
11;2025-12-14;23;271
11;2025-12-15;0;81
11;2025-12-15;1;8
11;2025-12-15;2;0
11;2025-12-15;3;0
11;2025-12-15;4;3
11;2025-12-15;5;302
11;2025-12-15;6;1346
11;2025-12-15;7;2291
11;2025-12-15;8;3066
11;2025-12-15;9;2352
11;2025-12-15;10;1874
11;2025-12-15;11;1845
11;2025-12-15;12;1880
11;2025-12-15;13;1942
11;2025-12-15;14;1918
11;2025-12-15;15;2051
11;2025-12-15;16;2241
11;2025-12-15;17;2766
11;2025-12-15;18;3084
11;2025-12-15;19;2297
11;2025-12-15;20;1540
11;2025-12-15;21;902
11;2025-12-15;22;442
11;2025-12-15;23;243
11;2025-12-16;0;74
11;2025-12-16;1;4
11;2025-12-16;2;2
11;2025-12-16;3;2
11;2025-12-16;4;3
11;2025-12-16;5;295
11;2025-12-16;6;1352
11;2025-12-16;7;2379
11;2025-12-16;8;3140
11;2025-12-16;9;2425
11;2025-12-16;10;1904
11;2025-12-16;11;1864
11;2025-12-16;12;1909
11;2025-12-16;13;1984
11;2025-12-16;14;1955
11;2025-12-16;15;2073
11;2025-12-16;16;2269
11;2025-12-16;17;2798
11;2025-12-16;18;3092
11;2025-12-16;19;2321
11;2025-12-16;20;1574
11;2025-12-16;21;914
11;2025-12-16;22;450
11;2025-12-16;23;258
11;2025-12-17;0;77
11;2025-12-17;1;2
11;2025-12-17;2;0
11;2025-12-17;3;0
11;2025-12-17;4;2
11;2025-12-17;5;304
11;2025-12-17;6;1350
11;2025-12-17;7;2398
11;2025-12-17;8;3187
11;2025-12-17;9;2387
11;2025-12-17;10;1897
11;2025-12-17;11;1863
11;2025-12-17;12;1907
11;2025-12-17;13;1974
11;2025-12-17;14;1930
11;2025-12-17;15;2065
11;2025-12-17;16;2241
11;2025-12-17;17;2811
11;2025-12-17;18;3119
11;2025-12-17;19;2382
11;2025-12-17;20;1569
11;2025-12-17;21;928
11;2025-12-17;22;480
11;2025-12-17;23;266
11;2025-12-18;0;82
11;2025-12-18;1;2
11;2025-12-18;2;0
11;2025-12-18;3;0
11;2025-12-18;4;3
11;2025-12-18;5;303
11;2025-12-18;6;1354
11;2025-12-18;7;2371
11;2025-12-18;8;3183
11;2025-12-18;9;2490
11;2025-12-18;10;1928
11;2025-12-18;11;1868
11;2025-12-18;12;1920
11;2025-12-18;13;2004
11;2025-12-18;14;1963
11;2025-12-18;15;2088
11;2025-12-18;16;2300
11;2025-12-18;17;2848
11;2025-12-18;18;3158
11;2025-12-18;19;2318
11;2025-12-18;20;1565
11;2025-12-18;21;922
11;2025-12-18;22;510
11;2025-12-18;23;284
11;2025-12-19;0;80
11;2025-12-19;1;5
11;2025-12-19;2;1
11;2025-12-19;3;1
11;2025-12-19;4;3
11;2025-12-19;5;294
11;2025-12-19;6;1336
11;2025-12-19;7;2326
11;2025-12-19;8;3033
11;2025-12-19;9;2370
11;2025-12-19;10;1900
11;2025-12-19;11;1855
11;2025-12-19;12;1906
11;2025-12-19;13;1991
11;2025-12-19;14;1955
11;2025-12-19;15;2102
11;2025-12-19;16;2385
11;2025-12-19;17;2849
11;2025-12-19;18;2741
11;2025-12-19;19;2185
11;2025-12-19;20;1495
11;2025-12-19;21;911
11;2025-12-19;22;492
11;2025-12-19;23;288
11;2025-12-20;0;119
11;2025-12-20;1;1
11;2025-12-20;2;0
11;2025-12-20;3;0
11;2025-12-20;4;1
11;2025-12-20;5;223
11;2025-12-20;6;777
11;2025-12-20;7;706
11;2025-12-20;8;955
11;2025-12-20;9;1127
11;2025-12-20;10;1214
11;2025-12-20;11;1649
11;2025-12-20;12;1801
11;2025-12-20;13;1717
11;2025-12-20;14;1796
11;2025-12-20;15;1793
11;2025-12-20;16;1781
11;2025-12-20;17;1815
11;2025-12-20;18;1568
11;2025-12-20;19;1438
11;2025-12-20;20;1116
11;2025-12-20;21;815
11;2025-12-20;22;480
11;2025-12-20;23;326
11;2025-12-21;0;108
11;2025-12-21;1;15
11;2025-12-21;2;1
11;2025-12-21;3;1
11;2025-12-21;4;1
11;2025-12-21;5;137
11;2025-12-21;6;569
11;2025-12-21;7;555
11;2025-12-21;8;687
11;2025-12-21;9;972
11;2025-12-21;10;1110
11;2025-12-21;11;1489
11;2025-12-21;12;1649
11;2025-12-21;13;1570
11;2025-12-21;14;1650
11;2025-12-21;15;1674
11;2025-12-21;16;1658
11;2025-12-21;17;1707
11;2025-12-21;18;1455
11;2025-12-21;19;1270
11;2025-12-21;20;1033
11;2025-12-21;21;706
11;2025-12-21;22;420
11;2025-12-21;23;263
11;2025-12-22;0;77
11;2025-12-22;1;9
11;2025-12-22;2;1
11;2025-12-22;3;1
11;2025-12-22;4;4
11;2025-12-22;5;290
11;2025-12-22;6;1333
11;2025-12-22;7;2278
11;2025-12-22;8;3048
11;2025-12-22;9;2340
11;2025-12-22;10;1862
11;2025-12-22;11;1833
11;2025-12-22;12;1868
11;2025-12-22;13;1931
11;2025-12-22;14;1906
11;2025-12-22;15;2039
11;2025-12-22;16;2229
11;2025-12-22;17;2754
11;2025-12-22;18;3066
11;2025-12-22;19;2285
11;2025-12-22;20;1529
11;2025-12-22;21;892
11;2025-12-22;22;433
11;2025-12-22;23;236
11;2025-12-23;0;69
11;2025-12-23;1;4
11;2025-12-23;2;1
11;2025-12-23;3;1
11;2025-12-23;4;2
11;2025-12-23;5;281
11;2025-12-23;6;1329
11;2025-12-23;7;2357
11;2025-12-23;8;3111
11;2025-12-23;9;2402
11;2025-12-23;10;1881
11;2025-12-23;11;1841
11;2025-12-23;12;1890
11;2025-12-23;13;1965
11;2025-12-23;14;1936
11;2025-12-23;15;2055
11;2025-12-23;16;2251
11;2025-12-23;17;2779
11;2025-12-23;18;3068
11;2025-12-23;19;2303
11;2025-12-23;20;1557
11;2025-12-23;21;898
11;2025-12-23;22;435
11;2025-12-23;23;250
11;2025-12-24;0;72
11;2025-12-24;1;1
11;2025-12-24;2;0
11;2025-12-24;3;0
11;2025-12-24;4;2
11;2025-12-24;5;290
11;2025-12-24;6;1326
11;2025-12-24;7;2375
11;2025-12-24;8;3169
11;2025-12-24;9;2369
11;2025-12-24;10;1873
11;2025-12-24;11;1839
11;2025-12-24;12;1887
11;2025-12-24;13;1954
11;2025-12-24;14;1909
11;2025-12-24;15;2044
11;2025-12-24;16;2220
11;2025-12-24;17;2796
11;2025-12-24;18;3098
11;2025-12-24;19;2361
11;2025-12-24;20;1551
11;2025-12-24;21;911
11;2025-12-24;22;465
11;2025-12-24;23;255
11;2025-12-25;0;76
11;2025-12-25;1;2
11;2025-12-25;2;0
11;2025-12-25;3;0
11;2025-12-25;4;3
11;2025-12-25;5;292
11;2025-12-25;6;1334
11;2025-12-25;7;2347
11;2025-12-25;8;3164
11;2025-12-25;9;2471
11;2025-12-25;10;1903
11;2025-12-25;11;1849
11;2025-12-25;12;1904
11;2025-12-25;13;1987
11;2025-12-25;14;1948
11;2025-12-25;15;2072
11;2025-12-25;16;2285
11;2025-12-25;17;2838
11;2025-12-25;18;3150
11;2025-12-25;19;2306
11;2025-12-25;20;1552
11;2025-12-25;21;910
11;2025-12-25;22;498
11;2025-12-25;23;276
11;2025-12-26;0;83
11;2025-12-26;1;6
11;2025-12-26;2;0
11;2025-12-26;3;0
11;2025-12-26;4;4
11;2025-12-26;5;294
11;2025-12-26;6;1327
11;2025-12-26;7;2312
11;2025-12-26;8;3032
11;2025-12-26;9;2363
11;2025-12-26;10;1887
11;2025-12-26;11;1847
11;2025-12-26;12;1902
11;2025-12-26;13;1987
11;2025-12-26;14;1953
11;2025-12-26;15;2099
11;2025-12-26;16;2371
11;2025-12-26;17;2843
11;2025-12-26;18;2740
11;2025-12-26;19;2181
11;2025-12-26;20;1490
11;2025-12-26;21;909
11;2025-12-26;22;488
11;2025-12-26;23;289
11;2025-12-27;0;121
11;2025-12-27;1;4
11;2025-12-27;2;0
11;2025-12-27;3;0
11;2025-12-27;4;3
11;2025-12-27;5;220
11;2025-12-27;6;761
11;2025-12-27;7;685
11;2025-12-27;8;929
11;2025-12-27;9;1100
11;2025-12-27;10;1185
11;2025-12-27;11;1622
11;2025-12-27;12;1781
11;2025-12-27;13;1697
11;2025-12-27;14;1778
11;2025-12-27;15;1775
11;2025-12-27;16;1763
11;2025-12-27;17;1800
11;2025-12-27;18;1555
11;2025-12-27;19;1427
11;2025-12-27;20;1104
11;2025-12-27;21;806
11;2025-12-27;22;473
11;2025-12-27;23;324
11;2025-12-28;0;112
11;2025-12-28;1;19
11;2025-12-28;2;3
11;2025-12-28;3;3
11;2025-12-28;4;6
11;2025-12-28;5;125
11;2025-12-28;6;550
11;2025-12-28;7;529
11;2025-12-28;8;651
11;2025-12-28;9;934
11;2025-12-28;10;1068
11;2025-12-28;11;1447
11;2025-12-28;12;1611
11;2025-12-28;13;1535
11;2025-12-28;14;1616
11;2025-12-28;15;1642
11;2025-12-28;16;1626
11;2025-12-28;17;1675
11;2025-12-28;18;1424
11;2025-12-28;19;1243
11;2025-12-28;20;1019
11;2025-12-28;21;693
11;2025-12-28;22;410
11;2025-12-28;23;256
11;2025-12-29;0;74
11;2025-12-29;1;10
11;2025-12-29;2;1
11;2025-12-29;3;1
11;2025-12-29;4;2
11;2025-12-29;5;266
11;2025-12-29;6;1275
11;2025-12-29;7;2214
11;2025-12-29;8;2982
11;2025-12-29;9;2272
11;2025-12-29;10;1787
11;2025-12-29;11;1763
11;2025-12-29;12;1797
11;2025-12-29;13;1865
11;2025-12-29;14;1841
11;2025-12-29;15;1975
11;2025-12-29;16;2165
11;2025-12-29;17;2701
11;2025-12-29;18;3022
11;2025-12-29;19;2234
11;2025-12-29;20;1489
11;2025-12-29;21;828
11;2025-12-29;22;383
11;2025-12-29;23;218
11;2025-12-30;0;65
11;2025-12-30;1;4
11;2025-12-30;2;2
11;2025-12-30;3;4
11;2025-12-30;4;0
11;2025-12-30;5;244
11;2025-12-30;6;1170
11;2025-12-30;7;2155
11;2025-12-30;8;2910
11;2025-12-30;9;2215
11;2025-12-30;10;1687
11;2025-12-30;11;1651
11;2025-12-30;12;1701
11;2025-12-30;13;1777
11;2025-12-30;14;1748
11;2025-12-30;15;1868
11;2025-12-30;16;2053
11;2025-12-30;17;2599
11;2025-12-30;18;2894
11;2025-12-30;19;2125
11;2025-12-30;20;1391
11;2025-12-30;21;799
11;2025-12-30;22;389
11;2025-12-30;23;226
11;2025-12-31;0;58
11;2025-12-31;1;4
11;2025-12-31;2;1
11;2025-12-31;3;1
11;2025-12-31;4;0
11;2025-12-31;5;129
11;2025-12-31;6;410
11;2025-12-31;7;336
11;2025-12-31;8;488
11;2025-12-31;9;615
11;2025-12-31;10;738
11;2025-12-31;11;1106
11;2025-12-31;12;1253
11;2025-12-31;13;1191
11;2025-12-31;14;1252
11;2025-12-31;15;1282
11;2025-12-31;16;1277
11;2025-12-31;17;1382
11;2025-12-31;18;1391
11;2025-12-31;19;1044
11;2025-12-31;20;668
11;2025-12-31;21;509
11;2025-12-31;22;282
11;2025-12-31;23;152
12;2025-11-01;0;89
12;2025-11-01;1;2
12;2025-11-01;2;2
12;2025-11-01;3;2
12;2025-11-01;4;0
12;2025-11-01;5;286
12;2025-11-01;6;846
12;2025-11-01;7;925
12;2025-11-01;8;1025
12;2025-11-01;9;1133
12;2025-11-01;10;1384
12;2025-11-01;11;1460
12;2025-11-01;12;1451
12;2025-11-01;13;1710
12;2025-11-01;14;1580
12;2025-11-01;15;1463
12;2025-11-01;16;1548
12;2025-11-01;17;1543
12;2025-11-01;18;1431
12;2025-11-01;19;1277
12;2025-11-01;20;944
12;2025-11-01;21;692
12;2025-11-01;22;443
12;2025-11-01;23;264
12;2025-11-02;0;76
12;2025-11-02;1;7
12;2025-11-02;2;2
12;2025-11-02;3;2
12;2025-11-02;4;0
12;2025-11-02;5;189
12;2025-11-02;6;596
12;2025-11-02;7;691
12;2025-11-02;8;757
12;2025-11-02;9;969
12;2025-11-02;10;1192
12;2025-11-02;11;1322
12;2025-11-02;12;1325
12;2025-11-02;13;1546
12;2025-11-02;14;1452
12;2025-11-02;15;1350
12;2025-11-02;16;1437
12;2025-11-02;17;1437
12;2025-11-02;18;1309
12;2025-11-02;19;1101
12;2025-11-02;20;787
12;2025-11-02;21;606
12;2025-11-02;22;388
12;2025-11-02;23;217
12;2025-11-03;0;59
12;2025-11-03;1;8
12;2025-11-03;2;0
12;2025-11-03;3;0
12;2025-11-03;4;0
12;2025-11-03;5;258
12;2025-11-03;6;713
12;2025-11-03;7;713
12;2025-11-03;8;873
12;2025-11-03;9;929
12;2025-11-03;10;1206
12;2025-11-03;11;1274
12;2025-11-03;12;1298
12;2025-11-03;13;1501
12;2025-11-03;14;1384
12;2025-11-03;15;1353
12;2025-11-03;16;1488
12;2025-11-03;17;1542
12;2025-11-03;18;1466
12;2025-11-03;19;1197
12;2025-11-03;20;756
12;2025-11-03;21;658
12;2025-11-03;22;391
12;2025-11-03;23;194
12;2025-11-04;0;51
12;2025-11-04;1;3
12;2025-11-04;2;1
12;2025-11-04;3;1
12;2025-11-04;4;0
12;2025-11-04;5;249
12;2025-11-04;6;680
12;2025-11-04;7;673
12;2025-11-04;8;831
12;2025-11-04;9;918
12;2025-11-04;10;1199
12;2025-11-04;11;1277
12;2025-11-04;12;1287
12;2025-11-04;13;1490
12;2025-11-04;14;1386
12;2025-11-04;15;1322
12;2025-11-04;16;1433
12;2025-11-04;17;1609
12;2025-11-04;18;1388
12;2025-11-04;19;1163
12;2025-11-04;20;747
12;2025-11-04;21;686
12;2025-11-04;22;380
12;2025-11-04;23;182
12;2025-11-05;0;45
12;2025-11-05;1;0
12;2025-11-05;2;0
12;2025-11-05;3;0
12;2025-11-05;4;4
12;2025-11-05;5;368
12;2025-11-05;6;1459
12;2025-11-05;7;2709
12;2025-11-05;8;3544
12;2025-11-05;9;2561
12;2025-11-05;10;2120
12;2025-11-05;11;2042
12;2025-11-05;12;2051
12;2025-11-05;13;2018
12;2025-11-05;14;1987
12;2025-11-05;15;2289
12;2025-11-05;16;2730
12;2025-11-05;17;2988
12;2025-11-05;18;3175
12;2025-11-05;19;2549
12;2025-11-05;20;1599
12;2025-11-05;21;998
12;2025-11-05;22;513
12;2025-11-05;23;262
12;2025-11-06;0;47
12;2025-11-06;1;0
12;2025-11-06;2;1
12;2025-11-06;3;1
12;2025-11-06;4;6
12;2025-11-06;5;357
12;2025-11-06;6;1448
12;2025-11-06;7;2730
12;2025-11-06;8;3502
12;2025-11-06;9;2508
12;2025-11-06;10;2114
12;2025-11-06;11;2051
12;2025-11-06;12;2057
12;2025-11-06;13;2010
12;2025-11-06;14;1982
12;2025-11-06;15;2284
12;2025-11-06;16;2773
12;2025-11-06;17;3082
12;2025-11-06;18;3205
12;2025-11-06;19;2553
12;2025-11-06;20;1602
12;2025-11-06;21;995
12;2025-11-06;22;517
12;2025-11-06;23;264
12;2025-11-07;0;53
12;2025-11-07;1;0
12;2025-11-07;2;0
12;2025-11-07;3;0
12;2025-11-07;4;5
12;2025-11-07;5;355
12;2025-11-07;6;1440
12;2025-11-07;7;2699
12;2025-11-07;8;3453
12;2025-11-07;9;2427
12;2025-11-07;10;2067
12;2025-11-07;11;2022
12;2025-11-07;12;2038
12;2025-11-07;13;2021
12;2025-11-07;14;1992
12;2025-11-07;15;2330
12;2025-11-07;16;2878
12;2025-11-07;17;3032
12;2025-11-07;18;2774
12;2025-11-07;19;2363
12;2025-11-07;20;1523
12;2025-11-07;21;979
12;2025-11-07;22;539
12;2025-11-07;23;280
12;2025-11-08;0;86
12;2025-11-08;1;0
12;2025-11-08;2;0
12;2025-11-08;3;0
12;2025-11-08;4;0
12;2025-11-08;5;283
12;2025-11-08;6;840
12;2025-11-08;7;908
12;2025-11-08;8;1003
12;2025-11-08;9;1116
12;2025-11-08;10;1355
12;2025-11-08;11;1432
12;2025-11-08;12;1427
12;2025-11-08;13;1682
12;2025-11-08;14;1556
12;2025-11-08;15;1445
12;2025-11-08;16;1531
12;2025-11-08;17;1526
12;2025-11-08;18;1423
12;2025-11-08;19;1298
12;2025-11-08;20;944
12;2025-11-08;21;685
12;2025-11-08;22;429
12;2025-11-08;23;252
12;2025-11-09;0;62
12;2025-11-09;1;0
12;2025-11-09;2;0
12;2025-11-09;3;0
12;2025-11-09;4;0
12;2025-11-09;5;174
12;2025-11-09;6;581
12;2025-11-09;7;677
12;2025-11-09;8;739
12;2025-11-09;9;947
12;2025-11-09;10;1149
12;2025-11-09;11;1279
12;2025-11-09;12;1289
12;2025-11-09;13;1517
12;2025-11-09;14;1417
12;2025-11-09;15;1326
12;2025-11-09;16;1417
12;2025-11-09;17;1417
12;2025-11-09;18;1297
12;2025-11-09;19;1094
12;2025-11-09;20;776
12;2025-11-09;21;587
12;2025-11-09;22;371
12;2025-11-09;23;203
12;2025-11-10;0;40
12;2025-11-10;1;0
12;2025-11-10;2;0
12;2025-11-10;3;0
12;2025-11-10;4;0
12;2025-11-10;5;350
12;2025-11-10;6;1399
12;2025-11-10;7;2612
12;2025-11-10;8;3404
12;2025-11-10;9;2434
12;2025-11-10;10;2048
12;2025-11-10;11;1955
12;2025-11-10;12;1996
12;2025-11-10;13;1964
12;2025-11-10;14;1904
12;2025-11-10;15;2216
12;2025-11-10;16;2687
12;2025-11-10;17;2925
12;2025-11-10;18;3134
12;2025-11-10;19;2494
12;2025-11-10;20;1568
12;2025-11-10;21;943
12;2025-11-10;22;505
12;2025-11-10;23;225
12;2025-11-11;0;34
12;2025-11-11;1;0
12;2025-11-11;2;0
12;2025-11-11;3;0
12;2025-11-11;4;0
12;2025-11-11;5;379
12;2025-11-11;6;1462
12;2025-11-11;7;2664
12;2025-11-11;8;3493
12;2025-11-11;9;2509
12;2025-11-11;10;2111
12;2025-11-11;11;2031
12;2025-11-11;12;2051
12;2025-11-11;13;2023
12;2025-11-11;14;1977
12;2025-11-11;15;2262
12;2025-11-11;16;2724
12;2025-11-11;17;3077
12;2025-11-11;18;3170
12;2025-11-11;19;2531
12;2025-11-11;20;1595
12;2025-11-11;21;1004
12;2025-11-11;22;524
12;2025-11-11;23;241
12;2025-11-12;0;41
12;2025-11-12;1;0
12;2025-11-12;2;0
12;2025-11-12;3;0
12;2025-11-12;4;0
12;2025-11-12;5;373
12;2025-11-12;6;1472
12;2025-11-12;7;2707
12;2025-11-12;8;3534
12;2025-11-12;9;2567
12;2025-11-12;10;2124
12;2025-11-12;11;2046
12;2025-11-12;12;2055
12;2025-11-12;13;2022
12;2025-11-12;14;1991
12;2025-11-12;15;2295
12;2025-11-12;16;2735
12;2025-11-12;17;2993
12;2025-11-12;18;3187
12;2025-11-12;19;2568
12;2025-11-12;20;1623
12;2025-11-12;21;1018
12;2025-11-12;22;533
12;2025-11-12;23;265
12;2025-11-13;0;45
12;2025-11-13;1;0
12;2025-11-13;2;0
12;2025-11-13;3;0
12;2025-11-13;4;0
12;2025-11-13;5;368
12;2025-11-13;6;1476
12;2025-11-13;7;2752
12;2025-11-13;8;3524
12;2025-11-13;9;2535
12;2025-11-13;10;2141
12;2025-11-13;11;2079
12;2025-11-13;12;2085
12;2025-11-13;13;2038
12;2025-11-13;14;2008
12;2025-11-13;15;2309
12;2025-11-13;16;2795
12;2025-11-13;17;3100
12;2025-11-13;18;3229
12;2025-11-13;19;2581
12;2025-11-13;20;1631
12;2025-11-13;21;1023
12;2025-11-13;22;540
12;2025-11-13;23;269
12;2025-11-14;0;51
12;2025-11-14;1;0
12;2025-11-14;2;0
12;2025-11-14;3;0
12;2025-11-14;4;0
12;2025-11-14;5;366
12;2025-11-14;6;1463
12;2025-11-14;7;2710
12;2025-11-14;8;3471
12;2025-11-14;9;2451
12;2025-11-14;10;2087
12;2025-11-14;11;2044
12;2025-11-14;12;2063
12;2025-11-14;13;2043
12;2025-11-14;14;2016
12;2025-11-14;15;2355
12;2025-11-14;16;2894
12;2025-11-14;17;3048
12;2025-11-14;18;2798
12;2025-11-14;19;2389
12;2025-11-14;20;1546
12;2025-11-14;21;1003
12;2025-11-14;22;560
12;2025-11-14;23;283
12;2025-11-15;0;87
12;2025-11-15;1;0
12;2025-11-15;2;0
12;2025-11-15;3;0
12;2025-11-15;4;0
12;2025-11-15;5;285
12;2025-11-15;6;867
12;2025-11-15;7;929
12;2025-11-15;8;1025
12;2025-11-15;9;1152
12;2025-11-15;10;1395
12;2025-11-15;11;1470
12;2025-11-15;12;1460
12;2025-11-15;13;1720
12;2025-11-15;14;1590
12;2025-11-15;15;1478
12;2025-11-15;16;1562
12;2025-11-15;17;1557
12;2025-11-15;18;1456
12;2025-11-15;19;1331
12;2025-11-15;20;982
12;2025-11-15;21;712
12;2025-11-15;22;463
12;2025-11-15;23;269
12;2025-11-16;0;73
12;2025-11-16;1;0
12;2025-11-16;2;0
12;2025-11-16;3;0
12;2025-11-16;4;0
12;2025-11-16;5;184
12;2025-11-16;6;608
12;2025-11-16;7;698
12;2025-11-16;8;763
12;2025-11-16;9;978
12;2025-11-16;10;1179
12;2025-11-16;11;1311
12;2025-11-16;12;1321
12;2025-11-16;13;1547
12;2025-11-16;14;1449
12;2025-11-16;15;1358
12;2025-11-16;16;1446
12;2025-11-16;17;1446
12;2025-11-16;18;1327
12;2025-11-16;19;1128
12;2025-11-16;20;809
12;2025-11-16;21;619
12;2025-11-16;22;403
12;2025-11-16;23;217
12;2025-11-17;0;51
12;2025-11-17;1;0
12;2025-11-17;2;0
12;2025-11-17;3;0
12;2025-11-17;4;0
12;2025-11-17;5;370
12;2025-11-17;6;1432
12;2025-11-17;7;2639
12;2025-11-17;8;3432
12;2025-11-17;9;2465
12;2025-11-17;10;2078
12;2025-11-17;11;1985
12;2025-11-17;12;2029
12;2025-11-17;13;1998
12;2025-11-17;14;1938
12;2025-11-17;15;2246
12;2025-11-17;16;2696
12;2025-11-17;17;2934
12;2025-11-17;18;3142
12;2025-11-17;19;2508
12;2025-11-17;20;1579
12;2025-11-17;21;955
12;2025-11-17;22;516
12;2025-11-17;23;237
12;2025-11-18;0;39
12;2025-11-18;1;0
12;2025-11-18;2;0
12;2025-11-18;3;0
12;2025-11-18;4;0
12;2025-11-18;5;385
12;2025-11-18;6;1469
12;2025-11-18;7;2660
12;2025-11-18;8;3486
12;2025-11-18;9;2512
12;2025-11-18;10;2117
12;2025-11-18;11;2033
12;2025-11-18;12;2056
12;2025-11-18;13;2031
12;2025-11-18;14;1983
12;2025-11-18;15;2265
12;2025-11-18;16;2724
12;2025-11-18;17;3077
12;2025-11-18;18;3170
12;2025-11-18;19;2534
12;2025-11-18;20;1604
12;2025-11-18;21;1011
12;2025-11-18;22;530
12;2025-11-18;23;247
12;2025-11-19;0;43
12;2025-11-19;1;0
12;2025-11-19;2;0
12;2025-11-19;3;0
12;2025-11-19;4;0
12;2025-11-19;5;373
12;2025-11-19;6;1471
12;2025-11-19;7;2697
12;2025-11-19;8;3521
12;2025-11-19;9;2565
12;2025-11-19;10;2123
12;2025-11-19;11;2043
12;2025-11-19;12;2052
12;2025-11-19;13;2019
12;2025-11-19;14;1988
12;2025-11-19;15;2292
12;2025-11-19;16;2729
12;2025-11-19;17;2987
12;2025-11-19;18;3180
12;2025-11-19;19;2564
12;2025-11-19;20;1623
12;2025-11-19;21;1020
12;2025-11-19;22;534
12;2025-11-19;23;268
12;2025-11-20;0;47
12;2025-11-20;1;0
12;2025-11-20;2;0
12;2025-11-20;3;0
12;2025-11-20;4;0
12;2025-11-20;5;368
12;2025-11-20;6;1474
12;2025-11-20;7;2745
12;2025-11-20;8;3518
12;2025-11-20;9;2536
12;2025-11-20;10;2141
12;2025-11-20;11;2080
12;2025-11-20;12;2086
12;2025-11-20;13;2039
12;2025-11-20;14;2010
12;2025-11-20;15;2312
12;2025-11-20;16;2798
12;2025-11-20;17;3102
12;2025-11-20;18;3232
12;2025-11-20;19;2585
12;2025-11-20;20;1635
12;2025-11-20;21;1026
12;2025-11-20;22;544
12;2025-11-20;23;273
12;2025-11-21;0;54
12;2025-11-21;1;0
12;2025-11-21;2;0
12;2025-11-21;3;0
12;2025-11-21;4;0
12;2025-11-21;5;370
12;2025-11-21;6;1467
12;2025-11-21;7;2712
12;2025-11-21;8;3466
12;2025-11-21;9;2452
12;2025-11-21;10;2088
12;2025-11-21;11;2045
12;2025-11-21;12;2064
12;2025-11-21;13;2045
12;2025-11-21;14;2018
12;2025-11-21;15;2357
12;2025-11-21;16;2896
12;2025-11-21;17;3049
12;2025-11-21;18;2800
12;2025-11-21;19;2393
12;2025-11-21;20;1550
12;2025-11-21;21;1007
12;2025-11-21;22;565
12;2025-11-21;23;288
12;2025-11-22;0;91
12;2025-11-22;1;0
12;2025-11-22;2;0
12;2025-11-22;3;0
12;2025-11-22;4;0
12;2025-11-22;5;287
12;2025-11-22;6;867
12;2025-11-22;7;927
12;2025-11-22;8;1013
12;2025-11-22;9;1150
12;2025-11-22;10;1390
12;2025-11-22;11;1465
12;2025-11-22;12;1458
12;2025-11-22;13;1689
12;2025-11-22;14;1563
12;2025-11-22;15;1451
12;2025-11-22;16;1536
12;2025-11-22;17;1531
12;2025-11-22;18;1430
12;2025-11-22;19;1306
12;2025-11-22;20;958
12;2025-11-22;21;693
12;2025-11-22;22;448
12;2025-11-22;23;265
12;2025-11-23;0;71
12;2025-11-23;1;0
12;2025-11-23;2;0
12;2025-11-23;3;0
12;2025-11-23;4;0
12;2025-11-23;5;182
12;2025-11-23;6;594
12;2025-11-23;7;683
12;2025-11-23;8;742
12;2025-11-23;9;962
12;2025-11-23;10;1165
12;2025-11-23;11;1295
12;2025-11-23;12;1305
12;2025-11-23;13;1531
12;2025-11-23;14;1433
12;2025-11-23;15;1342
12;2025-11-23;16;1429
12;2025-11-23;17;1429
12;2025-11-23;18;1310
12;2025-11-23;19;1111
12;2025-11-23;20;794
12;2025-11-23;21;607
12;2025-11-23;22;391
12;2025-11-23;23;215
12;2025-11-24;0;48
12;2025-11-24;1;0
12;2025-11-24;2;0
12;2025-11-24;3;0
12;2025-11-24;4;0
12;2025-11-24;5;362
12;2025-11-24;6;1410
12;2025-11-24;7;2611
12;2025-11-24;8;3395
12;2025-11-24;9;2447
12;2025-11-24;10;2063
12;2025-11-24;11;1970
12;2025-11-24;12;2011
12;2025-11-24;13;1979
12;2025-11-24;14;1919
12;2025-11-24;15;2228
12;2025-11-24;16;2675
12;2025-11-24;17;2913
12;2025-11-24;18;3111
12;2025-11-24;19;2487
12;2025-11-24;20;1564
12;2025-11-24;21;945
12;2025-11-24;22;508
12;2025-11-24;23;240
12;2025-11-25;0;43
12;2025-11-25;1;0
12;2025-11-25;2;0
12;2025-11-25;3;0
12;2025-11-25;4;3
12;2025-11-25;5;384
12;2025-11-25;6;1456
12;2025-11-25;7;2641
12;2025-11-25;8;3455
12;2025-11-25;9;2496
12;2025-11-25;10;2101
12;2025-11-25;11;2019
12;2025-11-25;12;2041
12;2025-11-25;13;2016
12;2025-11-25;14;1969
12;2025-11-25;15;2251
12;2025-11-25;16;2707
12;2025-11-25;17;3058
12;2025-11-25;18;3143
12;2025-11-25;19;2517
12;2025-11-25;20;1593
12;2025-11-25;21;1003
12;2025-11-25;22;526
12;2025-11-25;23;254
12;2025-11-26;0;48
12;2025-11-26;1;0
12;2025-11-26;2;0
12;2025-11-26;3;0
12;2025-11-26;4;3
12;2025-11-26;5;373
12;2025-11-26;6;1453
12;2025-11-26;7;2675
12;2025-11-26;8;3489
12;2025-11-26;9;2542
12;2025-11-26;10;2105
12;2025-11-26;11;2025
12;2025-11-26;12;2034
12;2025-11-26;13;2001
12;2025-11-26;14;1970
12;2025-11-26;15;2270
12;2025-11-26;16;2707
12;2025-11-26;17;2965
12;2025-11-26;18;3148
12;2025-11-26;19;2534
12;2025-11-26;20;1600
12;2025-11-26;21;1004
12;2025-11-26;22;520
12;2025-11-26;23;266
12;2025-11-27;0;48
12;2025-11-27;1;0
12;2025-11-27;2;0
12;2025-11-27;3;0
12;2025-11-27;4;5
12;2025-11-27;5;364
12;2025-11-27;6;1454
12;2025-11-27;7;2718
12;2025-11-27;8;3485
12;2025-11-27;9;2511
12;2025-11-27;10;2118
12;2025-11-27;11;2056
12;2025-11-27;12;2063
12;2025-11-27;13;2018
12;2025-11-27;14;1987
12;2025-11-27;15;2287
12;2025-11-27;16;2773
12;2025-11-27;17;3075
12;2025-11-27;18;3198
12;2025-11-27;19;2558
12;2025-11-27;20;1615
12;2025-11-27;21;1013
12;2025-11-27;22;532
12;2025-11-27;23;273
12;2025-11-28;0;55
12;2025-11-28;1;0
12;2025-11-28;2;0
12;2025-11-28;3;0
12;2025-11-28;4;6
12;2025-11-28;5;365
12;2025-11-28;6;1449
12;2025-11-28;7;2689
12;2025-11-28;8;3437
12;2025-11-28;9;2432
12;2025-11-28;10;2073
12;2025-11-28;11;2027
12;2025-11-28;12;2043
12;2025-11-28;13;2026
12;2025-11-28;14;1996
12;2025-11-28;15;2333
12;2025-11-28;16;2870
12;2025-11-28;17;3024
12;2025-11-28;18;2775
12;2025-11-28;19;2369
12;2025-11-28;20;1535
12;2025-11-28;21;995
12;2025-11-28;22;554
12;2025-11-28;23;288
12;2025-11-29;0;88
12;2025-11-29;1;0
12;2025-11-29;2;0
12;2025-11-29;3;0
12;2025-11-29;4;0
12;2025-11-29;5;286
12;2025-11-29;6;851
12;2025-11-29;7;899
12;2025-11-29;8;986
12;2025-11-29;9;1134
12;2025-11-29;10;1374
12;2025-11-29;11;1449
12;2025-11-29;12;1441
12;2025-11-29;13;1697
12;2025-11-29;14;1571
12;2025-11-29;15;1459
12;2025-11-29;16;1529
12;2025-11-29;17;1523
12;2025-11-29;18;1423
12;2025-11-29;19;1299
12;2025-11-29;20;963
12;2025-11-29;21;697
12;2025-11-29;22;452
12;2025-11-29;23;269
12;2025-11-30;0;76
12;2025-11-30;1;3
12;2025-11-30;2;0
12;2025-11-30;3;0
12;2025-11-30;4;0
12;2025-11-30;5;187
12;2025-11-30;6;599
12;2025-11-30;7;680
12;2025-11-30;8;738
12;2025-11-30;9;972
12;2025-11-30;10;1175
12;2025-11-30;11;1304
12;2025-11-30;12;1315
12;2025-11-30;13;1540
12;2025-11-30;14;1442
12;2025-11-30;15;1351
12;2025-11-30;16;1426
12;2025-11-30;17;1425
12;2025-11-30;18;1307
12;2025-11-30;19;1108
12;2025-11-30;20;801
12;2025-11-30;21;614
12;2025-11-30;22;398
12;2025-11-30;23;222
12;2025-12-01;0;53
12;2025-12-01;1;0
12;2025-12-01;2;0
12;2025-12-01;3;0
12;2025-12-01;4;2
12;2025-12-01;5;369
12;2025-12-01;6;1424
12;2025-12-01;7;2600
12;2025-12-01;8;3377
12;2025-12-01;9;2426
12;2025-12-01;10;2050
12;2025-12-01;11;1957
12;2025-12-01;12;1994
12;2025-12-01;13;1959
12;2025-12-01;14;1903
12;2025-12-01;15;2209
12;2025-12-01;16;2657
12;2025-12-01;17;2896
12;2025-12-01;18;3097
12;2025-12-01;19;2473
12;2025-12-01;20;1570
12;2025-12-01;21;948
12;2025-12-01;22;509
12;2025-12-01;23;241
12;2025-12-02;0;43
12;2025-12-02;1;0
12;2025-12-02;2;0
12;2025-12-02;3;0
12;2025-12-02;4;2
12;2025-12-02;5;381
12;2025-12-02;6;1453
12;2025-12-02;7;2599
12;2025-12-02;8;3413
12;2025-12-02;9;2454
12;2025-12-02;10;2078
12;2025-12-02;11;1995
12;2025-12-02;12;2011
12;2025-12-02;13;1973
12;2025-12-02;14;1939
12;2025-12-02;15;2208
12;2025-12-02;16;2664
12;2025-12-02;17;3015
12;2025-12-02;18;3103
12;2025-12-02;19;2478
12;2025-12-02;20;1592
12;2025-12-02;21;1003
12;2025-12-02;22;522
12;2025-12-02;23;254
12;2025-12-03;0;51
12;2025-12-03;1;0
12;2025-12-03;2;0
12;2025-12-03;3;0
12;2025-12-03;4;4
12;2025-12-03;5;371
12;2025-12-03;6;1450
12;2025-12-03;7;2681
12;2025-12-03;8;3495
12;2025-12-03;9;2548
12;2025-12-03;10;2111
12;2025-12-03;11;2032
12;2025-12-03;12;2042
12;2025-12-03;13;2009
12;2025-12-03;14;1978
12;2025-12-03;15;2278
12;2025-12-03;16;2714
12;2025-12-03;17;2972
12;2025-12-03;18;3156
12;2025-12-03;19;2540
12;2025-12-03;20;1603
12;2025-12-03;21;1008
12;2025-12-03;22;518
12;2025-12-03;23;270
12;2025-12-04;0;54
12;2025-12-04;1;0
12;2025-12-04;2;0
12;2025-12-04;3;0
12;2025-12-04;4;6
12;2025-12-04;5;364
12;2025-12-04;6;1458
12;2025-12-04;7;2721
12;2025-12-04;8;3488
12;2025-12-04;9;2514
12;2025-12-04;10;2121
12;2025-12-04;11;2059
12;2025-12-04;12;2065
12;2025-12-04;13;2020
12;2025-12-04;14;1990
12;2025-12-04;15;2290
12;2025-12-04;16;2776
12;2025-12-04;17;3078
12;2025-12-04;18;3201
12;2025-12-04;19;2559
12;2025-12-04;20;1617
12;2025-12-04;21;1015
12;2025-12-04;22;529
12;2025-12-04;23;276
12;2025-12-05;0;61
12;2025-12-05;1;1
12;2025-12-05;2;0
12;2025-12-05;3;0
12;2025-12-05;4;7
12;2025-12-05;5;367
12;2025-12-05;6;1455
12;2025-12-05;7;2697
12;2025-12-05;8;3446
12;2025-12-05;9;2440
12;2025-12-05;10;2081
12;2025-12-05;11;2034
12;2025-12-05;12;2050
12;2025-12-05;13;2033
12;2025-12-05;14;2004
12;2025-12-05;15;2341
12;2025-12-05;16;2877
12;2025-12-05;17;3032
12;2025-12-05;18;2781
12;2025-12-05;19;2373
12;2025-12-05;20;1539
12;2025-12-05;21;999
12;2025-12-05;22;552
12;2025-12-05;23;292
12;2025-12-06;0;94
12;2025-12-06;1;0
12;2025-12-06;2;0
12;2025-12-06;3;0
12;2025-12-06;4;0
12;2025-12-06;5;290
12;2025-12-06;6;850
12;2025-12-06;7;897
12;2025-12-06;8;984
12;2025-12-06;9;1139
12;2025-12-06;10;1377
12;2025-12-06;11;1451
12;2025-12-06;12;1449
12;2025-12-06;13;1704
12;2025-12-06;14;1578
12;2025-12-06;15;1466
12;2025-12-06;16;1538
12;2025-12-06;17;1533
12;2025-12-06;18;1431
12;2025-12-06;19;1306
12;2025-12-06;20;972
12;2025-12-06;21;700
12;2025-12-06;22;454
12;2025-12-06;23;274
12;2025-12-07;0;82
12;2025-12-07;1;4
12;2025-12-07;2;0
12;2025-12-07;3;0
12;2025-12-07;4;0
12;2025-12-07;5;193
12;2025-12-07;6;605
12;2025-12-07;7;681
12;2025-12-07;8;735
12;2025-12-07;9;976
12;2025-12-07;10;1179
12;2025-12-07;11;1308
12;2025-12-07;12;1319
12;2025-12-07;13;1544
12;2025-12-07;14;1446
12;2025-12-07;15;1354
12;2025-12-07;16;1432
12;2025-12-07;17;1431
12;2025-12-07;18;1312
12;2025-12-07;19;1113
12;2025-12-07;20;805
12;2025-12-07;21;617
12;2025-12-07;22;400
12;2025-12-07;23;229
12;2025-12-08;0;63
12;2025-12-08;1;2
12;2025-12-08;2;0
12;2025-12-08;3;0
12;2025-12-08;4;5
12;2025-12-08;5;374
12;2025-12-08;6;1428
12;2025-12-08;7;2628
12;2025-12-08;8;3405
12;2025-12-08;9;2457
12;2025-12-08;10;2074
12;2025-12-08;11;1981
12;2025-12-08;12;2021
12;2025-12-08;13;1989
12;2025-12-08;14;1929
12;2025-12-08;15;2238
12;2025-12-08;16;2685
12;2025-12-08;17;2924
12;2025-12-08;18;3121
12;2025-12-08;19;2496
12;2025-12-08;20;1572
12;2025-12-08;21;953
12;2025-12-08;22;514
12;2025-12-08;23;250
12;2025-12-09;0;53
12;2025-12-09;1;0
12;2025-12-09;2;0
12;2025-12-09;3;0
12;2025-12-09;4;5
12;2025-12-09;5;390
12;2025-12-09;6;1468
12;2025-12-09;7;2653
12;2025-12-09;8;3466
12;2025-12-09;9;2507
12;2025-12-09;10;2112
12;2025-12-09;11;2030
12;2025-12-09;12;2052
12;2025-12-09;13;2027
12;2025-12-09;14;1980
12;2025-12-09;15;2262
12;2025-12-09;16;2718
12;2025-12-09;17;3070
12;2025-12-09;18;3153
12;2025-12-09;19;2528
12;2025-12-09;20;1600
12;2025-12-09;21;1010
12;2025-12-09;22;530
12;2025-12-09;23;264
12;2025-12-10;0;59
12;2025-12-10;1;0
12;2025-12-10;2;0
12;2025-12-10;3;0
12;2025-12-10;4;7
12;2025-12-10;5;382
12;2025-12-10;6;1468
12;2025-12-10;7;2691
12;2025-12-10;8;3501
12;2025-12-10;9;2554
12;2025-12-10;10;2118
12;2025-12-10;11;2039
12;2025-12-10;12;2049
12;2025-12-10;13;2016
12;2025-12-10;14;1985
12;2025-12-10;15;2285
12;2025-12-10;16;2721
12;2025-12-10;17;2979
12;2025-12-10;18;3161
12;2025-12-10;19;2547
12;2025-12-10;20;1605
12;2025-12-10;21;1009
12;2025-12-10;22;524
12;2025-12-10;23;275
12;2025-12-11;0;60
12;2025-12-11;1;2
12;2025-12-11;2;0
12;2025-12-11;3;0
12;2025-12-11;4;9
12;2025-12-11;5;371
12;2025-12-11;6;1465
12;2025-12-11;7;2728
12;2025-12-11;8;3493
12;2025-12-11;9;2519
12;2025-12-11;10;2127
12;2025-12-11;11;2065
12;2025-12-11;12;2071
12;2025-12-11;13;2028
12;2025-12-11;14;1996
12;2025-12-11;15;2298
12;2025-12-11;16;2784
12;2025-12-11;17;3085
12;2025-12-11;18;3208
12;2025-12-11;19;2565
12;2025-12-11;20;1617
12;2025-12-11;21;1014
12;2025-12-11;22;535
12;2025-12-11;23;283
12;2025-12-12;0;67
12;2025-12-12;1;4
12;2025-12-12;2;0
12;2025-12-12;3;0
12;2025-12-12;4;11
12;2025-12-12;5;373
12;2025-12-12;6;1461
12;2025-12-12;7;2701
12;2025-12-12;8;3449
12;2025-12-12;9;2443
12;2025-12-12;10;2084
12;2025-12-12;11;2037
12;2025-12-12;12;2053
12;2025-12-12;13;2039
12;2025-12-12;14;2007
12;2025-12-12;15;2346
12;2025-12-12;16;2883
12;2025-12-12;17;3036
12;2025-12-12;18;2785
12;2025-12-12;19;2377
12;2025-12-12;20;1539
12;2025-12-12;21;998
12;2025-12-12;22;559
12;2025-12-12;23;298
12;2025-12-13;0;101
12;2025-12-13;1;3
12;2025-12-13;2;1
12;2025-12-13;3;1
12;2025-12-13;4;1
12;2025-12-13;5;297
12;2025-12-13;6;855
12;2025-12-13;7;896
12;2025-12-13;8;981
12;2025-12-13;9;1139
12;2025-12-13;10;1378
12;2025-12-13;11;1452
12;2025-12-13;12;1449
12;2025-12-13;13;1710
12;2025-12-13;14;1582
12;2025-12-13;15;1472
12;2025-12-13;16;1544
12;2025-12-13;17;1538
12;2025-12-13;18;1437
12;2025-12-13;19;1312
12;2025-12-13;20;970
12;2025-12-13;21;703
12;2025-12-13;22;458
12;2025-12-13;23;280
12;2025-12-14;0;87
12;2025-12-14;1;7
12;2025-12-14;2;0
12;2025-12-14;3;0
12;2025-12-14;4;1
12;2025-12-14;5;201
12;2025-12-14;6;608
12;2025-12-14;7;686
12;2025-12-14;8;744
12;2025-12-14;9;985
12;2025-12-14;10;1189
12;2025-12-14;11;1318
12;2025-12-14;12;1328
12;2025-12-14;13;1560
12;2025-12-14;14;1456
12;2025-12-14;15;1370
12;2025-12-14;16;1445
12;2025-12-14;17;1444
12;2025-12-14;18;1324
12;2025-12-14;19;1122
12;2025-12-14;20;811
12;2025-12-14;21;623
12;2025-12-14;22;404
12;2025-12-14;23;233
12;2025-12-15;0;68
12;2025-12-15;1;5
12;2025-12-15;2;0
12;2025-12-15;3;0
12;2025-12-15;4;8
12;2025-12-15;5;379
12;2025-12-15;6;1437
12;2025-12-15;7;2640
12;2025-12-15;8;3415
12;2025-12-15;9;2467
12;2025-12-15;10;2083
12;2025-12-15;11;1990
12;2025-12-15;12;2030
12;2025-12-15;13;2003
12;2025-12-15;14;1939
12;2025-12-15;15;2253
12;2025-12-15;16;2700
12;2025-12-15;17;2934
12;2025-12-15;18;3129
12;2025-12-15;19;2502
12;2025-12-15;20;1576
12;2025-12-15;21;955
12;2025-12-15;22;518
12;2025-12-15;23;254
12;2025-12-16;0;58
12;2025-12-16;1;2
12;2025-12-16;2;0
12;2025-12-16;3;0
12;2025-12-16;4;8
12;2025-12-16;5;394
12;2025-12-16;6;1472
12;2025-12-16;7;2658
12;2025-12-16;8;3471
12;2025-12-16;9;2512
12;2025-12-16;10;2117
12;2025-12-16;11;2034
12;2025-12-16;12;2057
12;2025-12-16;13;2034
12;2025-12-16;14;1984
12;2025-12-16;15;2269
12;2025-12-16;16;2725
12;2025-12-16;17;3076
12;2025-12-16;18;3159
12;2025-12-16;19;2532
12;2025-12-16;20;1602
12;2025-12-16;21;1011
12;2025-12-16;22;533
12;2025-12-16;23;267
12;2025-12-17;0;63
12;2025-12-17;1;2
12;2025-12-17;2;0
12;2025-12-17;3;0
12;2025-12-17;4;9
12;2025-12-17;5;383
12;2025-12-17;6;1470
12;2025-12-17;7;2693
12;2025-12-17;8;3503
12;2025-12-17;9;2557
12;2025-12-17;10;2119
12;2025-12-17;11;2038
12;2025-12-17;12;2048
12;2025-12-17;13;2017
12;2025-12-17;14;1982
12;2025-12-17;15;2284
12;2025-12-17;16;2721
12;2025-12-17;17;2980
12;2025-12-17;18;3163
12;2025-12-17;19;2546
12;2025-12-17;20;1606
12;2025-12-17;21;1008
12;2025-12-17;22;526
12;2025-12-17;23;278
12;2025-12-18;0;61
12;2025-12-18;1;3
12;2025-12-18;2;0
12;2025-12-18;3;0
12;2025-12-18;4;9
12;2025-12-18;5;371
12;2025-12-18;6;1466
12;2025-12-18;7;2731
12;2025-12-18;8;3496
12;2025-12-18;9;2522
12;2025-12-18;10;2129
12;2025-12-18;11;2067
12;2025-12-18;12;2074
12;2025-12-18;13;2032
12;2025-12-18;14;1997
12;2025-12-18;15;2301
12;2025-12-18;16;2787
12;2025-12-18;17;3088
12;2025-12-18;18;3211
12;2025-12-18;19;2567
12;2025-12-18;20;1621
12;2025-12-18;21;1017
12;2025-12-18;22;539
12;2025-12-18;23;285
12;2025-12-19;0;62
12;2025-12-19;1;3
12;2025-12-19;2;0
12;2025-12-19;3;1
12;2025-12-19;4;10
12;2025-12-19;5;361
12;2025-12-19;6;1450
12;2025-12-19;7;2691
12;2025-12-19;8;3433
12;2025-12-19;9;2433
12;2025-12-19;10;2074
12;2025-12-19;11;2027
12;2025-12-19;12;2043
12;2025-12-19;13;2030
12;2025-12-19;14;1997
12;2025-12-19;15;2337
12;2025-12-19;16;2874
12;2025-12-19;17;3027
12;2025-12-19;18;2770
12;2025-12-19;19;2367
12;2025-12-19;20;1530
12;2025-12-19;21;988
12;2025-12-19;22;550
12;2025-12-19;23;289
12;2025-12-20;0;96
12;2025-12-20;1;2
12;2025-12-20;2;0
12;2025-12-20;3;0
12;2025-12-20;4;0
12;2025-12-20;5;286
12;2025-12-20;6;845
12;2025-12-20;7;889
12;2025-12-20;8;968
12;2025-12-20;9;1133
12;2025-12-20;10;1375
12;2025-12-20;11;1449
12;2025-12-20;12;1445
12;2025-12-20;13;1708
12;2025-12-20;14;1579
12;2025-12-20;15;1470
12;2025-12-20;16;1542
12;2025-12-20;17;1536
12;2025-12-20;18;1428
12;2025-12-20;19;1309
12;2025-12-20;20;965
12;2025-12-20;21;698
12;2025-12-20;22;454
12;2025-12-20;23;275
12;2025-12-21;0;85
12;2025-12-21;1;7
12;2025-12-21;2;0
12;2025-12-21;3;0
12;2025-12-21;4;0
12;2025-12-21;5;192
12;2025-12-21;6;608
12;2025-12-21;7;686
12;2025-12-21;8;740
12;2025-12-21;9;988
12;2025-12-21;10;1193
12;2025-12-21;11;1323
12;2025-12-21;12;1333
12;2025-12-21;13;1565
12;2025-12-21;14;1460
12;2025-12-21;15;1376
12;2025-12-21;16;1451
12;2025-12-21;17;1450
12;2025-12-21;18;1324
12;2025-12-21;19;1125
12;2025-12-21;20;813
12;2025-12-21;21;626
12;2025-12-21;22;406
12;2025-12-21;23;228
12;2025-12-22;0;63
12;2025-12-22;1;5
12;2025-12-22;2;1
12;2025-12-22;3;1
12;2025-12-22;4;9
12;2025-12-22;5;367
12;2025-12-22;6;1425
12;2025-12-22;7;2627
12;2025-12-22;8;3397
12;2025-12-22;9;2455
12;2025-12-22;10;2071
12;2025-12-22;11;1978
12;2025-12-22;12;2018
12;2025-12-22;13;1992
12;2025-12-22;14;1927
12;2025-12-22;15;2241
12;2025-12-22;16;2688
12;2025-12-22;17;2922
12;2025-12-22;18;3111
12;2025-12-22;19;2489
12;2025-12-22;20;1564
12;2025-12-22;21;945
12;2025-12-22;22;509
12;2025-12-22;23;247
12;2025-12-23;0;53
12;2025-12-23;1;1
12;2025-12-23;2;0
12;2025-12-23;3;0
12;2025-12-23;4;7
12;2025-12-23;5;379
12;2025-12-23;6;1449
12;2025-12-23;7;2636
12;2025-12-23;8;3442
12;2025-12-23;9;2489
12;2025-12-23;10;2094
12;2025-12-23;11;2012
12;2025-12-23;12;2038
12;2025-12-23;13;2016
12;2025-12-23;14;1966
12;2025-12-23;15;2251
12;2025-12-23;16;2706
12;2025-12-23;17;3058
12;2025-12-23;18;3135
12;2025-12-23;19;2513
12;2025-12-23;20;1585
12;2025-12-23;21;995
12;2025-12-23;22;518
12;2025-12-23;23;256
12;2025-12-24;0;57
12;2025-12-24;1;2
12;2025-12-24;2;0
12;2025-12-24;3;0
12;2025-12-24;4;9
12;2025-12-24;5;367
12;2025-12-24;6;1447
12;2025-12-24;7;2675
12;2025-12-24;8;3486
12;2025-12-24;9;2539
12;2025-12-24;10;2096
12;2025-12-24;11;2015
12;2025-12-24;12;2028
12;2025-12-24;13;1997
12;2025-12-24;14;1961
12;2025-12-24;15;2264
12;2025-12-24;16;2706
12;2025-12-24;17;2965
12;2025-12-24;18;3142
12;2025-12-24;19;2531
12;2025-12-24;20;1588
12;2025-12-24;21;992
12;2025-12-24;22;510
12;2025-12-24;23;267
12;2025-12-25;0;57
12;2025-12-25;1;2
12;2025-12-25;2;0
12;2025-12-25;3;0
12;2025-12-25;4;9
12;2025-12-25;5;357
12;2025-12-25;6;1446
12;2025-12-25;7;2718
12;2025-12-25;8;3477
12;2025-12-25;9;2503
12;2025-12-25;10;2104
12;2025-12-25;11;2047
12;2025-12-25;12;2058
12;2025-12-25;13;2015
12;2025-12-25;14;1982
12;2025-12-25;15;2285
12;2025-12-25;16;2777
12;2025-12-25;17;3084
12;2025-12-25;18;3203
12;2025-12-25;19;2560
12;2025-12-25;20;1608
12;2025-12-25;21;1006
12;2025-12-25;22;527
12;2025-12-25;23;278
12;2025-12-26;0;65
12;2025-12-26;1;4
12;2025-12-26;2;0
12;2025-12-26;3;0
12;2025-12-26;4;10
12;2025-12-26;5;359
12;2025-12-26;6;1441
12;2025-12-26;7;2689
12;2025-12-26;8;3432
12;2025-12-26;9;2426
12;2025-12-26;10;2062
12;2025-12-26;11;2020
12;2025-12-26;12;2039
12;2025-12-26;13;2026
12;2025-12-26;14;1994
12;2025-12-26;15;2334
12;2025-12-26;16;2872
12;2025-12-26;17;3028
12;2025-12-26;18;2769
12;2025-12-26;19;2368
12;2025-12-26;20;1527
12;2025-12-26;21;985
12;2025-12-26;22;546
12;2025-12-26;23;289
12;2025-12-27;0;99
12;2025-12-27;1;5
12;2025-12-27;2;0
12;2025-12-27;3;0
12;2025-12-27;4;2
12;2025-12-27;5;282
12;2025-12-27;6;829
12;2025-12-27;7;867
12;2025-12-27;8;942
12;2025-12-27;9;1106
12;2025-12-27;10;1346
12;2025-12-27;11;1420
12;2025-12-27;12;1425
12;2025-12-27;13;1688
12;2025-12-27;14;1560
12;2025-12-27;15;1452
12;2025-12-27;16;1524
12;2025-12-27;17;1521
12;2025-12-27;18;1413
12;2025-12-27;19;1295
12;2025-12-27;20;957
12;2025-12-27;21;691
12;2025-12-27;22;450
12;2025-12-27;23;273
12;2025-12-28;0;88
12;2025-12-28;1;12
12;2025-12-28;2;0
12;2025-12-28;3;0
12;2025-12-28;4;5
12;2025-12-28;5;179
12;2025-12-28;6;588
12;2025-12-28;7;660
12;2025-12-28;8;703
12;2025-12-28;9;949
12;2025-12-28;10;1154
12;2025-12-28;11;1281
12;2025-12-28;12;1295
12;2025-12-28;13;1528
12;2025-12-28;14;1425
12;2025-12-28;15;1342
12;2025-12-28;16;1416
12;2025-12-28;17;1417
12;2025-12-28;18;1294
12;2025-12-28;19;1099
12;2025-12-28;20;801
12;2025-12-28;21;615
12;2025-12-28;22;396
12;2025-12-28;23;221
12;2025-12-29;0;60
12;2025-12-29;1;6
12;2025-12-29;2;1
12;2025-12-29;3;1
12;2025-12-29;4;8
12;2025-12-29;5;335
12;2025-12-29;6;1365
12;2025-12-29;7;2568
12;2025-12-29;8;3336
12;2025-12-29;9;2387
12;2025-12-29;10;1997
12;2025-12-29;11;1908
12;2025-12-29;12;1952
12;2025-12-29;13;1925
12;2025-12-29;14;1862
12;2025-12-29;15;2177
12;2025-12-29;16;2629
12;2025-12-29;17;2868
12;2025-12-29;18;3067
12;2025-12-29;19;2444
12;2025-12-29;20;1520
12;2025-12-29;21;880
12;2025-12-29;22;459
12;2025-12-29;23;229
12;2025-12-30;0;50
12;2025-12-30;1;0
12;2025-12-30;2;2
12;2025-12-30;3;2
12;2025-12-30;4;6
12;2025-12-30;5;335
12;2025-12-30;6;1265
12;2025-12-30;7;2439
12;2025-12-30;8;3244
12;2025-12-30;9;2302
12;2025-12-30;10;1899
12;2025-12-30;11;1822
12;2025-12-30;12;1849
12;2025-12-30;13;1828
12;2025-12-30;14;1778
12;2025-12-30;15;2065
12;2025-12-30;16;2514
12;2025-12-30;17;2878
12;2025-12-30;18;2963
12;2025-12-30;19;2341
12;2025-12-30;20;1416
12;2025-12-30;21;894
12;2025-12-30;22;443
12;2025-12-30;23;233
12;2025-12-31;0;49
12;2025-12-31;1;6
12;2025-12-31;2;1
12;2025-12-31;3;1
12;2025-12-31;4;0
12;2025-12-31;5;155
12;2025-12-31;6;418
12;2025-12-31;7;424
12;2025-12-31;8;572
12;2025-12-31;9;653
12;2025-12-31;10;906
12;2025-12-31;11;984
12;2025-12-31;12;989
12;2025-12-31;13;1184
12;2025-12-31;14;1071
12;2025-12-31;15;1032
12;2025-12-31;16;1140
12;2025-12-31;17;1223
12;2025-12-31;18;1143
12;2025-12-31;19;884
12;2025-12-31;20;504
12;2025-12-31;21;497
12;2025-12-31;22;262
12;2025-12-31;23;154
17;2025-11-01;0;204
17;2025-11-01;1;17
17;2025-11-01;2;3
17;2025-11-01;3;3
17;2025-11-01;4;0
17;2025-11-01;5;121
17;2025-11-01;6;530
17;2025-11-01;7;1178
17;2025-11-01;8;1680
17;2025-11-01;9;2083
17;2025-11-01;10;2270
17;2025-11-01;11;2741
17;2025-11-01;12;3061
17;2025-11-01;13;3398
17;2025-11-01;14;3396
17;2025-11-01;15;3432
17;2025-11-01;16;3403
17;2025-11-01;17;3298
17;2025-11-01;18;2859
17;2025-11-01;19;2411
17;2025-11-01;20;1819
17;2025-11-01;21;1349
17;2025-11-01;22;854
17;2025-11-01;23;450
17;2025-11-02;0;182
17;2025-11-02;1;13
17;2025-11-02;2;4
17;2025-11-02;3;4
17;2025-11-02;4;0
17;2025-11-02;5;96
17;2025-11-02;6;407
17;2025-11-02;7;898
17;2025-11-02;8;1279
17;2025-11-02;9;1718
17;2025-11-02;10;1932
17;2025-11-02;11;2408
17;2025-11-02;12;2776
17;2025-11-02;13;3031
17;2025-11-02;14;3119
17;2025-11-02;15;3147
17;2025-11-02;16;3060
17;2025-11-02;17;2958
17;2025-11-02;18;2727
17;2025-11-02;19;2248
17;2025-11-02;20;1679
17;2025-11-02;21;1223
17;2025-11-02;22;726
17;2025-11-02;23;343
17;2025-11-03;0;106
17;2025-11-03;1;13
17;2025-11-03;2;1
17;2025-11-03;3;1
17;2025-11-03;4;5
17;2025-11-03;5;184
17;2025-11-03;6;536
17;2025-11-03;7;951
17;2025-11-03;8;1779
17;2025-11-03;9;1916
17;2025-11-03;10;1891
17;2025-11-03;11;2268
17;2025-11-03;12;2570
17;2025-11-03;13;2803
17;2025-11-03;14;2802
17;2025-11-03;15;2942
17;2025-11-03;16;2942
17;2025-11-03;17;3048
17;2025-11-03;18;2972
17;2025-11-03;19;2372
17;2025-11-03;20;1591
17;2025-11-03;21;1162
17;2025-11-03;22;672
17;2025-11-03;23;323
17;2025-11-04;0;105
17;2025-11-04;1;9
17;2025-11-04;2;3
17;2025-11-04;3;2
17;2025-11-04;4;0
17;2025-11-04;5;180
17;2025-11-04;6;519
17;2025-11-04;7;936
17;2025-11-04;8;1746
17;2025-11-04;9;1903
17;2025-11-04;10;1933
17;2025-11-04;11;2277
17;2025-11-04;12;2592
17;2025-11-04;13;2820
17;2025-11-04;14;2876
17;2025-11-04;15;2921
17;2025-11-04;16;2951
17;2025-11-04;17;3031
17;2025-11-04;18;2976
17;2025-11-04;19;2369
17;2025-11-04;20;1630
17;2025-11-04;21;1185
17;2025-11-04;22;692
17;2025-11-04;23;311
17;2025-11-05;0;118
17;2025-11-05;1;3
17;2025-11-05;2;0
17;2025-11-05;3;0
17;2025-11-05;4;11
17;2025-11-05;5;299
17;2025-11-05;6;1460
17;2025-11-05;7;4002
17;2025-11-05;8;5275
17;2025-11-05;9;3828
17;2025-11-05;10;2955
17;2025-11-05;11;2955
17;2025-11-05;12;2970
17;2025-11-05;13;3041
17;2025-11-05;14;3080
17;2025-11-05;15;3196
17;2025-11-05;16;3562
17;2025-11-05;17;4460
17;2025-11-05;18;4926
17;2025-11-05;19;3426
17;2025-11-05;20;2371
17;2025-11-05;21;1532
17;2025-11-05;22;904
17;2025-11-05;23;385
17;2025-11-06;0;138
17;2025-11-06;1;4
17;2025-11-06;2;1
17;2025-11-06;3;1
17;2025-11-06;4;12
17;2025-11-06;5;290
17;2025-11-06;6;1449
17;2025-11-06;7;3959
17;2025-11-06;8;5225
17;2025-11-06;9;3803
17;2025-11-06;10;2950
17;2025-11-06;11;2884
17;2025-11-06;12;2916
17;2025-11-06;13;3025
17;2025-11-06;14;3040
17;2025-11-06;15;3196
17;2025-11-06;16;3593
17;2025-11-06;17;4509
17;2025-11-06;18;4967
17;2025-11-06;19;3455
17;2025-11-06;20;2427
17;2025-11-06;21;1534
17;2025-11-06;22;909
17;2025-11-06;23;412
17;2025-11-07;0;152
17;2025-11-07;1;10
17;2025-11-07;2;0
17;2025-11-07;3;0
17;2025-11-07;4;12
17;2025-11-07;5;289
17;2025-11-07;6;1442
17;2025-11-07;7;3890
17;2025-11-07;8;5061
17;2025-11-07;9;3716
17;2025-11-07;10;2862
17;2025-11-07;11;2914
17;2025-11-07;12;2914
17;2025-11-07;13;3064
17;2025-11-07;14;3115
17;2025-11-07;15;3237
17;2025-11-07;16;3823
17;2025-11-07;17;4493
17;2025-11-07;18;4503
17;2025-11-07;19;3278
17;2025-11-07;20;2320
17;2025-11-07;21;1543
17;2025-11-07;22;924
17;2025-11-07;23;446
17;2025-11-08;0;201
17;2025-11-08;1;12
17;2025-11-08;2;0
17;2025-11-08;3;0
17;2025-11-08;4;0
17;2025-11-08;5;120
17;2025-11-08;6;526
17;2025-11-08;7;1169
17;2025-11-08;8;1629
17;2025-11-08;9;2044
17;2025-11-08;10;2229
17;2025-11-08;11;2697
17;2025-11-08;12;3007
17;2025-11-08;13;3347
17;2025-11-08;14;3348
17;2025-11-08;15;3377
17;2025-11-08;16;3354
17;2025-11-08;17;3258
17;2025-11-08;18;2835
17;2025-11-08;19;2419
17;2025-11-08;20;1835
17;2025-11-08;21;1341
17;2025-11-08;22;839
17;2025-11-08;23;435
17;2025-11-09;0;168
17;2025-11-09;1;0
17;2025-11-09;2;0
17;2025-11-09;3;0
17;2025-11-09;4;0
17;2025-11-09;5;82
17;2025-11-09;6;395
17;2025-11-09;7;886
17;2025-11-09;8;1248
17;2025-11-09;9;1678
17;2025-11-09;10;1891
17;2025-11-09;11;2364
17;2025-11-09;12;2728
17;2025-11-09;13;2988
17;2025-11-09;14;3073
17;2025-11-09;15;3102
17;2025-11-09;16;3021
17;2025-11-09;17;2928
17;2025-11-09;18;2703
17;2025-11-09;19;2230
17;2025-11-09;20;1661
17;2025-11-09;21;1188
17;2025-11-09;22;708
17;2025-11-09;23;326
17;2025-11-10;0;95
17;2025-11-10;1;0
17;2025-11-10;2;0
17;2025-11-10;3;0
17;2025-11-10;4;0
17;2025-11-10;5;272
17;2025-11-10;6;1426
17;2025-11-10;7;3831
17;2025-11-10;8;5214
17;2025-11-10;9;3655
17;2025-11-10;10;2787
17;2025-11-10;11;2786
17;2025-11-10;12;2813
17;2025-11-10;13;2892
17;2025-11-10;14;2892
17;2025-11-10;15;3115
17;2025-11-10;16;3490
17;2025-11-10;17;4332
17;2025-11-10;18;4906
17;2025-11-10;19;3397
17;2025-11-10;20;2346
17;2025-11-10;21;1482
17;2025-11-10;22;840
17;2025-11-10;23;351
17;2025-11-11;0;105
17;2025-11-11;1;0
17;2025-11-11;2;0
17;2025-11-11;3;0
17;2025-11-11;4;1
17;2025-11-11;5;290
17;2025-11-11;6;1461
17;2025-11-11;7;3956
17;2025-11-11;8;5299
17;2025-11-11;9;3741
17;2025-11-11;10;2913
17;2025-11-11;11;2863
17;2025-11-11;12;2917
17;2025-11-11;13;2980
17;2025-11-11;14;3033
17;2025-11-11;15;3181
17;2025-11-11;16;3516
17;2025-11-11;17;4382
17;2025-11-11;18;4984
17;2025-11-11;19;3415
17;2025-11-11;20;2423
17;2025-11-11;21;1541
17;2025-11-11;22;893
17;2025-11-11;23;371
17;2025-11-12;0;113
17;2025-11-12;1;0
17;2025-11-12;2;0
17;2025-11-12;3;0
17;2025-11-12;4;5
17;2025-11-12;5;296
17;2025-11-12;6;1469
17;2025-11-12;7;3974
17;2025-11-12;8;5287
17;2025-11-12;9;3816
17;2025-11-12;10;2958
17;2025-11-12;11;2946
17;2025-11-12;12;2961
17;2025-11-12;13;3027
17;2025-11-12;14;3066
17;2025-11-12;15;3188
17;2025-11-12;16;3564
17;2025-11-12;17;4458
17;2025-11-12;18;4942
17;2025-11-12;19;3441
17;2025-11-12;20;2395
17;2025-11-12;21;1552
17;2025-11-12;22;932
17;2025-11-12;23;398
17;2025-11-13;0;136
17;2025-11-13;1;0
17;2025-11-13;2;0
17;2025-11-13;3;0
17;2025-11-13;4;9
17;2025-11-13;5;291
17;2025-11-13;6;1477
17;2025-11-13;7;3977
17;2025-11-13;8;5280
17;2025-11-13;9;3821
17;2025-11-13;10;2974
17;2025-11-13;11;2904
17;2025-11-13;12;2932
17;2025-11-13;13;3041
17;2025-11-13;14;3057
17;2025-11-13;15;3218
17;2025-11-13;16;3616
17;2025-11-13;17;4529
17;2025-11-13;18;5027
17;2025-11-13;19;3482
17;2025-11-13;20;2454
17;2025-11-13;21;1562
17;2025-11-13;22;937
17;2025-11-13;23;427
17;2025-11-14;0;151
17;2025-11-14;1;4
17;2025-11-14;2;0
17;2025-11-14;3;0
17;2025-11-14;4;8
17;2025-11-14;5;290
17;2025-11-14;6;1466
17;2025-11-14;7;3886
17;2025-11-14;8;5089
17;2025-11-14;9;3730
17;2025-11-14;10;2882
17;2025-11-14;11;2930
17;2025-11-14;12;2927
17;2025-11-14;13;3077
17;2025-11-14;14;3135
17;2025-11-14;15;3259
17;2025-11-14;16;3839
17;2025-11-14;17;4509
17;2025-11-14;18;4535
17;2025-11-14;19;3303
17;2025-11-14;20;2342
17;2025-11-14;21;1569
17;2025-11-14;22;949
17;2025-11-14;23;459
17;2025-11-15;0;202
17;2025-11-15;1;9
17;2025-11-15;2;0
17;2025-11-15;3;0
17;2025-11-15;4;0
17;2025-11-15;5;118
17;2025-11-15;6;552
17;2025-11-15;7;1183
17;2025-11-15;8;1655
17;2025-11-15;9;2083
17;2025-11-15;10;2273
17;2025-11-15;11;2730
17;2025-11-15;12;3036
17;2025-11-15;13;3376
17;2025-11-15;14;3377
17;2025-11-15;15;3411
17;2025-11-15;16;3388
17;2025-11-15;17;3287
17;2025-11-15;18;2866
17;2025-11-15;19;2458
17;2025-11-15;20;1881
17;2025-11-15;21;1379
17;2025-11-15;22;884
17;2025-11-15;23;463
17;2025-11-16;0;179
17;2025-11-16;1;6
17;2025-11-16;2;0
17;2025-11-16;3;0
17;2025-11-16;4;0
17;2025-11-16;5;91
17;2025-11-16;6;424
17;2025-11-16;7;884
17;2025-11-16;8;1267
17;2025-11-16;9;1698
17;2025-11-16;10;1920
17;2025-11-16;11;2387
17;2025-11-16;12;2745
17;2025-11-16;13;3005
17;2025-11-16;14;3090
17;2025-11-16;15;3119
17;2025-11-16;16;3038
17;2025-11-16;17;2945
17;2025-11-16;18;2723
17;2025-11-16;19;2261
17;2025-11-16;20;1697
17;2025-11-16;21;1227
17;2025-11-16;22;758
17;2025-11-16;23;350
17;2025-11-17;0;106
17;2025-11-17;1;0
17;2025-11-17;2;0
17;2025-11-17;3;0
17;2025-11-17;4;5
17;2025-11-17;5;284
17;2025-11-17;6;1460
17;2025-11-17;7;3839
17;2025-11-17;8;5260
17;2025-11-17;9;3685
17;2025-11-17;10;2818
17;2025-11-17;11;2811
17;2025-11-17;12;2834
17;2025-11-17;13;2917
17;2025-11-17;14;2917
17;2025-11-17;15;3141
17;2025-11-17;16;3492
17;2025-11-17;17;4335
17;2025-11-17;18;4911
17;2025-11-17;19;3402
17;2025-11-17;20;2354
17;2025-11-17;21;1495
17;2025-11-17;22;852
17;2025-11-17;23;363
17;2025-11-18;0;109
17;2025-11-18;1;0
17;2025-11-18;2;0
17;2025-11-18;3;0
17;2025-11-18;4;4
17;2025-11-18;5;296
17;2025-11-18;6;1468
17;2025-11-18;7;3924
17;2025-11-18;8;5283
17;2025-11-18;9;3731
17;2025-11-18;10;2916
17;2025-11-18;11;2856
17;2025-11-18;12;2910
17;2025-11-18;13;2971
17;2025-11-18;14;3024
17;2025-11-18;15;3170
17;2025-11-18;16;3508
17;2025-11-18;17;4372
17;2025-11-18;18;4973
17;2025-11-18;19;3408
17;2025-11-18;20;2430
17;2025-11-18;21;1550
17;2025-11-18;22;900
17;2025-11-18;23;378
17;2025-11-19;0;115
17;2025-11-19;1;0
17;2025-11-19;2;0
17;2025-11-19;3;0
17;2025-11-19;4;5
17;2025-11-19;5;296
17;2025-11-19;6;1468
17;2025-11-19;7;3949
17;2025-11-19;8;5271
17;2025-11-19;9;3804
17;2025-11-19;10;2954
17;2025-11-19;11;2931
17;2025-11-19;12;2945
17;2025-11-19;13;3010
17;2025-11-19;14;3048
17;2025-11-19;15;3170
17;2025-11-19;16;3546
17;2025-11-19;17;4441
17;2025-11-19;18;4925
17;2025-11-19;19;3425
17;2025-11-19;20;2394
17;2025-11-19;21;1555
17;2025-11-19;22;934
17;2025-11-19;23;400
17;2025-11-20;0;137
17;2025-11-20;1;0
17;2025-11-20;2;0
17;2025-11-20;3;0
17;2025-11-20;4;9
17;2025-11-20;5;291
17;2025-11-20;6;1476
17;2025-11-20;7;3950
17;2025-11-20;8;5269
17;2025-11-20;9;3813
17;2025-11-20;10;2973
17;2025-11-20;11;2896
17;2025-11-20;12;2924
17;2025-11-20;13;3033
17;2025-11-20;14;3051
17;2025-11-20;15;3212
17;2025-11-20;16;3610
17;2025-11-20;17;4523
17;2025-11-20;18;5021
17;2025-11-20;19;3477
17;2025-11-20;20;2459
17;2025-11-20;21;1566
17;2025-11-20;22;940
17;2025-11-20;23;430
17;2025-11-21;0;154
17;2025-11-21;1;6
17;2025-11-21;2;0
17;2025-11-21;3;0
17;2025-11-21;4;12
17;2025-11-21;5;294
17;2025-11-21;6;1470
17;2025-11-21;7;3878
17;2025-11-21;8;5084
17;2025-11-21;9;3722
17;2025-11-21;10;2881
17;2025-11-21;11;2922
17;2025-11-21;12;2919
17;2025-11-21;13;3069
17;2025-11-21;14;3127
17;2025-11-21;15;3251
17;2025-11-21;16;3831
17;2025-11-21;17;4499
17;2025-11-21;18;4528
17;2025-11-21;19;3298
17;2025-11-21;20;2346
17;2025-11-21;21;1572
17;2025-11-21;22;953
17;2025-11-21;23;463
17;2025-11-22;0;206
17;2025-11-22;1;12
17;2025-11-22;2;0
17;2025-11-22;3;0
17;2025-11-22;4;0
17;2025-11-22;5;120
17;2025-11-22;6;551
17;2025-11-22;7;1165
17;2025-11-22;8;1640
17;2025-11-22;9;2064
17;2025-11-22;10;2261
17;2025-11-22;11;2711
17;2025-11-22;12;3020
17;2025-11-22;13;3321
17;2025-11-22;14;3322
17;2025-11-22;15;3351
17;2025-11-22;16;3328
17;2025-11-22;17;3233
17;2025-11-22;18;2810
17;2025-11-22;19;2405
17;2025-11-22;20;1840
17;2025-11-22;21;1353
17;2025-11-22;22;864
17;2025-11-22;23;452
17;2025-11-23;0;177
17;2025-11-23;1;4
17;2025-11-23;2;0
17;2025-11-23;3;0
17;2025-11-23;4;0
17;2025-11-23;5;89
17;2025-11-23;6;409
17;2025-11-23;7;858
17;2025-11-23;8;1248
17;2025-11-23;9;1674
17;2025-11-23;10;1897
17;2025-11-23;11;2355
17;2025-11-23;12;2711
17;2025-11-23;13;2971
17;2025-11-23;14;3057
17;2025-11-23;15;3085
17;2025-11-23;16;3003
17;2025-11-23;17;2911
17;2025-11-23;18;2687
17;2025-11-23;19;2225
17;2025-11-23;20;1672
17;2025-11-23;21;1208
17;2025-11-23;22;745
17;2025-11-23;23;347
17;2025-11-24;0;102
17;2025-11-24;1;0
17;2025-11-24;2;0
17;2025-11-24;3;0
17;2025-11-24;4;3
17;2025-11-24;5;280
17;2025-11-24;6;1438
17;2025-11-24;7;3795
17;2025-11-24;8;5189
17;2025-11-24;9;3649
17;2025-11-24;10;2797
17;2025-11-24;11;2783
17;2025-11-24;12;2810
17;2025-11-24;13;2888
17;2025-11-24;14;2889
17;2025-11-24;15;3108
17;2025-11-24;16;3460
17;2025-11-24;17;4297
17;2025-11-24;18;4839
17;2025-11-24;19;3364
17;2025-11-24;20;2338
17;2025-11-24;21;1483
17;2025-11-24;22;842
17;2025-11-24;23;364
17;2025-11-25;0;113
17;2025-11-25;1;0
17;2025-11-25;2;1
17;2025-11-25;3;0
17;2025-11-25;4;10
17;2025-11-25;5;301
17;2025-11-25;6;1455
17;2025-11-25;7;3891
17;2025-11-25;8;5216
17;2025-11-25;9;3701
17;2025-11-25;10;2897
17;2025-11-25;11;2835
17;2025-11-25;12;2889
17;2025-11-25;13;2951
17;2025-11-25;14;3005
17;2025-11-25;15;3143
17;2025-11-25;16;3483
17;2025-11-25;17;4341
17;2025-11-25;18;4910
17;2025-11-25;19;3382
17;2025-11-25;20;2417
17;2025-11-25;21;1541
17;2025-11-25;22;892
17;2025-11-25;23;382
17;2025-11-26;0;119
17;2025-11-26;1;3
17;2025-11-26;2;0
17;2025-11-26;3;0
17;2025-11-26;4;11
17;2025-11-26;5;300
17;2025-11-26;6;1454
17;2025-11-26;7;3911
17;2025-11-26;8;5192
17;2025-11-26;9;3772
17;2025-11-26;10;2929
17;2025-11-26;11;2908
17;2025-11-26;12;2923
17;2025-11-26;13;2992
17;2025-11-26;14;3030
17;2025-11-26;15;3143
17;2025-11-26;16;3518
17;2025-11-26;17;4407
17;2025-11-26;18;4873
17;2025-11-26;19;3388
17;2025-11-26;20;2370
17;2025-11-26;21;1539
17;2025-11-26;22;918
17;2025-11-26;23;395
17;2025-11-27;0;137
17;2025-11-27;1;4
17;2025-11-27;2;0
17;2025-11-27;3;0
17;2025-11-27;4;12
17;2025-11-27;5;293
17;2025-11-27;6;1455
17;2025-11-27;7;3914
17;2025-11-27;8;5187
17;2025-11-27;9;3780
17;2025-11-27;10;2947
17;2025-11-27;11;2872
17;2025-11-27;12;2904
17;2025-11-27;13;3012
17;2025-11-27;14;3027
17;2025-11-27;15;3182
17;2025-11-27;16;3578
17;2025-11-27;17;4485
17;2025-11-27;18;4946
17;2025-11-27;19;3445
17;2025-11-27;20;2437
17;2025-11-27;21;1553
17;2025-11-27;22;927
17;2025-11-27;23;427
17;2025-11-28;0;154
17;2025-11-28;1;12
17;2025-11-28;2;0
17;2025-11-28;3;0
17;2025-11-28;4;15
17;2025-11-28;5;295
17;2025-11-28;6;1452
17;2025-11-28;7;3847
17;2025-11-28;8;5030
17;2025-11-28;9;3694
17;2025-11-28;10;2860
17;2025-11-28;11;2901
17;2025-11-28;12;2901
17;2025-11-28;13;3050
17;2025-11-28;14;3102
17;2025-11-28;15;3222
17;2025-11-28;16;3800
17;2025-11-28;17;4465
17;2025-11-28;18;4480
17;2025-11-28;19;3269
17;2025-11-28;20;2330
17;2025-11-28;21;1559
17;2025-11-28;22;940
17;2025-11-28;23;460
17;2025-11-29;0;203
17;2025-11-29;1;14
17;2025-11-29;2;0
17;2025-11-29;3;0
17;2025-11-29;4;0
17;2025-11-29;5;118
17;2025-11-29;6;536
17;2025-11-29;7;1135
17;2025-11-29;8;1611
17;2025-11-29;9;2023
17;2025-11-29;10;2220
17;2025-11-29;11;2668
17;2025-11-29;12;2977
17;2025-11-29;13;3316
17;2025-11-29;14;3318
17;2025-11-29;15;3346
17;2025-11-29;16;3321
17;2025-11-29;17;3222
17;2025-11-29;18;2800
17;2025-11-29;19;2398
17;2025-11-29;20;1832
17;2025-11-29;21;1358
17;2025-11-29;22;869
17;2025-11-29;23;458
17;2025-11-30;0;182
17;2025-11-30;1;12
17;2025-11-30;2;2
17;2025-11-30;3;1
17;2025-11-30;4;0
17;2025-11-30;5;94
17;2025-11-30;6;414
17;2025-11-30;7;853
17;2025-11-30;8;1241
17;2025-11-30;9;1671
17;2025-11-30;10;1894
17;2025-11-30;11;2353
17;2025-11-30;12;2708
17;2025-11-30;13;2968
17;2025-11-30;14;3054
17;2025-11-30;15;3082
17;2025-11-30;16;3000
17;2025-11-30;17;2904
17;2025-11-30;18;2680
17;2025-11-30;19;2221
17;2025-11-30;20;1668
17;2025-11-30;21;1216
17;2025-11-30;22;753
17;2025-11-30;23;353
17;2025-12-01;0;107
17;2025-12-01;1;5
17;2025-12-01;2;0
17;2025-12-01;3;0
17;2025-12-01;4;10
17;2025-12-01;5;288
17;2025-12-01;6;1452
17;2025-12-01;7;3780
17;2025-12-01;8;5164
17;2025-12-01;9;3628
17;2025-12-01;10;2776
17;2025-12-01;11;2763
17;2025-12-01;12;2790
17;2025-12-01;13;2869
17;2025-12-01;14;2869
17;2025-12-01;15;3089
17;2025-12-01;16;3442
17;2025-12-01;17;4276
17;2025-12-01;18;4821
17;2025-12-01;19;3350
17;2025-12-01;20;2324
17;2025-12-01;21;1489
17;2025-12-01;22;843
17;2025-12-01;23;365
17;2025-12-02;0;113
17;2025-12-02;1;0
17;2025-12-02;2;0
17;2025-12-02;3;0
17;2025-12-02;4;11
17;2025-12-02;5;297
17;2025-12-02;6;1453
17;2025-12-02;7;3845
17;2025-12-02;8;5167
17;2025-12-02;9;3659
17;2025-12-02;10;2855
17;2025-12-02;11;2792
17;2025-12-02;12;2846
17;2025-12-02;13;2908
17;2025-12-02;14;2962
17;2025-12-02;15;3099
17;2025-12-02;16;3440
17;2025-12-02;17;4298
17;2025-12-02;18;4865
17;2025-12-02;19;3343
17;2025-12-02;20;2378
17;2025-12-02;21;1541
17;2025-12-02;22;890
17;2025-12-02;23;378
17;2025-12-03;0;123
17;2025-12-03;1;4
17;2025-12-03;2;0
17;2025-12-03;3;0
17;2025-12-03;4;15
17;2025-12-03;5;301
17;2025-12-03;6;1451
17;2025-12-03;7;3923
17;2025-12-03;8;5199
17;2025-12-03;9;3777
17;2025-12-03;10;2934
17;2025-12-03;11;2915
17;2025-12-03;12;2930
17;2025-12-03;13;2999
17;2025-12-03;14;3037
17;2025-12-03;15;3151
17;2025-12-03;16;3525
17;2025-12-03;17;4420
17;2025-12-03;18;4886
17;2025-12-03;19;3394
17;2025-12-03;20;2372
17;2025-12-03;21;1540
17;2025-12-03;22;922
17;2025-12-03;23;394
17;2025-12-04;0;144
17;2025-12-04;1;7
17;2025-12-04;2;0
17;2025-12-04;3;0
17;2025-12-04;4;20
17;2025-12-04;5;297
17;2025-12-04;6;1460
17;2025-12-04;7;3922
17;2025-12-04;8;5193
17;2025-12-04;9;3782
17;2025-12-04;10;2950
17;2025-12-04;11;2874
17;2025-12-04;12;2905
17;2025-12-04;13;3014
17;2025-12-04;14;3030
17;2025-12-04;15;3185
17;2025-12-04;16;3581
17;2025-12-04;17;4493
17;2025-12-04;18;4956
17;2025-12-04;19;3446
17;2025-12-04;20;2438
17;2025-12-04;21;1553
17;2025-12-04;22;930
17;2025-12-04;23;425
17;2025-12-05;0;161
17;2025-12-05;1;16
17;2025-12-05;2;0
17;2025-12-05;3;0
17;2025-12-05;4;22
17;2025-12-05;5;300
17;2025-12-05;6;1458
17;2025-12-05;7;3854
17;2025-12-05;8;5039
17;2025-12-05;9;3703
17;2025-12-05;10;2869
17;2025-12-05;11;2908
17;2025-12-05;12;2908
17;2025-12-05;13;3057
17;2025-12-05;14;3109
17;2025-12-05;15;3229
17;2025-12-05;16;3813
17;2025-12-05;17;4478
17;2025-12-05;18;4492
17;2025-12-05;19;3272
17;2025-12-05;20;2333
17;2025-12-05;21;1563
17;2025-12-05;22;945
17;2025-12-05;23;460
17;2025-12-06;0;209
17;2025-12-06;1;19
17;2025-12-06;2;0
17;2025-12-06;3;0
17;2025-12-06;4;0
17;2025-12-06;5;124
17;2025-12-06;6;535
17;2025-12-06;7;1139
17;2025-12-06;8;1613
17;2025-12-06;9;2025
17;2025-12-06;10;2222
17;2025-12-06;11;2670
17;2025-12-06;12;2984
17;2025-12-06;13;3323
17;2025-12-06;14;3325
17;2025-12-06;15;3353
17;2025-12-06;16;3330
17;2025-12-06;17;3232
17;2025-12-06;18;2808
17;2025-12-06;19;2404
17;2025-12-06;20;1839
17;2025-12-06;21;1364
17;2025-12-06;22;876
17;2025-12-06;23;461
17;2025-12-07;0;188
17;2025-12-07;1;17
17;2025-12-07;2;1
17;2025-12-07;3;1
17;2025-12-07;4;0
17;2025-12-07;5;101
17;2025-12-07;6;418
17;2025-12-07;7;862
17;2025-12-07;8;1248
17;2025-12-07;9;1674
17;2025-12-07;10;1897
17;2025-12-07;11;2356
17;2025-12-07;12;2712
17;2025-12-07;13;2972
17;2025-12-07;14;3057
17;2025-12-07;15;3085
17;2025-12-07;16;3006
17;2025-12-07;17;2910
17;2025-12-07;18;2685
17;2025-12-07;19;2225
17;2025-12-07;20;1671
17;2025-12-07;21;1218
17;2025-12-07;22;758
17;2025-12-07;23;356
17;2025-12-08;0;117
17;2025-12-08;1;11
17;2025-12-08;2;0
17;2025-12-08;3;0
17;2025-12-08;4;19
17;2025-12-08;5;297
17;2025-12-08;6;1455
17;2025-12-08;7;3815
17;2025-12-08;8;5192
17;2025-12-08;9;3659
17;2025-12-08;10;2807
17;2025-12-08;11;2793
17;2025-12-08;12;2819
17;2025-12-08;13;2898
17;2025-12-08;14;2899
17;2025-12-08;15;3118
17;2025-12-08;16;3470
17;2025-12-08;17;4310
17;2025-12-08;18;4852
17;2025-12-08;19;3373
17;2025-12-08;20;2345
17;2025-12-08;21;1490
17;2025-12-08;22;851
17;2025-12-08;23;369
17;2025-12-09;0;123
17;2025-12-09;1;5
17;2025-12-09;2;0
17;2025-12-09;3;0
17;2025-12-09;4;20
17;2025-12-09;5;310
17;2025-12-09;6;1468
17;2025-12-09;7;3905
17;2025-12-09;8;5226
17;2025-12-09;9;3712
17;2025-12-09;10;2908
17;2025-12-09;11;2845
17;2025-12-09;12;2900
17;2025-12-09;13;2962
17;2025-12-09;14;3016
17;2025-12-09;15;3154
17;2025-12-09;16;3494
17;2025-12-09;17;4358
17;2025-12-09;18;4925
17;2025-12-09;19;3392
17;2025-12-09;20;2425
17;2025-12-09;21;1548
17;2025-12-09;22;899
17;2025-12-09;23;386
17;2025-12-10;0;131
17;2025-12-10;1;10
17;2025-12-10;2;0
17;2025-12-10;3;0
17;2025-12-10;4;23
17;2025-12-10;5;314
17;2025-12-10;6;1469
17;2025-12-10;7;3932
17;2025-12-10;8;5204
17;2025-12-10;9;3783
17;2025-12-10;10;2941
17;2025-12-10;11;2922
17;2025-12-10;12;2937
17;2025-12-10;13;3006
17;2025-12-10;14;3044
17;2025-12-10;15;3158
17;2025-12-10;16;3532
17;2025-12-10;17;4427
17;2025-12-10;18;4891
17;2025-12-10;19;3401
17;2025-12-10;20;2374
17;2025-12-10;21;1542
17;2025-12-10;22;923
17;2025-12-10;23;399
17;2025-12-11;0;149
17;2025-12-11;1;11
17;2025-12-11;2;0
17;2025-12-11;3;0
17;2025-12-11;4;24
17;2025-12-11;5;305
17;2025-12-11;6;1467
17;2025-12-11;7;3930
17;2025-12-11;8;5197
17;2025-12-11;9;3788
17;2025-12-11;10;2955
17;2025-12-11;11;2880
17;2025-12-11;12;2911
17;2025-12-11;13;3022
17;2025-12-11;14;3036
17;2025-12-11;15;3193
17;2025-12-11;16;3589
17;2025-12-11;17;4501
17;2025-12-11;18;4962
17;2025-12-11;19;3451
17;2025-12-11;20;2439
17;2025-12-11;21;1554
17;2025-12-11;22;929
17;2025-12-11;23;430
17;2025-12-12;0;166
17;2025-12-12;1;20
17;2025-12-12;2;0
17;2025-12-12;3;0
17;2025-12-12;4;27
17;2025-12-12;5;307
17;2025-12-12;6;1464
17;2025-12-12;7;3859
17;2025-12-12;8;5040
17;2025-12-12;9;3706
17;2025-12-12;10;2872
17;2025-12-12;11;2911
17;2025-12-12;12;2911
17;2025-12-12;13;3062
17;2025-12-12;14;3112
17;2025-12-12;15;3234
17;2025-12-12;16;3818
17;2025-12-12;17;4482
17;2025-12-12;18;4496
17;2025-12-12;19;3276
17;2025-12-12;20;2334
17;2025-12-12;21;1562
17;2025-12-12;22;944
17;2025-12-12;23;466
17;2025-12-13;0;215
17;2025-12-13;1;24
17;2025-12-13;2;0
17;2025-12-13;3;0
17;2025-12-13;4;2
17;2025-12-13;5;133
17;2025-12-13;6;542
17;2025-12-13;7;1141
17;2025-12-13;8;1613
17;2025-12-13;9;2026
17;2025-12-13;10;2223
17;2025-12-13;11;2671
17;2025-12-13;12;2984
17;2025-12-13;13;3329
17;2025-12-13;14;3329
17;2025-12-13;15;3359
17;2025-12-13;16;3336
17;2025-12-13;17;3237
17;2025-12-13;18;2814
17;2025-12-13;19;2409
17;2025-12-13;20;1839
17;2025-12-13;21;1363
17;2025-12-13;22;874
17;2025-12-13;23;465
17;2025-12-14;0;191
17;2025-12-14;1;22
17;2025-12-14;2;2
17;2025-12-14;3;2
17;2025-12-14;4;1
17;2025-12-14;5;109
17;2025-12-14;6;423
17;2025-12-14;7;867
17;2025-12-14;8;1257
17;2025-12-14;9;1684
17;2025-12-14;10;1907
17;2025-12-14;11;2366
17;2025-12-14;12;2722
17;2025-12-14;13;2988
17;2025-12-14;14;3067
17;2025-12-14;15;3101
17;2025-12-14;16;3019
17;2025-12-14;17;2923
17;2025-12-14;18;2698
17;2025-12-14;19;2235
17;2025-12-14;20;1679
17;2025-12-14;21;1225
17;2025-12-14;22;764
17;2025-12-14;23;359
17;2025-12-15;0;122
17;2025-12-15;1;15
17;2025-12-15;2;0
17;2025-12-15;3;0
17;2025-12-15;4;23
17;2025-12-15;5;302
17;2025-12-15;6;1465
17;2025-12-15;7;3826
17;2025-12-15;8;5206
17;2025-12-15;9;3669
17;2025-12-15;10;2817
17;2025-12-15;11;2804
17;2025-12-15;12;2830
17;2025-12-15;13;2913
17;2025-12-15;14;2909
17;2025-12-15;15;3133
17;2025-12-15;16;3485
17;2025-12-15;17;4320
17;2025-12-15;18;4860
17;2025-12-15;19;3379
17;2025-12-15;20;2350
17;2025-12-15;21;1493
17;2025-12-15;22;853
17;2025-12-15;23;373
17;2025-12-16;0;128
17;2025-12-16;1;9
17;2025-12-16;2;2
17;2025-12-16;3;2
17;2025-12-16;4;24
17;2025-12-16;5;315
17;2025-12-16;6;1471
17;2025-12-16;7;3910
17;2025-12-16;8;5228
17;2025-12-16;9;3717
17;2025-12-16;10;2913
17;2025-12-16;11;2850
17;2025-12-16;12;2905
17;2025-12-16;13;2969
17;2025-12-16;14;3021
17;2025-12-16;15;3161
17;2025-12-16;16;3501
17;2025-12-16;17;4364
17;2025-12-16;18;4931
17;2025-12-16;19;3396
17;2025-12-16;20;2428
17;2025-12-16;21;1550
17;2025-12-16;22;900
17;2025-12-16;23;389
17;2025-12-17;0;134
17;2025-12-17;1;12
17;2025-12-17;2;0
17;2025-12-17;3;0
17;2025-12-17;4;25
17;2025-12-17;5;315
17;2025-12-17;6;1470
17;2025-12-17;7;3934
17;2025-12-17;8;5207
17;2025-12-17;9;3786
17;2025-12-17;10;2943
17;2025-12-17;11;2921
17;2025-12-17;12;2936
17;2025-12-17;13;3008
17;2025-12-17;14;3042
17;2025-12-17;15;3158
17;2025-12-17;16;3532
17;2025-12-17;17;4428
17;2025-12-17;18;4893
17;2025-12-17;19;3400
17;2025-12-17;20;2376
17;2025-12-17;21;1543
17;2025-12-17;22;922
17;2025-12-17;23;401
17;2025-12-18;0;150
17;2025-12-18;1;12
17;2025-12-18;2;0
17;2025-12-18;3;0
17;2025-12-18;4;26
17;2025-12-18;5;304
17;2025-12-18;6;1468
17;2025-12-18;7;3932
17;2025-12-18;8;5197
17;2025-12-18;9;3790
17;2025-12-18;10;2958
17;2025-12-18;11;2883
17;2025-12-18;12;2914
17;2025-12-18;13;3026
17;2025-12-18;14;3038
17;2025-12-18;15;3196
17;2025-12-18;16;3592
17;2025-12-18;17;4504
17;2025-12-18;18;4962
17;2025-12-18;19;3454
17;2025-12-18;20;2444
17;2025-12-18;21;1558
17;2025-12-18;22;932
17;2025-12-18;23;434
17;2025-12-19;0;159
17;2025-12-19;1;18
17;2025-12-19;2;1
17;2025-12-19;3;1
17;2025-12-19;4;25
17;2025-12-19;5;294
17;2025-12-19;6;1453
17;2025-12-19;7;3842
17;2025-12-19;8;4985
17;2025-12-19;9;3690
17;2025-12-19;10;2856
17;2025-12-19;11;2895
17;2025-12-19;12;2895
17;2025-12-19;13;3048
17;2025-12-19;14;3097
17;2025-12-19;15;3220
17;2025-12-19;16;3803
17;2025-12-19;17;4455
17;2025-12-19;18;4478
17;2025-12-19;19;3260
17;2025-12-19;20;2326
17;2025-12-19;21;1553
17;2025-12-19;22;934
17;2025-12-19;23;456
17;2025-12-20;0;209
17;2025-12-20;1;21
17;2025-12-20;2;0
17;2025-12-20;3;0
17;2025-12-20;4;1
17;2025-12-20;5;126
17;2025-12-20;6;532
17;2025-12-20;7;1131
17;2025-12-20;8;1607
17;2025-12-20;9;2018
17;2025-12-20;10;2215
17;2025-12-20;11;2663
17;2025-12-20;12;2975
17;2025-12-20;13;3321
17;2025-12-20;14;3319
17;2025-12-20;15;3351
17;2025-12-20;16;3328
17;2025-12-20;17;3229
17;2025-12-20;18;2806
17;2025-12-20;19;2400
17;2025-12-20;20;1837
17;2025-12-20;21;1361
17;2025-12-20;22;870
17;2025-12-20;23;459
17;2025-12-21;0;187
17;2025-12-21;1;18
17;2025-12-21;2;1
17;2025-12-21;3;1
17;2025-12-21;4;1
17;2025-12-21;5;102
17;2025-12-21;6;422
17;2025-12-21;7;862
17;2025-12-21;8;1259
17;2025-12-21;9;1683
17;2025-12-21;10;1905
17;2025-12-21;11;2365
17;2025-12-21;12;2721
17;2025-12-21;13;2987
17;2025-12-21;14;3066
17;2025-12-21;15;3101
17;2025-12-21;16;3019
17;2025-12-21;17;2923
17;2025-12-21;18;2697
17;2025-12-21;19;2232
17;2025-12-21;20;1683
17;2025-12-21;21;1230
17;2025-12-21;22;766
17;2025-12-21;23;362
17;2025-12-22;0;117
17;2025-12-22;1;15
17;2025-12-22;2;1
17;2025-12-22;3;1
17;2025-12-22;4;22
17;2025-12-22;5;290
17;2025-12-22;6;1452
17;2025-12-22;7;3807
17;2025-12-22;8;5146
17;2025-12-22;9;3651
17;2025-12-22;10;2799
17;2025-12-22;11;2785
17;2025-12-22;12;2811
17;2025-12-22;13;2895
17;2025-12-22;14;2891
17;2025-12-22;15;3115
17;2025-12-22;16;3466
17;2025-12-22;17;4290
17;2025-12-22;18;4826
17;2025-12-22;19;3360
17;2025-12-22;20;2339
17;2025-12-22;21;1482
17;2025-12-22;22;842
17;2025-12-22;23;363
17;2025-12-23;0;123
17;2025-12-23;1;9
17;2025-12-23;2;2
17;2025-12-23;3;1
17;2025-12-23;4;21
17;2025-12-23;5;302
17;2025-12-23;6;1449
17;2025-12-23;7;3882
17;2025-12-23;8;5158
17;2025-12-23;9;3688
17;2025-12-23;10;2884
17;2025-12-23;11;2822
17;2025-12-23;12;2880
17;2025-12-23;13;2945
17;2025-12-23;14;2996
17;2025-12-23;15;3136
17;2025-12-23;16;3476
17;2025-12-23;17;4328
17;2025-12-23;18;4865
17;2025-12-23;19;3371
17;2025-12-23;20;2411
17;2025-12-23;21;1532
17;2025-12-23;22;884
17;2025-12-23;23;376
17;2025-12-24;0;129
17;2025-12-24;1;12
17;2025-12-24;2;0
17;2025-12-24;3;0
17;2025-12-24;4;23
17;2025-12-24;5;301
17;2025-12-24;6;1447
17;2025-12-24;7;3917
17;2025-12-24;8;5147
17;2025-12-24;9;3768
17;2025-12-24;10;2919
17;2025-12-24;11;2897
17;2025-12-24;12;2916
17;2025-12-24;13;2987
17;2025-12-24;14;3020
17;2025-12-24;15;3136
17;2025-12-24;16;3511
17;2025-12-24;17;4413
17;2025-12-24;18;4837
17;2025-12-24;19;3379
17;2025-12-24;20;2364
17;2025-12-24;21;1525
17;2025-12-24;22;906
17;2025-12-24;23;388
17;2025-12-25;0;143
17;2025-12-25;1;12
17;2025-12-25;2;0
17;2025-12-25;3;0
17;2025-12-25;4;23
17;2025-12-25;5;292
17;2025-12-25;6;1444
17;2025-12-25;7;3913
17;2025-12-25;8;5138
17;2025-12-25;9;3771
17;2025-12-25;10;2933
17;2025-12-25;11;2863
17;2025-12-25;12;2898
17;2025-12-25;13;3009
17;2025-12-25;14;3022
17;2025-12-25;15;3180
17;2025-12-25;16;3576
17;2025-12-25;17;4481
17;2025-12-25;18;4942
17;2025-12-25;19;3440
17;2025-12-25;20;2437
17;2025-12-25;21;1545
17;2025-12-25;22;920
17;2025-12-25;23;424
17;2025-12-26;0;161
17;2025-12-26;1;19
17;2025-12-26;2;0
17;2025-12-26;3;0
17;2025-12-26;4;26
17;2025-12-26;5;294
17;2025-12-26;6;1440
17;2025-12-26;7;3840
17;2025-12-26;8;4982
17;2025-12-26;9;3689
17;2025-12-26;10;2849
17;2025-12-26;11;2893
17;2025-12-26;12;2896
17;2025-12-26;13;3049
17;2025-12-26;14;3100
17;2025-12-26;15;3222
17;2025-12-26;16;3800
17;2025-12-26;17;4441
17;2025-12-26;18;4467
17;2025-12-26;19;3261
17;2025-12-26;20;2327
17;2025-12-26;21;1547
17;2025-12-26;22;931
17;2025-12-26;23;453
17;2025-12-27;0;210
17;2025-12-27;1;23
17;2025-12-27;2;0
17;2025-12-27;3;0
17;2025-12-27;4;4
17;2025-12-27;5;124
17;2025-12-27;6;523
17;2025-12-27;7;1110
17;2025-12-27;8;1576
17;2025-12-27;9;1986
17;2025-12-27;10;2183
17;2025-12-27;11;2641
17;2025-12-27;12;2965
17;2025-12-27;13;3312
17;2025-12-27;14;3312
17;2025-12-27;15;3343
17;2025-12-27;16;3321
17;2025-12-27;17;3225
17;2025-12-27;18;2804
17;2025-12-27;19;2389
17;2025-12-27;20;1826
17;2025-12-27;21;1352
17;2025-12-27;22;864
17;2025-12-27;23;455
17;2025-12-28;0;188
17;2025-12-28;1;22
17;2025-12-28;2;3
17;2025-12-28;3;2
17;2025-12-28;4;6
17;2025-12-28;5;92
17;2025-12-28;6;405
17;2025-12-28;7;830
17;2025-12-28;8;1221
17;2025-12-28;9;1640
17;2025-12-28;10;1861
17;2025-12-28;11;2325
17;2025-12-28;12;2697
17;2025-12-28;13;2963
17;2025-12-28;14;3043
17;2025-12-28;15;3079
17;2025-12-28;16;2997
17;2025-12-28;17;2905
17;2025-12-28;18;2681
17;2025-12-28;19;2207
17;2025-12-28;20;1668
17;2025-12-28;21;1217
17;2025-12-28;22;753
17;2025-12-28;23;354
17;2025-12-29;0;113
17;2025-12-29;1;16
17;2025-12-29;2;1
17;2025-12-29;3;1
17;2025-12-29;4;19
17;2025-12-29;5;266
17;2025-12-29;6;1389
17;2025-12-29;7;3742
17;2025-12-29;8;5060
17;2025-12-29;9;3576
17;2025-12-29;10;2730
17;2025-12-29;11;2721
17;2025-12-29;12;2751
17;2025-12-29;13;2833
17;2025-12-29;14;2830
17;2025-12-29;15;3061
17;2025-12-29;16;3408
17;2025-12-29;17;4218
17;2025-12-29;18;4747
17;2025-12-29;19;3315
17;2025-12-29;20;2303
17;2025-12-29;21;1408
17;2025-12-29;22;780
17;2025-12-29;23;337
17;2025-12-30;0;117
17;2025-12-30;1;11
17;2025-12-30;2;3
17;2025-12-30;3;4
17;2025-12-30;4;17
17;2025-12-30;5;265
17;2025-12-30;6;1263
17;2025-12-30;7;3686
17;2025-12-30;8;4872
17;2025-12-30;9;3494
17;2025-12-30;10;2693
17;2025-12-30;11;2636
17;2025-12-30;12;2695
17;2025-12-30;13;2760
17;2025-12-30;14;2812
17;2025-12-30;15;2958
17;2025-12-30;16;3285
17;2025-12-30;17;4128
17;2025-12-30;18;4599
17;2025-12-30;19;3200
17;2025-12-30;20;2252
17;2025-12-30;21;1388
17;2025-12-30;22;787
17;2025-12-30;23;346
17;2025-12-31;0;102
17;2025-12-31;1;15
17;2025-12-31;2;1
17;2025-12-31;3;1
17;2025-12-31;4;0
17;2025-12-31;5;132
17;2025-12-31;6;288
17;2025-12-31;7;687
17;2025-12-31;8;1298
17;2025-12-31;9;1619
17;2025-12-31;10;1607
17;2025-12-31;11;1966
17;2025-12-31;12;2235
17;2025-12-31;13;2499
17;2025-12-31;14;2513
17;2025-12-31;15;2552
17;2025-12-31;16;2575
17;2025-12-31;17;2743
17;2025-12-31;18;2558
17;2025-12-31;19;2005
17;2025-12-31;20;1289
17;2025-12-31;21;981
17;2025-12-31;22;576
17;2025-12-31;23;268
25;2025-11-01;0;0
25;2025-11-01;1;3
25;2025-11-01;2;2
25;2025-11-01;3;2
25;2025-11-01;4;2
25;2025-11-01;5;4
25;2025-11-01;6;61
25;2025-11-01;7;153
25;2025-11-01;8;309
25;2025-11-01;9;306
25;2025-11-01;10;308
25;2025-11-01;11;384
25;2025-11-01;12;426
25;2025-11-01;13;510
25;2025-11-01;14;571
25;2025-11-01;15;606
25;2025-11-01;16;567
25;2025-11-01;17;495
25;2025-11-01;18;474
25;2025-11-01;19;405
25;2025-11-01;20;268
25;2025-11-01;21;224
25;2025-11-01;22;133
25;2025-11-01;23;39
25;2025-11-02;0;12
25;2025-11-02;1;4
25;2025-11-02;2;2
25;2025-11-02;3;2
25;2025-11-02;4;2
25;2025-11-02;5;7
25;2025-11-02;6;46
25;2025-11-02;7;118
25;2025-11-02;8;202
25;2025-11-02;9;218
25;2025-11-02;10;234
25;2025-11-02;11;299
25;2025-11-02;12;365
25;2025-11-02;13;428
25;2025-11-02;14;484
25;2025-11-02;15;533
25;2025-11-02;16;480
25;2025-11-02;17;439
25;2025-11-02;18;411
25;2025-11-02;19;318
25;2025-11-02;20;216
25;2025-11-02;21;170
25;2025-11-02;22;103
25;2025-11-02;23;22
25;2025-11-03;0;17
25;2025-11-03;1;3
25;2025-11-03;2;0
25;2025-11-03;3;0
25;2025-11-03;4;0
25;2025-11-03;5;5
25;2025-11-03;6;62
25;2025-11-03;7;297
25;2025-11-03;8;417
25;2025-11-03;9;301
25;2025-11-03;10;240
25;2025-11-03;11;267
25;2025-11-03;12;312
25;2025-11-03;13;395
25;2025-11-03;14;371
25;2025-11-03;15;404
25;2025-11-03;16;486
25;2025-11-03;17;478
25;2025-11-03;18;469
25;2025-11-03;19;340
25;2025-11-03;20;192
25;2025-11-03;21;124
25;2025-11-03;22;72
25;2025-11-03;23;17
25;2025-11-04;0;2
25;2025-11-04;1;2
25;2025-11-04;2;1
25;2025-11-04;3;1
25;2025-11-04;4;1
25;2025-11-04;5;4
25;2025-11-04;6;53
25;2025-11-04;7;274
25;2025-11-04;8;420
25;2025-11-04;9;292
25;2025-11-04;10;239
25;2025-11-04;11;288
25;2025-11-04;12;293
25;2025-11-04;13;350
25;2025-11-04;14;364
25;2025-11-04;15;418
25;2025-11-04;16;454
25;2025-11-04;17;451
25;2025-11-04;18;430
25;2025-11-04;19;355
25;2025-11-04;20;199
25;2025-11-04;21;111
25;2025-11-04;22;59
25;2025-11-04;23;4
25;2025-11-05;0;0
25;2025-11-05;1;0
25;2025-11-05;2;0
25;2025-11-05;3;0
25;2025-11-05;4;0
25;2025-11-05;5;8
25;2025-11-05;6;169
25;2025-11-05;7;503
25;2025-11-05;8;840
25;2025-11-05;9;496
25;2025-11-05;10;384
25;2025-11-05;11;408
25;2025-11-05;12;410
25;2025-11-05;13;518
25;2025-11-05;14;450
25;2025-11-05;15;541
25;2025-11-05;16;631
25;2025-11-05;17;698
25;2025-11-05;18;756
25;2025-11-05;19;493
25;2025-11-05;20;320
25;2025-11-05;21;217
25;2025-11-05;22;110
25;2025-11-05;23;0
25;2025-11-06;0;0
25;2025-11-06;1;1
25;2025-11-06;2;0
25;2025-11-06;3;0
25;2025-11-06;4;1
25;2025-11-06;5;10
25;2025-11-06;6;161
25;2025-11-06;7;481
25;2025-11-06;8;833
25;2025-11-06;9;452
25;2025-11-06;10;375
25;2025-11-06;11;386
25;2025-11-06;12;398
25;2025-11-06;13;471
25;2025-11-06;14;452
25;2025-11-06;15;520
25;2025-11-06;16;628
25;2025-11-06;17;694
25;2025-11-06;18;732
25;2025-11-06;19;463
25;2025-11-06;20;301
25;2025-11-06;21;213
25;2025-11-06;22;113
25;2025-11-06;23;6
25;2025-11-07;0;0
25;2025-11-07;1;1
25;2025-11-07;2;0
25;2025-11-07;3;0
25;2025-11-07;4;0
25;2025-11-07;5;9
25;2025-11-07;6;164
25;2025-11-07;7;477
25;2025-11-07;8;767
25;2025-11-07;9;442
25;2025-11-07;10;355
25;2025-11-07;11;410
25;2025-11-07;12;407
25;2025-11-07;13;499
25;2025-11-07;14;468
25;2025-11-07;15;547
25;2025-11-07;16;687
25;2025-11-07;17;692
25;2025-11-07;18;629
25;2025-11-07;19;410
25;2025-11-07;20;280
25;2025-11-07;21;208
25;2025-11-07;22;124
25;2025-11-07;23;4
25;2025-11-08;0;0
25;2025-11-08;1;0
25;2025-11-08;2;0
25;2025-11-08;3;0
25;2025-11-08;4;0
25;2025-11-08;5;2
25;2025-11-08;6;60
25;2025-11-08;7;140
25;2025-11-08;8;293
25;2025-11-08;9;291
25;2025-11-08;10;291
25;2025-11-08;11;366
25;2025-11-08;12;408
25;2025-11-08;13;490
25;2025-11-08;14;551
25;2025-11-08;15;587
25;2025-11-08;16;547
25;2025-11-08;17;477
25;2025-11-08;18;462
25;2025-11-08;19;399
25;2025-11-08;20;264
25;2025-11-08;21;224
25;2025-11-08;22;122
25;2025-11-08;23;27
25;2025-11-09;0;0
25;2025-11-09;1;0
25;2025-11-09;2;0
25;2025-11-09;3;0
25;2025-11-09;4;0
25;2025-11-09;5;0
25;2025-11-09;6;32
25;2025-11-09;7;94
25;2025-11-09;8;175
25;2025-11-09;9;191
25;2025-11-09;10;207
25;2025-11-09;11;270
25;2025-11-09;12;334
25;2025-11-09;13;397
25;2025-11-09;14;453
25;2025-11-09;15;499
25;2025-11-09;16;454
25;2025-11-09;17;413
25;2025-11-09;18;392
25;2025-11-09;19;299
25;2025-11-09;20;202
25;2025-11-09;21;157
25;2025-11-09;22;89
25;2025-11-09;23;8
25;2025-11-10;0;0
25;2025-11-10;1;0
25;2025-11-10;2;0
25;2025-11-10;3;0
25;2025-11-10;4;0
25;2025-11-10;5;0
25;2025-11-10;6;142
25;2025-11-10;7;473
25;2025-11-10;8;786
25;2025-11-10;9;437
25;2025-11-10;10;324
25;2025-11-10;11;352
25;2025-11-10;12;363
25;2025-11-10;13;469
25;2025-11-10;14;402
25;2025-11-10;15;452
25;2025-11-10;16;630
25;2025-11-10;17;685
25;2025-11-10;18;722
25;2025-11-10;19;438
25;2025-11-10;20;261
25;2025-11-10;21;166
25;2025-11-10;22;83
25;2025-11-10;23;0
25;2025-11-11;0;0
25;2025-11-11;1;0
25;2025-11-11;2;0
25;2025-11-11;3;0
25;2025-11-11;4;0
25;2025-11-11;5;0
25;2025-11-11;6;157
25;2025-11-11;7;503
25;2025-11-11;8;839
25;2025-11-11;9;468
25;2025-11-11;10;369
25;2025-11-11;11;410
25;2025-11-11;12;382
25;2025-11-11;13;467
25;2025-11-11;14;434
25;2025-11-11;15;512
25;2025-11-11;16;632
25;2025-11-11;17;681
25;2025-11-11;18;727
25;2025-11-11;19;488
25;2025-11-11;20;294
25;2025-11-11;21;176
25;2025-11-11;22;91
25;2025-11-11;23;0
25;2025-11-12;0;0
25;2025-11-12;1;0
25;2025-11-12;2;0
25;2025-11-12;3;0
25;2025-11-12;4;0
25;2025-11-12;5;0
25;2025-11-12;6;168
25;2025-11-12;7;499
25;2025-11-12;8;845
25;2025-11-12;9;496
25;2025-11-12;10;380
25;2025-11-12;11;408
25;2025-11-12;12;409
25;2025-11-12;13;516
25;2025-11-12;14;449
25;2025-11-12;15;547
25;2025-11-12;16;642
25;2025-11-12;17;708
25;2025-11-12;18;770
25;2025-11-12;19;508
25;2025-11-12;20;332
25;2025-11-12;21;221
25;2025-11-12;22;112
25;2025-11-12;23;0
25;2025-11-13;0;0
25;2025-11-13;1;1
25;2025-11-13;2;0
25;2025-11-13;3;0
25;2025-11-13;4;0
25;2025-11-13;5;2
25;2025-11-13;6;161
25;2025-11-13;7;497
25;2025-11-13;8;856
25;2025-11-13;9;465
25;2025-11-13;10;387
25;2025-11-13;11;399
25;2025-11-13;12;412
25;2025-11-13;13;486
25;2025-11-13;14;465
25;2025-11-13;15;541
25;2025-11-13;16;650
25;2025-11-13;17;717
25;2025-11-13;18;756
25;2025-11-13;19;478
25;2025-11-13;20;312
25;2025-11-13;21;215
25;2025-11-13;22;115
25;2025-11-13;23;1
25;2025-11-14;0;0
25;2025-11-14;1;1
25;2025-11-14;2;0
25;2025-11-14;3;0
25;2025-11-14;4;0
25;2025-11-14;5;0
25;2025-11-14;6;162
25;2025-11-14;7;486
25;2025-11-14;8;804
25;2025-11-14;9;453
25;2025-11-14;10;362
25;2025-11-14;11;422
25;2025-11-14;12;419
25;2025-11-14;13;511
25;2025-11-14;14;480
25;2025-11-14;15;567
25;2025-11-14;16;709
25;2025-11-14;17;713
25;2025-11-14;18;651
25;2025-11-14;19;423
25;2025-11-14;20;284
25;2025-11-14;21;210
25;2025-11-14;22;125
25;2025-11-14;23;0
25;2025-11-15;0;0
25;2025-11-15;1;0
25;2025-11-15;2;0
25;2025-11-15;3;0
25;2025-11-15;4;0
25;2025-11-15;5;0
25;2025-11-15;6;56
25;2025-11-15;7;139
25;2025-11-15;8;304
25;2025-11-15;9;294
25;2025-11-15;10;295
25;2025-11-15;11;377
25;2025-11-15;12;420
25;2025-11-15;13;505
25;2025-11-15;14;567
25;2025-11-15;15;611
25;2025-11-15;16;571
25;2025-11-15;17;497
25;2025-11-15;18;483
25;2025-11-15;19;414
25;2025-11-15;20;270
25;2025-11-15;21;229
25;2025-11-15;22;136
25;2025-11-15;23;37
25;2025-11-16;0;1
25;2025-11-16;1;0
25;2025-11-16;2;0
25;2025-11-16;3;0
25;2025-11-16;4;0
25;2025-11-16;5;0
25;2025-11-16;6;39
25;2025-11-16;7;100
25;2025-11-16;8;192
25;2025-11-16;9;201
25;2025-11-16;10;216
25;2025-11-16;11;281
25;2025-11-16;12;350
25;2025-11-16;13;417
25;2025-11-16;14;474
25;2025-11-16;15;529
25;2025-11-16;16;480
25;2025-11-16;17;440
25;2025-11-16;18;420
25;2025-11-16;19;321
25;2025-11-16;20;216
25;2025-11-16;21;170
25;2025-11-16;22;102
25;2025-11-16;23;17
25;2025-11-17;0;1
25;2025-11-17;1;0
25;2025-11-17;2;0
25;2025-11-17;3;0
25;2025-11-17;4;0
25;2025-11-17;5;0
25;2025-11-17;6;152
25;2025-11-17;7;492
25;2025-11-17;8;816
25;2025-11-17;9;457
25;2025-11-17;10;334
25;2025-11-17;11;368
25;2025-11-17;12;382
25;2025-11-17;13;489
25;2025-11-17;14;421
25;2025-11-17;15;478
25;2025-11-17;16;644
25;2025-11-17;17;699
25;2025-11-17;18;737
25;2025-11-17;19;454
25;2025-11-17;20;273
25;2025-11-17;21;176
25;2025-11-17;22;92
25;2025-11-17;23;0
25;2025-11-18;0;0
25;2025-11-18;1;0
25;2025-11-18;2;0
25;2025-11-18;3;0
25;2025-11-18;4;0
25;2025-11-18;5;0
25;2025-11-18;6;160
25;2025-11-18;7;508
25;2025-11-18;8;846
25;2025-11-18;9;474
25;2025-11-18;10;376
25;2025-11-18;11;417
25;2025-11-18;12;389
25;2025-11-18;13;474
25;2025-11-18;14;441
25;2025-11-18;15;517
25;2025-11-18;16;638
25;2025-11-18;17;686
25;2025-11-18;18;732
25;2025-11-18;19;494
25;2025-11-18;20;300
25;2025-11-18;21;180
25;2025-11-18;22;96
25;2025-11-18;23;0
25;2025-11-19;0;0
25;2025-11-19;1;0
25;2025-11-19;2;0
25;2025-11-19;3;0
25;2025-11-19;4;0
25;2025-11-19;5;0
25;2025-11-19;6;168
25;2025-11-19;7;498
25;2025-11-19;8;844
25;2025-11-19;9;497
25;2025-11-19;10;381
25;2025-11-19;11;408
25;2025-11-19;12;408
25;2025-11-19;13;515
25;2025-11-19;14;448
25;2025-11-19;15;546
25;2025-11-19;16;641
25;2025-11-19;17;707
25;2025-11-19;18;769
25;2025-11-19;19;508
25;2025-11-19;20;334
25;2025-11-19;21;223
25;2025-11-19;22;115
25;2025-11-19;23;0
25;2025-11-20;0;0
25;2025-11-20;1;1
25;2025-11-20;2;0
25;2025-11-20;3;0
25;2025-11-20;4;0
25;2025-11-20;5;0
25;2025-11-20;6;161
25;2025-11-20;7;495
25;2025-11-20;8;856
25;2025-11-20;9;466
25;2025-11-20;10;388
25;2025-11-20;11;401
25;2025-11-20;12;413
25;2025-11-20;13;487
25;2025-11-20;14;467
25;2025-11-20;15;543
25;2025-11-20;16;652
25;2025-11-20;17;718
25;2025-11-20;18;757
25;2025-11-20;19;481
25;2025-11-20;20;315
25;2025-11-20;21;219
25;2025-11-20;22;119
25;2025-11-20;23;3
25;2025-11-21;0;0
25;2025-11-21;1;2
25;2025-11-21;2;0
25;2025-11-21;3;0
25;2025-11-21;4;0
25;2025-11-21;5;2
25;2025-11-21;6;166
25;2025-11-21;7;488
25;2025-11-21;8;805
25;2025-11-21;9;454
25;2025-11-21;10;364
25;2025-11-21;11;424
25;2025-11-21;12;421
25;2025-11-21;13;512
25;2025-11-21;14;482
25;2025-11-21;15;568
25;2025-11-21;16;710
25;2025-11-21;17;714
25;2025-11-21;18;653
25;2025-11-21;19;426
25;2025-11-21;20;289
25;2025-11-21;21;214
25;2025-11-21;22;130
25;2025-11-21;23;1
25;2025-11-22;0;0
25;2025-11-22;1;1
25;2025-11-22;2;0
25;2025-11-22;3;0
25;2025-11-22;4;0
25;2025-11-22;5;0
25;2025-11-22;6;58
25;2025-11-22;7;139
25;2025-11-22;8;304
25;2025-11-22;9;294
25;2025-11-22;10;295
25;2025-11-22;11;377
25;2025-11-22;12;421
25;2025-11-22;13;489
25;2025-11-22;14;551
25;2025-11-22;15;587
25;2025-11-22;16;547
25;2025-11-22;17;478
25;2025-11-22;18;464
25;2025-11-22;19;404
25;2025-11-22;20;265
25;2025-11-22;21;224
25;2025-11-22;22;132
25;2025-11-22;23;34
25;2025-11-23;0;2
25;2025-11-23;1;1
25;2025-11-23;2;0
25;2025-11-23;3;0
25;2025-11-23;4;0
25;2025-11-23;5;0
25;2025-11-23;6;39
25;2025-11-23;7;98
25;2025-11-23;8;182
25;2025-11-23;9;198
25;2025-11-23;10;214
25;2025-11-23;11;279
25;2025-11-23;12;348
25;2025-11-23;13;410
25;2025-11-23;14;466
25;2025-11-23;15;512
25;2025-11-23;16;466
25;2025-11-23;17;426
25;2025-11-23;18;406
25;2025-11-23;19;315
25;2025-11-23;20;213
25;2025-11-23;21;168
25;2025-11-23;22;99
25;2025-11-23;23;16
25;2025-11-24;0;0
25;2025-11-24;1;1
25;2025-11-24;2;0
25;2025-11-24;3;0
25;2025-11-24;4;0
25;2025-11-24;5;0
25;2025-11-24;6;147
25;2025-11-24;7;481
25;2025-11-24;8;801
25;2025-11-24;9;454
25;2025-11-24;10;336
25;2025-11-24;11;369
25;2025-11-24;12;380
25;2025-11-24;13;485
25;2025-11-24;14;419
25;2025-11-24;15;468
25;2025-11-24;16;630
25;2025-11-24;17;685
25;2025-11-24;18;722
25;2025-11-24;19;450
25;2025-11-24;20;274
25;2025-11-24;21;178
25;2025-11-24;22;94
25;2025-11-24;23;0
25;2025-11-25;0;0
25;2025-11-25;1;0
25;2025-11-25;2;0
25;2025-11-25;3;0
25;2025-11-25;4;0
25;2025-11-25;5;4
25;2025-11-25;6;162
25;2025-11-25;7;505
25;2025-11-25;8;833
25;2025-11-25;9;473
25;2025-11-25;10;378
25;2025-11-25;11;417
25;2025-11-25;12;390
25;2025-11-25;13;474
25;2025-11-25;14;442
25;2025-11-25;15;509
25;2025-11-25;16;629
25;2025-11-25;17;678
25;2025-11-25;18;724
25;2025-11-25;19;493
25;2025-11-25;20;305
25;2025-11-25;21;186
25;2025-11-25;22;101
25;2025-11-25;23;0
25;2025-11-26;0;0
25;2025-11-26;1;0
25;2025-11-26;2;0
25;2025-11-26;3;0
25;2025-11-26;4;0
25;2025-11-26;5;6
25;2025-11-26;6;168
25;2025-11-26;7;494
25;2025-11-26;8;829
25;2025-11-26;9;491
25;2025-11-26;10;380
25;2025-11-26;11;404
25;2025-11-26;12;406
25;2025-11-26;13;508
25;2025-11-26;14;445
25;2025-11-26;15;532
25;2025-11-26;16;628
25;2025-11-26;17;693
25;2025-11-26;18;752
25;2025-11-26;19;496
25;2025-11-26;20;327
25;2025-11-26;21;219
25;2025-11-26;22;111
25;2025-11-26;23;0
25;2025-11-27;0;0
25;2025-11-27;1;0
25;2025-11-27;2;0
25;2025-11-27;3;0
25;2025-11-27;4;0
25;2025-11-27;5;7
25;2025-11-27;6;159
25;2025-11-27;7;486
25;2025-11-27;8;838
25;2025-11-27;9;457
25;2025-11-27;10;380
25;2025-11-27;11;394
25;2025-11-27;12;405
25;2025-11-27;13;477
25;2025-11-27;14;458
25;2025-11-27;15;525
25;2025-11-27;16;635
25;2025-11-27;17;701
25;2025-11-27;18;740
25;2025-11-27;19;472
25;2025-11-27;20;312
25;2025-11-27;21;217
25;2025-11-27;22;117
25;2025-11-27;23;7
25;2025-11-28;0;0
25;2025-11-28;1;1
25;2025-11-28;2;0
25;2025-11-28;3;0
25;2025-11-28;4;0
25;2025-11-28;5;8
25;2025-11-28;6;165
25;2025-11-28;7;484
25;2025-11-28;8;792
25;2025-11-28;9;450
25;2025-11-28;10;364
25;2025-11-28;11;418
25;2025-11-28;12;415
25;2025-11-28;13;505
25;2025-11-28;14;475
25;2025-11-28;15;554
25;2025-11-28;16;695
25;2025-11-28;17;700
25;2025-11-28;18;639
25;2025-11-28;19;420
25;2025-11-28;20;288
25;2025-11-28;21;212
25;2025-11-28;22;127
25;2025-11-28;23;5
25;2025-11-29;0;0
25;2025-11-29;1;0
25;2025-11-29;2;0
25;2025-11-29;3;0
25;2025-11-29;4;0
25;2025-11-29;5;0
25;2025-11-29;6;57
25;2025-11-29;7;136
25;2025-11-29;8;294
25;2025-11-29;9;292
25;2025-11-29;10;293
25;2025-11-29;11;373
25;2025-11-29;12;416
25;2025-11-29;13;498
25;2025-11-29;14;560
25;2025-11-29;15;594
25;2025-11-29;16;554
25;2025-11-29;17;482
25;2025-11-29;18;468
25;2025-11-29;19;409
25;2025-11-29;20;270
25;2025-11-29;21;229
25;2025-11-29;22;137
25;2025-11-29;23;39
25;2025-11-30;0;9
25;2025-11-30;1;1
25;2025-11-30;2;0
25;2025-11-30;3;0
25;2025-11-30;4;0
25;2025-11-30;5;2
25;2025-11-30;6;44
25;2025-11-30;7;107
25;2025-11-30;8;191
25;2025-11-30;9;208
25;2025-11-30;10;223
25;2025-11-30;11;288
25;2025-11-30;12;356
25;2025-11-30;13;419
25;2025-11-30;14;475
25;2025-11-30;15;522
25;2025-11-30;16;474
25;2025-11-30;17;434
25;2025-11-30;18;413
25;2025-11-30;19;324
25;2025-11-30;20;222
25;2025-11-30;21;175
25;2025-11-30;22;107
25;2025-11-30;23;25
25;2025-12-01;0;6
25;2025-12-01;1;0
25;2025-12-01;2;0
25;2025-12-01;3;0
25;2025-12-01;4;0
25;2025-12-01;5;6
25;2025-12-01;6;155
25;2025-12-01;7;484
25;2025-12-01;8;798
25;2025-12-01;9;450
25;2025-12-01;10;333
25;2025-12-01;11;365
25;2025-12-01;12;377
25;2025-12-01;13;484
25;2025-12-01;14;416
25;2025-12-01;15;465
25;2025-12-01;16;629
25;2025-12-01;17;684
25;2025-12-01;18;723
25;2025-12-01;19;451
25;2025-12-01;20;275
25;2025-12-01;21;179
25;2025-12-01;22;96
25;2025-12-01;23;0
25;2025-12-02;0;0
25;2025-12-02;1;0
25;2025-12-02;2;0
25;2025-12-02;3;0
25;2025-12-02;4;0
25;2025-12-02;5;3
25;2025-12-02;6;161
25;2025-12-02;7;497
25;2025-12-02;8;827
25;2025-12-02;9;465
25;2025-12-02;10;370
25;2025-12-02;11;409
25;2025-12-02;12;384
25;2025-12-02;13;468
25;2025-12-02;14;436
25;2025-12-02;15;503
25;2025-12-02;16;623
25;2025-12-02;17;673
25;2025-12-02;18;723
25;2025-12-02;19;491
25;2025-12-02;20;304
25;2025-12-02;21;186
25;2025-12-02;22;102
25;2025-12-02;23;0
25;2025-12-03;0;0
25;2025-12-03;1;0
25;2025-12-03;2;0
25;2025-12-03;3;0
25;2025-12-03;4;0
25;2025-12-03;5;6
25;2025-12-03;6;171
25;2025-12-03;7;495
25;2025-12-03;8;830
25;2025-12-03;9;492
25;2025-12-03;10;380
25;2025-12-03;11;405
25;2025-12-03;12;406
25;2025-12-03;13;511
25;2025-12-03;14;446
25;2025-12-03;15;535
25;2025-12-03;16;629
25;2025-12-03;17;696
25;2025-12-03;18;757
25;2025-12-03;19;497
25;2025-12-03;20;327
25;2025-12-03;21;224
25;2025-12-03;22;117
25;2025-12-03;23;0
25;2025-12-04;0;0
25;2025-12-04;1;0
25;2025-12-04;2;0
25;2025-12-04;3;0
25;2025-12-04;4;0
25;2025-12-04;5;8
25;2025-12-04;6;165
25;2025-12-04;7;485
25;2025-12-04;8;838
25;2025-12-04;9;457
25;2025-12-04;10;380
25;2025-12-04;11;392
25;2025-12-04;12;403
25;2025-12-04;13;476
25;2025-12-04;14;457
25;2025-12-04;15;525
25;2025-12-04;16;634
25;2025-12-04;17;701
25;2025-12-04;18;741
25;2025-12-04;19;472
25;2025-12-04;20;312
25;2025-12-04;21;222
25;2025-12-04;22;123
25;2025-12-04;23;9
25;2025-12-05;0;0
25;2025-12-05;1;1
25;2025-12-05;2;0
25;2025-12-05;3;0
25;2025-12-05;4;0
25;2025-12-05;5;9
25;2025-12-05;6;172
25;2025-12-05;7;487
25;2025-12-05;8;796
25;2025-12-05;9;453
25;2025-12-05;10;367
25;2025-12-05;11;420
25;2025-12-05;12;417
25;2025-12-05;13;507
25;2025-12-05;14;477
25;2025-12-05;15;556
25;2025-12-05;16;697
25;2025-12-05;17;704
25;2025-12-05;18;641
25;2025-12-05;19;421
25;2025-12-05;20;292
25;2025-12-05;21;218
25;2025-12-05;22;134
25;2025-12-05;23;9
25;2025-12-06;0;0
25;2025-12-06;1;0
25;2025-12-06;2;0
25;2025-12-06;3;0
25;2025-12-06;4;0
25;2025-12-06;5;1
25;2025-12-06;6;64
25;2025-12-06;7;142
25;2025-12-06;8;299
25;2025-12-06;9;296
25;2025-12-06;10;297
25;2025-12-06;11;373
25;2025-12-06;12;418
25;2025-12-06;13;499
25;2025-12-06;14;561
25;2025-12-06;15;595
25;2025-12-06;16;557
25;2025-12-06;17;486
25;2025-12-06;18;471
25;2025-12-06;19;411
25;2025-12-06;20;274
25;2025-12-06;21;233
25;2025-12-06;22;142
25;2025-12-06;23;46
25;2025-12-07;0;12
25;2025-12-07;1;1
25;2025-12-07;2;0
25;2025-12-07;3;0
25;2025-12-07;4;0
25;2025-12-07;5;3
25;2025-12-07;6;51
25;2025-12-07;7;110
25;2025-12-07;8;192
25;2025-12-07;9;208
25;2025-12-07;10;224
25;2025-12-07;11;290
25;2025-12-07;12;354
25;2025-12-07;13;417
25;2025-12-07;14;473
25;2025-12-07;15;520
25;2025-12-07;16;475
25;2025-12-07;17;435
25;2025-12-07;18;414
25;2025-12-07;19;326
25;2025-12-07;20;227
25;2025-12-07;21;182
25;2025-12-07;22;114
25;2025-12-07;23;31
25;2025-12-08;0;9
25;2025-12-08;1;0
25;2025-12-08;2;0
25;2025-12-08;3;0
25;2025-12-08;4;0
25;2025-12-08;5;6
25;2025-12-08;6;164
25;2025-12-08;7;492
25;2025-12-08;8;807
25;2025-12-08;9;458
25;2025-12-08;10;344
25;2025-12-08;11;373
25;2025-12-08;12;384
25;2025-12-08;13;491
25;2025-12-08;14;423
25;2025-12-08;15;472
25;2025-12-08;16;636
25;2025-12-08;17;692
25;2025-12-08;18;729
25;2025-12-08;19;456
25;2025-12-08;20;286
25;2025-12-08;21;189
25;2025-12-08;22;106
25;2025-12-08;23;2
25;2025-12-09;0;0
25;2025-12-09;1;0
25;2025-12-09;2;0
25;2025-12-09;3;0
25;2025-12-09;4;0
25;2025-12-09;5;7
25;2025-12-09;6;175
25;2025-12-09;7;510
25;2025-12-09;8;840
25;2025-12-09;9;477
25;2025-12-09;10;382
25;2025-12-09;11;421
25;2025-12-09;12;394
25;2025-12-09;13;478
25;2025-12-09;14;446
25;2025-12-09;15;513
25;2025-12-09;16;633
25;2025-12-09;17;685
25;2025-12-09;18;730
25;2025-12-09;19;499
25;2025-12-09;20;312
25;2025-12-09;21;197
25;2025-12-09;22;113
25;2025-12-09;23;3
25;2025-12-10;0;0
25;2025-12-10;1;0
25;2025-12-10;2;0
25;2025-12-10;3;0
25;2025-12-10;4;0
25;2025-12-10;5;11
25;2025-12-10;6;183
25;2025-12-10;7;502
25;2025-12-10;8;835
25;2025-12-10;9;496
25;2025-12-10;10;384
25;2025-12-10;11;409
25;2025-12-10;12;411
25;2025-12-10;13;515
25;2025-12-10;14;450
25;2025-12-10;15;539
25;2025-12-10;16;634
25;2025-12-10;17;702
25;2025-12-10;18;760
25;2025-12-10;19;503
25;2025-12-10;20;332
25;2025-12-10;21;230
25;2025-12-10;22;122
25;2025-12-10;23;0
25;2025-12-11;0;0
25;2025-12-11;1;1
25;2025-12-11;2;0
25;2025-12-11;3;0
25;2025-12-11;4;1
25;2025-12-11;5;14
25;2025-12-11;6;173
25;2025-12-11;7;492
25;2025-12-11;8;841
25;2025-12-11;9;461
25;2025-12-11;10;384
25;2025-12-11;11;397
25;2025-12-11;12;408
25;2025-12-11;13;483
25;2025-12-11;14;462
25;2025-12-11;15;532
25;2025-12-11;16;640
25;2025-12-11;17;707
25;2025-12-11;18;745
25;2025-12-11;19;477
25;2025-12-11;20;318
25;2025-12-11;21;228
25;2025-12-11;22;130
25;2025-12-11;23;14
25;2025-12-12;0;4
25;2025-12-12;1;2
25;2025-12-12;2;0
25;2025-12-12;3;0
25;2025-12-12;4;0
25;2025-12-12;5;14
25;2025-12-12;6;179
25;2025-12-12;7;491
25;2025-12-12;8;797
25;2025-12-12;9;456
25;2025-12-12;10;369
25;2025-12-12;11;422
25;2025-12-12;12;419
25;2025-12-12;13;512
25;2025-12-12;14;479
25;2025-12-12;15;561
25;2025-12-12;16;701
25;2025-12-12;17;706
25;2025-12-12;18;644
25;2025-12-12;19;426
25;2025-12-12;20;298
25;2025-12-12;21;224
25;2025-12-12;22;142
25;2025-12-12;23;14
25;2025-12-13;0;2
25;2025-12-13;1;1
25;2025-12-13;2;0
25;2025-12-13;3;0
25;2025-12-13;4;0
25;2025-12-13;5;7
25;2025-12-13;6;72
25;2025-12-13;7;146
25;2025-12-13;8;300
25;2025-12-13;9;298
25;2025-12-13;10;299
25;2025-12-13;11;374
25;2025-12-13;12;418
25;2025-12-13;13;503
25;2025-12-13;14;562
25;2025-12-13;15;599
25;2025-12-13;16;561
25;2025-12-13;17;489
25;2025-12-13;18;474
25;2025-12-13;19;415
25;2025-12-13;20;279
25;2025-12-13;21;237
25;2025-12-13;22;148
25;2025-12-13;23;50
25;2025-12-14;0;14
25;2025-12-14;1;1
25;2025-12-14;2;0
25;2025-12-14;3;0
25;2025-12-14;4;0
25;2025-12-14;5;8
25;2025-12-14;6;57
25;2025-12-14;7;114
25;2025-12-14;8;197
25;2025-12-14;9;213
25;2025-12-14;10;229
25;2025-12-14;11;294
25;2025-12-14;12;359
25;2025-12-14;13;427
25;2025-12-14;14;477
25;2025-12-14;15;531
25;2025-12-14;16;483
25;2025-12-14;17;442
25;2025-12-14;18;420
25;2025-12-14;19;330
25;2025-12-14;20;231
25;2025-12-14;21;187
25;2025-12-14;22;119
25;2025-12-14;23;36
25;2025-12-15;0;13
25;2025-12-15;1;1
25;2025-12-15;2;0
25;2025-12-15;3;0
25;2025-12-15;4;0
25;2025-12-15;5;11
25;2025-12-15;6;169
25;2025-12-15;7;497
25;2025-12-15;8;813
25;2025-12-15;9;462
25;2025-12-15;10;348
25;2025-12-15;11;377
25;2025-12-15;12;388
25;2025-12-15;13;499
25;2025-12-15;14;427
25;2025-12-15;15;480
25;2025-12-15;16;647
25;2025-12-15;17;699
25;2025-12-15;18;733
25;2025-12-15;19;459
25;2025-12-15;20;289
25;2025-12-15;21;192
25;2025-12-15;22;111
25;2025-12-15;23;6
25;2025-12-16;0;2
25;2025-12-16;1;0
25;2025-12-16;2;0
25;2025-12-16;3;0
25;2025-12-16;4;0
25;2025-12-16;5;11
25;2025-12-16;6;178
25;2025-12-16;7;514
25;2025-12-16;8;841
25;2025-12-16;9;479
25;2025-12-16;10;385
25;2025-12-16;11;424
25;2025-12-16;12;397
25;2025-12-16;13;483
25;2025-12-16;14;449
25;2025-12-16;15;518
25;2025-12-16;16;637
25;2025-12-16;17;688
25;2025-12-16;18;733
25;2025-12-16;19;500
25;2025-12-16;20;315
25;2025-12-16;21;200
25;2025-12-16;22;117
25;2025-12-16;23;6
25;2025-12-17;0;1
25;2025-12-17;1;0
25;2025-12-17;2;0
25;2025-12-17;3;0
25;2025-12-17;4;0
25;2025-12-17;5;14
25;2025-12-17;6;184
25;2025-12-17;7;503
25;2025-12-17;8;835
25;2025-12-17;9;498
25;2025-12-17;10;386
25;2025-12-17;11;408
25;2025-12-17;12;410
25;2025-12-17;13;516
25;2025-12-17;14;447
25;2025-12-17;15;538
25;2025-12-17;16;631
25;2025-12-17;17;701
25;2025-12-17;18;759
25;2025-12-17;19;501
25;2025-12-17;20;334
25;2025-12-17;21;231
25;2025-12-17;22;126
25;2025-12-17;23;3
25;2025-12-18;0;1
25;2025-12-18;1;1
25;2025-12-18;2;0
25;2025-12-18;3;0
25;2025-12-18;4;1
25;2025-12-18;5;14
25;2025-12-18;6;171
25;2025-12-18;7;491
25;2025-12-18;8;841
25;2025-12-18;9;461
25;2025-12-18;10;385
25;2025-12-18;11;398
25;2025-12-18;12;409
25;2025-12-18;13;484
25;2025-12-18;14;462
25;2025-12-18;15;532
25;2025-12-18;16;640
25;2025-12-18;17;707
25;2025-12-18;18;746
25;2025-12-18;19;477
25;2025-12-18;20;321
25;2025-12-18;21;231
25;2025-12-18;22;133
25;2025-12-18;23;15
25;2025-12-19;0;3
25;2025-12-19;1;1
25;2025-12-19;2;1
25;2025-12-19;3;1
25;2025-12-19;4;1
25;2025-12-19;5;14
25;2025-12-19;6;169
25;2025-12-19;7;478
25;2025-12-19;8;786
25;2025-12-19;9;444
25;2025-12-19;10;357
25;2025-12-19;11;411
25;2025-12-19;12;408
25;2025-12-19;13;500
25;2025-12-19;14;468
25;2025-12-19;15;550
25;2025-12-19;16;690
25;2025-12-19;17;696
25;2025-12-19;18;633
25;2025-12-19;19;414
25;2025-12-19;20;289
25;2025-12-19;21;217
25;2025-12-19;22;137
25;2025-12-19;23;13
25;2025-12-20;0;1
25;2025-12-20;1;0
25;2025-12-20;2;0
25;2025-12-20;3;0
25;2025-12-20;4;0
25;2025-12-20;5;6
25;2025-12-20;6;65
25;2025-12-20;7;142
25;2025-12-20;8;291
25;2025-12-20;9;292
25;2025-12-20;10;290
25;2025-12-20;11;366
25;2025-12-20;12;411
25;2025-12-20;13;496
25;2025-12-20;14;555
25;2025-12-20;15;593
25;2025-12-20;16;555
25;2025-12-20;17;482
25;2025-12-20;18;468
25;2025-12-20;19;408
25;2025-12-20;20;274
25;2025-12-20;21;235
25;2025-12-20;22;145
25;2025-12-20;23;49
25;2025-12-21;0;15
25;2025-12-21;1;0
25;2025-12-21;2;0
25;2025-12-21;3;0
25;2025-12-21;4;0
25;2025-12-21;5;8
25;2025-12-21;6;52
25;2025-12-21;7;110
25;2025-12-21;8;191
25;2025-12-21;9;207
25;2025-12-21;10;223
25;2025-12-21;11;285
25;2025-12-21;12;361
25;2025-12-21;13;430
25;2025-12-21;14;479
25;2025-12-21;15;533
25;2025-12-21;16;485
25;2025-12-21;17;444
25;2025-12-21;18;423
25;2025-12-21;19;330
25;2025-12-21;20;226
25;2025-12-21;21;181
25;2025-12-21;22;116
25;2025-12-21;23;32
25;2025-12-22;0;13
25;2025-12-22;1;1
25;2025-12-22;2;1
25;2025-12-22;3;1
25;2025-12-22;4;1
25;2025-12-22;5;12
25;2025-12-22;6;160
25;2025-12-22;7;485
25;2025-12-22;8;801
25;2025-12-22;9;449
25;2025-12-22;10;337
25;2025-12-22;11;365
25;2025-12-22;12;377
25;2025-12-22;13;488
25;2025-12-22;14;416
25;2025-12-22;15;469
25;2025-12-22;16;636
25;2025-12-22;17;687
25;2025-12-22;18;721
25;2025-12-22;19;447
25;2025-12-22;20;280
25;2025-12-22;21;186
25;2025-12-22;22;106
25;2025-12-22;23;7
25;2025-12-23;0;3
25;2025-12-23;1;0
25;2025-12-23;2;0
25;2025-12-23;3;0
25;2025-12-23;4;0
25;2025-12-23;5;11
25;2025-12-23;6;167
25;2025-12-23;7;496
25;2025-12-23;8;819
25;2025-12-23;9;464
25;2025-12-23;10;369
25;2025-12-23;11;409
25;2025-12-23;12;382
25;2025-12-23;13;468
25;2025-12-23;14;433
25;2025-12-23;15;501
25;2025-12-23;16;620
25;2025-12-23;17;671
25;2025-12-23;18;715
25;2025-12-23;19;483
25;2025-12-23;20;304
25;2025-12-23;21;192
25;2025-12-23;22;111
25;2025-12-23;23;6
25;2025-12-24;0;1
25;2025-12-24;1;0
25;2025-12-24;2;0
25;2025-12-24;3;0
25;2025-12-24;4;0
25;2025-12-24;5;13
25;2025-12-24;6;173
25;2025-12-24;7;485
25;2025-12-24;8;812
25;2025-12-24;9;481
25;2025-12-24;10;370
25;2025-12-24;11;392
25;2025-12-24;12;394
25;2025-12-24;13;498
25;2025-12-24;14;430
25;2025-12-24;15;520
25;2025-12-24;16;613
25;2025-12-24;17;682
25;2025-12-24;18;740
25;2025-12-24;19;482
25;2025-12-24;20;321
25;2025-12-24;21;222
25;2025-12-24;22;119
25;2025-12-24;23;2
25;2025-12-25;0;1
25;2025-12-25;1;1
25;2025-12-25;2;0
25;2025-12-25;3;0
25;2025-12-25;4;0
25;2025-12-25;5;14
25;2025-12-25;6;163
25;2025-12-25;7;475
25;2025-12-25;8;821
25;2025-12-25;9;447
25;2025-12-25;10;371
25;2025-12-25;11;384
25;2025-12-25;12;396
25;2025-12-25;13;470
25;2025-12-25;14;449
25;2025-12-25;15;517
25;2025-12-25;16;625
25;2025-12-25;17;692
25;2025-12-25;18;733
25;2025-12-25;19;465
25;2025-12-25;20;313
25;2025-12-25;21;226
25;2025-12-25;22;130
25;2025-12-25;23;18
25;2025-12-26;0;5
25;2025-12-26;1;1
25;2025-12-26;2;0
25;2025-12-26;3;0
25;2025-12-26;4;0
25;2025-12-26;5;15
25;2025-12-26;6;169
25;2025-12-26;7;475
25;2025-12-26;8;778
25;2025-12-26;9;443
25;2025-12-26;10;358
25;2025-12-26;11;410
25;2025-12-26;12;407
25;2025-12-26;13;498
25;2025-12-26;14;469
25;2025-12-26;15;549
25;2025-12-26;16;678
25;2025-12-26;17;688
25;2025-12-26;18;627
25;2025-12-26;19;412
25;2025-12-26;20;289
25;2025-12-26;21;217
25;2025-12-26;22;138
25;2025-12-26;23;16
25;2025-12-27;0;5
25;2025-12-27;1;1
25;2025-12-27;2;0
25;2025-12-27;3;0
25;2025-12-27;4;0
25;2025-12-27;5;7
25;2025-12-27;6;63
25;2025-12-27;7;136
25;2025-12-27;8;279
25;2025-12-27;9;280
25;2025-12-27;10;278
25;2025-12-27;11;352
25;2025-12-27;12;396
25;2025-12-27;13;481
25;2025-12-27;14;541
25;2025-12-27;15;579
25;2025-12-27;16;540
25;2025-12-27;17;472
25;2025-12-27;18;460
25;2025-12-27;19;404
25;2025-12-27;20;273
25;2025-12-27;21;234
25;2025-12-27;22;146
25;2025-12-27;23;52
25;2025-12-28;0;19
25;2025-12-28;1;1
25;2025-12-28;2;0
25;2025-12-28;3;0
25;2025-12-28;4;0
25;2025-12-28;5;5
25;2025-12-28;6;47
25;2025-12-28;7;96
25;2025-12-28;8;168
25;2025-12-28;9;184
25;2025-12-28;10;198
25;2025-12-28;11;259
25;2025-12-28;12;334
25;2025-12-28;13;402
25;2025-12-28;14;452
25;2025-12-28;15;505
25;2025-12-28;16;459
25;2025-12-28;17;421
25;2025-12-28;18;402
25;2025-12-28;19;314
25;2025-12-28;20;220
25;2025-12-28;21;180
25;2025-12-28;22;116
25;2025-12-28;23;35
25;2025-12-29;0;15
25;2025-12-29;1;2
25;2025-12-29;2;1
25;2025-12-29;3;1
25;2025-12-29;4;0
25;2025-12-29;5;3
25;2025-12-29;6;143
25;2025-12-29;7;447
25;2025-12-29;8;737
25;2025-12-29;9;405
25;2025-12-29;10;300
25;2025-12-29;11;320
25;2025-12-29;12;332
25;2025-12-29;13;430
25;2025-12-29;14;372
25;2025-12-29;15;424
25;2025-12-29;16;579
25;2025-12-29;17;637
25;2025-12-29;18;675
25;2025-12-29;19;417
25;2025-12-29;20;268
25;2025-12-29;21;174
25;2025-12-29;22;100
25;2025-12-29;23;9
25;2025-12-30;0;2
25;2025-12-30;1;3
25;2025-12-30;2;2
25;2025-12-30;3;2
25;2025-12-30;4;2
25;2025-12-30;5;0
25;2025-12-30;6;140
25;2025-12-30;7;397
25;2025-12-30;8;660
25;2025-12-30;9;377
25;2025-12-30;10;288
25;2025-12-30;11;328
25;2025-12-30;12;302
25;2025-12-30;13;389
25;2025-12-30;14;355
25;2025-12-30;15;417
25;2025-12-30;16;503
25;2025-12-30;17;560
25;2025-12-30;18;606
25;2025-12-30;19;412
25;2025-12-30;20;266
25;2025-12-30;21;172
25;2025-12-30;22;97
25;2025-12-30;23;3
25;2025-12-31;0;4
25;2025-12-31;1;3
25;2025-12-31;2;1
25;2025-12-31;3;1
25;2025-12-31;4;3
25;2025-12-31;5;0
25;2025-12-31;6;21
25;2025-12-31;7;110
25;2025-12-31;8;167
25;2025-12-31;9;171
25;2025-12-31;10;124
25;2025-12-31;11;154
25;2025-12-31;12;187
25;2025-12-31;13;228
25;2025-12-31;14;241
25;2025-12-31;15;291
25;2025-12-31;16;281
25;2025-12-31;17;294
25;2025-12-31;18;310
25;2025-12-31;19;231
25;2025-12-31;20;137
25;2025-12-31;21;94
25;2025-12-31;22;46
25;2025-12-31;23;4
26;2025-11-01;0;44
26;2025-11-01;1;0
26;2025-11-01;2;3
26;2025-11-01;3;3
26;2025-11-01;4;0
26;2025-11-01;5;47
26;2025-11-01;6;284
26;2025-11-01;7;393
26;2025-11-01;8;591
26;2025-11-01;9;654
26;2025-11-01;10;762
26;2025-11-01;11;948
26;2025-11-01;12;963
26;2025-11-01;13;990
26;2025-11-01;14;959
26;2025-11-01;15;933
26;2025-11-01;16;919
26;2025-11-01;17;902
26;2025-11-01;18;866
26;2025-11-01;19;745
26;2025-11-01;20;513
26;2025-11-01;21;381
26;2025-11-01;22;235
26;2025-11-01;23;148
26;2025-11-02;0;40
26;2025-11-02;1;5
26;2025-11-02;2;5
26;2025-11-02;3;4
26;2025-11-02;4;1
26;2025-11-02;5;28
26;2025-11-02;6;177
26;2025-11-02;7;284
26;2025-11-02;8;415
26;2025-11-02;9;534
26;2025-11-02;10;618
26;2025-11-02;11;760
26;2025-11-02;12;824
26;2025-11-02;13;866
26;2025-11-02;14;843
26;2025-11-02;15;765
26;2025-11-02;16;760
26;2025-11-02;17;753
26;2025-11-02;18;672
26;2025-11-02;19;591
26;2025-11-02;20;428
26;2025-11-02;21;303
26;2025-11-02;22;200
26;2025-11-02;23;104
26;2025-11-03;0;33
26;2025-11-03;1;4
26;2025-11-03;2;1
26;2025-11-03;3;2
26;2025-11-03;4;1
26;2025-11-03;5;29
26;2025-11-03;6;308
26;2025-11-03;7;509
26;2025-11-03;8;509
26;2025-11-03;9;595
26;2025-11-03;10;718
26;2025-11-03;11;796
26;2025-11-03;12;818
26;2025-11-03;13;832
26;2025-11-03;14;828
26;2025-11-03;15;806
26;2025-11-03;16;776
26;2025-11-03;17;734
26;2025-11-03;18;685
26;2025-11-03;19;739
26;2025-11-03;20;474
26;2025-11-03;21;320
26;2025-11-03;22;182
26;2025-11-03;23;77
26;2025-11-04;0;25
26;2025-11-04;1;2
26;2025-11-04;2;2
26;2025-11-04;3;3
26;2025-11-04;4;0
26;2025-11-04;5;17
26;2025-11-04;6;291
26;2025-11-04;7;489
26;2025-11-04;8;483
26;2025-11-04;9;567
26;2025-11-04;10;696
26;2025-11-04;11;781
26;2025-11-04;12;803
26;2025-11-04;13;813
26;2025-11-04;14;816
26;2025-11-04;15;792
26;2025-11-04;16;744
26;2025-11-04;17;708
26;2025-11-04;18;631
26;2025-11-04;19;708
26;2025-11-04;20;453
26;2025-11-04;21;320
26;2025-11-04;22;168
26;2025-11-04;23;67
26;2025-11-05;0;15
26;2025-11-05;1;0
26;2025-11-05;2;0
26;2025-11-05;3;0
26;2025-11-05;4;3
26;2025-11-05;5;79
26;2025-11-05;6;496
26;2025-11-05;7;1049
26;2025-11-05;8;2036
26;2025-11-05;9;1388
26;2025-11-05;10;1162
26;2025-11-05;11;1058
26;2025-11-05;12;1101
26;2025-11-05;13;1144
26;2025-11-05;14;1185
26;2025-11-05;15;1285
26;2025-11-05;16;1421
26;2025-11-05;17;1598
26;2025-11-05;18;1741
26;2025-11-05;19;1190
26;2025-11-05;20;758
26;2025-11-05;21;475
26;2025-11-05;22;241
26;2025-11-05;23;124
26;2025-11-06;0;23
26;2025-11-06;1;0
26;2025-11-06;2;1
26;2025-11-06;3;2
26;2025-11-06;4;3
26;2025-11-06;5;83
26;2025-11-06;6;508
26;2025-11-06;7;1031
26;2025-11-06;8;2011
26;2025-11-06;9;1375
26;2025-11-06;10;1149
26;2025-11-06;11;1042
26;2025-11-06;12;1086
26;2025-11-06;13;1124
26;2025-11-06;14;1168
26;2025-11-06;15;1267
26;2025-11-06;16;1415
26;2025-11-06;17;1613
26;2025-11-06;18;1757
26;2025-11-06;19;1180
26;2025-11-06;20;735
26;2025-11-06;21;464
26;2025-11-06;22;243
26;2025-11-06;23;128
26;2025-11-07;0;25
26;2025-11-07;1;0
26;2025-11-07;2;0
26;2025-11-07;3;1
26;2025-11-07;4;2
26;2025-11-07;5;81
26;2025-11-07;6;492
26;2025-11-07;7;995
26;2025-11-07;8;1934
26;2025-11-07;9;1347
26;2025-11-07;10;1132
26;2025-11-07;11;1037
26;2025-11-07;12;1074
26;2025-11-07;13;1126
26;2025-11-07;14;1171
26;2025-11-07;15;1290
26;2025-11-07;16;1512
26;2025-11-07;17;1617
26;2025-11-07;18;1533
26;2025-11-07;19;1087
26;2025-11-07;20;692
26;2025-11-07;21;436
26;2025-11-07;22;240
26;2025-11-07;23;142
26;2025-11-08;0;40
26;2025-11-08;1;0
26;2025-11-08;2;0
26;2025-11-08;3;0
26;2025-11-08;4;0
26;2025-11-08;5;46
26;2025-11-08;6;281
26;2025-11-08;7;377
26;2025-11-08;8;569
26;2025-11-08;9;637
26;2025-11-08;10;737
26;2025-11-08;11;922
26;2025-11-08;12;936
26;2025-11-08;13;961
26;2025-11-08;14;933
26;2025-11-08;15;909
26;2025-11-08;16;897
26;2025-11-08;17;880
26;2025-11-08;18;854
26;2025-11-08;19;737
26;2025-11-08;20;506
26;2025-11-08;21;378
26;2025-11-08;22;223
26;2025-11-08;23;137
26;2025-11-09;0;25
26;2025-11-09;1;0
26;2025-11-09;2;0
26;2025-11-09;3;0
26;2025-11-09;4;0
26;2025-11-09;5;13
26;2025-11-09;6;163
26;2025-11-09;7;258
26;2025-11-09;8;388
26;2025-11-09;9;507
26;2025-11-09;10;585
26;2025-11-09;11;726
26;2025-11-09;12;788
26;2025-11-09;13;829
26;2025-11-09;14;806
26;2025-11-09;15;731
26;2025-11-09;16;732
26;2025-11-09;17;726
26;2025-11-09;18;651
26;2025-11-09;19;569
26;2025-11-09;20;411
26;2025-11-09;21;286
26;2025-11-09;22;187
26;2025-11-09;23;90
26;2025-11-10;0;7
26;2025-11-10;1;0
26;2025-11-10;2;0
26;2025-11-10;3;0
26;2025-11-10;4;0
26;2025-11-10;5;64
26;2025-11-10;6;489
26;2025-11-10;7;1011
26;2025-11-10;8;1953
26;2025-11-10;9;1346
26;2025-11-10;10;1120
26;2025-11-10;11;1011
26;2025-11-10;12;1051
26;2025-11-10;13;1089
26;2025-11-10;14;1132
26;2025-11-10;15;1234
26;2025-11-10;16;1394
26;2025-11-10;17;1589
26;2025-11-10;18;1713
26;2025-11-10;19;1166
26;2025-11-10;20;730
26;2025-11-10;21;423
26;2025-11-10;22;204
26;2025-11-10;23;86
26;2025-11-11;0;4
26;2025-11-11;1;0
26;2025-11-11;2;0
26;2025-11-11;3;0
26;2025-11-11;4;0
26;2025-11-11;5;75
26;2025-11-11;6;509
26;2025-11-11;7;1044
26;2025-11-11;8;2011
26;2025-11-11;9;1409
26;2025-11-11;10;1155
26;2025-11-11;11;1052
26;2025-11-11;12;1091
26;2025-11-11;13;1127
26;2025-11-11;14;1172
26;2025-11-11;15;1272
26;2025-11-11;16;1439
26;2025-11-11;17;1624
26;2025-11-11;18;1753
26;2025-11-11;19;1231
26;2025-11-11;20;748
26;2025-11-11;21;450
26;2025-11-11;22;213
26;2025-11-11;23;101
26;2025-11-12;0;8
26;2025-11-12;1;0
26;2025-11-12;2;0
26;2025-11-12;3;0
26;2025-11-12;4;0
26;2025-11-12;5;75
26;2025-11-12;6;502
26;2025-11-12;7;1047
26;2025-11-12;8;2037
26;2025-11-12;9;1391
26;2025-11-12;10;1161
26;2025-11-12;11;1058
26;2025-11-12;12;1100
26;2025-11-12;13;1139
26;2025-11-12;14;1184
26;2025-11-12;15;1284
26;2025-11-12;16;1425
26;2025-11-12;17;1605
26;2025-11-12;18;1755
26;2025-11-12;19;1201
26;2025-11-12;20;779
26;2025-11-12;21;488
26;2025-11-12;22;245
26;2025-11-12;23;127
26;2025-11-13;0;18
26;2025-11-13;1;0
26;2025-11-13;2;0
26;2025-11-13;3;1
26;2025-11-13;4;0
26;2025-11-13;5;81
26;2025-11-13;6;522
26;2025-11-13;7;1058
26;2025-11-13;8;2037
26;2025-11-13;9;1398
26;2025-11-13;10;1172
26;2025-11-13;11;1067
26;2025-11-13;12;1112
26;2025-11-13;13;1150
26;2025-11-13;14;1189
26;2025-11-13;15;1292
26;2025-11-13;16;1437
26;2025-11-13;17;1635
26;2025-11-13;18;1784
26;2025-11-13;19;1203
26;2025-11-13;20;761
26;2025-11-13;21;480
26;2025-11-13;22;248
26;2025-11-13;23;130
26;2025-11-14;0;19
26;2025-11-14;1;0
26;2025-11-14;2;0
26;2025-11-14;3;2
26;2025-11-14;4;0
26;2025-11-14;5;80
26;2025-11-14;6;503
26;2025-11-14;7;1016
26;2025-11-14;8;1956
26;2025-11-14;9;1369
26;2025-11-14;10;1155
26;2025-11-14;11;1058
26;2025-11-14;12;1096
26;2025-11-14;13;1147
26;2025-11-14;14;1194
26;2025-11-14;15;1311
26;2025-11-14;16;1534
26;2025-11-14;17;1640
26;2025-11-14;18;1558
26;2025-11-14;19;1112
26;2025-11-14;20;716
26;2025-11-14;21;449
26;2025-11-14;22;244
26;2025-11-14;23;143
26;2025-11-15;0;40
26;2025-11-15;1;0
26;2025-11-15;2;0
26;2025-11-15;3;0
26;2025-11-15;4;0
26;2025-11-15;5;42
26;2025-11-15;6;284
26;2025-11-15;7;394
26;2025-11-15;8;597
26;2025-11-15;9;665
26;2025-11-15;10;763
26;2025-11-15;11;945
26;2025-11-15;12;960
26;2025-11-15;13;985
26;2025-11-15;14;956
26;2025-11-15;15;935
26;2025-11-15;16;925
26;2025-11-15;17;908
26;2025-11-15;18;882
26;2025-11-15;19;761
26;2025-11-15;20;530
26;2025-11-15;21;394
26;2025-11-15;22;240
26;2025-11-15;23;152
26;2025-11-16;0;34
26;2025-11-16;1;0
26;2025-11-16;2;0
26;2025-11-16;3;0
26;2025-11-16;4;0
26;2025-11-16;5;19
26;2025-11-16;6;173
26;2025-11-16;7;275
26;2025-11-16;8;416
26;2025-11-16;9;534
26;2025-11-16;10;612
26;2025-11-16;11;754
26;2025-11-16;12;816
26;2025-11-16;13;859
26;2025-11-16;14;836
26;2025-11-16;15;758
26;2025-11-16;16;759
26;2025-11-16;17;753
26;2025-11-16;18;680
26;2025-11-16;19;602
26;2025-11-16;20;443
26;2025-11-16;21;303
26;2025-11-16;22;200
26;2025-11-16;23;103
26;2025-11-17;0;14
26;2025-11-17;1;0
26;2025-11-17;2;0
26;2025-11-17;3;1
26;2025-11-17;4;0
26;2025-11-17;5;74
26;2025-11-17;6;511
26;2025-11-17;7;1038
26;2025-11-17;8;1985
26;2025-11-17;9;1379
26;2025-11-17;10;1150
26;2025-11-17;11;1042
26;2025-11-17;12;1080
26;2025-11-17;13;1117
26;2025-11-17;14;1161
26;2025-11-17;15;1267
26;2025-11-17;16;1408
26;2025-11-17;17;1603
26;2025-11-17;18;1727
26;2025-11-17;19;1185
26;2025-11-17;20;742
26;2025-11-17;21;435
26;2025-11-17;22;214
26;2025-11-17;23;95
26;2025-11-18;0;7
26;2025-11-18;1;0
26;2025-11-18;2;0
26;2025-11-18;3;0
26;2025-11-18;4;0
26;2025-11-18;5;79
26;2025-11-18;6;515
26;2025-11-18;7;1047
26;2025-11-18;8;2014
26;2025-11-18;9;1414
26;2025-11-18;10;1160
26;2025-11-18;11;1059
26;2025-11-18;12;1096
26;2025-11-18;13;1132
26;2025-11-18;14;1178
26;2025-11-18;15;1276
26;2025-11-18;16;1442
26;2025-11-18;17;1629
26;2025-11-18;18;1757
26;2025-11-18;19;1236
26;2025-11-18;20;755
26;2025-11-18;21;456
26;2025-11-18;22;219
26;2025-11-18;23;106
26;2025-11-19;0;9
26;2025-11-19;1;0
26;2025-11-19;2;0
26;2025-11-19;3;0
26;2025-11-19;4;0
26;2025-11-19;5;76
26;2025-11-19;6;503
26;2025-11-19;7;1044
26;2025-11-19;8;2034
26;2025-11-19;9;1388
26;2025-11-19;10;1160
26;2025-11-19;11;1055
26;2025-11-19;12;1096
26;2025-11-19;13;1136
26;2025-11-19;14;1181
26;2025-11-19;15;1281
26;2025-11-19;16;1421
26;2025-11-19;17;1602
26;2025-11-19;18;1752
26;2025-11-19;19;1200
26;2025-11-19;20;780
26;2025-11-19;21;490
26;2025-11-19;22;247
26;2025-11-19;23;129
26;2025-11-20;0;18
26;2025-11-20;1;0
26;2025-11-20;2;0
26;2025-11-20;3;1
26;2025-11-20;4;0
26;2025-11-20;5;81
26;2025-11-20;6;522
26;2025-11-20;7;1055
26;2025-11-20;8;2037
26;2025-11-20;9;1399
26;2025-11-20;10;1172
26;2025-11-20;11;1067
26;2025-11-20;12;1113
26;2025-11-20;13;1150
26;2025-11-20;14;1191
26;2025-11-20;15;1294
26;2025-11-20;16;1439
26;2025-11-20;17;1636
26;2025-11-20;18;1786
26;2025-11-20;19;1206
26;2025-11-20;20;764
26;2025-11-20;21;484
26;2025-11-20;22;252
26;2025-11-20;23;134
26;2025-11-21;0;22
26;2025-11-21;1;0
26;2025-11-21;2;0
26;2025-11-21;3;2
26;2025-11-21;4;0
26;2025-11-21;5;83
26;2025-11-21;6;507
26;2025-11-21;7;1017
26;2025-11-21;8;1958
26;2025-11-21;9;1370
26;2025-11-21;10;1156
26;2025-11-21;11;1059
26;2025-11-21;12;1097
26;2025-11-21;13;1148
26;2025-11-21;14;1196
26;2025-11-21;15;1312
26;2025-11-21;16;1536
26;2025-11-21;17;1641
26;2025-11-21;18;1560
26;2025-11-21;19;1115
26;2025-11-21;20;719
26;2025-11-21;21;454
26;2025-11-21;22;248
26;2025-11-21;23;147
26;2025-11-22;0;44
26;2025-11-22;1;0
26;2025-11-22;2;0
26;2025-11-22;3;1
26;2025-11-22;4;0
26;2025-11-22;5;43
26;2025-11-22;6;285
26;2025-11-22;7;395
26;2025-11-22;8;595
26;2025-11-22;9;663
26;2025-11-22;10;760
26;2025-11-22;11;943
26;2025-11-22;12;958
26;2025-11-22;13;959
26;2025-11-22;14;931
26;2025-11-22;15;909
26;2025-11-22;16;899
26;2025-11-22;17;882
26;2025-11-22;18;857
26;2025-11-22;19;741
26;2025-11-22;20;511
26;2025-11-22;21;387
26;2025-11-22;22;236
26;2025-11-22;23;147
26;2025-11-23;0;31
26;2025-11-23;1;0
26;2025-11-23;2;0
26;2025-11-23;3;0
26;2025-11-23;4;0
26;2025-11-23;5;21
26;2025-11-23;6;171
26;2025-11-23;7;265
26;2025-11-23;8;402
26;2025-11-23;9;520
26;2025-11-23;10;599
26;2025-11-23;11;738
26;2025-11-23;12;801
26;2025-11-23;13;842
26;2025-11-23;14;819
26;2025-11-23;15;743
26;2025-11-23;16;744
26;2025-11-23;17;738
26;2025-11-23;18;665
26;2025-11-23;19;586
26;2025-11-23;20;427
26;2025-11-23;21;301
26;2025-11-23;22;198
26;2025-11-23;23;100
26;2025-11-24;0;13
26;2025-11-24;1;0
26;2025-11-24;2;0
26;2025-11-24;3;0
26;2025-11-24;4;0
26;2025-11-24;5;70
26;2025-11-24;6;500
26;2025-11-24;7;1016
26;2025-11-24;8;1963
26;2025-11-24;9;1361
26;2025-11-24;10;1135
26;2025-11-24;11;1028
26;2025-11-24;12;1066
26;2025-11-24;13;1103
26;2025-11-24;14;1147
26;2025-11-24;15;1249
26;2025-11-24;16;1389
26;2025-11-24;17;1588
26;2025-11-24;18;1707
26;2025-11-24;19;1170
26;2025-11-24;20;729
26;2025-11-24;21;435
26;2025-11-24;22;217
26;2025-11-24;23;98
26;2025-11-25;0;13
26;2025-11-25;1;0
26;2025-11-25;2;1
26;2025-11-25;3;1
26;2025-11-25;4;1
26;2025-11-25;5;82
26;2025-11-25;6;512
26;2025-11-25;7;1034
26;2025-11-25;8;1994
26;2025-11-25;9;1397
26;2025-11-25;10;1148
26;2025-11-25;11;1048
26;2025-11-25;12;1084
26;2025-11-25;13;1121
26;2025-11-25;14;1167
26;2025-11-25;15;1265
26;2025-11-25;16;1427
26;2025-11-25;17;1615
26;2025-11-25;18;1741
26;2025-11-25;19;1225
26;2025-11-25;20;746
26;2025-11-25;21;459
26;2025-11-25;22;225
26;2025-11-25;23;110
26;2025-11-26;0;16
26;2025-11-26;1;0
26;2025-11-26;2;0
26;2025-11-26;3;0
26;2025-11-26;4;2
26;2025-11-26;5;79
26;2025-11-26;6;499
26;2025-11-26;7;1030
26;2025-11-26;8;2012
26;2025-11-26;9;1371
26;2025-11-26;10;1141
26;2025-11-26;11;1040
26;2025-11-26;12;1082
26;2025-11-26;13;1121
26;2025-11-26;14;1163
26;2025-11-26;15;1262
26;2025-11-26;16;1404
26;2025-11-26;17;1585
26;2025-11-26;18;1727
26;2025-11-26;19;1178
26;2025-11-26;20;761
26;2025-11-26;21;483
26;2025-11-26;22;244
26;2025-11-26;23;125
26;2025-11-27;0;21
26;2025-11-27;1;0
26;2025-11-27;2;0
26;2025-11-27;3;0
26;2025-11-27;4;1
26;2025-11-27;5;82
26;2025-11-27;6;514
26;2025-11-27;7;1034
26;2025-11-27;8;2013
26;2025-11-27;9;1378
26;2025-11-27;10;1154
26;2025-11-27;11;1050
26;2025-11-27;12;1095
26;2025-11-27;13;1132
26;2025-11-27;14;1173
26;2025-11-27;15;1272
26;2025-11-27;16;1419
26;2025-11-27;17;1617
26;2025-11-27;18;1763
26;2025-11-27;19;1190
26;2025-11-27;20;747
26;2025-11-27;21;479
26;2025-11-27;22;251
26;2025-11-27;23;132
26;2025-11-28;0;25
26;2025-11-28;1;0
26;2025-11-28;2;0
26;2025-11-28;3;1
26;2025-11-28;4;3
26;2025-11-28;5;83
26;2025-11-28;6;502
26;2025-11-28;7;1001
26;2025-11-28;8;1937
26;2025-11-28;9;1355
26;2025-11-28;10;1140
26;2025-11-28;11;1043
26;2025-11-28;12;1081
26;2025-11-28;13;1132
26;2025-11-28;14;1176
26;2025-11-28;15;1294
26;2025-11-28;16;1514
26;2025-11-28;17;1621
26;2025-11-28;18;1541
26;2025-11-28;19;1100
26;2025-11-28;20;705
26;2025-11-28;21;450
26;2025-11-28;22;246
26;2025-11-28;23;145
26;2025-11-29;0;41
26;2025-11-29;1;0
26;2025-11-29;2;0
26;2025-11-29;3;0
26;2025-11-29;4;0
26;2025-11-29;5;45
26;2025-11-29;6;284
26;2025-11-29;7;381
26;2025-11-29;8;579
26;2025-11-29;9;647
26;2025-11-29;10;745
26;2025-11-29;11;927
26;2025-11-29;12;942
26;2025-11-29;13;967
26;2025-11-29;14;939
26;2025-11-29;15;917
26;2025-11-29;16;905
26;2025-11-29;17;888
26;2025-11-29;18;862
26;2025-11-29;19;745
26;2025-11-29;20;515
26;2025-11-29;21;391
26;2025-11-29;22;240
26;2025-11-29;23;152
26;2025-11-30;0;37
26;2025-11-30;1;2
26;2025-11-30;2;2
26;2025-11-30;3;1
26;2025-11-30;4;0
26;2025-11-30;5;27
26;2025-11-30;6;176
26;2025-11-30;7;274
26;2025-11-30;8;411
26;2025-11-30;9;529
26;2025-11-30;10;607
26;2025-11-30;11;747
26;2025-11-30;12;810
26;2025-11-30;13;851
26;2025-11-30;14;829
26;2025-11-30;15;752
26;2025-11-30;16;752
26;2025-11-30;17;746
26;2025-11-30;18;673
26;2025-11-30;19;594
26;2025-11-30;20;435
26;2025-11-30;21;308
26;2025-11-30;22;205
26;2025-11-30;23;109
26;2025-12-01;0;19
26;2025-12-01;1;0
26;2025-12-01;2;0
26;2025-12-01;3;0
26;2025-12-01;4;0
26;2025-12-01;5;78
26;2025-12-01;6;507
26;2025-12-01;7;1022
26;2025-12-01;8;1957
26;2025-12-01;9;1361
26;2025-12-01;10;1137
26;2025-12-01;11;1026
26;2025-12-01;12;1065
26;2025-12-01;13;1105
26;2025-12-01;14;1146
26;2025-12-01;15;1253
26;2025-12-01;16;1393
26;2025-12-01;17;1587
26;2025-12-01;18;1703
26;2025-12-01;19;1177
26;2025-12-01;20;729
26;2025-12-01;21;435
26;2025-12-01;22;218
26;2025-12-01;23;99
26;2025-12-02;0;14
26;2025-12-02;1;0
26;2025-12-02;2;0
26;2025-12-02;3;1
26;2025-12-02;4;0
26;2025-12-02;5;81
26;2025-12-02;6;509
26;2025-12-02;7;1028
26;2025-12-02;8;1975
26;2025-12-02;9;1390
26;2025-12-02;10;1143
26;2025-12-02;11;1042
26;2025-12-02;12;1081
26;2025-12-02;13;1117
26;2025-12-02;14;1163
26;2025-12-02;15;1261
26;2025-12-02;16;1423
26;2025-12-02;17;1604
26;2025-12-02;18;1727
26;2025-12-02;19;1225
26;2025-12-02;20;745
26;2025-12-02;21;458
26;2025-12-02;22;225
26;2025-12-02;23;112
26;2025-12-03;0;20
26;2025-12-03;1;0
26;2025-12-03;2;0
26;2025-12-03;3;0
26;2025-12-03;4;3
26;2025-12-03;5;82
26;2025-12-03;6;496
26;2025-12-03;7;1039
26;2025-12-03;8;2019
26;2025-12-03;9;1378
26;2025-12-03;10;1150
26;2025-12-03;11;1050
26;2025-12-03;12;1092
26;2025-12-03;13;1131
26;2025-12-03;14;1173
26;2025-12-03;15;1272
26;2025-12-03;16;1413
26;2025-12-03;17;1593
26;2025-12-03;18;1736
26;2025-12-03;19;1186
26;2025-12-03;20;762
26;2025-12-03;21;481
26;2025-12-03;22;249
26;2025-12-03;23;132
26;2025-12-04;0;29
26;2025-12-04;1;0
26;2025-12-04;2;0
26;2025-12-04;3;0
26;2025-12-04;4;3
26;2025-12-04;5;87
26;2025-12-04;6;515
26;2025-12-04;7;1040
26;2025-12-04;8;2017
26;2025-12-04;9;1382
26;2025-12-04;10;1160
26;2025-12-04;11;1055
26;2025-12-04;12;1100
26;2025-12-04;13;1137
26;2025-12-04;14;1179
26;2025-12-04;15;1278
26;2025-12-04;16;1423
26;2025-12-04;17;1621
26;2025-12-04;18;1766
26;2025-12-04;19;1193
26;2025-12-04;20;747
26;2025-12-04;21;477
26;2025-12-04;22;255
26;2025-12-04;23;138
26;2025-12-05;0;32
26;2025-12-05;1;1
26;2025-12-05;2;0
26;2025-12-05;3;1
26;2025-12-05;4;4
26;2025-12-05;5;90
26;2025-12-05;6;503
26;2025-12-05;7;1011
26;2025-12-05;8;1947
26;2025-12-05;9;1364
26;2025-12-05;10;1150
26;2025-12-05;11;1053
26;2025-12-05;12;1091
26;2025-12-05;13;1142
26;2025-12-05;14;1186
26;2025-12-05;15;1303
26;2025-12-05;16;1523
26;2025-12-05;17;1629
26;2025-12-05;18;1548
26;2025-12-05;19;1106
26;2025-12-05;20;707
26;2025-12-05;21;449
26;2025-12-05;22;252
26;2025-12-05;23;152
26;2025-12-06;0;47
26;2025-12-06;1;0
26;2025-12-06;2;0
26;2025-12-06;3;0
26;2025-12-06;4;0
26;2025-12-06;5;51
26;2025-12-06;6;288
26;2025-12-06;7;382
26;2025-12-06;8;578
26;2025-12-06;9;646
26;2025-12-06;10;744
26;2025-12-06;11;926
26;2025-12-06;12;944
26;2025-12-06;13;969
26;2025-12-06;14;941
26;2025-12-06;15;919
26;2025-12-06;16;909
26;2025-12-06;17;892
26;2025-12-06;18;865
26;2025-12-06;19;748
26;2025-12-06;20;518
26;2025-12-06;21;393
26;2025-12-06;22;245
26;2025-12-06;23;157
26;2025-12-07;0;44
26;2025-12-07;1;3
26;2025-12-07;2;1
26;2025-12-07;3;1
26;2025-12-07;4;0
26;2025-12-07;5;33
26;2025-12-07;6;183
26;2025-12-07;7;277
26;2025-12-07;8;408
26;2025-12-07;9;526
26;2025-12-07;10;605
26;2025-12-07;11;747
26;2025-12-07;12;809
26;2025-12-07;13;850
26;2025-12-07;14;828
26;2025-12-07;15;752
26;2025-12-07;16;754
26;2025-12-07;17;748
26;2025-12-07;18;674
26;2025-12-07;19;597
26;2025-12-07;20;438
26;2025-12-07;21;314
26;2025-12-07;22;212
26;2025-12-07;23;116
26;2025-12-08;0;28
26;2025-12-08;1;1
26;2025-12-08;2;0
26;2025-12-08;3;0
26;2025-12-08;4;2
26;2025-12-08;5;86
26;2025-12-08;6;512
26;2025-12-08;7;1036
26;2025-12-08;8;1974
26;2025-12-08;9;1371
26;2025-12-08;10;1147
26;2025-12-08;11;1040
26;2025-12-08;12;1078
26;2025-12-08;13;1116
26;2025-12-08;14;1159
26;2025-12-08;15;1261
26;2025-12-08;16;1400
26;2025-12-08;17;1599
26;2025-12-08;18;1718
26;2025-12-08;19;1181
26;2025-12-08;20;738
26;2025-12-08;21;440
26;2025-12-08;22;228
26;2025-12-08;23;108
26;2025-12-09;0;23
26;2025-12-09;1;0
26;2025-12-09;2;0
26;2025-12-09;3;1
26;2025-12-09;4;3
26;2025-12-09;5;92
26;2025-12-09;6;519
26;2025-12-09;7;1048
26;2025-12-09;8;2006
26;2025-12-09;9;1408
26;2025-12-09;10;1161
26;2025-12-09;11;1060
26;2025-12-09;12;1097
26;2025-12-09;13;1134
26;2025-12-09;14;1179
26;2025-12-09;15;1278
26;2025-12-09;16;1439
26;2025-12-09;17;1627
26;2025-12-09;18;1753
26;2025-12-09;19;1237
26;2025-12-09;20;752
26;2025-12-09;21;463
26;2025-12-09;22;236
26;2025-12-09;23;122
26;2025-12-10;0;27
26;2025-12-10;1;1
26;2025-12-10;2;0
26;2025-12-10;3;0
26;2025-12-10;4;6
26;2025-12-10;5;94
26;2025-12-10;6;508
26;2025-12-10;7;1046
26;2025-12-10;8;2025
26;2025-12-10;9;1383
26;2025-12-10;10;1155
26;2025-12-10;11;1055
26;2025-12-10;12;1097
26;2025-12-10;13;1137
26;2025-12-10;14;1179
26;2025-12-10;15;1278
26;2025-12-10;16;1419
26;2025-12-10;17;1599
26;2025-12-10;18;1741
26;2025-12-10;19;1192
26;2025-12-10;20;768
26;2025-12-10;21;486
26;2025-12-10;22;254
26;2025-12-10;23;137
26;2025-12-11;0;33
26;2025-12-11;1;3
26;2025-12-11;2;0
26;2025-12-11;3;0
26;2025-12-11;4;5
26;2025-12-11;5;96
26;2025-12-11;6;522
26;2025-12-11;7;1046
26;2025-12-11;8;2022
26;2025-12-11;9;1387
26;2025-12-11;10;1164
26;2025-12-11;11;1058
26;2025-12-11;12;1104
26;2025-12-11;13;1144
26;2025-12-11;14;1183
26;2025-12-11;15;1284
26;2025-12-11;16;1430
26;2025-12-11;17;1627
26;2025-12-11;18;1772
26;2025-12-11;19;1197
26;2025-12-11;20;751
26;2025-12-11;21;482
26;2025-12-11;22;261
26;2025-12-11;23;145
26;2025-12-12;0;37
26;2025-12-12;1;4
26;2025-12-12;2;0
26;2025-12-12;3;1
26;2025-12-12;4;7
26;2025-12-12;5;98
26;2025-12-12;6;510
26;2025-12-12;7;1014
26;2025-12-12;8;1949
26;2025-12-12;9;1366
26;2025-12-12;10;1152
26;2025-12-12;11;1054
26;2025-12-12;12;1093
26;2025-12-12;13;1147
26;2025-12-12;14;1188
26;2025-12-12;15;1308
26;2025-12-12;16;1528
26;2025-12-12;17;1632
26;2025-12-12;18;1552
26;2025-12-12;19;1108
26;2025-12-12;20;712
26;2025-12-12;21;455
26;2025-12-12;22;258
26;2025-12-12;23;159
26;2025-12-13;0;53
26;2025-12-13;1;1
26;2025-12-13;2;0
26;2025-12-13;3;0
26;2025-12-13;4;1
26;2025-12-13;5;59
26;2025-12-13;6;296
26;2025-12-13;7;384
26;2025-12-13;8;577
26;2025-12-13;9;647
26;2025-12-13;10;743
26;2025-12-13;11;925
26;2025-12-13;12;942
26;2025-12-13;13;970
26;2025-12-13;14;940
26;2025-12-13;15;920
26;2025-12-13;16;911
26;2025-12-13;17;893
26;2025-12-13;18;867
26;2025-12-13;19;750
26;2025-12-13;20;522
26;2025-12-13;21;396
26;2025-12-13;22;250
26;2025-12-13;23;162
26;2025-12-14;0;48
26;2025-12-14;1;6
26;2025-12-14;2;2
26;2025-12-14;3;2
26;2025-12-14;4;2
26;2025-12-14;5;40
26;2025-12-14;6;188
26;2025-12-14;7;281
26;2025-12-14;8;413
26;2025-12-14;9;531
26;2025-12-14;10;611
26;2025-12-14;11;753
26;2025-12-14;12;816
26;2025-12-14;13;862
26;2025-12-14;14;835
26;2025-12-14;15;764
26;2025-12-14;16;764
26;2025-12-14;17;758
26;2025-12-14;18;684
26;2025-12-14;19;603
26;2025-12-14;20;442
26;2025-12-14;21;318
26;2025-12-14;22;216
26;2025-12-14;23;120
26;2025-12-15;0;32
26;2025-12-15;1;4
26;2025-12-15;2;0
26;2025-12-15;3;0
26;2025-12-15;4;5
26;2025-12-15;5;92
26;2025-12-15;6;517
26;2025-12-15;7;1044
26;2025-12-15;8;1983
26;2025-12-15;9;1380
26;2025-12-15;10;1156
26;2025-12-15;11;1047
26;2025-12-15;12;1086
26;2025-12-15;13;1128
26;2025-12-15;14;1167
26;2025-12-15;15;1275
26;2025-12-15;16;1414
26;2025-12-15;17;1608
26;2025-12-15;18;1725
26;2025-12-15;19;1185
26;2025-12-15;20;741
26;2025-12-15;21;444
26;2025-12-15;22;231
26;2025-12-15;23;114
26;2025-12-16;0;28
26;2025-12-16;1;3
26;2025-12-16;2;2
26;2025-12-16;3;3
26;2025-12-16;4;6
26;2025-12-16;5;98
26;2025-12-16;6;523
26;2025-12-16;7;1051
26;2025-12-16;8;2009
26;2025-12-16;9;1412
26;2025-12-16;10;1164
26;2025-12-16;11;1063
26;2025-12-16;12;1100
26;2025-12-16;13;1139
26;2025-12-16;14;1183
26;2025-12-16;15;1284
26;2025-12-16;16;1444
26;2025-12-16;17;1632
26;2025-12-16;18;1758
26;2025-12-16;19;1239
26;2025-12-16;20;754
26;2025-12-16;21;466
26;2025-12-16;22;239
26;2025-12-16;23;126
26;2025-12-17;0;31
26;2025-12-17;1;3
26;2025-12-17;2;0
26;2025-12-17;3;0
26;2025-12-17;4;8
26;2025-12-17;5;96
26;2025-12-17;6;509
26;2025-12-17;7;1047
26;2025-12-17;8;2027
26;2025-12-17;9;1385
26;2025-12-17;10;1156
26;2025-12-17;11;1053
26;2025-12-17;12;1095
26;2025-12-17;13;1137
26;2025-12-17;14;1175
26;2025-12-17;15;1277
26;2025-12-17;16;1418
26;2025-12-17;17;1600
26;2025-12-17;18;1742
26;2025-12-17;19;1191
26;2025-12-17;20;768
26;2025-12-17;21;488
26;2025-12-17;22;256
26;2025-12-17;23;141
26;2025-12-18;0;35
26;2025-12-18;1;4
26;2025-12-18;2;0
26;2025-12-18;3;1
26;2025-12-18;4;6
26;2025-12-18;5;95
26;2025-12-18;6;521
26;2025-12-18;7;1046
26;2025-12-18;8;2024
26;2025-12-18;9;1389
26;2025-12-18;10;1165
26;2025-12-18;11;1060
26;2025-12-18;12;1106
26;2025-12-18;13;1146
26;2025-12-18;14;1184
26;2025-12-18;15;1286
26;2025-12-18;16;1432
26;2025-12-18;17;1630
26;2025-12-18;18;1775
26;2025-12-18;19;1199
26;2025-12-18;20;755
26;2025-12-18;21;485
26;2025-12-18;22;264
26;2025-12-18;23;148
26;2025-12-19;0;32
26;2025-12-19;1;3
26;2025-12-19;2;0
26;2025-12-19;3;1
26;2025-12-19;4;6
26;2025-12-19;5;89
26;2025-12-19;6;497
26;2025-12-19;7;1002
26;2025-12-19;8;1939
26;2025-12-19;9;1356
26;2025-12-19;10;1142
26;2025-12-19;11;1043
26;2025-12-19;12;1082
26;2025-12-19;13;1137
26;2025-12-19;14;1177
26;2025-12-19;15;1298
26;2025-12-19;16;1518
26;2025-12-19;17;1623
26;2025-12-19;18;1542
26;2025-12-19;19;1097
26;2025-12-19;20;703
26;2025-12-19;21;445
26;2025-12-19;22;251
26;2025-12-19;23;152
26;2025-12-20;0;49
26;2025-12-20;1;0
26;2025-12-20;2;0
26;2025-12-20;3;0
26;2025-12-20;4;0
26;2025-12-20;5;51
26;2025-12-20;6;285
26;2025-12-20;7;376
26;2025-12-20;8;567
26;2025-12-20;9;640
26;2025-12-20;10;735
26;2025-12-20;11;918
26;2025-12-20;12;936
26;2025-12-20;13;964
26;2025-12-20;14;933
26;2025-12-20;15;914
26;2025-12-20;16;905
26;2025-12-20;17;887
26;2025-12-20;18;862
26;2025-12-20;19;743
26;2025-12-20;20;518
26;2025-12-20;21;392
26;2025-12-20;22;248
26;2025-12-20;23;159
26;2025-12-21;0;46
26;2025-12-21;1;6
26;2025-12-21;2;1
26;2025-12-21;3;1
26;2025-12-21;4;1
26;2025-12-21;5;35
26;2025-12-21;6;182
26;2025-12-21;7;272
26;2025-12-21;8;416
26;2025-12-21;9;533
26;2025-12-21;10;613
26;2025-12-21;11;756
26;2025-12-21;12;818
26;2025-12-21;13;865
26;2025-12-21;14;838
26;2025-12-21;15;767
26;2025-12-21;16;767
26;2025-12-21;17;761
26;2025-12-21;18;687
26;2025-12-21;19;603
26;2025-12-21;20;444
26;2025-12-21;21;311
26;2025-12-21;22;211
26;2025-12-21;23;117
26;2025-12-22;0;28
26;2025-12-22;1;5
26;2025-12-22;2;1
26;2025-12-22;3;0
26;2025-12-22;4;6
26;2025-12-22;5;85
26;2025-12-22;6;505
26;2025-12-22;7;1033
26;2025-12-22;8;1971
26;2025-12-22;9;1368
26;2025-12-22;10;1144
26;2025-12-22;11;1035
26;2025-12-22;12;1074
26;2025-12-22;13;1117
26;2025-12-22;14;1155
26;2025-12-22;15;1263
26;2025-12-22;16;1401
26;2025-12-22;17;1596
26;2025-12-22;18;1713
26;2025-12-22;19;1172
26;2025-12-22;20;731
26;2025-12-22;21;435
26;2025-12-22;22;224
26;2025-12-22;23;108
26;2025-12-23;0;24
26;2025-12-23;1;2
26;2025-12-23;2;2
26;2025-12-23;3;3
26;2025-12-23;4;6
26;2025-12-23;5;89
26;2025-12-23;6;505
26;2025-12-23;7;1030
26;2025-12-23;8;1987
26;2025-12-23;9;1389
26;2025-12-23;10;1142
26;2025-12-23;11;1041
26;2025-12-23;12;1081
26;2025-12-23;13;1121
26;2025-12-23;14;1164
26;2025-12-23;15;1265
26;2025-12-23;16;1426
26;2025-12-23;17;1614
26;2025-12-23;18;1740
26;2025-12-23;19;1221
26;2025-12-23;20;738
26;2025-12-23;21;451
26;2025-12-23;22;231
26;2025-12-23;23;120
26;2025-12-24;0;25
26;2025-12-24;1;3
26;2025-12-24;2;0
26;2025-12-24;3;0
26;2025-12-24;4;7
26;2025-12-24;5;87
26;2025-12-24;6;491
26;2025-12-24;7;1025
26;2025-12-24;8;2004
26;2025-12-24;9;1361
26;2025-12-24;10;1133
26;2025-12-24;11;1029
26;2025-12-24;12;1076
26;2025-12-24;13;1117
26;2025-12-24;14;1154
26;2025-12-24;15;1256
26;2025-12-24;16;1397
26;2025-12-24;17;1579
26;2025-12-24;18;1722
26;2025-12-24;19;1170
26;2025-12-24;20;752
26;2025-12-24;21;473
26;2025-12-24;22;244
26;2025-12-24;23;134
26;2025-12-25;0;30
26;2025-12-25;1;3
26;2025-12-25;2;0
26;2025-12-25;3;1
26;2025-12-25;4;6
26;2025-12-25;5;89
26;2025-12-25;6;505
26;2025-12-25;7;1027
26;2025-12-25;8;2000
26;2025-12-25;9;1368
26;2025-12-25;10;1144
26;2025-12-25;11;1040
26;2025-12-25;12;1090
26;2025-12-25;13;1129
26;2025-12-25;14;1169
26;2025-12-25;15;1270
26;2025-12-25;16;1416
26;2025-12-25;17;1614
26;2025-12-25;18;1762
26;2025-12-25;19;1186
26;2025-12-25;20;743
26;2025-12-25;21;473
26;2025-12-25;22;256
26;2025-12-25;23;143
26;2025-12-26;0;34
26;2025-12-26;1;4
26;2025-12-26;2;0
26;2025-12-26;3;1
26;2025-12-26;4;7
26;2025-12-26;5;90
26;2025-12-26;6;493
26;2025-12-26;7;996
26;2025-12-26;8;1928
26;2025-12-26;9;1349
26;2025-12-26;10;1133
26;2025-12-26;11;1035
26;2025-12-26;12;1080
26;2025-12-26;13;1133
26;2025-12-26;14;1176
26;2025-12-26;15;1296
26;2025-12-26;16;1506
26;2025-12-26;17;1614
26;2025-12-26;18;1538
26;2025-12-26;19;1093
26;2025-12-26;20;700
26;2025-12-26;21;443
26;2025-12-26;22;251
26;2025-12-26;23;152
26;2025-12-27;0;53
26;2025-12-27;1;3
26;2025-12-27;2;0
26;2025-12-27;3;1
26;2025-12-27;4;2
26;2025-12-27;5;51
26;2025-12-27;6;281
26;2025-12-27;7;365
26;2025-12-27;8;549
26;2025-12-27;9;622
26;2025-12-27;10;711
26;2025-12-27;11;895
26;2025-12-27;12;922
26;2025-12-27;13;949
26;2025-12-27;14;919
26;2025-12-27;15;900
26;2025-12-27;16;890
26;2025-12-27;17;875
26;2025-12-27;18;851
26;2025-12-27;19;735
26;2025-12-27;20;512
26;2025-12-27;21;388
26;2025-12-27;22;246
26;2025-12-27;23;159
26;2025-12-28;0;50
26;2025-12-28;1;11
26;2025-12-28;2;3
26;2025-12-28;3;4
26;2025-12-28;4;5
26;2025-12-28;5;30
26;2025-12-28;6;169
26;2025-12-28;7;254
26;2025-12-28;8;387
26;2025-12-28;9;503
26;2025-12-28;10;581
26;2025-12-28;11;719
26;2025-12-28;12;786
26;2025-12-28;13;833
26;2025-12-28;14;807
26;2025-12-28;15;738
26;2025-12-28;16;738
26;2025-12-28;17;734
26;2025-12-28;18;662
26;2025-12-28;19;583
26;2025-12-28;20;435
26;2025-12-28;21;305
26;2025-12-28;22;204
26;2025-12-28;23;116
26;2025-12-29;0;28
26;2025-12-29;1;6
26;2025-12-29;2;1
26;2025-12-29;3;1
26;2025-12-29;4;5
26;2025-12-29;5;71
26;2025-12-29;6;472
26;2025-12-29;7;977
26;2025-12-29;8;1899
26;2025-12-29;9;1302
26;2025-12-29;10;1072
26;2025-12-29;11;970
26;2025-12-29;12;1016
26;2025-12-29;13;1057
26;2025-12-29;14;1098
26;2025-12-29;15;1201
26;2025-12-29;16;1340
26;2025-12-29;17;1540
26;2025-12-29;18;1660
26;2025-12-29;19;1119
26;2025-12-29;20;698
26;2025-12-29;21;386
26;2025-12-29;22;206
26;2025-12-29;23;103
26;2025-12-30;0;24
26;2025-12-30;1;0
26;2025-12-30;2;3
26;2025-12-30;3;5
26;2025-12-30;4;6
26;2025-12-30;5;67
26;2025-12-30;6;417
26;2025-12-30;7;850
26;2025-12-30;8;1779
26;2025-12-30;9;1206
26;2025-12-30;10;971
26;2025-12-30;11;869
26;2025-12-30;12;912
26;2025-12-30;13;951
26;2025-12-30;14;991
26;2025-12-30;15;1093
26;2025-12-30;16;1239
26;2025-12-30;17;1432
26;2025-12-30;18;1555
26;2025-12-30;19;1049
26;2025-12-30;20;650
26;2025-12-30;21;389
26;2025-12-30;22;205
26;2025-12-30;23;109
26;2025-12-31;0;23
26;2025-12-31;1;2
26;2025-12-31;2;1
26;2025-12-31;3;1
26;2025-12-31;4;0
26;2025-12-31;5;0
26;2025-12-31;6;178
26;2025-12-31;7;246
26;2025-12-31;8;235
26;2025-12-31;9;310
26;2025-12-31;10;415
26;2025-12-31;11;508
26;2025-12-31;12;518
26;2025-12-31;13;522
26;2025-12-31;14;504
26;2025-12-31;15;485
26;2025-12-31;16;473
26;2025-12-31;17;467
26;2025-12-31;18;391
26;2025-12-31;19;451
26;2025-12-31;20;339
26;2025-12-31;21;211
26;2025-12-31;22;134
26;2025-12-31;23;66
28;2025-11-01;0;0
28;2025-11-01;1;3
28;2025-11-01;2;3
28;2025-11-01;3;3
28;2025-11-01;4;0
28;2025-11-01;5;35
28;2025-11-01;6;108
28;2025-11-01;7;250
28;2025-11-01;8;381
28;2025-11-01;9;459
28;2025-11-01;10;475
28;2025-11-01;11;489
28;2025-11-01;12;576
28;2025-11-01;13;606
28;2025-11-01;14;603
28;2025-11-01;15;571
28;2025-11-01;16;567
28;2025-11-01;17;565
28;2025-11-01;18;469
28;2025-11-01;19;406
28;2025-11-01;20;299
28;2025-11-01;21;266
28;2025-11-01;22;134
28;2025-11-01;23;8
28;2025-11-02;0;4
28;2025-11-02;1;4
28;2025-11-02;2;4
28;2025-11-02;3;5
28;2025-11-02;4;3
28;2025-11-02;5;24
28;2025-11-02;6;87
28;2025-11-02;7;171
28;2025-11-02;8;265
28;2025-11-02;9;350
28;2025-11-02;10;384
28;2025-11-02;11;408
28;2025-11-02;12;461
28;2025-11-02;13;518
28;2025-11-02;14;502
28;2025-11-02;15;516
28;2025-11-02;16;472
28;2025-11-02;17;474
28;2025-11-02;18;412
28;2025-11-02;19;349
28;2025-11-02;20;264
28;2025-11-02;21;214
28;2025-11-02;22;98
28;2025-11-02;23;5
28;2025-11-03;0;2
28;2025-11-03;1;3
28;2025-11-03;2;1
28;2025-11-03;3;1
28;2025-11-03;4;0
28;2025-11-03;5;23
28;2025-11-03;6;145
28;2025-11-03;7;381
28;2025-11-03;8;506
28;2025-11-03;9;493
28;2025-11-03;10;404
28;2025-11-03;11;387
28;2025-11-03;12;483
28;2025-11-03;13;496
28;2025-11-03;14;476
28;2025-11-03;15;495
28;2025-11-03;16;548
28;2025-11-03;17;593
28;2025-11-03;18;542
28;2025-11-03;19;419
28;2025-11-03;20;304
28;2025-11-03;21;200
28;2025-11-03;22;78
28;2025-11-03;23;13
28;2025-11-04;0;1
28;2025-11-04;1;3
28;2025-11-04;2;2
28;2025-11-04;3;2
28;2025-11-04;4;0
28;2025-11-04;5;11
28;2025-11-04;6;131
28;2025-11-04;7;353
28;2025-11-04;8;479
28;2025-11-04;9;473
28;2025-11-04;10;405
28;2025-11-04;11;370
28;2025-11-04;12;467
28;2025-11-04;13;457
28;2025-11-04;14;489
28;2025-11-04;15;474
28;2025-11-04;16;514
28;2025-11-04;17;571
28;2025-11-04;18;515
28;2025-11-04;19;399
28;2025-11-04;20;299
28;2025-11-04;21;197
28;2025-11-04;22;79
28;2025-11-04;23;3
28;2025-11-05;0;0
28;2025-11-05;1;0
28;2025-11-05;2;0
28;2025-11-05;3;0
28;2025-11-05;4;0
28;2025-11-05;5;72
28;2025-11-05;6;260
28;2025-11-05;7;746
28;2025-11-05;8;1140
28;2025-11-05;9;801
28;2025-11-05;10;614
28;2025-11-05;11;577
28;2025-11-05;12;682
28;2025-11-05;13;706
28;2025-11-05;14;666
28;2025-11-05;15;684
28;2025-11-05;16;824
28;2025-11-05;17;958
28;2025-11-05;18;919
28;2025-11-05;19;685
28;2025-11-05;20;482
28;2025-11-05;21;310
28;2025-11-05;22;129
28;2025-11-05;23;5
28;2025-11-06;0;0
28;2025-11-06;1;1
28;2025-11-06;2;1
28;2025-11-06;3;1
28;2025-11-06;4;1
28;2025-11-06;5;76
28;2025-11-06;6;263
28;2025-11-06;7;731
28;2025-11-06;8;1114
28;2025-11-06;9;833
28;2025-11-06;10;593
28;2025-11-06;11;553
28;2025-11-06;12;671
28;2025-11-06;13;696
28;2025-11-06;14;657
28;2025-11-06;15;659
28;2025-11-06;16;815
28;2025-11-06;17;954
28;2025-11-06;18;913
28;2025-11-06;19;683
28;2025-11-06;20;480
28;2025-11-06;21;311
28;2025-11-06;22;133
28;2025-11-06;23;9
28;2025-11-07;0;0
28;2025-11-07;1;1
28;2025-11-07;2;0
28;2025-11-07;3;0
28;2025-11-07;4;0
28;2025-11-07;5;75
28;2025-11-07;6;242
28;2025-11-07;7;734
28;2025-11-07;8;1100
28;2025-11-07;9;775
28;2025-11-07;10;568
28;2025-11-07;11;563
28;2025-11-07;12;668
28;2025-11-07;13;698
28;2025-11-07;14;660
28;2025-11-07;15;691
28;2025-11-07;16;896
28;2025-11-07;17;935
28;2025-11-07;18;756
28;2025-11-07;19;599
28;2025-11-07;20;422
28;2025-11-07;21;289
28;2025-11-07;22;136
28;2025-11-07;23;5
28;2025-11-08;0;0
28;2025-11-08;1;0
28;2025-11-08;2;0
28;2025-11-08;3;0
28;2025-11-08;4;0
28;2025-11-08;5;33
28;2025-11-08;6;107
28;2025-11-08;7;237
28;2025-11-08;8;364
28;2025-11-08;9;442
28;2025-11-08;10;457
28;2025-11-08;11;471
28;2025-11-08;12;556
28;2025-11-08;13;587
28;2025-11-08;14;584
28;2025-11-08;15;553
28;2025-11-08;16;548
28;2025-11-08;17;546
28;2025-11-08;18;458
28;2025-11-08;19;401
28;2025-11-08;20;294
28;2025-11-08;21;264
28;2025-11-08;22;123
28;2025-11-08;23;0
28;2025-11-09;0;0
28;2025-11-09;1;0
28;2025-11-09;2;0
28;2025-11-09;3;0
28;2025-11-09;4;0
28;2025-11-09;5;10
28;2025-11-09;6;76
28;2025-11-09;7;147
28;2025-11-09;8;238
28;2025-11-09;9;320
28;2025-11-09;10;354
28;2025-11-09;11;378
28;2025-11-09;12;430
28;2025-11-09;13;485
28;2025-11-09;14;469
28;2025-11-09;15;484
28;2025-11-09;16;446
28;2025-11-09;17;448
28;2025-11-09;18;392
28;2025-11-09;19;330
28;2025-11-09;20;248
28;2025-11-09;21;201
28;2025-11-09;22;84
28;2025-11-09;23;0
28;2025-11-10;0;0
28;2025-11-10;1;0
28;2025-11-10;2;0
28;2025-11-10;3;0
28;2025-11-10;4;0
28;2025-11-10;5;58
28;2025-11-10;6;235
28;2025-11-10;7;718
28;2025-11-10;8;1096
28;2025-11-10;9;808
28;2025-11-10;10;570
28;2025-11-10;11;525
28;2025-11-10;12;630
28;2025-11-10;13;654
28;2025-11-10;14;603
28;2025-11-10;15;635
28;2025-11-10;16;806
28;2025-11-10;17;945
28;2025-11-10;18;906
28;2025-11-10;19;677
28;2025-11-10;20;437
28;2025-11-10;21;261
28;2025-11-10;22;91
28;2025-11-10;23;0
28;2025-11-11;0;0
28;2025-11-11;1;0
28;2025-11-11;2;0
28;2025-11-11;3;0
28;2025-11-11;4;0
28;2025-11-11;5;66
28;2025-11-11;6;244
28;2025-11-11;7;747
28;2025-11-11;8;1134
28;2025-11-11;9;842
28;2025-11-11;10;614
28;2025-11-11;11;554
28;2025-11-11;12;661
28;2025-11-11;13;685
28;2025-11-11;14;664
28;2025-11-11;15;666
28;2025-11-11;16;803
28;2025-11-11;17;962
28;2025-11-11;18;927
28;2025-11-11;19;694
28;2025-11-11;20;488
28;2025-11-11;21;282
28;2025-11-11;22;114
28;2025-11-11;23;0
28;2025-11-12;0;0
28;2025-11-12;1;0
28;2025-11-12;2;0
28;2025-11-12;3;0
28;2025-11-12;4;0
28;2025-11-12;5;69
28;2025-11-12;6;260
28;2025-11-12;7;751
28;2025-11-12;8;1139
28;2025-11-12;9;807
28;2025-11-12;10;621
28;2025-11-12;11;584
28;2025-11-12;12;689
28;2025-11-12;13;712
28;2025-11-12;14;673
28;2025-11-12;15;690
28;2025-11-12;16;834
28;2025-11-12;17;969
28;2025-11-12;18;933
28;2025-11-12;19;707
28;2025-11-12;20;494
28;2025-11-12;21;319
28;2025-11-12;22;131
28;2025-11-12;23;4
28;2025-11-13;0;0
28;2025-11-13;1;1
28;2025-11-13;2;0
28;2025-11-13;3;0
28;2025-11-13;4;0
28;2025-11-13;5;74
28;2025-11-13;6;266
28;2025-11-13;7;755
28;2025-11-13;8;1141
28;2025-11-13;9;857
28;2025-11-13;10;616
28;2025-11-13;11;576
28;2025-11-13;12;696
28;2025-11-13;13;721
28;2025-11-13;14;681
28;2025-11-13;15;683
28;2025-11-13;16;839
28;2025-11-13;17;976
28;2025-11-13;18;936
28;2025-11-13;19;709
28;2025-11-13;20;498
28;2025-11-13;21;325
28;2025-11-13;22;136
28;2025-11-13;23;8
28;2025-11-14;0;0
28;2025-11-14;1;2
28;2025-11-14;2;0
28;2025-11-14;3;0
28;2025-11-14;4;0
28;2025-11-14;5;73
28;2025-11-14;6;243
28;2025-11-14;7;752
28;2025-11-14;8;1121
28;2025-11-14;9;796
28;2025-11-14;10;589
28;2025-11-14;11;585
28;2025-11-14;12;690
28;2025-11-14;13;720
28;2025-11-14;14;682
28;2025-11-14;15;713
28;2025-11-14;16;915
28;2025-11-14;17;955
28;2025-11-14;18;778
28;2025-11-14;19;621
28;2025-11-14;20;436
28;2025-11-14;21;293
28;2025-11-14;22;138
28;2025-11-14;23;0
28;2025-11-15;0;0
28;2025-11-15;1;0
28;2025-11-15;2;0
28;2025-11-15;3;0
28;2025-11-15;4;0
28;2025-11-15;5;29
28;2025-11-15;6;106
28;2025-11-15;7;244
28;2025-11-15;8;379
28;2025-11-15;9;463
28;2025-11-15;10;477
28;2025-11-15;11;491
28;2025-11-15;12;578
28;2025-11-15;13;611
28;2025-11-15;14;608
28;2025-11-15;15;574
28;2025-11-15;16;569
28;2025-11-15;17;568
28;2025-11-15;18;480
28;2025-11-15;19;423
28;2025-11-15;20;300
28;2025-11-15;21;270
28;2025-11-15;22;137
28;2025-11-15;23;6
28;2025-11-16;0;0
28;2025-11-16;1;0
28;2025-11-16;2;0
28;2025-11-16;3;0
28;2025-11-16;4;0
28;2025-11-16;5;16
28;2025-11-16;6;85
28;2025-11-16;7;161
28;2025-11-16;8;256
28;2025-11-16;9;343
28;2025-11-16;10;380
28;2025-11-16;11;405
28;2025-11-16;12;458
28;2025-11-16;13;513
28;2025-11-16;14;497
28;2025-11-16;15;512
28;2025-11-16;16;474
28;2025-11-16;17;474
28;2025-11-16;18;421
28;2025-11-16;19;362
28;2025-11-16;20;265
28;2025-11-16;21;217
28;2025-11-16;22;97
28;2025-11-16;23;0
28;2025-11-17;0;0
28;2025-11-17;1;1
28;2025-11-17;2;0
28;2025-11-17;3;0
28;2025-11-17;4;0
28;2025-11-17;5;67
28;2025-11-17;6;247
28;2025-11-17;7;746
28;2025-11-17;8;1126
28;2025-11-17;9;838
28;2025-11-17;10;597
28;2025-11-17;11;553
28;2025-11-17;12;659
28;2025-11-17;13;682
28;2025-11-17;14;631
28;2025-11-17;15;663
28;2025-11-17;16;821
28;2025-11-17;17;960
28;2025-11-17;18;921
28;2025-11-17;19;694
28;2025-11-17;20;448
28;2025-11-17;21;273
28;2025-11-17;22;100
28;2025-11-17;23;0
28;2025-11-18;0;0
28;2025-11-18;1;0
28;2025-11-18;2;0
28;2025-11-18;3;0
28;2025-11-18;4;0
28;2025-11-18;5;69
28;2025-11-18;6;250
28;2025-11-18;7;752
28;2025-11-18;8;1140
28;2025-11-18;9;849
28;2025-11-18;10;621
28;2025-11-18;11;561
28;2025-11-18;12;668
28;2025-11-18;13;692
28;2025-11-18;14;671
28;2025-11-18;15;671
28;2025-11-18;16;808
28;2025-11-18;17;967
28;2025-11-18;18;933
28;2025-11-18;19;700
28;2025-11-18;20;494
28;2025-11-18;21;289
28;2025-11-18;22;119
28;2025-11-18;23;0
28;2025-11-19;0;0
28;2025-11-19;1;0
28;2025-11-19;2;0
28;2025-11-19;3;0
28;2025-11-19;4;0
28;2025-11-19;5;69
28;2025-11-19;6;260
28;2025-11-19;7;750
28;2025-11-19;8;1137
28;2025-11-19;9;808
28;2025-11-19;10;622
28;2025-11-19;11;584
28;2025-11-19;12;687
28;2025-11-19;13;711
28;2025-11-19;14;671
28;2025-11-19;15;689
28;2025-11-19;16;833
28;2025-11-19;17;968
28;2025-11-19;18;930
28;2025-11-19;19;707
28;2025-11-19;20;496
28;2025-11-19;21;321
28;2025-11-19;22;134
28;2025-11-19;23;5
28;2025-11-20;0;0
28;2025-11-20;1;1
28;2025-11-20;2;0
28;2025-11-20;3;0
28;2025-11-20;4;0
28;2025-11-20;5;74
28;2025-11-20;6;265
28;2025-11-20;7;770
28;2025-11-20;8;1140
28;2025-11-20;9;858
28;2025-11-20;10;617
28;2025-11-20;11;578
28;2025-11-20;12;698
28;2025-11-20;13;722
28;2025-11-20;14;683
28;2025-11-20;15;685
28;2025-11-20;16;840
28;2025-11-20;17;977
28;2025-11-20;18;937
28;2025-11-20;19;712
28;2025-11-20;20;501
28;2025-11-20;21;329
28;2025-11-20;22;139
28;2025-11-20;23;9
28;2025-11-21;0;0
28;2025-11-21;1;2
28;2025-11-21;2;0
28;2025-11-21;3;0
28;2025-11-21;4;0
28;2025-11-21;5;77
28;2025-11-21;6;247
28;2025-11-21;7;754
28;2025-11-21;8;1122
28;2025-11-21;9;796
28;2025-11-21;10;590
28;2025-11-21;11;586
28;2025-11-21;12;691
28;2025-11-21;13;721
28;2025-11-21;14;683
28;2025-11-21;15;714
28;2025-11-21;16;916
28;2025-11-21;17;956
28;2025-11-21;18;780
28;2025-11-21;19;624
28;2025-11-21;20;440
28;2025-11-21;21;298
28;2025-11-21;22;142
28;2025-11-21;23;5
28;2025-11-22;0;0
28;2025-11-22;1;0
28;2025-11-22;2;0
28;2025-11-22;3;0
28;2025-11-22;4;0
28;2025-11-22;5;31
28;2025-11-22;6;108
28;2025-11-22;7;244
28;2025-11-22;8;379
28;2025-11-22;9;464
28;2025-11-22;10;478
28;2025-11-22;11;492
28;2025-11-22;12;579
28;2025-11-22;13;587
28;2025-11-22;14;584
28;2025-11-22;15;553
28;2025-11-22;16;548
28;2025-11-22;17;547
28;2025-11-22;18;459
28;2025-11-22;19;405
28;2025-11-22;20;295
28;2025-11-22;21;266
28;2025-11-22;22;133
28;2025-11-22;23;3
28;2025-11-23;0;0
28;2025-11-23;1;0
28;2025-11-23;2;0
28;2025-11-23;3;0
28;2025-11-23;4;0
28;2025-11-23;5;17
28;2025-11-23;6;83
28;2025-11-23;7;151
28;2025-11-23;8;247
28;2025-11-23;9;333
28;2025-11-23;10;368
28;2025-11-23;11;391
28;2025-11-23;12;444
28;2025-11-23;13;498
28;2025-11-23;14;482
28;2025-11-23;15;497
28;2025-11-23;16;458
28;2025-11-23;17;460
28;2025-11-23;18;406
28;2025-11-23;19;347
28;2025-11-23;20;261
28;2025-11-23;21;215
28;2025-11-23;22;95
28;2025-11-23;23;0
28;2025-11-24;0;0
28;2025-11-24;1;0
28;2025-11-24;2;0
28;2025-11-24;3;0
28;2025-11-24;4;0
28;2025-11-24;5;64
28;2025-11-24;6;242
28;2025-11-24;7;726
28;2025-11-24;8;1111
28;2025-11-24;9;823
28;2025-11-24;10;586
28;2025-11-24;11;542
28;2025-11-24;12;647
28;2025-11-24;13;670
28;2025-11-24;14;619
28;2025-11-24;15;651
28;2025-11-24;16;806
28;2025-11-24;17;945
28;2025-11-24;18;906
28;2025-11-24;19;681
28;2025-11-24;20;444
28;2025-11-24;21;276
28;2025-11-24;22;103
28;2025-11-24;23;1
28;2025-11-25;0;0
28;2025-11-25;1;0
28;2025-11-25;2;1
28;2025-11-25;3;0
28;2025-11-25;4;0
28;2025-11-25;5;72
28;2025-11-25;6;254
28;2025-11-25;7;739
28;2025-11-25;8;1123
28;2025-11-25;9;836
28;2025-11-25;10;612
28;2025-11-25;11;553
28;2025-11-25;12;660
28;2025-11-25;13;684
28;2025-11-25;14;662
28;2025-11-25;15;663
28;2025-11-25;16;797
28;2025-11-25;17;956
28;2025-11-25;18;922
28;2025-11-25;19;692
28;2025-11-25;20;494
28;2025-11-25;21;296
28;2025-11-25;22;124
28;2025-11-25;23;4
28;2025-11-26;0;0
28;2025-11-26;1;0
28;2025-11-26;2;0
28;2025-11-26;3;0
28;2025-11-26;4;0
28;2025-11-26;5;73
28;2025-11-26;6;262
28;2025-11-26;7;737
28;2025-11-26;8;1120
28;2025-11-26;9;793
28;2025-11-26;10;608
28;2025-11-26;11;569
28;2025-11-26;12;674
28;2025-11-26;13;697
28;2025-11-26;14;658
28;2025-11-26;15;675
28;2025-11-26;16;818
28;2025-11-26;17;953
28;2025-11-26;18;913
28;2025-11-26;19;686
28;2025-11-26;20;486
28;2025-11-26;21;317
28;2025-11-26;22;130
28;2025-11-26;23;4
28;2025-11-27;0;0
28;2025-11-27;1;0
28;2025-11-27;2;0
28;2025-11-27;3;0
28;2025-11-27;4;0
28;2025-11-27;5;75
28;2025-11-27;6;265
28;2025-11-27;7;752
28;2025-11-27;8;1120
28;2025-11-27;9;840
28;2025-11-27;10;600
28;2025-11-27;11;560
28;2025-11-27;12;680
28;2025-11-27;13;703
28;2025-11-27;14;665
28;2025-11-27;15;666
28;2025-11-27;16;822
28;2025-11-27;17;960
28;2025-11-27;18;921
28;2025-11-27;19;695
28;2025-11-27;20;491
28;2025-11-27;21;324
28;2025-11-27;22;138
28;2025-11-27;23;11
28;2025-11-28;0;0
28;2025-11-28;1;1
28;2025-11-28;2;0
28;2025-11-28;3;0
28;2025-11-28;4;0
28;2025-11-28;5;77
28;2025-11-28;6;246
28;2025-11-28;7;741
28;2025-11-28;8;1106
28;2025-11-28;9;784
28;2025-11-28;10;578
28;2025-11-28;11;572
28;2025-11-28;12;676
28;2025-11-28;13;706
28;2025-11-28;14;668
28;2025-11-28;15;698
28;2025-11-28;16;900
28;2025-11-28;17;941
28;2025-11-28;18;765
28;2025-11-28;19;611
28;2025-11-28;20;433
28;2025-11-28;21;298
28;2025-11-28;22;140
28;2025-11-28;23;7
28;2025-11-29;0;0
28;2025-11-29;1;0
28;2025-11-29;2;0
28;2025-11-29;3;0
28;2025-11-29;4;0
28;2025-11-29;5;32
28;2025-11-29;6;105
28;2025-11-29;7;233
28;2025-11-29;8;369
28;2025-11-29;9;449
28;2025-11-29;10;463
28;2025-11-29;11;477
28;2025-11-29;12;564
28;2025-11-29;13;594
28;2025-11-29;14;592
28;2025-11-29;15;560
28;2025-11-29;16;553
28;2025-11-29;17;551
28;2025-11-29;18;464
28;2025-11-29;19;410
28;2025-11-29;20;299
28;2025-11-29;21;271
28;2025-11-29;22;138
28;2025-11-29;23;10
28;2025-11-30;0;1
28;2025-11-30;1;2
28;2025-11-30;2;2
28;2025-11-30;3;1
28;2025-11-30;4;0
28;2025-11-30;5;23
28;2025-11-30;6;88
28;2025-11-30;7;160
28;2025-11-30;8;256
28;2025-11-30;9;342
28;2025-11-30;10;376
28;2025-11-30;11;400
28;2025-11-30;12;452
28;2025-11-30;13;507
28;2025-11-30;14;491
28;2025-11-30;15;505
28;2025-11-30;16;467
28;2025-11-30;17;468
28;2025-11-30;18;414
28;2025-11-30;19;355
28;2025-11-30;20;269
28;2025-11-30;21;222
28;2025-11-30;22;103
28;2025-11-30;23;8
28;2025-12-01;0;0
28;2025-12-01;1;0
28;2025-12-01;2;0
28;2025-12-01;3;0
28;2025-12-01;4;0
28;2025-12-01;5;72
28;2025-12-01;6;250
28;2025-12-01;7;729
28;2025-12-01;8;1110
28;2025-12-01;9;820
28;2025-12-01;10;583
28;2025-12-01;11;538
28;2025-12-01;12;645
28;2025-12-01;13;668
28;2025-12-01;14;616
28;2025-12-01;15;648
28;2025-12-01;16;804
28;2025-12-01;17;942
28;2025-12-01;18;907
28;2025-12-01;19;680
28;2025-12-01;20;444
28;2025-12-01;21;277
28;2025-12-01;22;104
28;2025-12-01;23;2
28;2025-12-02;0;0
28;2025-12-02;1;0
28;2025-12-02;2;0
28;2025-12-02;3;0
28;2025-12-02;4;0
28;2025-12-02;5;72
28;2025-12-02;6;251
28;2025-12-02;7;733
28;2025-12-02;8;1117
28;2025-12-02;9;830
28;2025-12-02;10;605
28;2025-12-02;11;544
28;2025-12-02;12;654
28;2025-12-02;13;679
28;2025-12-02;14;657
28;2025-12-02;15;658
28;2025-12-02;16;793
28;2025-12-02;17;953
28;2025-12-02;18;921
28;2025-12-02;19;690
28;2025-12-02;20;492
28;2025-12-02;21;294
28;2025-12-02;22;125
28;2025-12-02;23;3
28;2025-12-03;0;0
28;2025-12-03;1;0
28;2025-12-03;2;0
28;2025-12-03;3;0
28;2025-12-03;4;0
28;2025-12-03;5;76
28;2025-12-03;6;263
28;2025-12-03;7;738
28;2025-12-03;8;1128
28;2025-12-03;9;794
28;2025-12-03;10;608
28;2025-12-03;11;571
28;2025-12-03;12;676
28;2025-12-03;13;699
28;2025-12-03;14;660
28;2025-12-03;15;678
28;2025-12-03;16;821
28;2025-12-03;17;964
28;2025-12-03;18;924
28;2025-12-03;19;691
28;2025-12-03;20;485
28;2025-12-03;21;317
28;2025-12-03;22;135
28;2025-12-03;23;9
28;2025-12-04;0;0
28;2025-12-04;1;1
28;2025-12-04;2;0
28;2025-12-04;3;0
28;2025-12-04;4;0
28;2025-12-04;5;81
28;2025-12-04;6;269
28;2025-12-04;7;753
28;2025-12-04;8;1126
28;2025-12-04;9;840
28;2025-12-04;10;599
28;2025-12-04;11;558
28;2025-12-04;12;679
28;2025-12-04;13;703
28;2025-12-04;14;664
28;2025-12-04;15;667
28;2025-12-04;16;822
28;2025-12-04;17;966
28;2025-12-04;18;927
28;2025-12-04;19;695
28;2025-12-04;20;490
28;2025-12-04;21;324
28;2025-12-04;22;142
28;2025-12-04;23;15
28;2025-12-05;0;0
28;2025-12-05;1;1
28;2025-12-05;2;0
28;2025-12-05;3;0
28;2025-12-05;4;1
28;2025-12-05;5;84
28;2025-12-05;6;253
28;2025-12-05;7;745
28;2025-12-05;8;1117
28;2025-12-05;9;789
28;2025-12-05;10;580
28;2025-12-05;11;573
28;2025-12-05;12;680
28;2025-12-05;13;710
28;2025-12-05;14;670
28;2025-12-05;15;702
28;2025-12-05;16;903
28;2025-12-05;17;951
28;2025-12-05;18;775
28;2025-12-05;19;613
28;2025-12-05;20;434
28;2025-12-05;21;302
28;2025-12-05;22;146
28;2025-12-05;23;12
28;2025-12-06;0;0
28;2025-12-06;1;0
28;2025-12-06;2;0
28;2025-12-06;3;0
28;2025-12-06;4;0
28;2025-12-06;5;38
28;2025-12-06;6;111
28;2025-12-06;7;239
28;2025-12-06;8;370
28;2025-12-06;9;449
28;2025-12-06;10;463
28;2025-12-06;11;477
28;2025-12-06;12;565
28;2025-12-06;13;596
28;2025-12-06;14;593
28;2025-12-06;15;561
28;2025-12-06;16;557
28;2025-12-06;17;555
28;2025-12-06;18;467
28;2025-12-06;19;412
28;2025-12-06;20;303
28;2025-12-06;21;275
28;2025-12-06;22;143
28;2025-12-06;23;13
28;2025-12-07;0;2
28;2025-12-07;1;2
28;2025-12-07;2;1
28;2025-12-07;3;1
28;2025-12-07;4;0
28;2025-12-07;5;30
28;2025-12-07;6;94
28;2025-12-07;7;164
28;2025-12-07;8;257
28;2025-12-07;9;340
28;2025-12-07;10;374
28;2025-12-07;11;398
28;2025-12-07;12;450
28;2025-12-07;13;505
28;2025-12-07;14;489
28;2025-12-07;15;503
28;2025-12-07;16;468
28;2025-12-07;17;469
28;2025-12-07;18;414
28;2025-12-07;19;357
28;2025-12-07;20;275
28;2025-12-07;21;228
28;2025-12-07;22;110
28;2025-12-07;23;10
28;2025-12-08;0;1
28;2025-12-08;1;0
28;2025-12-08;2;0
28;2025-12-08;3;0
28;2025-12-08;4;0
28;2025-12-08;5;80
28;2025-12-08;6;259
28;2025-12-08;7;740
28;2025-12-08;8;1123
28;2025-12-08;9;830
28;2025-12-08;10;590
28;2025-12-08;11;545
28;2025-12-08;12;653
28;2025-12-08;13;677
28;2025-12-08;14;623
28;2025-12-08;15;657
28;2025-12-08;16;813
28;2025-12-08;17;957
28;2025-12-08;18;918
28;2025-12-08;19;688
28;2025-12-08;20;451
28;2025-12-08;21;287
28;2025-12-08;22;114
28;2025-12-08;23;7
28;2025-12-09;0;0
28;2025-12-09;1;0
28;2025-12-09;2;0
28;2025-12-09;3;0
28;2025-12-09;4;0
28;2025-12-09;5;83
28;2025-12-09;6;265
28;2025-12-09;7;747
28;2025-12-09;8;1135
28;2025-12-09;9;841
28;2025-12-09;10;616
28;2025-12-09;11;556
28;2025-12-09;12;666
28;2025-12-09;13;690
28;2025-12-09;14;666
28;2025-12-09;15;670
28;2025-12-09;16;804
28;2025-12-09;17;969
28;2025-12-09;18;934
28;2025-12-09;19;699
28;2025-12-09;20;499
28;2025-12-09;21;305
28;2025-12-09;22;136
28;2025-12-09;23;11
28;2025-12-10;0;0
28;2025-12-10;1;0
28;2025-12-10;2;0
28;2025-12-10;3;0
28;2025-12-10;4;0
28;2025-12-10;5;87
28;2025-12-10;6;276
28;2025-12-10;7;747
28;2025-12-10;8;1133
28;2025-12-10;9;800
28;2025-12-10;10;613
28;2025-12-10;11;575
28;2025-12-10;12;682
28;2025-12-10;13;705
28;2025-12-10;14;664
28;2025-12-10;15;684
28;2025-12-10;16;827
28;2025-12-10;17;968
28;2025-12-10;18;927
28;2025-12-10;19;696
28;2025-12-10;20;491
28;2025-12-10;21;323
28;2025-12-10;22;140
28;2025-12-10;23;12
28;2025-12-11;0;3
28;2025-12-11;1;2
28;2025-12-11;2;0
28;2025-12-11;3;0
28;2025-12-11;4;3
28;2025-12-11;5;89
28;2025-12-11;6;277
28;2025-12-11;7;758
28;2025-12-11;8;1130
28;2025-12-11;9;843
28;2025-12-11;10;602
28;2025-12-11;11;563
28;2025-12-11;12;683
28;2025-12-11;13;709
28;2025-12-11;14;667
28;2025-12-11;15;673
28;2025-12-11;16;828
28;2025-12-11;17;971
28;2025-12-11;18;931
28;2025-12-11;19;700
28;2025-12-11;20;496
28;2025-12-11;21;330
28;2025-12-11;22;149
28;2025-12-11;23;20
28;2025-12-12;0;4
28;2025-12-12;1;1
28;2025-12-12;2;0
28;2025-12-12;3;0
28;2025-12-12;4;4
28;2025-12-12;5;91
28;2025-12-12;6;259
28;2025-12-12;7;748
28;2025-12-12;8;1118
28;2025-12-12;9;790
28;2025-12-12;10;581
28;2025-12-12;11;576
28;2025-12-12;12;681
28;2025-12-12;13;713
28;2025-12-12;14;671
28;2025-12-12;15;705
28;2025-12-12;16;906
28;2025-12-12;17;953
28;2025-12-12;18;778
28;2025-12-12;19;617
28;2025-12-12;20;440
28;2025-12-12;21;308
28;2025-12-12;22;153
28;2025-12-12;23;17
28;2025-12-13;0;2
28;2025-12-13;1;2
28;2025-12-13;2;0
28;2025-12-13;3;0
28;2025-12-13;4;0
28;2025-12-13;5;46
28;2025-12-13;6;120
28;2025-12-13;7;243
28;2025-12-13;8;371
28;2025-12-13;9;449
28;2025-12-13;10;463
28;2025-12-13;11;478
28;2025-12-13;12;566
28;2025-12-13;13;599
28;2025-12-13;14;594
28;2025-12-13;15;565
28;2025-12-13;16;560
28;2025-12-13;17;558
28;2025-12-13;18;470
28;2025-12-13;19;416
28;2025-12-13;20;308
28;2025-12-13;21;280
28;2025-12-13;22;149
28;2025-12-13;23;17
28;2025-12-14;0;4
28;2025-12-14;1;4
28;2025-12-14;2;2
28;2025-12-14;3;2
28;2025-12-14;4;2
28;2025-12-14;5;37
28;2025-12-14;6;101
28;2025-12-14;7;167
28;2025-12-14;8;262
28;2025-12-14;9;346
28;2025-12-14;10;378
28;2025-12-14;11;403
28;2025-12-14;12;455
28;2025-12-14;13;515
28;2025-12-14;14;493
28;2025-12-14;15;514
28;2025-12-14;16;475
28;2025-12-14;17;476
28;2025-12-14;18;421
28;2025-12-14;19;360
28;2025-12-14;20;279
28;2025-12-14;21;233
28;2025-12-14;22;115
28;2025-12-14;23;15
28;2025-12-15;0;4
28;2025-12-15;1;0
28;2025-12-15;2;0
28;2025-12-15;3;0
28;2025-12-15;4;2
28;2025-12-15;5;85
28;2025-12-15;6;263
28;2025-12-15;7;747
28;2025-12-15;8;1131
28;2025-12-15;9;837
28;2025-12-15;10;596
28;2025-12-15;11;550
28;2025-12-15;12;660
28;2025-12-15;13;688
28;2025-12-15;14;629
28;2025-12-15;15;668
28;2025-12-15;16;825
28;2025-12-15;17;965
28;2025-12-15;18;923
28;2025-12-15;19;690
28;2025-12-15;20;455
28;2025-12-15;21;291
28;2025-12-15;22;119
28;2025-12-15;23;11
28;2025-12-16;0;3
28;2025-12-16;1;2
28;2025-12-16;2;2
28;2025-12-16;3;0
28;2025-12-16;4;1
28;2025-12-16;5;89
28;2025-12-16;6;267
28;2025-12-16;7;749
28;2025-12-16;8;1139
28;2025-12-16;9;843
28;2025-12-16;10;618
28;2025-12-16;11;560
28;2025-12-16;12;668
28;2025-12-16;13;695
28;2025-12-16;14;668
28;2025-12-16;15;674
28;2025-12-16;16;808
28;2025-12-16;17;973
28;2025-12-16;18;938
28;2025-12-16;19;700
28;2025-12-16;20;503
28;2025-12-16;21;308
28;2025-12-16;22;140
28;2025-12-16;23;14
28;2025-12-17;0;3
28;2025-12-17;1;0
28;2025-12-17;2;0
28;2025-12-17;3;0
28;2025-12-17;4;2
28;2025-12-17;5;89
28;2025-12-17;6;276
28;2025-12-17;7;747
28;2025-12-17;8;1135
28;2025-12-17;9;800
28;2025-12-17;10;613
28;2025-12-17;11;575
28;2025-12-17;12;679
28;2025-12-17;13;705
28;2025-12-17;14;659
28;2025-12-17;15;681
28;2025-12-17;16;825
28;2025-12-17;17;968
28;2025-12-17;18;927
28;2025-12-17;19;693
28;2025-12-17;20;492
28;2025-12-17;21;325
28;2025-12-17;22;143
28;2025-12-17;23;15
28;2025-12-18;0;3
28;2025-12-18;1;2
28;2025-12-18;2;0
28;2025-12-18;3;0
28;2025-12-18;4;4
28;2025-12-18;5;88
28;2025-12-18;6;275
28;2025-12-18;7;758
28;2025-12-18;8;1131
28;2025-12-18;9;843
28;2025-12-18;10;602
28;2025-12-18;11;564
28;2025-12-18;12;684
28;2025-12-18;13;711
28;2025-12-18;14;667
28;2025-12-18;15;673
28;2025-12-18;16;829
28;2025-12-18;17;973
28;2025-12-18;18;933
28;2025-12-18;19;700
28;2025-12-18;20;500
28;2025-12-18;21;333
28;2025-12-18;22;152
28;2025-12-18;23;21
28;2025-12-19;0;3
28;2025-12-19;1;1
28;2025-12-19;2;1
28;2025-12-19;3;1
28;2025-12-19;4;3
28;2025-12-19;5;83
28;2025-12-19;6;246
28;2025-12-19;7;736
28;2025-12-19;8;1107
28;2025-12-19;9;778
28;2025-12-19;10;570
28;2025-12-19;11;565
28;2025-12-19;12;669
28;2025-12-19;13;702
28;2025-12-19;14;659
28;2025-12-19;15;695
28;2025-12-19;16;896
28;2025-12-19;17;943
28;2025-12-19;18;768
28;2025-12-19;19;605
28;2025-12-19;20;430
28;2025-12-19;21;299
28;2025-12-19;22;146
28;2025-12-19;23;15
28;2025-12-20;0;1
28;2025-12-20;1;1
28;2025-12-20;2;0
28;2025-12-20;3;0
28;2025-12-20;4;0
28;2025-12-20;5;41
28;2025-12-20;6;113
28;2025-12-20;7;237
28;2025-12-20;8;363
28;2025-12-20;9;442
28;2025-12-20;10;456
28;2025-12-20;11;470
28;2025-12-20;12;559
28;2025-12-20;13;593
28;2025-12-20;14;587
28;2025-12-20;15;558
28;2025-12-20;16;554
28;2025-12-20;17;552
28;2025-12-20;18;464
28;2025-12-20;19;409
28;2025-12-20;20;304
28;2025-12-20;21;275
28;2025-12-20;22;149
28;2025-12-20;23;18
28;2025-12-21;0;6
28;2025-12-21;1;3
28;2025-12-21;2;1
28;2025-12-21;3;1
28;2025-12-21;4;1
28;2025-12-21;5;31
28;2025-12-21;6;96
28;2025-12-21;7;161
28;2025-12-21;8;255
28;2025-12-21;9;348
28;2025-12-21;10;380
28;2025-12-21;11;405
28;2025-12-21;12;456
28;2025-12-21;13;517
28;2025-12-21;14;495
28;2025-12-21;15;516
28;2025-12-21;16;477
28;2025-12-21;17;478
28;2025-12-21;18;424
28;2025-12-21;19;361
28;2025-12-21;20;271
28;2025-12-21;21;227
28;2025-12-21;22;111
28;2025-12-21;23;16
28;2025-12-22;0;4
28;2025-12-22;1;1
28;2025-12-22;2;1
28;2025-12-22;3;1
28;2025-12-22;4;2
28;2025-12-22;5;78
28;2025-12-22;6;251
28;2025-12-22;7;735
28;2025-12-22;8;1119
28;2025-12-22;9;825
28;2025-12-22;10;585
28;2025-12-22;11;538
28;2025-12-22;12;648
28;2025-12-22;13;677
28;2025-12-22;14;618
28;2025-12-22;15;656
28;2025-12-22;16;813
28;2025-12-22;17;954
28;2025-12-22;18;912
28;2025-12-22;19;678
28;2025-12-22;20;445
28;2025-12-22;21;282
28;2025-12-22;22;115
28;2025-12-22;23;10
28;2025-12-23;0;3
28;2025-12-23;1;2
28;2025-12-23;2;2
28;2025-12-23;3;0
28;2025-12-23;4;0
28;2025-12-23;5;80
28;2025-12-23;6;253
28;2025-12-23;7;727
28;2025-12-23;8;1116
28;2025-12-23;9;821
28;2025-12-23;10;601
28;2025-12-23;11;542
28;2025-12-23;12;650
28;2025-12-23;13;677
28;2025-12-23;14;651
28;2025-12-23;15;657
28;2025-12-23;16;790
28;2025-12-23;17;956
28;2025-12-23;18;921
28;2025-12-23;19;682
28;2025-12-23;20;488
28;2025-12-23;21;297
28;2025-12-23;22;132
28;2025-12-23;23;12
28;2025-12-24;0;2
28;2025-12-24;1;0
28;2025-12-24;2;0
28;2025-12-24;3;0
28;2025-12-24;4;1
28;2025-12-24;5;80
28;2025-12-24;6;262
28;2025-12-24;7;725
28;2025-12-24;8;1112
28;2025-12-24;9;777
28;2025-12-24;10;595
28;2025-12-24;11;556
28;2025-12-24;12;661
28;2025-12-24;13;687
28;2025-12-24;14;640
28;2025-12-24;15;663
28;2025-12-24;16;805
28;2025-12-24;17;949
28;2025-12-24;18;908
28;2025-12-24;19;674
28;2025-12-24;20;477
28;2025-12-24;21;313
28;2025-12-24;22;134
28;2025-12-24;23;12
28;2025-12-25;0;4
28;2025-12-25;1;1
28;2025-12-25;2;0
28;2025-12-25;3;0
28;2025-12-25;4;3
28;2025-12-25;5;82
28;2025-12-25;6;263
28;2025-12-25;7;738
28;2025-12-25;8;1110
28;2025-12-25;9;824
28;2025-12-25;10;586
28;2025-12-25;11;548
28;2025-12-25;12;668
28;2025-12-25;13;695
28;2025-12-25;14;652
28;2025-12-25;15;658
28;2025-12-25;16;814
28;2025-12-25;17;957
28;2025-12-25;18;920
28;2025-12-25;19;688
28;2025-12-25;20;488
28;2025-12-25;21;325
28;2025-12-25;22;147
28;2025-12-25;23;22
28;2025-12-26;0;5
28;2025-12-26;1;1
28;2025-12-26;2;0
28;2025-12-26;3;0
28;2025-12-26;4;3
28;2025-12-26;5;84
28;2025-12-26;6;246
28;2025-12-26;7;732
28;2025-12-26;8;1101
28;2025-12-26;9;771
28;2025-12-26;10;567
28;2025-12-26;11;562
28;2025-12-26;12;667
28;2025-12-26;13;700
28;2025-12-26;14;658
28;2025-12-26;15;693
28;2025-12-26;16;882
28;2025-12-26;17;937
28;2025-12-26;18;762
28;2025-12-26;19;601
28;2025-12-26;20;429
28;2025-12-26;21;299
28;2025-12-26;22;146
28;2025-12-26;23;18
28;2025-12-27;0;4
28;2025-12-27;1;2
28;2025-12-27;2;0
28;2025-12-27;3;0
28;2025-12-27;4;0
28;2025-12-27;5;41
28;2025-12-27;6;111
28;2025-12-27;7;229
28;2025-12-27;8;348
28;2025-12-27;9;426
28;2025-12-27;10;438
28;2025-12-27;11;456
28;2025-12-27;12;542
28;2025-12-27;13;578
28;2025-12-27;14;573
28;2025-12-27;15;544
28;2025-12-27;16;539
28;2025-12-27;17;540
28;2025-12-27;18;453
28;2025-12-27;19;405
28;2025-12-27;20;303
28;2025-12-27;21;274
28;2025-12-27;22;150
28;2025-12-27;23;21
28;2025-12-28;0;11
28;2025-12-28;1;6
28;2025-12-28;2;3
28;2025-12-28;3;3
28;2025-12-28;4;3
28;2025-12-28;5;26
28;2025-12-28;6;87
28;2025-12-28;7;145
28;2025-12-28;8;231
28;2025-12-28;9;322
28;2025-12-28;10;351
28;2025-12-28;11;375
28;2025-12-28;12;427
28;2025-12-28;13;487
28;2025-12-28;14;466
28;2025-12-28;15;488
28;2025-12-28;16;452
28;2025-12-28;17;455
28;2025-12-28;18;403
28;2025-12-28;19;343
28;2025-12-28;20;266
28;2025-12-28;21;222
28;2025-12-28;22;111
28;2025-12-28;23;20
28;2025-12-29;0;6
28;2025-12-29;1;1
28;2025-12-29;2;1
28;2025-12-29;3;1
28;2025-12-29;4;2
28;2025-12-29;5;64
28;2025-12-29;6;228
28;2025-12-29;7;682
28;2025-12-29;8;1055
28;2025-12-29;9;763
28;2025-12-29;10;537
28;2025-12-29;11;490
28;2025-12-29;12;591
28;2025-12-29;13;619
28;2025-12-29;14;561
28;2025-12-29;15;601
28;2025-12-29;16;757
28;2025-12-29;17;901
28;2025-12-29;18;863
28;2025-12-29;19;635
28;2025-12-29;20;423
28;2025-12-29;21;262
28;2025-12-29;22;108
28;2025-12-29;23;10
28;2025-12-30;0;2
28;2025-12-30;1;2
28;2025-12-30;2;3
28;2025-12-30;3;3
28;2025-12-30;4;1
28;2025-12-30;5;58
28;2025-12-30;6;215
28;2025-12-30;7;608
28;2025-12-30;8;923
28;2025-12-30;9;697
28;2025-12-30;10;479
28;2025-12-30;11;439
28;2025-12-30;12;530
28;2025-12-30;13;557
28;2025-12-30;14;531
28;2025-12-30;15;540
28;2025-12-30;16;672
28;2025-12-30;17;816
28;2025-12-30;18;784
28;2025-12-30;19;588
28;2025-12-30;20;411
28;2025-12-30;21;269
28;2025-12-30;22;118
28;2025-12-30;23;5
28;2025-12-31;0;2
28;2025-12-31;1;3
28;2025-12-31;2;1
28;2025-12-31;3;1
28;2025-12-31;4;0
28;2025-12-31;5;0
28;2025-12-31;6;82
28;2025-12-31;7;125
28;2025-12-31;8;216
28;2025-12-31;9;193
28;2025-12-31;10;246
28;2025-12-31;11;233
28;2025-12-31;12;268
28;2025-12-31;13;299
28;2025-12-31;14;306
28;2025-12-31;15;304
28;2025-12-31;16;309
28;2025-12-31;17;336
28;2025-12-31;18;297
28;2025-12-31;19;246
28;2025-12-31;20;187
28;2025-12-31;21;129
28;2025-12-31;22;58
28;2025-12-31;23;0
50;2025-11-01;0;57
50;2025-11-01;1;2
50;2025-11-01;2;3
50;2025-11-01;3;3
50;2025-11-01;4;0
50;2025-11-01;5;37
50;2025-11-01;6;192
50;2025-11-01;7;408
50;2025-11-01;8;585
50;2025-11-01;9;624
50;2025-11-01;10;639
50;2025-11-01;11;729
50;2025-11-01;12;790
50;2025-11-01;13;854
50;2025-11-01;14;853
50;2025-11-01;15;798
50;2025-11-01;16;746
50;2025-11-01;17;797
50;2025-11-01;18;688
50;2025-11-01;19;583
50;2025-11-01;20;489
50;2025-11-01;21;415
50;2025-11-01;22;223
50;2025-11-01;23;143
50;2025-11-02;0;37
50;2025-11-02;1;5
50;2025-11-02;2;4
50;2025-11-02;3;4
50;2025-11-02;4;2
50;2025-11-02;5;23
50;2025-11-02;6;120
50;2025-11-02;7;254
50;2025-11-02;8;390
50;2025-11-02;9;439
50;2025-11-02;10;491
50;2025-11-02;11;641
50;2025-11-02;12;661
50;2025-11-02;13;738
50;2025-11-02;14;758
50;2025-11-02;15;685
50;2025-11-02;16;697
50;2025-11-02;17;694
50;2025-11-02;18;598
50;2025-11-02;19;541
50;2025-11-02;20;437
50;2025-11-02;21;358
50;2025-11-02;22;204
50;2025-11-02;23;99
50;2025-11-03;0;39
50;2025-11-03;1;8
50;2025-11-03;2;2
50;2025-11-03;3;1
50;2025-11-03;4;0
50;2025-11-03;5;24
50;2025-11-03;6;289
50;2025-11-03;7;408
50;2025-11-03;8;488
50;2025-11-03;9;525
50;2025-11-03;10;579
50;2025-11-03;11;685
50;2025-11-03;12;755
50;2025-11-03;13;778
50;2025-11-03;14;775
50;2025-11-03;15;747
50;2025-11-03;16;736
50;2025-11-03;17;724
50;2025-11-03;18;641
50;2025-11-03;19;588
50;2025-11-03;20;543
50;2025-11-03;21;370
50;2025-11-03;22;198
50;2025-11-03;23;92
50;2025-11-04;0;31
50;2025-11-04;1;5
50;2025-11-04;2;2
50;2025-11-04;3;2
50;2025-11-04;4;0
50;2025-11-04;5;10
50;2025-11-04;6;299
50;2025-11-04;7;373
50;2025-11-04;8;451
50;2025-11-04;9;491
50;2025-11-04;10;524
50;2025-11-04;11;662
50;2025-11-04;12;703
50;2025-11-04;13;737
50;2025-11-04;14;750
50;2025-11-04;15;715
50;2025-11-04;16;706
50;2025-11-04;17;681
50;2025-11-04;18;598
50;2025-11-04;19;569
50;2025-11-04;20;554
50;2025-11-04;21;357
50;2025-11-04;22;196
50;2025-11-04;23;83
50;2025-11-05;0;22
50;2025-11-05;1;0
50;2025-11-05;2;0
50;2025-11-05;3;0
50;2025-11-05;4;0
50;2025-11-05;5;79
50;2025-11-05;6;592
50;2025-11-05;7;1829
50;2025-11-05;8;2784
50;2025-11-05;9;2194
50;2025-11-05;10;1661
50;2025-11-05;11;1507
50;2025-11-05;12;1445
50;2025-11-05;13;1461
50;2025-11-05;14;1369
50;2025-11-05;15;1562
50;2025-11-05;16;1729
50;2025-11-05;17;2309
50;2025-11-05;18;2429
50;2025-11-05;19;1441
50;2025-11-05;20;906
50;2025-11-05;21;620
50;2025-11-05;22;317
50;2025-11-05;23;145
50;2025-11-06;0;32
50;2025-11-06;1;0
50;2025-11-06;2;2
50;2025-11-06;3;1
50;2025-11-06;4;0
50;2025-11-06;5;83
50;2025-11-06;6;591
50;2025-11-06;7;1817
50;2025-11-06;8;2752
50;2025-11-06;9;2183
50;2025-11-06;10;1650
50;2025-11-06;11;1492
50;2025-11-06;12;1407
50;2025-11-06;13;1411
50;2025-11-06;14;1356
50;2025-11-06;15;1533
50;2025-11-06;16;1725
50;2025-11-06;17;2307
50;2025-11-06;18;2419
50;2025-11-06;19;1426
50;2025-11-06;20;938
50;2025-11-06;21;620
50;2025-11-06;22;318
50;2025-11-06;23;155
50;2025-11-07;0;42
50;2025-11-07;1;1
50;2025-11-07;2;0
50;2025-11-07;3;0
50;2025-11-07;4;0
50;2025-11-07;5;80
50;2025-11-07;6;589
50;2025-11-07;7;1784
50;2025-11-07;8;2702
50;2025-11-07;9;2122
50;2025-11-07;10;1608
50;2025-11-07;11;1488
50;2025-11-07;12;1429
50;2025-11-07;13;1417
50;2025-11-07;14;1361
50;2025-11-07;15;1590
50;2025-11-07;16;1859
50;2025-11-07;17;2255
50;2025-11-07;18;2101
50;2025-11-07;19;1237
50;2025-11-07;20;811
50;2025-11-07;21;550
50;2025-11-07;22;325
50;2025-11-07;23;158
50;2025-11-08;0;54
50;2025-11-08;1;0
50;2025-11-08;2;0
50;2025-11-08;3;0
50;2025-11-08;4;0
50;2025-11-08;5;35
50;2025-11-08;6;189
50;2025-11-08;7;394
50;2025-11-08;8;586
50;2025-11-08;9;621
50;2025-11-08;10;632
50;2025-11-08;11;714
50;2025-11-08;12;775
50;2025-11-08;13;839
50;2025-11-08;14;838
50;2025-11-08;15;788
50;2025-11-08;16;735
50;2025-11-08;17;788
50;2025-11-08;18;684
50;2025-11-08;19;587
50;2025-11-08;20;478
50;2025-11-08;21;410
50;2025-11-08;22;212
50;2025-11-08;23;132
50;2025-11-09;0;22
50;2025-11-09;1;0
50;2025-11-09;2;0
50;2025-11-09;3;0
50;2025-11-09;4;0
50;2025-11-09;5;9
50;2025-11-09;6;107
50;2025-11-09;7;232
50;2025-11-09;8;377
50;2025-11-09;9;426
50;2025-11-09;10;477
50;2025-11-09;11;623
50;2025-11-09;12;643
50;2025-11-09;13;714
50;2025-11-09;14;734
50;2025-11-09;15;667
50;2025-11-09;16;684
50;2025-11-09;17;682
50;2025-11-09;18;592
50;2025-11-09;19;540
50;2025-11-09;20;416
50;2025-11-09;21;340
50;2025-11-09;22;190
50;2025-11-09;23;85
50;2025-11-10;0;13
50;2025-11-10;1;0
50;2025-11-10;2;0
50;2025-11-10;3;0
50;2025-11-10;4;0
50;2025-11-10;5;64
50;2025-11-10;6;532
50;2025-11-10;7;1747
50;2025-11-10;8;2656
50;2025-11-10;9;2104
50;2025-11-10;10;1596
50;2025-11-10;11;1452
50;2025-11-10;12;1369
50;2025-11-10;13;1377
50;2025-11-10;14;1322
50;2025-11-10;15;1483
50;2025-11-10;16;1652
50;2025-11-10;17;2215
50;2025-11-10;18;2328
50;2025-11-10;19;1400
50;2025-11-10;20;903
50;2025-11-10;21;581
50;2025-11-10;22;271
50;2025-11-10;23;111
50;2025-11-11;0;9
50;2025-11-11;1;0
50;2025-11-11;2;0
50;2025-11-11;3;0
50;2025-11-11;4;0
50;2025-11-11;5;71
50;2025-11-11;6;580
50;2025-11-11;7;1795
50;2025-11-11;8;2705
50;2025-11-11;9;2149
50;2025-11-11;10;1666
50;2025-11-11;11;1498
50;2025-11-11;12;1446
50;2025-11-11;13;1450
50;2025-11-11;14;1367
50;2025-11-11;15;1543
50;2025-11-11;16;1679
50;2025-11-11;17;2309
50;2025-11-11;18;2408
50;2025-11-11;19;1422
50;2025-11-11;20;947
50;2025-11-11;21;612
50;2025-11-11;22;290
50;2025-11-11;23;123
50;2025-11-12;0;15
50;2025-11-12;1;0
50;2025-11-12;2;0
50;2025-11-12;3;0
50;2025-11-12;4;0
50;2025-11-12;5;75
50;2025-11-12;6;600
50;2025-11-12;7;1834
50;2025-11-12;8;2777
50;2025-11-12;9;2203
50;2025-11-12;10;1664
50;2025-11-12;11;1510
50;2025-11-12;12;1449
50;2025-11-12;13;1462
50;2025-11-12;14;1374
50;2025-11-12;15;1565
50;2025-11-12;16;1734
50;2025-11-12;17;2318
50;2025-11-12;18;2437
50;2025-11-12;19;1463
50;2025-11-12;20;931
50;2025-11-12;21;641
50;2025-11-12;22;326
50;2025-11-12;23;147
50;2025-11-13;0;27
50;2025-11-13;1;0
50;2025-11-13;2;0
50;2025-11-13;3;0
50;2025-11-13;4;0
50;2025-11-13;5;80
50;2025-11-13;6;609
50;2025-11-13;7;1844
50;2025-11-13;8;2774
50;2025-11-13;9;2210
50;2025-11-13;10;1673
50;2025-11-13;11;1516
50;2025-11-13;12;1436
50;2025-11-13;13;1440
50;2025-11-13;14;1383
50;2025-11-13;15;1558
50;2025-11-13;16;1747
50;2025-11-13;17;2333
50;2025-11-13;18;2442
50;2025-11-13;19;1452
50;2025-11-13;20;963
50;2025-11-13;21;647
50;2025-11-13;22;328
50;2025-11-13;23;158
50;2025-11-14;0;37
50;2025-11-14;1;0
50;2025-11-14;2;0
50;2025-11-14;3;0
50;2025-11-14;4;0
50;2025-11-14;5;79
50;2025-11-14;6;603
50;2025-11-14;7;1804
50;2025-11-14;8;2720
50;2025-11-14;9;2145
50;2025-11-14;10;1627
50;2025-11-14;11;1509
50;2025-11-14;12;1454
50;2025-11-14;13;1441
50;2025-11-14;14;1387
50;2025-11-14;15;1614
50;2025-11-14;16;1883
50;2025-11-14;17;2279
50;2025-11-14;18;2128
50;2025-11-14;19;1264
50;2025-11-14;20;833
50;2025-11-14;21;572
50;2025-11-14;22;333
50;2025-11-14;23;159
50;2025-11-15;0;56
50;2025-11-15;1;0
50;2025-11-15;2;0
50;2025-11-15;3;0
50;2025-11-15;4;0
50;2025-11-15;5;31
50;2025-11-15;6;192
50;2025-11-15;7;419
50;2025-11-15;8;632
50;2025-11-15;9;670
50;2025-11-15;10;681
50;2025-11-15;11;758
50;2025-11-15;12;819
50;2025-11-15;13;882
50;2025-11-15;14;882
50;2025-11-15;15;834
50;2025-11-15;16;781
50;2025-11-15;17;835
50;2025-11-15;18;733
50;2025-11-15;19;637
50;2025-11-15;20;523
50;2025-11-15;21;438
50;2025-11-15;22;227
50;2025-11-15;23;147
50;2025-11-16;0;33
50;2025-11-16;1;0
50;2025-11-16;2;0
50;2025-11-16;3;0
50;2025-11-16;4;0
50;2025-11-16;5;15
50;2025-11-16;6;116
50;2025-11-16;7;249
50;2025-11-16;8;409
50;2025-11-16;9;474
50;2025-11-16;10;522
50;2025-11-16;11;673
50;2025-11-16;12;693
50;2025-11-16;13;762
50;2025-11-16;14;782
50;2025-11-16;15;716
50;2025-11-16;16;734
50;2025-11-16;17;732
50;2025-11-16;18;644
50;2025-11-16;19;592
50;2025-11-16;20;467
50;2025-11-16;21;374
50;2025-11-16;22;204
50;2025-11-16;23;98
50;2025-11-17;0;21
50;2025-11-17;1;0
50;2025-11-17;2;1
50;2025-11-17;3;0
50;2025-11-17;4;0
50;2025-11-17;5;73
50;2025-11-17;6;554
50;2025-11-17;7;1776
50;2025-11-17;8;2689
50;2025-11-17;9;2134
50;2025-11-17;10;1629
50;2025-11-17;11;1482
50;2025-11-17;12;1401
50;2025-11-17;13;1406
50;2025-11-17;14;1354
50;2025-11-17;15;1515
50;2025-11-17;16;1666
50;2025-11-17;17;2227
50;2025-11-17;18;2339
50;2025-11-17;19;1417
50;2025-11-17;20;914
50;2025-11-17;21;593
50;2025-11-17;22;282
50;2025-11-17;23;120
50;2025-11-18;0;13
50;2025-11-18;1;0
50;2025-11-18;2;0
50;2025-11-18;3;0
50;2025-11-18;4;0
50;2025-11-18;5;75
50;2025-11-18;6;586
50;2025-11-18;7;1798
50;2025-11-18;8;2708
50;2025-11-18;9;2152
50;2025-11-18;10;1671
50;2025-11-18;11;1504
50;2025-11-18;12;1451
50;2025-11-18;13;1455
50;2025-11-18;14;1374
50;2025-11-18;15;1545
50;2025-11-18;16;1684
50;2025-11-18;17;2312
50;2025-11-18;18;2411
50;2025-11-18;19;1429
50;2025-11-18;20;955
50;2025-11-18;21;618
50;2025-11-18;22;297
50;2025-11-18;23;128
50;2025-11-19;0;16
50;2025-11-19;1;0
50;2025-11-19;2;0
50;2025-11-19;3;0
50;2025-11-19;4;0
50;2025-11-19;5;76
50;2025-11-19;6;600
50;2025-11-19;7;1829
50;2025-11-19;8;2775
50;2025-11-19;9;2199
50;2025-11-19;10;1663
50;2025-11-19;11;1507
50;2025-11-19;12;1446
50;2025-11-19;13;1459
50;2025-11-19;14;1372
50;2025-11-19;15;1561
50;2025-11-19;16;1730
50;2025-11-19;17;2314
50;2025-11-19;18;2433
50;2025-11-19;19;1461
50;2025-11-19;20;931
50;2025-11-19;21;643
50;2025-11-19;22;328
50;2025-11-19;23;149
50;2025-11-20;0;28
50;2025-11-20;1;0
50;2025-11-20;2;0
50;2025-11-20;3;0
50;2025-11-20;4;0
50;2025-11-20;5;81
50;2025-11-20;6;608
50;2025-11-20;7;1842
50;2025-11-20;8;2774
50;2025-11-20;9;2211
50;2025-11-20;10;1674
50;2025-11-20;11;1517
50;2025-11-20;12;1437
50;2025-11-20;13;1440
50;2025-11-20;14;1386
50;2025-11-20;15;1560
50;2025-11-20;16;1750
50;2025-11-20;17;2335
50;2025-11-20;18;2444
50;2025-11-20;19;1456
50;2025-11-20;20;966
50;2025-11-20;21;650
50;2025-11-20;22;332
50;2025-11-20;23;161
50;2025-11-21;0;40
50;2025-11-21;1;0
50;2025-11-21;2;0
50;2025-11-21;3;0
50;2025-11-21;4;0
50;2025-11-21;5;83
50;2025-11-21;6;606
50;2025-11-21;7;1806
50;2025-11-21;8;2722
50;2025-11-21;9;2146
50;2025-11-21;10;1628
50;2025-11-21;11;1510
50;2025-11-21;12;1455
50;2025-11-21;13;1443
50;2025-11-21;14;1388
50;2025-11-21;15;1615
50;2025-11-21;16;1884
50;2025-11-21;17;2280
50;2025-11-21;18;2129
50;2025-11-21;19;1267
50;2025-11-21;20;836
50;2025-11-21;21;576
50;2025-11-21;22;338
50;2025-11-21;23;163
50;2025-11-22;0;60
50;2025-11-22;1;0
50;2025-11-22;2;0
50;2025-11-22;3;0
50;2025-11-22;4;0
50;2025-11-22;5;33
50;2025-11-22;6;191
50;2025-11-22;7;417
50;2025-11-22;8;630
50;2025-11-22;9;668
50;2025-11-22;10;679
50;2025-11-22;11;788
50;2025-11-22;12;850
50;2025-11-22;13;887
50;2025-11-22;14;887
50;2025-11-22;15;839
50;2025-11-22;16;786
50;2025-11-22;17;840
50;2025-11-22;18;736
50;2025-11-22;19;643
50;2025-11-22;20;499
50;2025-11-22;21;419
50;2025-11-22;22;223
50;2025-11-22;23;142
50;2025-11-23;0;31
50;2025-11-23;1;0
50;2025-11-23;2;0
50;2025-11-23;3;0
50;2025-11-23;4;0
50;2025-11-23;5;16
50;2025-11-23;6;114
50;2025-11-23;7;238
50;2025-11-23;8;392
50;2025-11-23;9;457
50;2025-11-23;10;507
50;2025-11-23;11;654
50;2025-11-23;12;706
50;2025-11-23;13;775
50;2025-11-23;14;796
50;2025-11-23;15;729
50;2025-11-23;16;746
50;2025-11-23;17;744
50;2025-11-23;18;656
50;2025-11-23;19;574
50;2025-11-23;20;449
50;2025-11-23;21;360
50;2025-11-23;22;202
50;2025-11-23;23;96
50;2025-11-24;0;20
50;2025-11-24;1;0
50;2025-11-24;2;0
50;2025-11-24;3;0
50;2025-11-24;4;0
50;2025-11-24;5;70
50;2025-11-24;6;543
50;2025-11-24;7;1752
50;2025-11-24;8;2667
50;2025-11-24;9;2116
50;2025-11-24;10;1611
50;2025-11-24;11;1467
50;2025-11-24;12;1386
50;2025-11-24;13;1392
50;2025-11-24;14;1340
50;2025-11-24;15;1498
50;2025-11-24;16;1652
50;2025-11-24;17;2209
50;2025-11-24;18;2316
50;2025-11-24;19;1398
50;2025-11-24;20;900
50;2025-11-24;21;584
50;2025-11-24;22;285
50;2025-11-24;23;123
50;2025-11-25;0;19
50;2025-11-25;1;0
50;2025-11-25;2;1
50;2025-11-25;3;0
50;2025-11-25;4;0
50;2025-11-25;5;78
50;2025-11-25;6;583
50;2025-11-25;7;1783
50;2025-11-25;8;2688
50;2025-11-25;9;2136
50;2025-11-25;10;1656
50;2025-11-25;11;1488
50;2025-11-25;12;1436
50;2025-11-25;13;1440
50;2025-11-25;14;1359
50;2025-11-25;15;1532
50;2025-11-25;16;1669
50;2025-11-25;17;2295
50;2025-11-25;18;2390
50;2025-11-25;19;1414
50;2025-11-25;20;944
50;2025-11-25;21;613
50;2025-11-25;22;304
50;2025-11-25;23;133
50;2025-11-26;0;24
50;2025-11-26;1;0
50;2025-11-26;2;0
50;2025-11-26;3;0
50;2025-11-26;4;0
50;2025-11-26;5;79
50;2025-11-26;6;594
50;2025-11-26;7;1807
50;2025-11-26;8;2750
50;2025-11-26;9;2177
50;2025-11-26;10;1645
50;2025-11-26;11;1489
50;2025-11-26;12;1428
50;2025-11-26;13;1442
50;2025-11-26;14;1353
50;2025-11-26;15;1541
50;2025-11-26;16;1713
50;2025-11-26;17;2292
50;2025-11-26;18;2405
50;2025-11-26;19;1432
50;2025-11-26;20;911
50;2025-11-26;21;627
50;2025-11-26;22;326
50;2025-11-26;23;146
50;2025-11-27;0;32
50;2025-11-27;1;0
50;2025-11-27;2;1
50;2025-11-27;3;0
50;2025-11-27;4;0
50;2025-11-27;5;81
50;2025-11-27;6;598
50;2025-11-27;7;1817
50;2025-11-27;8;2747
50;2025-11-27;9;2185
50;2025-11-27;10;1653
50;2025-11-27;11;1497
50;2025-11-27;12;1415
50;2025-11-27;13;1419
50;2025-11-27;14;1364
50;2025-11-27;15;1537
50;2025-11-27;16;1729
50;2025-11-27;17;2310
50;2025-11-27;18;2416
50;2025-11-27;19;1435
50;2025-11-27;20;949
50;2025-11-27;21;637
50;2025-11-27;22;333
50;2025-11-27;23;160
50;2025-11-28;0;43
50;2025-11-28;1;1
50;2025-11-28;2;0
50;2025-11-28;3;0
50;2025-11-28;4;0
50;2025-11-28;5;82
50;2025-11-28;6;600
50;2025-11-28;7;1786
50;2025-11-28;8;2699
50;2025-11-28;9;2126
50;2025-11-28;10;1613
50;2025-11-28;11;1492
50;2025-11-28;12;1435
50;2025-11-28;13;1423
50;2025-11-28;14;1369
50;2025-11-28;15;1594
50;2025-11-28;16;1861
50;2025-11-28;17;2257
50;2025-11-28;18;2107
50;2025-11-28;19;1248
50;2025-11-28;20;822
50;2025-11-28;21;566
50;2025-11-28;22;339
50;2025-11-28;23;162
50;2025-11-29;0;56
50;2025-11-29;1;0
50;2025-11-29;2;0
50;2025-11-29;3;0
50;2025-11-29;4;0
50;2025-11-29;5;34
50;2025-11-29;6;190
50;2025-11-29;7;402
50;2025-11-29;8;613
50;2025-11-29;9;648
50;2025-11-29;10;659
50;2025-11-29;11;768
50;2025-11-29;12;833
50;2025-11-29;13;896
50;2025-11-29;14;896
50;2025-11-29;15;848
50;2025-11-29;16;793
50;2025-11-29;17;846
50;2025-11-29;18;743
50;2025-11-29;19;649
50;2025-11-29;20;505
50;2025-11-29;21;424
50;2025-11-29;22;228
50;2025-11-29;23;147
50;2025-11-30;0;37
50;2025-11-30;1;1
50;2025-11-30;2;2
50;2025-11-30;3;1
50;2025-11-30;4;0
50;2025-11-30;5;22
50;2025-11-30;6;119
50;2025-11-30;7;248
50;2025-11-30;8;402
50;2025-11-30;9;467
50;2025-11-30;10;517
50;2025-11-30;11;664
50;2025-11-30;12;717
50;2025-11-30;13;786
50;2025-11-30;14;807
50;2025-11-30;15;739
50;2025-11-30;16;756
50;2025-11-30;17;754
50;2025-11-30;18;665
50;2025-11-30;19;583
50;2025-11-30;20;458
50;2025-11-30;21;368
50;2025-11-30;22;209
50;2025-11-30;23;103
50;2025-12-01;0;26
50;2025-12-01;1;0
50;2025-12-01;2;0
50;2025-12-01;3;0
50;2025-12-01;4;0
50;2025-12-01;5;78
50;2025-12-01;6;551
50;2025-12-01;7;1754
50;2025-12-01;8;2649
50;2025-12-01;9;2107
50;2025-12-01;10;1611
50;2025-12-01;11;1468
50;2025-12-01;12;1387
50;2025-12-01;13;1392
50;2025-12-01;14;1341
50;2025-12-01;15;1499
50;2025-12-01;16;1651
50;2025-12-01;17;2198
50;2025-12-01;18;2309
50;2025-12-01;19;1405
50;2025-12-01;20;901
50;2025-12-01;21;584
50;2025-12-01;22;286
50;2025-12-01;23;125
50;2025-12-02;0;20
50;2025-12-02;1;0
50;2025-12-02;2;0
50;2025-12-02;3;0
50;2025-12-02;4;0
50;2025-12-02;5;77
50;2025-12-02;6;579
50;2025-12-02;7;1763
50;2025-12-02;8;2645
50;2025-12-02;9;2116
50;2025-12-02;10;1649
50;2025-12-02;11;1481
50;2025-12-02;12;1431
50;2025-12-02;13;1435
50;2025-12-02;14;1354
50;2025-12-02;15;1527
50;2025-12-02;16;1659
50;2025-12-02;17;2274
50;2025-12-02;18;2373
50;2025-12-02;19;1413
50;2025-12-02;20;944
50;2025-12-02;21;611
50;2025-12-02;22;303
50;2025-12-02;23;134
50;2025-12-03;0;28
50;2025-12-03;1;0
50;2025-12-03;2;0
50;2025-12-03;3;0
50;2025-12-03;4;0
50;2025-12-03;5;82
50;2025-12-03;6;593
50;2025-12-03;7;1814
50;2025-12-03;8;2756
50;2025-12-03;9;2183
50;2025-12-03;10;1652
50;2025-12-03;11;1497
50;2025-12-03;12;1436
50;2025-12-03;13;1450
50;2025-12-03;14;1362
50;2025-12-03;15;1550
50;2025-12-03;16;1722
50;2025-12-03;17;2300
50;2025-12-03;18;2413
50;2025-12-03;19;1439
50;2025-12-03;20;917
50;2025-12-03;21;626
50;2025-12-03;22;325
50;2025-12-03;23;152
50;2025-12-04;0;39
50;2025-12-04;1;1
50;2025-12-04;2;0
50;2025-12-04;3;0
50;2025-12-04;4;0
50;2025-12-04;5;87
50;2025-12-04;6;600
50;2025-12-04;7;1821
50;2025-12-04;8;2750
50;2025-12-04;9;2189
50;2025-12-04;10;1657
50;2025-12-04;11;1500
50;2025-12-04;12;1418
50;2025-12-04;13;1422
50;2025-12-04;14;1368
50;2025-12-04;15;1541
50;2025-12-04;16;1733
50;2025-12-04;17;2314
50;2025-12-04;18;2419
50;2025-12-04;19;1436
50;2025-12-04;20;953
50;2025-12-04;21;634
50;2025-12-04;22;331
50;2025-12-04;23;165
50;2025-12-05;0;50
50;2025-12-05;1;2
50;2025-12-05;2;0
50;2025-12-05;3;0
50;2025-12-05;4;1
50;2025-12-05;5;89
50;2025-12-05;6;602
50;2025-12-05;7;1794
50;2025-12-05;8;2707
50;2025-12-05;9;2135
50;2025-12-05;10;1622
50;2025-12-05;11;1500
50;2025-12-05;12;1444
50;2025-12-05;13;1431
50;2025-12-05;14;1377
50;2025-12-05;15;1602
50;2025-12-05;16;1869
50;2025-12-05;17;2265
50;2025-12-05;18;2113
50;2025-12-05;19;1253
50;2025-12-05;20;828
50;2025-12-05;21;565
50;2025-12-05;22;338
50;2025-12-05;23;168
50;2025-12-06;0;62
50;2025-12-06;1;0
50;2025-12-06;2;0
50;2025-12-06;3;0
50;2025-12-06;4;0
50;2025-12-06;5;41
50;2025-12-06;6;195
50;2025-12-06;7;402
50;2025-12-06;8;612
50;2025-12-06;9;647
50;2025-12-06;10;658
50;2025-12-06;11;771
50;2025-12-06;12;834
50;2025-12-06;13;898
50;2025-12-06;14;898
50;2025-12-06;15;850
50;2025-12-06;16;797
50;2025-12-06;17;850
50;2025-12-06;18;746
50;2025-12-06;19;650
50;2025-12-06;20;508
50;2025-12-06;21;426
50;2025-12-06;22;232
50;2025-12-06;23;152
50;2025-12-07;0;42
50;2025-12-07;1;2
50;2025-12-07;2;1
50;2025-12-07;3;1
50;2025-12-07;4;0
50;2025-12-07;5;29
50;2025-12-07;6;125
50;2025-12-07;7;251
50;2025-12-07;8;399
50;2025-12-07;9;464
50;2025-12-07;10;514
50;2025-12-07;11;662
50;2025-12-07;12;715
50;2025-12-07;13;785
50;2025-12-07;14;805
50;2025-12-07;15;738
50;2025-12-07;16;757
50;2025-12-07;17;755
50;2025-12-07;18;665
50;2025-12-07;19;584
50;2025-12-07;20;461
50;2025-12-07;21;371
50;2025-12-07;22;215
50;2025-12-07;23;111
50;2025-12-08;0;35
50;2025-12-08;1;2
50;2025-12-08;2;0
50;2025-12-08;3;0
50;2025-12-08;4;0
50;2025-12-08;5;86
50;2025-12-08;6;556
50;2025-12-08;7;1770
50;2025-12-08;8;2677
50;2025-12-08;9;2127
50;2025-12-08;10;1621
50;2025-12-08;11;1478
50;2025-12-08;12;1396
50;2025-12-08;13;1402
50;2025-12-08;14;1350
50;2025-12-08;15;1508
50;2025-12-08;16;1662
50;2025-12-08;17;2220
50;2025-12-08;18;2326
50;2025-12-08;19;1408
50;2025-12-08;20;910
50;2025-12-08;21;589
50;2025-12-08;22;296
50;2025-12-08;23;134
50;2025-12-09;0;30
50;2025-12-09;1;0
50;2025-12-09;2;0
50;2025-12-09;3;0
50;2025-12-09;4;0
50;2025-12-09;5;89
50;2025-12-09;6;589
50;2025-12-09;7;1795
50;2025-12-09;8;2698
50;2025-12-09;9;2147
50;2025-12-09;10;1667
50;2025-12-09;11;1499
50;2025-12-09;12;1447
50;2025-12-09;13;1451
50;2025-12-09;14;1370
50;2025-12-09;15;1543
50;2025-12-09;16;1681
50;2025-12-09;17;2306
50;2025-12-09;18;2401
50;2025-12-09;19;1424
50;2025-12-09;20;952
50;2025-12-09;21;617
50;2025-12-09;22;313
50;2025-12-09;23;145
50;2025-12-10;0;36
50;2025-12-10;1;3
50;2025-12-10;2;0
50;2025-12-10;3;0
50;2025-12-10;4;1
50;2025-12-10;5;93
50;2025-12-10;6;604
50;2025-12-10;7;1823
50;2025-12-10;8;2762
50;2025-12-10;9;2189
50;2025-12-10;10;1658
50;2025-12-10;11;1503
50;2025-12-10;12;1442
50;2025-12-10;13;1456
50;2025-12-10;14;1368
50;2025-12-10;15;1556
50;2025-12-10;16;1727
50;2025-12-10;17;2307
50;2025-12-10;18;2419
50;2025-12-10;19;1445
50;2025-12-10;20;918
50;2025-12-10;21;631
50;2025-12-10;22;330
50;2025-12-10;23;158
50;2025-12-11;0;44
50;2025-12-11;1;3
50;2025-12-11;2;2
50;2025-12-11;3;1
50;2025-12-11;4;3
50;2025-12-11;5;96
50;2025-12-11;6;607
50;2025-12-11;7;1828
50;2025-12-11;8;2756
50;2025-12-11;9;2194
50;2025-12-11;10;1662
50;2025-12-11;11;1505
50;2025-12-11;12;1423
50;2025-12-11;13;1429
50;2025-12-11;14;1373
50;2025-12-11;15;1548
50;2025-12-11;16;1740
50;2025-12-11;17;2321
50;2025-12-11;18;2426
50;2025-12-11;19;1441
50;2025-12-11;20;952
50;2025-12-11;21;638
50;2025-12-11;22;336
50;2025-12-11;23;170
50;2025-12-12;0;55
50;2025-12-12;1;5
50;2025-12-12;2;0
50;2025-12-12;3;0
50;2025-12-12;4;4
50;2025-12-12;5;97
50;2025-12-12;6;608
50;2025-12-12;7;1798
50;2025-12-12;8;2710
50;2025-12-12;9;2138
50;2025-12-12;10;1624
50;2025-12-12;11;1502
50;2025-12-12;12;1446
50;2025-12-12;13;1436
50;2025-12-12;14;1379
50;2025-12-12;15;1607
50;2025-12-12;16;1874
50;2025-12-12;17;2269
50;2025-12-12;18;2117
50;2025-12-12;19;1256
50;2025-12-12;20;827
50;2025-12-12;21;569
50;2025-12-12;22;344
50;2025-12-12;23;175
50;2025-12-13;0;69
50;2025-12-13;1;3
50;2025-12-13;2;0
50;2025-12-13;3;1
50;2025-12-13;4;0
50;2025-12-13;5;49
50;2025-12-13;6;203
50;2025-12-13;7;405
50;2025-12-13;8;611
50;2025-12-13;9;645
50;2025-12-13;10;659
50;2025-12-13;11;770
50;2025-12-13;12;833
50;2025-12-13;13;900
50;2025-12-13;14;897
50;2025-12-13;15;852
50;2025-12-13;16;799
50;2025-12-13;17;853
50;2025-12-13;18;748
50;2025-12-13;19;654
50;2025-12-13;20;512
50;2025-12-13;21;430
50;2025-12-13;22;236
50;2025-12-13;23;156
50;2025-12-14;0;47
50;2025-12-14;1;5
50;2025-12-14;2;2
50;2025-12-14;3;2
50;2025-12-14;4;2
50;2025-12-14;5;36
50;2025-12-14;6;131
50;2025-12-14;7;254
50;2025-12-14;8;404
50;2025-12-14;9;470
50;2025-12-14;10;519
50;2025-12-14;11;670
50;2025-12-14;12;723
50;2025-12-14;13;798
50;2025-12-14;14;813
50;2025-12-14;15;751
50;2025-12-14;16;768
50;2025-12-14;17;766
50;2025-12-14;18;676
50;2025-12-14;19;590
50;2025-12-14;20;465
50;2025-12-14;21;374
50;2025-12-14;22;219
50;2025-12-14;23;115
50;2025-12-15;0;40
50;2025-12-15;1;5
50;2025-12-15;2;0
50;2025-12-15;3;0
50;2025-12-15;4;2
50;2025-12-15;5;91
50;2025-12-15;6;561
50;2025-12-15;7;1780
50;2025-12-15;8;2687
50;2025-12-15;9;2137
50;2025-12-15;10;1630
50;2025-12-15;11;1487
50;2025-12-15;12;1406
50;2025-12-15;13;1415
50;2025-12-15;14;1359
50;2025-12-15;15;1522
50;2025-12-15;16;1676
50;2025-12-15;17;2229
50;2025-12-15;18;2334
50;2025-12-15;19;1412
50;2025-12-15;20;912
50;2025-12-15;21;592
50;2025-12-15;22;299
50;2025-12-15;23;139
50;2025-12-16;0;35
50;2025-12-16;1;3
50;2025-12-16;2;2
50;2025-12-16;3;1
50;2025-12-16;4;1
50;2025-12-16;5;94
50;2025-12-16;6;593
50;2025-12-16;7;1799
50;2025-12-16;8;2703
50;2025-12-16;9;2151
50;2025-12-16;10;1671
50;2025-12-16;11;1503
50;2025-12-16;12;1451
50;2025-12-16;13;1458
50;2025-12-16;14;1374
50;2025-12-16;15;1549
50;2025-12-16;16;1687
50;2025-12-16;17;2312
50;2025-12-16;18;2407
50;2025-12-16;19;1427
50;2025-12-16;20;953
50;2025-12-16;21;618
50;2025-12-16;22;316
50;2025-12-16;23;149
50;2025-12-17;0;39
50;2025-12-17;1;4
50;2025-12-17;2;0
50;2025-12-17;3;0
50;2025-12-17;4;3
50;2025-12-17;5;96
50;2025-12-17;6;605
50;2025-12-17;7;1825
50;2025-12-17;8;2765
50;2025-12-17;9;2192
50;2025-12-17;10;1659
50;2025-12-17;11;1502
50;2025-12-17;12;1441
50;2025-12-17;13;1457
50;2025-12-17;14;1365
50;2025-12-17;15;1555
50;2025-12-17;16;1727
50;2025-12-17;17;2307
50;2025-12-17;18;2420
50;2025-12-17;19;1444
50;2025-12-17;20;918
50;2025-12-17;21;632
50;2025-12-17;22;332
50;2025-12-17;23;160
50;2025-12-18;0;45
50;2025-12-18;1;4
50;2025-12-18;2;2
50;2025-12-18;3;0
50;2025-12-18;4;3
50;2025-12-18;5;95
50;2025-12-18;6;606
50;2025-12-18;7;1829
50;2025-12-18;8;2758
50;2025-12-18;9;2196
50;2025-12-18;10;1664
50;2025-12-18;11;1507
50;2025-12-18;12;1425
50;2025-12-18;13;1432
50;2025-12-18;14;1375
50;2025-12-18;15;1551
50;2025-12-18;16;1743
50;2025-12-18;17;2324
50;2025-12-18;18;2428
50;2025-12-18;19;1443
50;2025-12-18;20;955
50;2025-12-18;21;642
50;2025-12-18;22;340
50;2025-12-18;23;173
50;2025-12-19;0;51
50;2025-12-19;1;5
50;2025-12-19;2;0
50;2025-12-19;3;1
50;2025-12-19;4;3
50;2025-12-19;5;88
50;2025-12-19;6;596
50;2025-12-19;7;1787
50;2025-12-19;8;2701
50;2025-12-19;9;2128
50;2025-12-19;10;1614
50;2025-12-19;11;1492
50;2025-12-19;12;1436
50;2025-12-19;13;1426
50;2025-12-19;14;1369
50;2025-12-19;15;1597
50;2025-12-19;16;1864
50;2025-12-19;17;2260
50;2025-12-19;18;2108
50;2025-12-19;19;1246
50;2025-12-19;20;817
50;2025-12-19;21;560
50;2025-12-19;22;335
50;2025-12-19;23;168
50;2025-12-20;0;65
50;2025-12-20;1;2
50;2025-12-20;2;0
50;2025-12-20;3;0
50;2025-12-20;4;0
50;2025-12-20;5;43
50;2025-12-20;6;194
50;2025-12-20;7;397
50;2025-12-20;8;604
50;2025-12-20;9;638
50;2025-12-20;10;652
50;2025-12-20;11;763
50;2025-12-20;12;827
50;2025-12-20;13;894
50;2025-12-20;14;891
50;2025-12-20;15;846
50;2025-12-20;16;794
50;2025-12-20;17;847
50;2025-12-20;18;743
50;2025-12-20;19;647
50;2025-12-20;20;507
50;2025-12-20;21;426
50;2025-12-20;22;234
50;2025-12-20;23;154
50;2025-12-21;0;45
50;2025-12-21;1;5
50;2025-12-21;2;1
50;2025-12-21;3;1
50;2025-12-21;4;1
50;2025-12-21;5;32
50;2025-12-21;6;127
50;2025-12-21;7;248
50;2025-12-21;8;407
50;2025-12-21;9;471
50;2025-12-21;10;520
50;2025-12-21;11;672
50;2025-12-21;12;725
50;2025-12-21;13;801
50;2025-12-21;14;815
50;2025-12-21;15;754
50;2025-12-21;16;771
50;2025-12-21;17;769
50;2025-12-21;18;679
50;2025-12-21;19;590
50;2025-12-21;20;467
50;2025-12-21;21;377
50;2025-12-21;22;213
50;2025-12-21;23;112
50;2025-12-22;0;35
50;2025-12-22;1;6
50;2025-12-22;2;0
50;2025-12-22;3;1
50;2025-12-22;4;2
50;2025-12-22;5;84
50;2025-12-22;6;549
50;2025-12-22;7;1768
50;2025-12-22;8;2675
50;2025-12-22;9;2124
50;2025-12-22;10;1618
50;2025-12-22;11;1475
50;2025-12-22;12;1394
50;2025-12-22;13;1404
50;2025-12-22;14;1347
50;2025-12-22;15;1510
50;2025-12-22;16;1664
50;2025-12-22;17;2217
50;2025-12-22;18;2322
50;2025-12-22;19;1400
50;2025-12-22;20;902
50;2025-12-22;21;582
50;2025-12-22;22;290
50;2025-12-22;23;134
50;2025-12-23;0;30
50;2025-12-23;1;3
50;2025-12-23;2;2
50;2025-12-23;3;1
50;2025-12-23;4;1
50;2025-12-23;5;85
50;2025-12-23;6;575
50;2025-12-23;7;1777
50;2025-12-23;8;2681
50;2025-12-23;9;2128
50;2025-12-23;10;1648
50;2025-12-23;11;1481
50;2025-12-23;12;1432
50;2025-12-23;13;1439
50;2025-12-23;14;1355
50;2025-12-23;15;1531
50;2025-12-23;16;1668
50;2025-12-23;17;2294
50;2025-12-23;18;2388
50;2025-12-23;19;1409
50;2025-12-23;20;937
50;2025-12-23;21;604
50;2025-12-23;22;305
50;2025-12-23;23;141
50;2025-12-24;0;33
50;2025-12-24;1;4
50;2025-12-24;2;0
50;2025-12-24;3;0
50;2025-12-24;4;2
50;2025-12-24;5;86
50;2025-12-24;6;587
50;2025-12-24;7;1801
50;2025-12-24;8;2754
50;2025-12-24;9;2168
50;2025-12-24;10;1635
50;2025-12-24;11;1479
50;2025-12-24;12;1421
50;2025-12-24;13;1437
50;2025-12-24;14;1344
50;2025-12-24;15;1534
50;2025-12-24;16;1706
50;2025-12-24;17;2287
50;2025-12-24;18;2406
50;2025-12-24;19;1423
50;2025-12-24;20;901
50;2025-12-24;21;616
50;2025-12-24;22;320
50;2025-12-24;23;151
50;2025-12-25;0;40
50;2025-12-25;1;4
50;2025-12-25;2;1
50;2025-12-25;3;0
50;2025-12-25;4;3
50;2025-12-25;5;88
50;2025-12-25;6;590
50;2025-12-25;7;1805
50;2025-12-25;8;2745
50;2025-12-25;9;2172
50;2025-12-25;10;1639
50;2025-12-25;11;1488
50;2025-12-25;12;1409
50;2025-12-25;13;1415
50;2025-12-25;14;1359
50;2025-12-25;15;1535
50;2025-12-25;16;1727
50;2025-12-25;17;2308
50;2025-12-25;18;2421
50;2025-12-25;19;1430
50;2025-12-25;20;944
50;2025-12-25;21;629
50;2025-12-25;22;331
50;2025-12-25;23;168
50;2025-12-26;0;53
50;2025-12-26;1;6
50;2025-12-26;2;0
50;2025-12-26;3;0
50;2025-12-26;4;4
50;2025-12-26;5;89
50;2025-12-26;6;592
50;2025-12-26;7;1774
50;2025-12-26;8;2700
50;2025-12-26;9;2115
50;2025-12-26;10;1603
50;2025-12-26;11;1486
50;2025-12-26;12;1433
50;2025-12-26;13;1424
50;2025-12-26;14;1368
50;2025-12-26;15;1596
50;2025-12-26;16;1852
50;2025-12-26;17;2250
50;2025-12-26;18;2102
50;2025-12-26;19;1243
50;2025-12-26;20;816
50;2025-12-26;21;556
50;2025-12-26;22;334
50;2025-12-26;23;168
50;2025-12-27;0;67
50;2025-12-27;1;5
50;2025-12-27;2;0
50;2025-12-27;3;1
50;2025-12-27;4;0
50;2025-12-27;5;43
50;2025-12-27;6;190
50;2025-12-27;7;385
50;2025-12-27;8;587
50;2025-12-27;9;622
50;2025-12-27;10;637
50;2025-12-27;11;749
50;2025-12-27;12;814
50;2025-12-27;13;882
50;2025-12-27;14;880
50;2025-12-27;15;835
50;2025-12-27;16;780
50;2025-12-27;17;835
50;2025-12-27;18;732
50;2025-12-27;19;643
50;2025-12-27;20;503
50;2025-12-27;21;421
50;2025-12-27;22;234
50;2025-12-27;23;154
50;2025-12-28;0;48
50;2025-12-28;1;10
50;2025-12-28;2;2
50;2025-12-28;3;3
50;2025-12-28;4;3
50;2025-12-28;5;27
50;2025-12-28;6;116
50;2025-12-28;7;228
50;2025-12-28;8;376
50;2025-12-28;9;439
50;2025-12-28;10;491
50;2025-12-28;11;643
50;2025-12-28;12;695
50;2025-12-28;13;772
50;2025-12-28;14;788
50;2025-12-28;15;728
50;2025-12-28;16;745
50;2025-12-28;17;744
50;2025-12-28;18;656
50;2025-12-28;19;571
50;2025-12-28;20;461
50;2025-12-28;21;368
50;2025-12-28;22;207
50;2025-12-28;23;111
50;2025-12-29;0;35
50;2025-12-29;1;7
50;2025-12-29;2;1
50;2025-12-29;3;1
50;2025-12-29;4;2
50;2025-12-29;5;69
50;2025-12-29;6;515
50;2025-12-29;7;1704
50;2025-12-29;8;2607
50;2025-12-29;9;2051
50;2025-12-29;10;1546
50;2025-12-29;11;1407
50;2025-12-29;12;1326
50;2025-12-29;13;1340
50;2025-12-29;14;1280
50;2025-12-29;15;1449
50;2025-12-29;16;1602
50;2025-12-29;17;2159
50;2025-12-29;18;2268
50;2025-12-29;19;1351
50;2025-12-29;20;866
50;2025-12-29;21;521
50;2025-12-29;22;251
50;2025-12-29;23;128
50;2025-12-30;0;28
50;2025-12-30;1;4
50;2025-12-30;2;2
50;2025-12-30;3;3
50;2025-12-30;4;1
50;2025-12-30;5;63
50;2025-12-30;6;462
50;2025-12-30;7;1580
50;2025-12-30;8;2477
50;2025-12-30;9;1935
50;2025-12-30;10;1460
50;2025-12-30;11;1297
50;2025-12-30;12;1249
50;2025-12-30;13;1256
50;2025-12-30;14;1173
50;2025-12-30;15;1351
50;2025-12-30;16;1478
50;2025-12-30;17;2105
50;2025-12-30;18;2204
50;2025-12-30;19;1233
50;2025-12-30;20;808
50;2025-12-30;21;507
50;2025-12-30;22;259
50;2025-12-30;23;128
50;2025-12-31;0;27
50;2025-12-31;1;9
50;2025-12-31;2;1
50;2025-12-31;3;1
50;2025-12-31;4;0
50;2025-12-31;5;0
50;2025-12-31;6;186
50;2025-12-31;7;126
50;2025-12-31;8;261
50;2025-12-31;9;223
50;2025-12-31;10;276
50;2025-12-31;11;399
50;2025-12-31;12;431
50;2025-12-31;13;458
50;2025-12-31;14;461
50;2025-12-31;15;423
50;2025-12-31;16;394
50;2025-12-31;17;443
50;2025-12-31;18;403
50;2025-12-31;19;322
50;2025-12-31;20;322
50;2025-12-31;21;256
50;2025-12-31;22;132
50;2025-12-31;23;63
