route;date;hour;prediction
1;2025-11-01;0;7
1;2025-11-01;1;0
1;2025-11-01;2;0
1;2025-11-01;3;0
1;2025-11-01;4;0
1;2025-11-01;5;39
1;2025-11-01;6;170
1;2025-11-01;7;338
1;2025-11-01;8;430
1;2025-11-01;9;703
1;2025-11-01;10;809
1;2025-11-01;11;794
1;2025-11-01;12;949
1;2025-11-01;13;956
1;2025-11-01;14;911
1;2025-11-01;15;804
1;2025-11-01;16;719
1;2025-11-01;17;688
1;2025-11-01;18;596
1;2025-11-01;19;552
1;2025-11-01;20;398
1;2025-11-01;21;300
1;2025-11-01;22;145
1;2025-11-01;23;33
1;2025-11-02;0;2
1;2025-11-02;1;0
1;2025-11-02;2;0
1;2025-11-02;3;0
1;2025-11-02;4;1
1;2025-11-02;5;26
1;2025-11-02;6;119
1;2025-11-02;7;259
1;2025-11-02;8;343
1;2025-11-02;9;579
1;2025-11-02;10;696
1;2025-11-02;11;670
1;2025-11-02;12;838
1;2025-11-02;13;877
1;2025-11-02;14;765
1;2025-11-02;15;718
1;2025-11-02;16;615
1;2025-11-02;17;586
1;2025-11-02;18;517
1;2025-11-02;19;439
1;2025-11-02;20;352
1;2025-11-02;21;252
1;2025-11-02;22;95
1;2025-11-02;23;14
1;2025-11-03;0;0
1;2025-11-03;1;0
1;2025-11-03;2;0
1;2025-11-03;3;0
1;2025-11-03;4;0
1;2025-11-03;5;60
1;2025-11-03;6;235
1;2025-11-03;7;380
1;2025-11-03;8;377
1;2025-11-03;9;665
1;2025-11-03;10;748
1;2025-11-03;11;727
1;2025-11-03;12;832
1;2025-11-03;13;854
1;2025-11-03;14;791
1;2025-11-03;15;685
1;2025-11-03;16;651
1;2025-11-03;17;614
1;2025-11-03;18;606
1;2025-11-03;19;501
1;2025-11-03;20;498
1;2025-11-03;21;344
1;2025-11-03;22;154
1;2025-11-03;23;19
1;2025-11-04;0;3
1;2025-11-04;1;0
1;2025-11-04;2;0
1;2025-11-04;3;0
1;2025-11-04;4;5
1;2025-11-04;5;71
1;2025-11-04;6;215
1;2025-11-04;7;370
1;2025-11-04;8;398
1;2025-11-04;9;660
1;2025-11-04;10;730
1;2025-11-04;11;697
1;2025-11-04;12;809
1;2025-11-04;13;825
1;2025-11-04;14;757
1;2025-11-04;15;634
1;2025-11-04;16;622
1;2025-11-04;17;558
1;2025-11-04;18;548
1;2025-11-04;19;445
1;2025-11-04;20;465
1;2025-11-04;21;335
1;2025-11-04;22;161
1;2025-11-04;23;34
1;2025-11-05;0;6
1;2025-11-05;1;0
1;2025-11-05;2;0
1;2025-11-05;3;0
1;2025-11-05;4;0
1;2025-11-05;5;128
1;2025-11-05;6;507
1;2025-11-05;7;1417
1;2025-11-05;8;1965
1;2025-11-05;9;1464
1;2025-11-05;10;1313
1;2025-11-05;11;1356
1;2025-11-05;12;1363
1;2025-11-05;13;1414
1;2025-11-05;14;1322
1;2025-11-05;15;1444
1;2025-11-05;16;1455
1;2025-11-05;17;1768
1;2025-11-05;18;1840
1;2025-11-05;19;1380
1;2025-11-05;20;868
1;2025-11-05;21;485
1;2025-11-05;22;249
1;2025-11-05;23;40
1;2025-11-06;0;6
1;2025-11-06;1;0
1;2025-11-06;2;0
1;2025-11-06;3;0
1;2025-11-06;4;6
1;2025-11-06;5;130
1;2025-11-06;6;488
1;2025-11-06;7;1428
1;2025-11-06;8;1943
1;2025-11-06;9;1433
1;2025-11-06;10;1321
1;2025-11-06;11;1356
1;2025-11-06;12;1366
1;2025-11-06;13;1381
1;2025-11-06;14;1306
1;2025-11-06;15;1427
1;2025-11-06;16;1443
1;2025-11-06;17;1783
1;2025-11-06;18;1795
1;2025-11-06;19;1374
1;2025-11-06;20;873
1;2025-11-06;21;478
1;2025-11-06;22;247
1;2025-11-06;23;66
1;2025-11-07;0;10
1;2025-11-07;1;0
1;2025-11-07;2;0
1;2025-11-07;3;3
1;2025-11-07;4;10
1;2025-11-07;5;150
1;2025-11-07;6;483
1;2025-11-07;7;1416
1;2025-11-07;8;1886
1;2025-11-07;9;1386
1;2025-11-07;10;1250
1;2025-11-07;11;1334
1;2025-11-07;12;1316
1;2025-11-07;13;1346
1;2025-11-07;14;1249
1;2025-11-07;15;1412
1;2025-11-07;16;1500
1;2025-11-07;17;1763
1;2025-11-07;18;1552
1;2025-11-07;19;1147
1;2025-11-07;20;756
1;2025-11-07;21;470
1;2025-11-07;22;253
1;2025-11-07;23;75
1;2025-11-08;0;11
1;2025-11-08;1;0
1;2025-11-08;2;0
1;2025-11-08;3;0
1;2025-11-08;4;0
1;2025-11-08;5;36
1;2025-11-08;6;163
1;2025-11-08;7;313
1;2025-11-08;8;405
1;2025-11-08;9;621
1;2025-11-08;10;705
1;2025-11-08;11;712
1;2025-11-08;12;852
1;2025-11-08;13;859
1;2025-11-08;14;794
1;2025-11-08;15;714
1;2025-11-08;16;657
1;2025-11-08;17;649
1;2025-11-08;18;564
1;2025-11-08;19;542
1;2025-11-08;20;395
1;2025-11-08;21;292
1;2025-11-08;22;140
1;2025-11-08;23;29
1;2025-11-09;0;2
1;2025-11-09;1;0
1;2025-11-09;2;0
1;2025-11-09;3;0
1;2025-11-09;4;2
1;2025-11-09;5;28
1;2025-11-09;6;127
1;2025-11-09;7;259
1;2025-11-09;8;341
1;2025-11-09;9;549
1;2025-11-09;10;634
1;2025-11-09;11;632
1;2025-11-09;12;728
1;2025-11-09;13;770
1;2025-11-09;14;639
1;2025-11-09;15;666
1;2025-11-09;16;590
1;2025-11-09;17;561
1;2025-11-09;18;499
1;2025-11-09;19;432
1;2025-11-09;20;348
1;2025-11-09;21;245
1;2025-11-09;22;97
1;2025-11-09;23;12
1;2025-11-10;0;0
1;2025-11-10;1;0
1;2025-11-10;2;0
1;2025-11-10;3;2
1;2025-11-10;4;0
1;2025-11-10;5;132
1;2025-11-10;6;493
1;2025-11-10;7;1408
1;2025-11-10;8;1882
1;2025-11-10;9;1389
1;2025-11-10;10;1225
1;2025-11-10;11;1273
1;2025-11-10;12;1302
1;2025-11-10;13;1310
1;2025-11-10;14;1239
1;2025-11-10;15;1396
1;2025-11-10;16;1439
1;2025-11-10;17;1743
1;2025-11-10;18;1800
1;2025-11-10;19;1360
1;2025-11-10;20;844
1;2025-11-10;21;448
1;2025-11-10;22;232
1;2025-11-10;23;34
1;2025-11-11;0;0
1;2025-11-11;1;0
1;2025-11-11;2;0
1;2025-11-11;3;0
1;2025-11-11;4;6
1;2025-11-11;5;134
1;2025-11-11;6;519
1;2025-11-11;7;1424
1;2025-11-11;8;1900
1;2025-11-11;9;1464
1;2025-11-11;10;1344
1;2025-11-11;11;1336
1;2025-11-11;12;1346
1;2025-11-11;13;1367
1;2025-11-11;14;1248
1;2025-11-11;15;1385
1;2025-11-11;16;1409
1;2025-11-11;17;1750
1;2025-11-11;18;1805
1;2025-11-11;19;1375
1;2025-11-11;20;856
1;2025-11-11;21;478
1;2025-11-11;22;247
1;2025-11-11;23;43
1;2025-11-12;0;5
1;2025-11-12;1;0
1;2025-11-12;2;0
1;2025-11-12;3;0
1;2025-11-12;4;0
1;2025-11-12;5;126
1;2025-11-12;6;510
1;2025-11-12;7;1384
1;2025-11-12;8;1947
1;2025-11-12;9;1438
1;2025-11-12;10;1301
1;2025-11-12;11;1345
1;2025-11-12;12;1349
1;2025-11-12;13;1395
1;2025-11-12;14;1285
1;2025-11-12;15;1400
1;2025-11-12;16;1431
1;2025-11-12;17;1762
1;2025-11-12;18;1827
1;2025-11-12;19;1380
1;2025-11-12;20;866
1;2025-11-12;21;483
1;2025-11-12;22;250
1;2025-11-12;23;37
1;2025-11-13;0;5
1;2025-11-13;1;0
1;2025-11-13;2;0
1;2025-11-13;3;0
1;2025-11-13;4;6
1;2025-11-13;5;129
1;2025-11-13;6;496
1;2025-11-13;7;1435
1;2025-11-13;8;1956
1;2025-11-13;9;1445
1;2025-11-13;10;1334
1;2025-11-13;11;1366
1;2025-11-13;12;1375
1;2025-11-13;13;1392
1;2025-11-13;14;1309
1;2025-11-13;15;1438
1;2025-11-13;16;1455
1;2025-11-13;17;1805
1;2025-11-13;18;1812
1;2025-11-13;19;1376
1;2025-11-13;20;878
1;2025-11-13;21;490
1;2025-11-13;22;255
1;2025-11-13;23;54
1;2025-11-14;0;6
1;2025-11-14;1;0
1;2025-11-14;2;0
1;2025-11-14;3;0
1;2025-11-14;4;6
1;2025-11-14;5;146
1;2025-11-14;6;483
1;2025-11-14;7;1417
1;2025-11-14;8;1900
1;2025-11-14;9;1389
1;2025-11-14;10;1255
1;2025-11-14;11;1343
1;2025-11-14;12;1324
1;2025-11-14;13;1362
1;2025-11-14;14;1263
1;2025-11-14;15;1436
1;2025-11-14;16;1524
1;2025-11-14;17;1798
1;2025-11-14;18;1565
1;2025-11-14;19;1152
1;2025-11-14;20;756
1;2025-11-14;21;463
1;2025-11-14;22;245
1;2025-11-14;23;56
1;2025-11-15;0;5
1;2025-11-15;1;0
1;2025-11-15;2;0
1;2025-11-15;3;0
1;2025-11-15;4;0
1;2025-11-15;5;37
1;2025-11-15;6;168
1;2025-11-15;7;334
1;2025-11-15;8;447
1;2025-11-15;9;700
1;2025-11-15;10;785
1;2025-11-15;11;785
1;2025-11-15;12;919
1;2025-11-15;13;923
1;2025-11-15;14;857
1;2025-11-15;15;778
1;2025-11-15;16;710
1;2025-11-15;17;685
1;2025-11-15;18;597
1;2025-11-15;19;578
1;2025-11-15;20;416
1;2025-11-15;21;312
1;2025-11-15;22;146
1;2025-11-15;23;33
1;2025-11-16;0;3
1;2025-11-16;1;0
1;2025-11-16;2;0
1;2025-11-16;3;0
1;2025-11-16;4;3
1;2025-11-16;5;30
1;2025-11-16;6;129
1;2025-11-16;7;261
1;2025-11-16;8;351
1;2025-11-16;9;581
1;2025-11-16;10;664
1;2025-11-16;11;663
1;2025-11-16;12;780
1;2025-11-16;13;823
1;2025-11-16;14;690
1;2025-11-16;15;696
1;2025-11-16;16;609
1;2025-11-16;17;584
1;2025-11-16;18;523
1;2025-11-16;19;449
1;2025-11-16;20;367
1;2025-11-16;21;258
1;2025-11-16;22;105
1;2025-11-16;23;17
1;2025-11-17;0;1
1;2025-11-17;1;0
1;2025-11-17;2;0
1;2025-11-17;3;1
1;2025-11-17;4;0
1;2025-11-17;5;125
1;2025-11-17;6;495
1;2025-11-17;7;1397
1;2025-11-17;8;1880
1;2025-11-17;9;1412
1;2025-11-17;10;1246
1;2025-11-17;11;1294
1;2025-11-17;12;1323
1;2025-11-17;13;1330
1;2025-11-17;14;1260
1;2025-11-17;15;1414
1;2025-11-17;16;1449
1;2025-11-17;17;1754
1;2025-11-17;18;1834
1;2025-11-17;19;1379
1;2025-11-17;20;863
1;2025-11-17;21;461
1;2025-11-17;22;239
1;2025-11-17;23;38
1;2025-11-18;0;2
1;2025-11-18;1;0
1;2025-11-18;2;0
1;2025-11-18;3;0
1;2025-11-18;4;8
1;2025-11-18;5;134
1;2025-11-18;6;525
1;2025-11-18;7;1429
1;2025-11-18;8;1916
1;2025-11-18;9;1481
1;2025-11-18;10;1356
1;2025-11-18;11;1348
1;2025-11-18;12;1362
1;2025-11-18;13;1382
1;2025-11-18;14;1261
1;2025-11-18;15;1398
1;2025-11-18;16;1419
1;2025-11-18;17;1760
1;2025-11-18;18;1815
1;2025-11-18;19;1388
1;2025-11-18;20;869
1;2025-11-18;21;488
1;2025-11-18;22;249
1;2025-11-18;23;39
1;2025-11-19;0;5
1;2025-11-19;1;0
1;2025-11-19;2;0
1;2025-11-19;3;0
1;2025-11-19;4;0
1;2025-11-19;5;127
1;2025-11-19;6;516
1;2025-11-19;7;1386
1;2025-11-19;8;1949
1;2025-11-19;9;1453
1;2025-11-19;10;1314
1;2025-11-19;11;1359
1;2025-11-19;12;1366
1;2025-11-19;13;1409
1;2025-11-19;14;1300
1;2025-11-19;15;1413
1;2025-11-19;16;1434
1;2025-11-19;17;1765
1;2025-11-19;18;1831
1;2025-11-19;19;1385
1;2025-11-19;20;874
1;2025-11-19;21;498
1;2025-11-19;22;261
1;2025-11-19;23;40
1;2025-11-20;0;5
1;2025-11-20;1;0
1;2025-11-20;2;0
1;2025-11-20;3;0
1;2025-11-20;4;6
1;2025-11-20;5;130
1;2025-11-20;6;504
1;2025-11-20;7;1436
1;2025-11-20;8;1959
1;2025-11-20;9;1451
1;2025-11-20;10;1343
1;2025-11-20;11;1376
1;2025-11-20;12;1385
1;2025-11-20;13;1402
1;2025-11-20;14;1321
1;2025-11-20;15;1444
1;2025-11-20;16;1460
1;2025-11-20;17;1808
1;2025-11-20;18;1816
1;2025-11-20;19;1382
1;2025-11-20;20;878
1;2025-11-20;21;494
1;2025-11-20;22;256
1;2025-11-20;23;53
1;2025-11-21;0;6
1;2025-11-21;1;0
1;2025-11-21;2;0
1;2025-11-21;3;0
1;2025-11-21;4;7
1;2025-11-21;5;147
1;2025-11-21;6;489
1;2025-11-21;7;1416
1;2025-11-21;8;1896
1;2025-11-21;9;1394
1;2025-11-21;10;1261
1;2025-11-21;11;1350
1;2025-11-21;12;1330
1;2025-11-21;13;1367
1;2025-11-21;14;1266
1;2025-11-21;15;1438
1;2025-11-21;16;1523
1;2025-11-21;17;1800
1;2025-11-21;18;1574
1;2025-11-21;19;1162
1;2025-11-21;20;773
1;2025-11-21;21;470
1;2025-11-21;22;246
1;2025-11-21;23;50
1;2025-11-22;0;5
1;2025-11-22;1;0
1;2025-11-22;2;0
1;2025-11-22;3;0
1;2025-11-22;4;0
1;2025-11-22;5;37
1;2025-11-22;6;169
1;2025-11-22;7;334
1;2025-11-22;8;446
1;2025-11-22;9;697
1;2025-11-22;10;782
1;2025-11-22;11;780
1;2025-11-22;12;917
1;2025-11-22;13;920
1;2025-11-22;14;857
1;2025-11-22;15;781
1;2025-11-22;16;698
1;2025-11-22;17;670
1;2025-11-22;18;585
1;2025-11-22;19;569
1;2025-11-22;20;416
1;2025-11-22;21;310
1;2025-11-22;22;150
1;2025-11-22;23;38
1;2025-11-23;0;3
1;2025-11-23;1;0
1;2025-11-23;2;0
1;2025-11-23;3;0
1;2025-11-23;4;3
1;2025-11-23;5;29
1;2025-11-23;6;128
1;2025-11-23;7;257
1;2025-11-23;8;340
1;2025-11-23;9;566
1;2025-11-23;10;656
1;2025-11-23;11;649
1;2025-11-23;12;771
1;2025-11-23;13;814
1;2025-11-23;14;684
1;2025-11-23;15;687
1;2025-11-23;16;595
1;2025-11-23;17;566
1;2025-11-23;18;508
1;2025-11-23;19;448
1;2025-11-23;20;363
1;2025-11-23;21;255
1;2025-11-23;22;109
1;2025-11-23;23;23
1;2025-11-24;0;1
1;2025-11-24;1;0
1;2025-11-24;2;0
1;2025-11-24;3;1
1;2025-11-24;4;0
1;2025-11-24;5;127
1;2025-11-24;6;490
1;2025-11-24;7;1387
1;2025-11-24;8;1874
1;2025-11-24;9;1407
1;2025-11-24;10;1240
1;2025-11-24;11;1285
1;2025-11-24;12;1320
1;2025-11-24;13;1327
1;2025-11-24;14;1254
1;2025-11-24;15;1404
1;2025-11-24;16;1433
1;2025-11-24;17;1750
1;2025-11-24;18;1827
1;2025-11-24;19;1381
1;2025-11-24;20;861
1;2025-11-24;21;460
1;2025-11-24;22;241
1;2025-11-24;23;42
1;2025-11-25;0;3
1;2025-11-25;1;0
1;2025-11-25;2;0
1;2025-11-25;3;0
1;2025-11-25;4;12
1;2025-11-25;5;136
1;2025-11-25;6;523
1;2025-11-25;7;1399
1;2025-11-25;8;1890
1;2025-11-25;9;1458
1;2025-11-25;10;1343
1;2025-11-25;11;1335
1;2025-11-25;12;1344
1;2025-11-25;13;1363
1;2025-11-25;14;1254
1;2025-11-25;15;1376
1;2025-11-25;16;1395
1;2025-11-25;17;1744
1;2025-11-25;18;1815
1;2025-11-25;19;1378
1;2025-11-25;20;868
1;2025-11-25;21;481
1;2025-11-25;22;251
1;2025-11-25;23;43
1;2025-11-26;0;6
1;2025-11-26;1;0
1;2025-11-26;2;0
1;2025-11-26;3;0
1;2025-11-26;4;0
1;2025-11-26;5;127
1;2025-11-26;6;509
1;2025-11-26;7;1363
1;2025-11-26;8;1925
1;2025-11-26;9;1422
1;2025-11-26;10;1302
1;2025-11-26;11;1341
1;2025-11-26;12;1345
1;2025-11-26;13;1370
1;2025-11-26;14;1275
1;2025-11-26;15;1367
1;2025-11-26;16;1394
1;2025-11-26;17;1726
1;2025-11-26;18;1815
1;2025-11-26;19;1363
1;2025-11-26;20;872
1;2025-11-26;21;495
1;2025-11-26;22;260
1;2025-11-26;23;43
1;2025-11-27;0;6
1;2025-11-27;1;0
1;2025-11-27;2;0
1;2025-11-27;3;0
1;2025-11-27;4;8
1;2025-11-27;5;130
1;2025-11-27;6;495
1;2025-11-27;7;1397
1;2025-11-27;8;1918
1;2025-11-27;9;1423
1;2025-11-27;10;1321
1;2025-11-27;11;1355
1;2025-11-27;12;1364
1;2025-11-27;13;1374
1;2025-11-27;14;1295
1;2025-11-27;15;1395
1;2025-11-27;16;1423
1;2025-11-27;17;1765
1;2025-11-27;18;1798
1;2025-11-27;19;1370
1;2025-11-27;20;881
1;2025-11-27;21;489
1;2025-11-27;22;257
1;2025-11-27;23;57
1;2025-11-28;0;6
1;2025-11-28;1;0
1;2025-11-28;2;0
1;2025-11-28;3;0
1;2025-11-28;4;7
1;2025-11-28;5;147
1;2025-11-28;6;484
1;2025-11-28;7;1379
1;2025-11-28;8;1859
1;2025-11-28;9;1367
1;2025-11-28;10;1237
1;2025-11-28;11;1323
1;2025-11-28;12;1309
1;2025-11-28;13;1336
1;2025-11-28;14;1235
1;2025-11-28;15;1389
1;2025-11-28;16;1468
1;2025-11-28;17;1753
1;2025-11-28;18;1562
1;2025-11-28;19;1102
1;2025-11-28;20;755
1;2025-11-28;21;461
1;2025-11-28;22;235
1;2025-11-28;23;51
1;2025-11-29;0;4
1;2025-11-29;1;0
1;2025-11-29;2;0
1;2025-11-29;3;0
1;2025-11-29;4;0
1;2025-11-29;5;36
1;2025-11-29;6;166
1;2025-11-29;7;325
1;2025-11-29;8;437
1;2025-11-29;9;682
1;2025-11-29;10;769
1;2025-11-29;11;768
1;2025-11-29;12;905
1;2025-11-29;13;908
1;2025-11-29;14;847
1;2025-11-29;15;767
1;2025-11-29;16;694
1;2025-11-29;17;665
1;2025-11-29;18;580
1;2025-11-29;19;557
1;2025-11-29;20;404
1;2025-11-29;21;305
1;2025-11-29;22;151
1;2025-11-29;23;40
1;2025-11-30;0;4
1;2025-11-30;1;0
1;2025-11-30;2;0
1;2025-11-30;3;0
1;2025-11-30;4;3
1;2025-11-30;5;29
1;2025-11-30;6;128
1;2025-11-30;7;256
1;2025-11-30;8;338
1;2025-11-30;9;566
1;2025-11-30;10;658
1;2025-11-30;11;650
1;2025-11-30;12;777
1;2025-11-30;13;816
1;2025-11-30;14;692
1;2025-11-30;15;689
1;2025-11-30;16;595
1;2025-11-30;17;570
1;2025-11-30;18;514
1;2025-11-30;19;447
1;2025-11-30;20;362
1;2025-11-30;21;253
1;2025-11-30;22;108
1;2025-11-30;23;21
1;2025-12-01;0;0
1;2025-12-01;1;0
1;2025-12-01;2;0
1;2025-12-01;3;0
1;2025-12-01;4;0
1;2025-12-01;5;125
1;2025-12-01;6;479
1;2025-12-01;7;1357
1;2025-12-01;8;1804
1;2025-12-01;9;1367
1;2025-12-01;10;1218
1;2025-12-01;11;1258
1;2025-12-01;12;1295
1;2025-12-01;13;1302
1;2025-12-01;14;1229
1;2025-12-01;15;1364
1;2025-12-01;16;1405
1;2025-12-01;17;1704
1;2025-12-01;18;1771
1;2025-12-01;19;1322
1;2025-12-01;20;847
1;2025-12-01;21;453
1;2025-12-01;22;243
1;2025-12-01;23;48
1;2025-12-02;0;14
1;2025-12-02;1;8
1;2025-12-02;2;8
1;2025-12-02;3;7
1;2025-12-02;4;20
1;2025-12-02;5;144
1;2025-12-02;6;518
1;2025-12-02;7;1373
1;2025-12-02;8;1825
1;2025-12-02;9;1415
1;2025-12-02;10;1306
1;2025-12-02;11;1296
1;2025-12-02;12;1301
1;2025-12-02;13;1318
1;2025-12-02;14;1218
1;2025-12-02;15;1337
1;2025-12-02;16;1376
1;2025-12-02;17;1701
1;2025-12-02;18;1793
1;2025-12-02;19;1340
1;2025-12-02;20;844
1;2025-12-02;21;467
1;2025-12-02;22;246
1;2025-12-02;23;42
1;2025-12-03;0;6
1;2025-12-03;1;0
1;2025-12-03;2;0
1;2025-12-03;3;0
1;2025-12-03;4;0
1;2025-12-03;5;126
1;2025-12-03;6;501
1;2025-12-03;7;1349
1;2025-12-03;8;1905
1;2025-12-03;9;1413
1;2025-12-03;10;1293
1;2025-12-03;11;1330
1;2025-12-03;12;1335
1;2025-12-03;13;1365
1;2025-12-03;14;1267
1;2025-12-03;15;1362
1;2025-12-03;16;1392
1;2025-12-03;17;1717
1;2025-12-03;18;1801
1;2025-12-03;19;1341
1;2025-12-03;20;861
1;2025-12-03;21;490
1;2025-12-03;22;258
1;2025-12-03;23;43
1;2025-12-04;0;6
1;2025-12-04;1;0
1;2025-12-04;2;0
1;2025-12-04;3;0
1;2025-12-04;4;7
1;2025-12-04;5;127
1;2025-12-04;6;487
1;2025-12-04;7;1386
1;2025-12-04;8;1904
1;2025-12-04;9;1400
1;2025-12-04;10;1295
1;2025-12-04;11;1326
1;2025-12-04;12;1336
1;2025-12-04;13;1349
1;2025-12-04;14;1266
1;2025-12-04;15;1371
1;2025-12-04;16;1400
1;2025-12-04;17;1739
1;2025-12-04;18;1767
1;2025-12-04;19;1327
1;2025-12-04;20;857
1;2025-12-04;21;477
1;2025-12-04;22;252
1;2025-12-04;23;55
1;2025-12-05;0;6
1;2025-12-05;1;0
1;2025-12-05;2;0
1;2025-12-05;3;2
1;2025-12-05;4;8
1;2025-12-05;5;148
1;2025-12-05;6;480
1;2025-12-05;7;1379
1;2025-12-05;8;1860
1;2025-12-05;9;1363
1;2025-12-05;10;1233
1;2025-12-05;11;1318
1;2025-12-05;12;1307
1;2025-12-05;13;1334
1;2025-12-05;14;1230
1;2025-12-05;15;1384
1;2025-12-05;16;1470
1;2025-12-05;17;1748
1;2025-12-05;18;1559
1;2025-12-05;19;1105
1;2025-12-05;20;754
1;2025-12-05;21;459
1;2025-12-05;22;239
1;2025-12-05;23;55
1;2025-12-06;0;7
1;2025-12-06;1;0
1;2025-12-06;2;0
1;2025-12-06;3;0
1;2025-12-06;4;2
1;2025-12-06;5;40
1;2025-12-06;6;167
1;2025-12-06;7;327
1;2025-12-06;8;431
1;2025-12-06;9;675
1;2025-12-06;10;767
1;2025-12-06;11;770
1;2025-12-06;12;902
1;2025-12-06;13;908
1;2025-12-06;14;843
1;2025-12-06;15;764
1;2025-12-06;16;690
1;2025-12-06;17;661
1;2025-12-06;18;573
1;2025-12-06;19;550
1;2025-12-06;20;396
1;2025-12-06;21;299
1;2025-12-06;22;147
1;2025-12-06;23;36
1;2025-12-07;0;3
1;2025-12-07;1;0
1;2025-12-07;2;0
1;2025-12-07;3;0
1;2025-12-07;4;3
1;2025-12-07;5;29
1;2025-12-07;6;127
1;2025-12-07;7;256
1;2025-12-07;8;339
1;2025-12-07;9;565
1;2025-12-07;10;655
1;2025-12-07;11;642
1;2025-12-07;12;766
1;2025-12-07;13;809
1;2025-12-07;14;680
1;2025-12-07;15;679
1;2025-12-07;16;588
1;2025-12-07;17;557
1;2025-12-07;18;496
1;2025-12-07;19;433
1;2025-12-07;20;345
1;2025-12-07;21;245
1;2025-12-07;22;100
1;2025-12-07;23;15
1;2025-12-08;0;0
1;2025-12-08;1;0
1;2025-12-08;2;0
1;2025-12-08;3;1
1;2025-12-08;4;0
1;2025-12-08;5;125
1;2025-12-08;6;485
1;2025-12-08;7;1358
1;2025-12-08;8;1819
1;2025-12-08;9;1377
1;2025-12-08;10;1216
1;2025-12-08;11;1265
1;2025-12-08;12;1303
1;2025-12-08;13;1311
1;2025-12-08;14;1228
1;2025-12-08;15;1365
1;2025-12-08;16;1399
1;2025-12-08;17;1697
1;2025-12-08;18;1783
1;2025-12-08;19;1333
1;2025-12-08;20;847
1;2025-12-08;21;452
1;2025-12-08;22;238
1;2025-12-08;23;40
1;2025-12-09;0;4
1;2025-12-09;1;0
1;2025-12-09;2;0
1;2025-12-09;3;0
1;2025-12-09;4;10
1;2025-12-09;5;135
1;2025-12-09;6;513
1;2025-12-09;7;1377
1;2025-12-09;8;1858
1;2025-12-09;9;1436
1;2025-12-09;10;1325
1;2025-12-09;11;1319
1;2025-12-09;12;1326
1;2025-12-09;13;1344
1;2025-12-09;14;1235
1;2025-12-09;15;1351
1;2025-12-09;16;1377
1;2025-12-09;17;1710
1;2025-12-09;18;1788
1;2025-12-09;19;1343
1;2025-12-09;20;853
1;2025-12-09;21;475
1;2025-12-09;22;250
1;2025-12-09;23;45
1;2025-12-10;0;7
1;2025-12-10;1;0
1;2025-12-10;2;0
1;2025-12-10;3;0
1;2025-12-10;4;0
1;2025-12-10;5;128
1;2025-12-10;6;506
1;2025-12-10;7;1349
1;2025-12-10;8;1903
1;2025-12-10;9;1406
1;2025-12-10;10;1295
1;2025-12-10;11;1335
1;2025-12-10;12;1337
1;2025-12-10;13;1366
1;2025-12-10;14;1273
1;2025-12-10;15;1359
1;2025-12-10;16;1389
1;2025-12-10;17;1715
1;2025-12-10;18;1795
1;2025-12-10;19;1333
1;2025-12-10;20;860
1;2025-12-10;21;487
1;2025-12-10;22;258
1;2025-12-10;23;43
1;2025-12-11;0;6
1;2025-12-11;1;0
1;2025-12-11;2;0
1;2025-12-11;3;0
1;2025-12-11;4;7
1;2025-12-11;5;127
1;2025-12-11;6;482
1;2025-12-11;7;1387
1;2025-12-11;8;1904
1;2025-12-11;9;1400
1;2025-12-11;10;1302
1;2025-12-11;11;1334
1;2025-12-11;12;1344
1;2025-12-11;13;1357
1;2025-12-11;14;1275
1;2025-12-11;15;1374
1;2025-12-11;16;1402
1;2025-12-11;17;1739
1;2025-12-11;18;1766
1;2025-12-11;19;1326
1;2025-12-11;20;859
1;2025-12-11;21;470
1;2025-12-11;22;251
1;2025-12-11;23;55
1;2025-12-12;0;6
1;2025-12-12;1;0
1;2025-12-12;2;0
1;2025-12-12;3;2
1;2025-12-12;4;8
1;2025-12-12;5;146
1;2025-12-12;6;473
1;2025-12-12;7;1384
1;2025-12-12;8;1855
1;2025-12-12;9;1362
1;2025-12-12;10;1232
1;2025-12-12;11;1318
1;2025-12-12;12;1311
1;2025-12-12;13;1335
1;2025-12-12;14;1233
1;2025-12-12;15;1389
1;2025-12-12;16;1469
1;2025-12-12;17;1728
1;2025-12-12;18;1545
1;2025-12-12;19;1086
1;2025-12-12;20;752
1;2025-12-12;21;450
1;2025-12-12;22;238
1;2025-12-12;23;55
1;2025-12-13;0;6
1;2025-12-13;1;0
1;2025-12-13;2;0
1;2025-12-13;3;0
1;2025-12-13;4;0
1;2025-12-13;5;38
1;2025-12-13;6;164
1;2025-12-13;7;323
1;2025-12-13;8;425
1;2025-12-13;9;666
1;2025-12-13;10;749
1;2025-12-13;11;751
1;2025-12-13;12;902
1;2025-12-13;13;905
1;2025-12-13;14;844
1;2025-12-13;15;749
1;2025-12-13;16;676
1;2025-12-13;17;645
1;2025-12-13;18;556
1;2025-12-13;19;532
1;2025-12-13;20;387
1;2025-12-13;21;299
1;2025-12-13;22;146
1;2025-12-13;23;37
1;2025-12-14;0;3
1;2025-12-14;1;0
1;2025-12-14;2;0
1;2025-12-14;3;0
1;2025-12-14;4;3
1;2025-12-14;5;29
1;2025-12-14;6;126
1;2025-12-14;7;251
1;2025-12-14;8;324
1;2025-12-14;9;553
1;2025-12-14;10;648
1;2025-12-14;11;632
1;2025-12-14;12;775
1;2025-12-14;13;824
1;2025-12-14;14;688
1;2025-12-14;15;669
1;2025-12-14;16;583
1;2025-12-14;17;552
1;2025-12-14;18;484
1;2025-12-14;19;424
1;2025-12-14;20;339
1;2025-12-14;21;246
1;2025-12-14;22;101
1;2025-12-14;23;16
1;2025-12-15;0;0
1;2025-12-15;1;0
1;2025-12-15;2;0
1;2025-12-15;3;1
1;2025-12-15;4;0
1;2025-12-15;5;124
1;2025-12-15;6;478
1;2025-12-15;7;1364
1;2025-12-15;8;1821
1;2025-12-15;9;1379
1;2025-12-15;10;1221
1;2025-12-15;11;1270
1;2025-12-15;12;1308
1;2025-12-15;13;1316
1;2025-12-15;14;1231
1;2025-12-15;15;1364
1;2025-12-15;16;1402
1;2025-12-15;17;1688
1;2025-12-15;18;1775
1;2025-12-15;19;1340
1;2025-12-15;20;855
1;2025-12-15;21;448
1;2025-12-15;22;238
1;2025-12-15;23;40
1;2025-12-16;0;4
1;2025-12-16;1;0
1;2025-12-16;2;0
1;2025-12-16;3;0
1;2025-12-16;4;11
1;2025-12-16;5;132
1;2025-12-16;6;503
1;2025-12-16;7;1384
1;2025-12-16;8;1852
1;2025-12-16;9;1440
1;2025-12-16;10;1332
1;2025-12-16;11;1325
1;2025-12-16;12;1333
1;2025-12-16;13;1351
1;2025-12-16;14;1236
1;2025-12-16;15;1350
1;2025-12-16;16;1379
1;2025-12-16;17;1702
1;2025-12-16;18;1778
1;2025-12-16;19;1343
1;2025-12-16;20;856
1;2025-12-16;21;464
1;2025-12-16;22;246
1;2025-12-16;23;41
1;2025-12-17;0;5
1;2025-12-17;1;0
1;2025-12-17;2;0
1;2025-12-17;3;0
1;2025-12-17;4;0
1;2025-12-17;5;125
1;2025-12-17;6;494
1;2025-12-17;7;1349
1;2025-12-17;8;1898
1;2025-12-17;9;1402
1;2025-12-17;10;1290
1;2025-12-17;11;1332
1;2025-12-17;12;1335
1;2025-12-17;13;1362
1;2025-12-17;14;1267
1;2025-12-17;15;1359
1;2025-12-17;16;1392
1;2025-12-17;17;1704
1;2025-12-17;18;1785
1;2025-12-17;19;1334
1;2025-12-17;20;852
1;2025-12-17;21;474
1;2025-12-17;22;252
1;2025-12-17;23;42
1;2025-12-18;0;7
1;2025-12-18;1;0
1;2025-12-18;2;0
1;2025-12-18;3;0
1;2025-12-18;4;7
1;2025-12-18;5;126
1;2025-12-18;6;484
1;2025-12-18;7;1373
1;2025-12-18;8;1872
1;2025-12-18;9;1375
1;2025-12-18;10;1285
1;2025-12-18;11;1314
1;2025-12-18;12;1324
1;2025-12-18;13;1333
1;2025-12-18;14;1256
1;2025-12-18;15;1348
1;2025-12-18;16;1378
1;2025-12-18;17;1703
1;2025-12-18;18;1727
1;2025-12-18;19;1305
1;2025-12-18;20;861
1;2025-12-18;21;470
1;2025-12-18;22;252
1;2025-12-18;23;55
1;2025-12-19;0;6
1;2025-12-19;1;0
1;2025-12-19;2;0
1;2025-12-19;3;0
1;2025-12-19;4;7
1;2025-12-19;5;143
1;2025-12-19;6;474
1;2025-12-19;7;1363
1;2025-12-19;8;1829
1;2025-12-19;9;1338
1;2025-12-19;10;1217
1;2025-12-19;11;1271
1;2025-12-19;12;1265
1;2025-12-19;13;1288
1;2025-12-19;14;1211
1;2025-12-19;15;1342
1;2025-12-19;16;1441
1;2025-12-19;17;1695
1;2025-12-19;18;1469
1;2025-12-19;19;1068
1;2025-12-19;20;767
1;2025-12-19;21;460
1;2025-12-19;22;246
1;2025-12-19;23;52
1;2025-12-20;0;7
1;2025-12-20;1;0
1;2025-12-20;2;0
1;2025-12-20;3;0
1;2025-12-20;4;0
1;2025-12-20;5;37
1;2025-12-20;6;158
1;2025-12-20;7;329
1;2025-12-20;8;435
1;2025-12-20;9;672
1;2025-12-20;10;757
1;2025-12-20;11;761
1;2025-12-20;12;915
1;2025-12-20;13;917
1;2025-12-20;14;857
1;2025-12-20;15;754
1;2025-12-20;16;681
1;2025-12-20;17;650
1;2025-12-20;18;563
1;2025-12-20;19;538
1;2025-12-20;20;404
1;2025-12-20;21;311
1;2025-12-20;22;139
1;2025-12-20;23;36
1;2025-12-21;0;3
1;2025-12-21;1;0
1;2025-12-21;2;0
1;2025-12-21;3;0
1;2025-12-21;4;3
1;2025-12-21;5;28
1;2025-12-21;6;118
1;2025-12-21;7;253
1;2025-12-21;8;336
1;2025-12-21;9;547
1;2025-12-21;10;637
1;2025-12-21;11;623
1;2025-12-21;12;761
1;2025-12-21;13;809
1;2025-12-21;14;683
1;2025-12-21;15;664
1;2025-12-21;16;573
1;2025-12-21;17;547
1;2025-12-21;18;490
1;2025-12-21;19;426
1;2025-12-21;20;360
1;2025-12-21;21;259
1;2025-12-21;22;100
1;2025-12-21;23;18
1;2025-12-22;0;0
1;2025-12-22;1;0
1;2025-12-22;2;0
1;2025-12-22;3;1
1;2025-12-22;4;0
1;2025-12-22;5;116
1;2025-12-22;6;475
1;2025-12-22;7;1249
1;2025-12-22;8;1719
1;2025-12-22;9;1292
1;2025-12-22;10;1167
1;2025-12-22;11;1215
1;2025-12-22;12;1251
1;2025-12-22;13;1261
1;2025-12-22;14;1195
1;2025-12-22;15;1288
1;2025-12-22;16;1306
1;2025-12-22;17;1565
1;2025-12-22;18;1686
1;2025-12-22;19;1255
1;2025-12-22;20;842
1;2025-12-22;21;450
1;2025-12-22;22;249
1;2025-12-22;23;54
1;2025-12-23;0;12
1;2025-12-23;1;1
1;2025-12-23;2;2
1;2025-12-23;3;1
1;2025-12-23;4;10
1;2025-12-23;5;124
1;2025-12-23;6;484
1;2025-12-23;7;1235
1;2025-12-23;8;1725
1;2025-12-23;9;1292
1;2025-12-23;10;1208
1;2025-12-23;11;1220
1;2025-12-23;12;1236
1;2025-12-23;13;1231
1;2025-12-23;14;1192
1;2025-12-23;15;1219
1;2025-12-23;16;1242
1;2025-12-23;17;1562
1;2025-12-23;18;1663
1;2025-12-23;19;1233
1;2025-12-23;20;839
1;2025-12-23;21;472
1;2025-12-23;22;250
1;2025-12-23;23;41
1;2025-12-24;0;5
1;2025-12-24;1;1
1;2025-12-24;2;0
1;2025-12-24;3;0
1;2025-12-24;4;0
1;2025-12-24;5;119
1;2025-12-24;6;476
1;2025-12-24;7;1156
1;2025-12-24;8;1782
1;2025-12-24;9;1210
1;2025-12-24;10;1190
1;2025-12-24;11;1188
1;2025-12-24;12;1196
1;2025-12-24;13;1203
1;2025-12-24;14;1144
1;2025-12-24;15;1192
1;2025-12-24;16;1226
1;2025-12-24;17;1566
1;2025-12-24;18;1695
1;2025-12-24;19;1180
1;2025-12-24;20;829
1;2025-12-24;21;477
1;2025-12-24;22;258
1;2025-12-24;23;41
1;2025-12-25;0;7
1;2025-12-25;1;2
1;2025-12-25;2;0
1;2025-12-25;3;0
1;2025-12-25;4;8
1;2025-12-25;5;125
1;2025-12-25;6;485
1;2025-12-25;7;1256
1;2025-12-25;8;1799
1;2025-12-25;9;1251
1;2025-12-25;10;1232
1;2025-12-25;11;1212
1;2025-12-25;12;1213
1;2025-12-25;13;1228
1;2025-12-25;14;1213
1;2025-12-25;15;1241
1;2025-12-25;16;1236
1;2025-12-25;17;1640
1;2025-12-25;18;1686
1;2025-12-25;19;1205
1;2025-12-25;20;842
1;2025-12-25;21;470
1;2025-12-25;22;258
1;2025-12-25;23;56
1;2025-12-26;0;7
1;2025-12-26;1;1
1;2025-12-26;2;0
1;2025-12-26;3;0
1;2025-12-26;4;8
1;2025-12-26;5;135
1;2025-12-26;6;476
1;2025-12-26;7;1243
1;2025-12-26;8;1758
1;2025-12-26;9;1203
1;2025-12-26;10;1166
1;2025-12-26;11;1186
1;2025-12-26;12;1176
1;2025-12-26;13;1203
1;2025-12-26;14;1178
1;2025-12-26;15;1219
1;2025-12-26;16;1311
1;2025-12-26;17;1645
1;2025-12-26;18;1464
1;2025-12-26;19;1065
1;2025-12-26;20;751
1;2025-12-26;21;461
1;2025-12-26;22;251
1;2025-12-26;23;52
1;2025-12-27;0;7
1;2025-12-27;1;1
1;2025-12-27;2;0
1;2025-12-27;3;0
1;2025-12-27;4;1
1;2025-12-27;5;38
1;2025-12-27;6;158
1;2025-12-27;7;330
1;2025-12-27;8;437
1;2025-12-27;9;659
1;2025-12-27;10;720
1;2025-12-27;11;730
1;2025-12-27;12;878
1;2025-12-27;13;885
1;2025-12-27;14;826
1;2025-12-27;15;742
1;2025-12-27;16;668
1;2025-12-27;17;643
1;2025-12-27;18;562
1;2025-12-27;19;537
1;2025-12-27;20;413
1;2025-12-27;21;318
1;2025-12-27;22;145
1;2025-12-27;23;41
1;2025-12-28;0;5
1;2025-12-28;1;3
1;2025-12-28;2;0
1;2025-12-28;3;0
1;2025-12-28;4;3
1;2025-12-28;5;30
1;2025-12-28;6;120
1;2025-12-28;7;254
1;2025-12-28;8;339
1;2025-12-28;9;540
1;2025-12-28;10;626
1;2025-12-28;11;617
1;2025-12-28;12;752
1;2025-12-28;13;801
1;2025-12-28;14;681
1;2025-12-28;15;662
1;2025-12-28;16;569
1;2025-12-28;17;544
1;2025-12-28;18;488
1;2025-12-28;19;409
1;2025-12-28;20;345
1;2025-12-28;21;243
1;2025-12-28;22;104
1;2025-12-28;23;19
1;2025-12-29;0;0
1;2025-12-29;1;0
1;2025-12-29;2;0
1;2025-12-29;3;2
1;2025-12-29;4;0
1;2025-12-29;5;116
1;2025-12-29;6;457
1;2025-12-29;7;1177
1;2025-12-29;8;1659
1;2025-12-29;9;1203
1;2025-12-29;10;1118
1;2025-12-29;11;1159
1;2025-12-29;12;1191
1;2025-12-29;13;1207
1;2025-12-29;14;1146
1;2025-12-29;15;1210
1;2025-12-29;16;1233
1;2025-12-29;17;1494
1;2025-12-29;18;1594
1;2025-12-29;19;1153
1;2025-12-29;20;795
1;2025-12-29;21;426
1;2025-12-29;22;235
1;2025-12-29;23;51
1;2025-12-30;0;17
1;2025-12-30;1;4
1;2025-12-30;2;9
1;2025-12-30;3;5
1;2025-12-30;4;12
1;2025-12-30;5;65
1;2025-12-30;6;298
1;2025-12-30;7;1015
1;2025-12-30;8;1474
1;2025-12-30;9;1040
1;2025-12-30;10;915
1;2025-12-30;11;917
1;2025-12-30;12;953
1;2025-12-30;13;963
1;2025-12-30;14;964
1;2025-12-30;15;1047
1;2025-12-30;16;1065
1;2025-12-30;17;1347
1;2025-12-30;18;1435
1;2025-12-30;19;1001
1;2025-12-30;20;646
1;2025-12-30;21;314
1;2025-12-30;22;146
1;2025-12-30;23;30
1;2025-12-31;0;2
1;2025-12-31;1;2
1;2025-12-31;2;0
1;2025-12-31;3;0
1;2025-12-31;4;0
1;2025-12-31;5;25
1;2025-12-31;6;131
1;2025-12-31;7;158
1;2025-12-31;8;234
1;2025-12-31;9;292
1;2025-12-31;10;354
1;2025-12-31;11;373
1;2025-12-31;12;460
1;2025-12-31;13;472
1;2025-12-31;14;434
1;2025-12-31;15;430
1;2025-12-31;16;377
1;2025-12-31;17;366
1;2025-12-31;18;364
1;2025-12-31;19;290
1;2025-12-31;20;347
1;2025-12-31;21;213
1;2025-12-31;22;147
1;2025-12-31;23;29
5;2025-11-01;0;0
5;2025-11-01;1;0
5;2025-11-01;2;0
5;2025-11-01;3;0
5;2025-11-01;4;0
5;2025-11-01;5;0
5;2025-11-01;6;0
5;2025-11-01;7;0
5;2025-11-01;8;0
5;2025-11-01;9;0
5;2025-11-01;10;0
5;2025-11-01;11;0
5;2025-11-01;12;0
5;2025-11-01;13;0
5;2025-11-01;14;0
5;2025-11-01;15;0
5;2025-11-01;16;0
5;2025-11-01;17;0
5;2025-11-01;18;0
5;2025-11-01;19;0
5;2025-11-01;20;0
5;2025-11-01;21;0
5;2025-11-01;22;0
5;2025-11-01;23;0
5;2025-11-02;0;0
5;2025-11-02;1;0
5;2025-11-02;2;0
5;2025-11-02;3;0
5;2025-11-02;4;0
5;2025-11-02;5;0
5;2025-11-02;6;0
5;2025-11-02;7;0
5;2025-11-02;8;0
5;2025-11-02;9;0
5;2025-11-02;10;0
5;2025-11-02;11;0
5;2025-11-02;12;0
5;2025-11-02;13;0
5;2025-11-02;14;0
5;2025-11-02;15;0
5;2025-11-02;16;0
5;2025-11-02;17;0
5;2025-11-02;18;0
5;2025-11-02;19;0
5;2025-11-02;20;0
5;2025-11-02;21;0
5;2025-11-02;22;0
5;2025-11-02;23;0
5;2025-11-03;0;0
5;2025-11-03;1;0
5;2025-11-03;2;0
5;2025-11-03;3;0
5;2025-11-03;4;0
5;2025-11-03;5;0
5;2025-11-03;6;0
5;2025-11-03;7;0
5;2025-11-03;8;0
5;2025-11-03;9;0
5;2025-11-03;10;0
5;2025-11-03;11;0
5;2025-11-03;12;0
5;2025-11-03;13;0
5;2025-11-03;14;0
5;2025-11-03;15;0
5;2025-11-03;16;0
5;2025-11-03;17;0
5;2025-11-03;18;0
5;2025-11-03;19;0
5;2025-11-03;20;0
5;2025-11-03;21;0
5;2025-11-03;22;0
5;2025-11-03;23;0
5;2025-11-04;0;0
5;2025-11-04;1;0
5;2025-11-04;2;0
5;2025-11-04;3;0
5;2025-11-04;4;0
5;2025-11-04;5;0
5;2025-11-04;6;0
5;2025-11-04;7;0
5;2025-11-04;8;0
5;2025-11-04;9;0
5;2025-11-04;10;0
5;2025-11-04;11;0
5;2025-11-04;12;0
5;2025-11-04;13;0
5;2025-11-04;14;0
5;2025-11-04;15;0
5;2025-11-04;16;0
5;2025-11-04;17;0
5;2025-11-04;18;0
5;2025-11-04;19;0
5;2025-11-04;20;0
5;2025-11-04;21;0
5;2025-11-04;22;0
5;2025-11-04;23;0
5;2025-11-05;0;0
5;2025-11-05;1;0
5;2025-11-05;2;0
5;2025-11-05;3;0
5;2025-11-05;4;0
5;2025-11-05;5;0
5;2025-11-05;6;0
5;2025-11-05;7;0
5;2025-11-05;8;0
5;2025-11-05;9;0
5;2025-11-05;10;0
5;2025-11-05;11;0
5;2025-11-05;12;0
5;2025-11-05;13;0
5;2025-11-05;14;0
5;2025-11-05;15;0
5;2025-11-05;16;0
5;2025-11-05;17;0
5;2025-11-05;18;0
5;2025-11-05;19;0
5;2025-11-05;20;0
5;2025-11-05;21;0
5;2025-11-05;22;0
5;2025-11-05;23;0
5;2025-11-06;0;0
5;2025-11-06;1;0
5;2025-11-06;2;0
5;2025-11-06;3;0
5;2025-11-06;4;0
5;2025-11-06;5;0
5;2025-11-06;6;0
5;2025-11-06;7;0
5;2025-11-06;8;0
5;2025-11-06;9;0
5;2025-11-06;10;0
5;2025-11-06;11;0
5;2025-11-06;12;0
5;2025-11-06;13;0
5;2025-11-06;14;0
5;2025-11-06;15;0
5;2025-11-06;16;0
5;2025-11-06;17;0
5;2025-11-06;18;0
5;2025-11-06;19;0
5;2025-11-06;20;0
5;2025-11-06;21;0
5;2025-11-06;22;0
5;2025-11-06;23;0
5;2025-11-07;0;0
5;2025-11-07;1;0
5;2025-11-07;2;0
5;2025-11-07;3;0
5;2025-11-07;4;0
5;2025-11-07;5;0
5;2025-11-07;6;0
5;2025-11-07;7;0
5;2025-11-07;8;0
5;2025-11-07;9;0
5;2025-11-07;10;0
5;2025-11-07;11;0
5;2025-11-07;12;0
5;2025-11-07;13;0
5;2025-11-07;14;0
5;2025-11-07;15;0
5;2025-11-07;16;0
5;2025-11-07;17;0
5;2025-11-07;18;0
5;2025-11-07;19;0
5;2025-11-07;20;0
5;2025-11-07;21;0
5;2025-11-07;22;0
5;2025-11-07;23;0
5;2025-11-08;0;0
5;2025-11-08;1;0
5;2025-11-08;2;0
5;2025-11-08;3;0
5;2025-11-08;4;0
5;2025-11-08;5;0
5;2025-11-08;6;0
5;2025-11-08;7;0
5;2025-11-08;8;0
5;2025-11-08;9;0
5;2025-11-08;10;0
5;2025-11-08;11;0
5;2025-11-08;12;0
5;2025-11-08;13;0
5;2025-11-08;14;0
5;2025-11-08;15;0
5;2025-11-08;16;0
5;2025-11-08;17;0
5;2025-11-08;18;0
5;2025-11-08;19;0
5;2025-11-08;20;0
5;2025-11-08;21;0
5;2025-11-08;22;0
5;2025-11-08;23;0
5;2025-11-09;0;0
5;2025-11-09;1;0
5;2025-11-09;2;0
5;2025-11-09;3;0
5;2025-11-09;4;0
5;2025-11-09;5;0
5;2025-11-09;6;0
5;2025-11-09;7;0
5;2025-11-09;8;0
5;2025-11-09;9;0
5;2025-11-09;10;0
5;2025-11-09;11;0
5;2025-11-09;12;0
5;2025-11-09;13;0
5;2025-11-09;14;0
5;2025-11-09;15;0
5;2025-11-09;16;0
5;2025-11-09;17;0
5;2025-11-09;18;0
5;2025-11-09;19;0
5;2025-11-09;20;0
5;2025-11-09;21;0
5;2025-11-09;22;0
5;2025-11-09;23;0
5;2025-11-10;0;0
5;2025-11-10;1;0
5;2025-11-10;2;0
5;2025-11-10;3;0
5;2025-11-10;4;0
5;2025-11-10;5;0
5;2025-11-10;6;0
5;2025-11-10;7;0
5;2025-11-10;8;0
5;2025-11-10;9;0
5;2025-11-10;10;0
5;2025-11-10;11;0
5;2025-11-10;12;0
5;2025-11-10;13;0
5;2025-11-10;14;0
5;2025-11-10;15;0
5;2025-11-10;16;0
5;2025-11-10;17;0
5;2025-11-10;18;0
5;2025-11-10;19;0
5;2025-11-10;20;0
5;2025-11-10;21;0
5;2025-11-10;22;0
5;2025-11-10;23;0
5;2025-11-11;0;0
5;2025-11-11;1;0
5;2025-11-11;2;0
5;2025-11-11;3;0
5;2025-11-11;4;0
5;2025-11-11;5;0
5;2025-11-11;6;0
5;2025-11-11;7;0
5;2025-11-11;8;0
5;2025-11-11;9;0
5;2025-11-11;10;0
5;2025-11-11;11;0
5;2025-11-11;12;0
5;2025-11-11;13;0
5;2025-11-11;14;0
5;2025-11-11;15;0
5;2025-11-11;16;0
5;2025-11-11;17;0
5;2025-11-11;18;0
5;2025-11-11;19;0
5;2025-11-11;20;0
5;2025-11-11;21;0
5;2025-11-11;22;0
5;2025-11-11;23;0
5;2025-11-12;0;0
5;2025-11-12;1;0
5;2025-11-12;2;0
5;2025-11-12;3;0
5;2025-11-12;4;0
5;2025-11-12;5;0
5;2025-11-12;6;0
5;2025-11-12;7;0
5;2025-11-12;8;0
5;2025-11-12;9;0
5;2025-11-12;10;0
5;2025-11-12;11;0
5;2025-11-12;12;0
5;2025-11-12;13;0
5;2025-11-12;14;0
5;2025-11-12;15;0
5;2025-11-12;16;0
5;2025-11-12;17;0
5;2025-11-12;18;0
5;2025-11-12;19;0
5;2025-11-12;20;0
5;2025-11-12;21;0
5;2025-11-12;22;0
5;2025-11-12;23;0
5;2025-11-13;0;0
5;2025-11-13;1;0
5;2025-11-13;2;0
5;2025-11-13;3;0
5;2025-11-13;4;0
5;2025-11-13;5;0
5;2025-11-13;6;0
5;2025-11-13;7;0
5;2025-11-13;8;0
5;2025-11-13;9;0
5;2025-11-13;10;0
5;2025-11-13;11;0
5;2025-11-13;12;0
5;2025-11-13;13;0
5;2025-11-13;14;0
5;2025-11-13;15;0
5;2025-11-13;16;0
5;2025-11-13;17;0
5;2025-11-13;18;0
5;2025-11-13;19;0
5;2025-11-13;20;0
5;2025-11-13;21;0
5;2025-11-13;22;0
5;2025-11-13;23;0
5;2025-11-14;0;0
5;2025-11-14;1;0
5;2025-11-14;2;0
5;2025-11-14;3;0
5;2025-11-14;4;0
5;2025-11-14;5;0
5;2025-11-14;6;0
5;2025-11-14;7;0
5;2025-11-14;8;0
5;2025-11-14;9;0
5;2025-11-14;10;0
5;2025-11-14;11;0
5;2025-11-14;12;0
5;2025-11-14;13;0
5;2025-11-14;14;0
5;2025-11-14;15;0
5;2025-11-14;16;0
5;2025-11-14;17;0
5;2025-11-14;18;0
5;2025-11-14;19;0
5;2025-11-14;20;0
5;2025-11-14;21;0
5;2025-11-14;22;0
5;2025-11-14;23;0
5;2025-11-15;0;0
5;2025-11-15;1;0
5;2025-11-15;2;0
5;2025-11-15;3;0
5;2025-11-15;4;0
5;2025-11-15;5;0
5;2025-11-15;6;0
5;2025-11-15;7;0
5;2025-11-15;8;0
5;2025-11-15;9;0
5;2025-11-15;10;0
5;2025-11-15;11;0
5;2025-11-15;12;0
5;2025-11-15;13;0
5;2025-11-15;14;0
5;2025-11-15;15;0
5;2025-11-15;16;0
5;2025-11-15;17;0
5;2025-11-15;18;0
5;2025-11-15;19;0
5;2025-11-15;20;0
5;2025-11-15;21;0
5;2025-11-15;22;0
5;2025-11-15;23;0
5;2025-11-16;0;0
5;2025-11-16;1;0
5;2025-11-16;2;0
5;2025-11-16;3;0
5;2025-11-16;4;0
5;2025-11-16;5;0
5;2025-11-16;6;0
5;2025-11-16;7;0
5;2025-11-16;8;0
5;2025-11-16;9;0
5;2025-11-16;10;0
5;2025-11-16;11;0
5;2025-11-16;12;0
5;2025-11-16;13;0
5;2025-11-16;14;0
5;2025-11-16;15;0
5;2025-11-16;16;0
5;2025-11-16;17;0
5;2025-11-16;18;0
5;2025-11-16;19;0
5;2025-11-16;20;0
5;2025-11-16;21;0
5;2025-11-16;22;0
5;2025-11-16;23;0
5;2025-11-17;0;0
5;2025-11-17;1;0
5;2025-11-17;2;0
5;2025-11-17;3;0
5;2025-11-17;4;0
5;2025-11-17;5;0
5;2025-11-17;6;0
5;2025-11-17;7;0
5;2025-11-17;8;0
5;2025-11-17;9;0
5;2025-11-17;10;0
5;2025-11-17;11;0
5;2025-11-17;12;0
5;2025-11-17;13;0
5;2025-11-17;14;0
5;2025-11-17;15;0
5;2025-11-17;16;0
5;2025-11-17;17;0
5;2025-11-17;18;0
5;2025-11-17;19;0
5;2025-11-17;20;0
5;2025-11-17;21;0
5;2025-11-17;22;0
5;2025-11-17;23;0
5;2025-11-18;0;0
5;2025-11-18;1;0
5;2025-11-18;2;0
5;2025-11-18;3;0
5;2025-11-18;4;0
5;2025-11-18;5;0
5;2025-11-18;6;0
5;2025-11-18;7;0
5;2025-11-18;8;0
5;2025-11-18;9;0
5;2025-11-18;10;0
5;2025-11-18;11;0
5;2025-11-18;12;0
5;2025-11-18;13;0
5;2025-11-18;14;0
5;2025-11-18;15;0
5;2025-11-18;16;0
5;2025-11-18;17;0
5;2025-11-18;18;0
5;2025-11-18;19;0
5;2025-11-18;20;0
5;2025-11-18;21;0
5;2025-11-18;22;0
5;2025-11-18;23;0
5;2025-11-19;0;0
5;2025-11-19;1;0
5;2025-11-19;2;0
5;2025-11-19;3;0
5;2025-11-19;4;0
5;2025-11-19;5;0
5;2025-11-19;6;0
5;2025-11-19;7;0
5;2025-11-19;8;0
5;2025-11-19;9;0
5;2025-11-19;10;0
5;2025-11-19;11;0
5;2025-11-19;12;0
5;2025-11-19;13;0
5;2025-11-19;14;0
5;2025-11-19;15;0
5;2025-11-19;16;0
5;2025-11-19;17;0
5;2025-11-19;18;0
5;2025-11-19;19;0
5;2025-11-19;20;0
5;2025-11-19;21;0
5;2025-11-19;22;0
5;2025-11-19;23;0
5;2025-11-20;0;0
5;2025-11-20;1;0
5;2025-11-20;2;0
5;2025-11-20;3;0
5;2025-11-20;4;0
5;2025-11-20;5;0
5;2025-11-20;6;0
5;2025-11-20;7;0
5;2025-11-20;8;0
5;2025-11-20;9;0
5;2025-11-20;10;0
5;2025-11-20;11;0
5;2025-11-20;12;0
5;2025-11-20;13;0
5;2025-11-20;14;0
5;2025-11-20;15;0
5;2025-11-20;16;0
5;2025-11-20;17;0
5;2025-11-20;18;0
5;2025-11-20;19;0
5;2025-11-20;20;0
5;2025-11-20;21;0
5;2025-11-20;22;0
5;2025-11-20;23;0
5;2025-11-21;0;0
5;2025-11-21;1;0
5;2025-11-21;2;0
5;2025-11-21;3;0
5;2025-11-21;4;0
5;2025-11-21;5;0
5;2025-11-21;6;0
5;2025-11-21;7;0
5;2025-11-21;8;0
5;2025-11-21;9;0
5;2025-11-21;10;0
5;2025-11-21;11;0
5;2025-11-21;12;0
5;2025-11-21;13;0
5;2025-11-21;14;0
5;2025-11-21;15;0
5;2025-11-21;16;0
5;2025-11-21;17;0
5;2025-11-21;18;0
5;2025-11-21;19;0
5;2025-11-21;20;0
5;2025-11-21;21;0
5;2025-11-21;22;0
5;2025-11-21;23;0
5;2025-11-22;0;0
5;2025-11-22;1;0
5;2025-11-22;2;0
5;2025-11-22;3;0
5;2025-11-22;4;0
5;2025-11-22;5;0
5;2025-11-22;6;0
5;2025-11-22;7;0
5;2025-11-22;8;0
5;2025-11-22;9;0
5;2025-11-22;10;0
5;2025-11-22;11;0
5;2025-11-22;12;0
5;2025-11-22;13;0
5;2025-11-22;14;0
5;2025-11-22;15;0
5;2025-11-22;16;0
5;2025-11-22;17;0
5;2025-11-22;18;0
5;2025-11-22;19;0
5;2025-11-22;20;0
5;2025-11-22;21;0
5;2025-11-22;22;0
5;2025-11-22;23;0
5;2025-11-23;0;0
5;2025-11-23;1;0
5;2025-11-23;2;0
5;2025-11-23;3;0
5;2025-11-23;4;0
5;2025-11-23;5;0
5;2025-11-23;6;0
5;2025-11-23;7;0
5;2025-11-23;8;0
5;2025-11-23;9;0
5;2025-11-23;10;0
5;2025-11-23;11;0
5;2025-11-23;12;0
5;2025-11-23;13;0
5;2025-11-23;14;0
5;2025-11-23;15;0
5;2025-11-23;16;0
5;2025-11-23;17;0
5;2025-11-23;18;0
5;2025-11-23;19;0
5;2025-11-23;20;0
5;2025-11-23;21;0
5;2025-11-23;22;0
5;2025-11-23;23;0
5;2025-11-24;0;0
5;2025-11-24;1;0
5;2025-11-24;2;0
5;2025-11-24;3;0
5;2025-11-24;4;0
5;2025-11-24;5;0
5;2025-11-24;6;0
5;2025-11-24;7;0
5;2025-11-24;8;0
5;2025-11-24;9;0
5;2025-11-24;10;0
5;2025-11-24;11;0
5;2025-11-24;12;0
5;2025-11-24;13;0
5;2025-11-24;14;0
5;2025-11-24;15;0
5;2025-11-24;16;0
5;2025-11-24;17;0
5;2025-11-24;18;0
5;2025-11-24;19;0
5;2025-11-24;20;0
5;2025-11-24;21;0
5;2025-11-24;22;0
5;2025-11-24;23;0
5;2025-11-25;0;0
5;2025-11-25;1;0
5;2025-11-25;2;0
5;2025-11-25;3;0
5;2025-11-25;4;0
5;2025-11-25;5;0
5;2025-11-25;6;0
5;2025-11-25;7;0
5;2025-11-25;8;0
5;2025-11-25;9;0
5;2025-11-25;10;0
5;2025-11-25;11;0
5;2025-11-25;12;0
5;2025-11-25;13;0
5;2025-11-25;14;0
5;2025-11-25;15;0
5;2025-11-25;16;0
5;2025-11-25;17;0
5;2025-11-25;18;0
5;2025-11-25;19;0
5;2025-11-25;20;0
5;2025-11-25;21;0
5;2025-11-25;22;0
5;2025-11-25;23;0
5;2025-11-26;0;0
5;2025-11-26;1;0
5;2025-11-26;2;0
5;2025-11-26;3;0
5;2025-11-26;4;0
5;2025-11-26;5;0
5;2025-11-26;6;0
5;2025-11-26;7;0
5;2025-11-26;8;0
5;2025-11-26;9;0
5;2025-11-26;10;0
5;2025-11-26;11;0
5;2025-11-26;12;0
5;2025-11-26;13;0
5;2025-11-26;14;0
5;2025-11-26;15;0
5;2025-11-26;16;0
5;2025-11-26;17;0
5;2025-11-26;18;0
5;2025-11-26;19;0
5;2025-11-26;20;0
5;2025-11-26;21;0
5;2025-11-26;22;0
5;2025-11-26;23;0
5;2025-11-27;0;0
5;2025-11-27;1;0
5;2025-11-27;2;0
5;2025-11-27;3;0
5;2025-11-27;4;0
5;2025-11-27;5;0
5;2025-11-27;6;0
5;2025-11-27;7;0
5;2025-11-27;8;0
5;2025-11-27;9;0
5;2025-11-27;10;0
5;2025-11-27;11;0
5;2025-11-27;12;0
5;2025-11-27;13;0
5;2025-11-27;14;0
5;2025-11-27;15;0
5;2025-11-27;16;0
5;2025-11-27;17;0
5;2025-11-27;18;0
5;2025-11-27;19;0
5;2025-11-27;20;0
5;2025-11-27;21;0
5;2025-11-27;22;0
5;2025-11-27;23;0
5;2025-11-28;0;0
5;2025-11-28;1;0
5;2025-11-28;2;0
5;2025-11-28;3;0
5;2025-11-28;4;0
5;2025-11-28;5;0
5;2025-11-28;6;0
5;2025-11-28;7;0
5;2025-11-28;8;0
5;2025-11-28;9;0
5;2025-11-28;10;0
5;2025-11-28;11;0
5;2025-11-28;12;0
5;2025-11-28;13;0
5;2025-11-28;14;0
5;2025-11-28;15;0
5;2025-11-28;16;0
5;2025-11-28;17;0
5;2025-11-28;18;0
5;2025-11-28;19;0
5;2025-11-28;20;0
5;2025-11-28;21;0
5;2025-11-28;22;0
5;2025-11-28;23;0
5;2025-11-29;0;0
5;2025-11-29;1;0
5;2025-11-29;2;0
5;2025-11-29;3;0
5;2025-11-29;4;0
5;2025-11-29;5;0
5;2025-11-29;6;0
5;2025-11-29;7;0
5;2025-11-29;8;0
5;2025-11-29;9;0
5;2025-11-29;10;0
5;2025-11-29;11;0
5;2025-11-29;12;0
5;2025-11-29;13;0
5;2025-11-29;14;0
5;2025-11-29;15;0
5;2025-11-29;16;0
5;2025-11-29;17;0
5;2025-11-29;18;0
5;2025-11-29;19;0
5;2025-11-29;20;0
5;2025-11-29;21;0
5;2025-11-29;22;0
5;2025-11-29;23;0
5;2025-11-30;0;0
5;2025-11-30;1;0
5;2025-11-30;2;0
5;2025-11-30;3;0
5;2025-11-30;4;0
5;2025-11-30;5;0
5;2025-11-30;6;0
5;2025-11-30;7;0
5;2025-11-30;8;0
5;2025-11-30;9;0
5;2025-11-30;10;0
5;2025-11-30;11;0
5;2025-11-30;12;0
5;2025-11-30;13;0
5;2025-11-30;14;0
5;2025-11-30;15;0
5;2025-11-30;16;0
5;2025-11-30;17;0
5;2025-11-30;18;0
5;2025-11-30;19;0
5;2025-11-30;20;0
5;2025-11-30;21;0
5;2025-11-30;22;0
5;2025-11-30;23;0
5;2025-12-01;0;0
5;2025-12-01;1;0
5;2025-12-01;2;0
5;2025-12-01;3;0
5;2025-12-01;4;0
5;2025-12-01;5;0
5;2025-12-01;6;0
5;2025-12-01;7;0
5;2025-12-01;8;0
5;2025-12-01;9;0
5;2025-12-01;10;0
5;2025-12-01;11;0
5;2025-12-01;12;0
5;2025-12-01;13;0
5;2025-12-01;14;0
5;2025-12-01;15;0
5;2025-12-01;16;0
5;2025-12-01;17;0
5;2025-12-01;18;0
5;2025-12-01;19;0
5;2025-12-01;20;0
5;2025-12-01;21;0
5;2025-12-01;22;0
5;2025-12-01;23;0
5;2025-12-02;0;0
5;2025-12-02;1;0
5;2025-12-02;2;0
5;2025-12-02;3;0
5;2025-12-02;4;0
5;2025-12-02;5;0
5;2025-12-02;6;0
5;2025-12-02;7;0
5;2025-12-02;8;0
5;2025-12-02;9;0
5;2025-12-02;10;0
5;2025-12-02;11;0
5;2025-12-02;12;0
5;2025-12-02;13;0
5;2025-12-02;14;0
5;2025-12-02;15;0
5;2025-12-02;16;0
5;2025-12-02;17;0
5;2025-12-02;18;0
5;2025-12-02;19;0
5;2025-12-02;20;0
5;2025-12-02;21;0
5;2025-12-02;22;0
5;2025-12-02;23;0
5;2025-12-03;0;0
5;2025-12-03;1;0
5;2025-12-03;2;0
5;2025-12-03;3;0
5;2025-12-03;4;0
5;2025-12-03;5;0
5;2025-12-03;6;0
5;2025-12-03;7;0
5;2025-12-03;8;0
5;2025-12-03;9;0
5;2025-12-03;10;0
5;2025-12-03;11;0
5;2025-12-03;12;0
5;2025-12-03;13;0
5;2025-12-03;14;0
5;2025-12-03;15;0
5;2025-12-03;16;0
5;2025-12-03;17;0
5;2025-12-03;18;0
5;2025-12-03;19;0
5;2025-12-03;20;0
5;2025-12-03;21;0
5;2025-12-03;22;0
5;2025-12-03;23;0
5;2025-12-04;0;0
5;2025-12-04;1;0
5;2025-12-04;2;0
5;2025-12-04;3;0
5;2025-12-04;4;0
5;2025-12-04;5;0
5;2025-12-04;6;0
5;2025-12-04;7;0
5;2025-12-04;8;0
5;2025-12-04;9;0
5;2025-12-04;10;0
5;2025-12-04;11;0
5;2025-12-04;12;0
5;2025-12-04;13;0
5;2025-12-04;14;0
5;2025-12-04;15;0
5;2025-12-04;16;0
5;2025-12-04;17;0
5;2025-12-04;18;0
5;2025-12-04;19;0
5;2025-12-04;20;0
5;2025-12-04;21;0
5;2025-12-04;22;0
5;2025-12-04;23;0
5;2025-12-05;0;0
5;2025-12-05;1;0
5;2025-12-05;2;0
5;2025-12-05;3;0
5;2025-12-05;4;0
5;2025-12-05;5;0
5;2025-12-05;6;0
5;2025-12-05;7;0
5;2025-12-05;8;0
5;2025-12-05;9;0
5;2025-12-05;10;0
5;2025-12-05;11;0
5;2025-12-05;12;0
5;2025-12-05;13;0
5;2025-12-05;14;0
5;2025-12-05;15;0
5;2025-12-05;16;0
5;2025-12-05;17;0
5;2025-12-05;18;0
5;2025-12-05;19;0
5;2025-12-05;20;0
5;2025-12-05;21;0
5;2025-12-05;22;0
5;2025-12-05;23;0
5;2025-12-06;0;0
5;2025-12-06;1;0
5;2025-12-06;2;0
5;2025-12-06;3;0
5;2025-12-06;4;0
5;2025-12-06;5;0
5;2025-12-06;6;0
5;2025-12-06;7;0
5;2025-12-06;8;0
5;2025-12-06;9;0
5;2025-12-06;10;0
5;2025-12-06;11;0
5;2025-12-06;12;0
5;2025-12-06;13;0
5;2025-12-06;14;0
5;2025-12-06;15;0
5;2025-12-06;16;0
5;2025-12-06;17;0
5;2025-12-06;18;0
5;2025-12-06;19;0
5;2025-12-06;20;0
5;2025-12-06;21;0
5;2025-12-06;22;0
5;2025-12-06;23;0
5;2025-12-07;0;0
5;2025-12-07;1;0
5;2025-12-07;2;0
5;2025-12-07;3;0
5;2025-12-07;4;0
5;2025-12-07;5;0
5;2025-12-07;6;0
5;2025-12-07;7;0
5;2025-12-07;8;0
5;2025-12-07;9;0
5;2025-12-07;10;0
5;2025-12-07;11;0
5;2025-12-07;12;0
5;2025-12-07;13;0
5;2025-12-07;14;0
5;2025-12-07;15;0
5;2025-12-07;16;0
5;2025-12-07;17;0
5;2025-12-07;18;0
5;2025-12-07;19;0
5;2025-12-07;20;0
5;2025-12-07;21;0
5;2025-12-07;22;0
5;2025-12-07;23;0
5;2025-12-08;0;0
5;2025-12-08;1;0
5;2025-12-08;2;0
5;2025-12-08;3;0
5;2025-12-08;4;0
5;2025-12-08;5;0
5;2025-12-08;6;0
5;2025-12-08;7;0
5;2025-12-08;8;0
5;2025-12-08;9;0
5;2025-12-08;10;0
5;2025-12-08;11;0
5;2025-12-08;12;0
5;2025-12-08;13;0
5;2025-12-08;14;0
5;2025-12-08;15;0
5;2025-12-08;16;0
5;2025-12-08;17;0
5;2025-12-08;18;0
5;2025-12-08;19;0
5;2025-12-08;20;0
5;2025-12-08;21;0
5;2025-12-08;22;0
5;2025-12-08;23;0
5;2025-12-09;0;0
5;2025-12-09;1;0
5;2025-12-09;2;0
5;2025-12-09;3;0
5;2025-12-09;4;0
5;2025-12-09;5;0
5;2025-12-09;6;0
5;2025-12-09;7;0
5;2025-12-09;8;0
5;2025-12-09;9;0
5;2025-12-09;10;0
5;2025-12-09;11;0
5;2025-12-09;12;0
5;2025-12-09;13;0
5;2025-12-09;14;0
5;2025-12-09;15;0
5;2025-12-09;16;0
5;2025-12-09;17;0
5;2025-12-09;18;0
5;2025-12-09;19;0
5;2025-12-09;20;0
5;2025-12-09;21;0
5;2025-12-09;22;0
5;2025-12-09;23;0
5;2025-12-10;0;0
5;2025-12-10;1;0
5;2025-12-10;2;0
5;2025-12-10;3;0
5;2025-12-10;4;0
5;2025-12-10;5;0
5;2025-12-10;6;0
5;2025-12-10;7;0
5;2025-12-10;8;0
5;2025-12-10;9;0
5;2025-12-10;10;0
5;2025-12-10;11;0
5;2025-12-10;12;0
5;2025-12-10;13;0
5;2025-12-10;14;0
5;2025-12-10;15;0
5;2025-12-10;16;0
5;2025-12-10;17;0
5;2025-12-10;18;0
5;2025-12-10;19;0
5;2025-12-10;20;0
5;2025-12-10;21;0
5;2025-12-10;22;0
5;2025-12-10;23;0
5;2025-12-11;0;0
5;2025-12-11;1;0
5;2025-12-11;2;0
5;2025-12-11;3;0
5;2025-12-11;4;0
5;2025-12-11;5;0
5;2025-12-11;6;0
5;2025-12-11;7;0
5;2025-12-11;8;0
5;2025-12-11;9;0
5;2025-12-11;10;0
5;2025-12-11;11;0
5;2025-12-11;12;0
5;2025-12-11;13;0
5;2025-12-11;14;0
5;2025-12-11;15;0
5;2025-12-11;16;0
5;2025-12-11;17;0
5;2025-12-11;18;0
5;2025-12-11;19;0
5;2025-12-11;20;0
5;2025-12-11;21;0
5;2025-12-11;22;0
5;2025-12-11;23;0
5;2025-12-12;0;0
5;2025-12-12;1;0
5;2025-12-12;2;0
5;2025-12-12;3;0
5;2025-12-12;4;0
5;2025-12-12;5;0
5;2025-12-12;6;0
5;2025-12-12;7;0
5;2025-12-12;8;0
5;2025-12-12;9;0
5;2025-12-12;10;0
5;2025-12-12;11;0
5;2025-12-12;12;0
5;2025-12-12;13;0
5;2025-12-12;14;0
5;2025-12-12;15;0
5;2025-12-12;16;0
5;2025-12-12;17;0
5;2025-12-12;18;0
5;2025-12-12;19;0
5;2025-12-12;20;0
5;2025-12-12;21;0
5;2025-12-12;22;0
5;2025-12-12;23;0
5;2025-12-13;0;0
5;2025-12-13;1;0
5;2025-12-13;2;0
5;2025-12-13;3;0
5;2025-12-13;4;0
5;2025-12-13;5;0
5;2025-12-13;6;0
5;2025-12-13;7;0
5;2025-12-13;8;0
5;2025-12-13;9;0
5;2025-12-13;10;0
5;2025-12-13;11;0
5;2025-12-13;12;0
5;2025-12-13;13;0
5;2025-12-13;14;0
5;2025-12-13;15;0
5;2025-12-13;16;0
5;2025-12-13;17;0
5;2025-12-13;18;0
5;2025-12-13;19;0
5;2025-12-13;20;0
5;2025-12-13;21;0
5;2025-12-13;22;0
5;2025-12-13;23;0
5;2025-12-14;0;0
5;2025-12-14;1;0
5;2025-12-14;2;0
5;2025-12-14;3;0
5;2025-12-14;4;0
5;2025-12-14;5;0
5;2025-12-14;6;0
5;2025-12-14;7;0
5;2025-12-14;8;0
5;2025-12-14;9;0
5;2025-12-14;10;0
5;2025-12-14;11;0
5;2025-12-14;12;0
5;2025-12-14;13;0
5;2025-12-14;14;0
5;2025-12-14;15;0
5;2025-12-14;16;0
5;2025-12-14;17;0
5;2025-12-14;18;0
5;2025-12-14;19;0
5;2025-12-14;20;0
5;2025-12-14;21;0
5;2025-12-14;22;0
5;2025-12-14;23;0
5;2025-12-15;0;0
5;2025-12-15;1;0
5;2025-12-15;2;0
5;2025-12-15;3;0
5;2025-12-15;4;0
5;2025-12-15;5;0
5;2025-12-15;6;0
5;2025-12-15;7;0
5;2025-12-15;8;0
5;2025-12-15;9;0
5;2025-12-15;10;0
5;2025-12-15;11;0
5;2025-12-15;12;0
5;2025-12-15;13;0
5;2025-12-15;14;0
5;2025-12-15;15;0
5;2025-12-15;16;0
5;2025-12-15;17;0
5;2025-12-15;18;0
5;2025-12-15;19;0
5;2025-12-15;20;0
5;2025-12-15;21;0
5;2025-12-15;22;0
5;2025-12-15;23;0
5;2025-12-16;0;0
5;2025-12-16;1;0
5;2025-12-16;2;0
5;2025-12-16;3;0
5;2025-12-16;4;0
5;2025-12-16;5;0
5;2025-12-16;6;0
5;2025-12-16;7;0
5;2025-12-16;8;0
5;2025-12-16;9;0
5;2025-12-16;10;0
5;2025-12-16;11;0
5;2025-12-16;12;0
5;2025-12-16;13;0
5;2025-12-16;14;0
5;2025-12-16;15;0
5;2025-12-16;16;0
5;2025-12-16;17;0
5;2025-12-16;18;0
5;2025-12-16;19;0
5;2025-12-16;20;0
5;2025-12-16;21;0
5;2025-12-16;22;0
5;2025-12-16;23;0
5;2025-12-17;0;0
5;2025-12-17;1;0
5;2025-12-17;2;0
5;2025-12-17;3;0
5;2025-12-17;4;0
5;2025-12-17;5;0
5;2025-12-17;6;0
5;2025-12-17;7;0
5;2025-12-17;8;0
5;2025-12-17;9;0
5;2025-12-17;10;0
5;2025-12-17;11;0
5;2025-12-17;12;0
5;2025-12-17;13;0
5;2025-12-17;14;0
5;2025-12-17;15;0
5;2025-12-17;16;0
5;2025-12-17;17;0
5;2025-12-17;18;0
5;2025-12-17;19;0
5;2025-12-17;20;0
5;2025-12-17;21;0
5;2025-12-17;22;0
5;2025-12-17;23;0
5;2025-12-18;0;0
5;2025-12-18;1;0
5;2025-12-18;2;0
5;2025-12-18;3;0
5;2025-12-18;4;0
5;2025-12-18;5;0
5;2025-12-18;6;0
5;2025-12-18;7;0
5;2025-12-18;8;0
5;2025-12-18;9;0
5;2025-12-18;10;0
5;2025-12-18;11;0
5;2025-12-18;12;0
5;2025-12-18;13;0
5;2025-12-18;14;0
5;2025-12-18;15;0
5;2025-12-18;16;0
5;2025-12-18;17;0
5;2025-12-18;18;0
5;2025-12-18;19;0
5;2025-12-18;20;0
5;2025-12-18;21;0
5;2025-12-18;22;0
5;2025-12-18;23;0
5;2025-12-19;0;0
5;2025-12-19;1;0
5;2025-12-19;2;0
5;2025-12-19;3;0
5;2025-12-19;4;0
5;2025-12-19;5;0
5;2025-12-19;6;0
5;2025-12-19;7;0
5;2025-12-19;8;0
5;2025-12-19;9;0
5;2025-12-19;10;0
5;2025-12-19;11;0
5;2025-12-19;12;0
5;2025-12-19;13;0
5;2025-12-19;14;0
5;2025-12-19;15;0
5;2025-12-19;16;0
5;2025-12-19;17;0
5;2025-12-19;18;0
5;2025-12-19;19;0
5;2025-12-19;20;0
5;2025-12-19;21;0
5;2025-12-19;22;0
5;2025-12-19;23;0
5;2025-12-20;0;0
5;2025-12-20;1;0
5;2025-12-20;2;0
5;2025-12-20;3;0
5;2025-12-20;4;0
5;2025-12-20;5;0
5;2025-12-20;6;0
5;2025-12-20;7;0
5;2025-12-20;8;0
5;2025-12-20;9;0
5;2025-12-20;10;0
5;2025-12-20;11;0
5;2025-12-20;12;0
5;2025-12-20;13;0
5;2025-12-20;14;0
5;2025-12-20;15;0
5;2025-12-20;16;0
5;2025-12-20;17;0
5;2025-12-20;18;0
5;2025-12-20;19;0
5;2025-12-20;20;0
5;2025-12-20;21;0
5;2025-12-20;22;0
5;2025-12-20;23;0
5;2025-12-21;0;0
5;2025-12-21;1;0
5;2025-12-21;2;0
5;2025-12-21;3;0
5;2025-12-21;4;0
5;2025-12-21;5;0
5;2025-12-21;6;0
5;2025-12-21;7;0
5;2025-12-21;8;0
5;2025-12-21;9;0
5;2025-12-21;10;0
5;2025-12-21;11;0
5;2025-12-21;12;0
5;2025-12-21;13;0
5;2025-12-21;14;0
5;2025-12-21;15;0
5;2025-12-21;16;0
5;2025-12-21;17;0
5;2025-12-21;18;0
5;2025-12-21;19;0
5;2025-12-21;20;0
5;2025-12-21;21;0
5;2025-12-21;22;0
5;2025-12-21;23;0
5;2025-12-22;0;0
5;2025-12-22;1;0
5;2025-12-22;2;0
5;2025-12-22;3;0
5;2025-12-22;4;0
5;2025-12-22;5;0
5;2025-12-22;6;0
5;2025-12-22;7;0
5;2025-12-22;8;0
5;2025-12-22;9;0
5;2025-12-22;10;0
5;2025-12-22;11;0
5;2025-12-22;12;0
5;2025-12-22;13;0
5;2025-12-22;14;0
5;2025-12-22;15;0
5;2025-12-22;16;0
5;2025-12-22;17;0
5;2025-12-22;18;0
5;2025-12-22;19;0
5;2025-12-22;20;0
5;2025-12-22;21;0
5;2025-12-22;22;0
5;2025-12-22;23;0
5;2025-12-23;0;0
5;2025-12-23;1;0
5;2025-12-23;2;0
5;2025-12-23;3;0
5;2025-12-23;4;0
5;2025-12-23;5;0
5;2025-12-23;6;0
5;2025-12-23;7;0
5;2025-12-23;8;0
5;2025-12-23;9;0
5;2025-12-23;10;0
5;2025-12-23;11;0
5;2025-12-23;12;0
5;2025-12-23;13;0
5;2025-12-23;14;0
5;2025-12-23;15;0
5;2025-12-23;16;0
5;2025-12-23;17;0
5;2025-12-23;18;0
5;2025-12-23;19;0
5;2025-12-23;20;0
5;2025-12-23;21;0
5;2025-12-23;22;0
5;2025-12-23;23;0
5;2025-12-24;0;0
5;2025-12-24;1;0
5;2025-12-24;2;0
5;2025-12-24;3;0
5;2025-12-24;4;0
5;2025-12-24;5;0
5;2025-12-24;6;0
5;2025-12-24;7;0
5;2025-12-24;8;0
5;2025-12-24;9;0
5;2025-12-24;10;0
5;2025-12-24;11;0
5;2025-12-24;12;0
5;2025-12-24;13;0
5;2025-12-24;14;0
5;2025-12-24;15;0
5;2025-12-24;16;0
5;2025-12-24;17;0
5;2025-12-24;18;0
5;2025-12-24;19;0
5;2025-12-24;20;0
5;2025-12-24;21;0
5;2025-12-24;22;0
5;2025-12-24;23;0
5;2025-12-25;0;0
5;2025-12-25;1;0
5;2025-12-25;2;0
5;2025-12-25;3;0
5;2025-12-25;4;0
5;2025-12-25;5;0
5;2025-12-25;6;0
5;2025-12-25;7;0
5;2025-12-25;8;0
5;2025-12-25;9;0
5;2025-12-25;10;0
5;2025-12-25;11;0
5;2025-12-25;12;0
5;2025-12-25;13;0
5;2025-12-25;14;0
5;2025-12-25;15;0
5;2025-12-25;16;0
5;2025-12-25;17;0
5;2025-12-25;18;0
5;2025-12-25;19;0
5;2025-12-25;20;0
5;2025-12-25;21;0
5;2025-12-25;22;0
5;2025-12-25;23;0
5;2025-12-26;0;0
5;2025-12-26;1;0
5;2025-12-26;2;0
5;2025-12-26;3;0
5;2025-12-26;4;0
5;2025-12-26;5;0
5;2025-12-26;6;0
5;2025-12-26;7;0
5;2025-12-26;8;0
5;2025-12-26;9;0
5;2025-12-26;10;0
5;2025-12-26;11;0
5;2025-12-26;12;0
5;2025-12-26;13;0
5;2025-12-26;14;0
5;2025-12-26;15;0
5;2025-12-26;16;0
5;2025-12-26;17;0
5;2025-12-26;18;0
5;2025-12-26;19;0
5;2025-12-26;20;0
5;2025-12-26;21;0
5;2025-12-26;22;0
5;2025-12-26;23;0
5;2025-12-27;0;0
5;2025-12-27;1;0
5;2025-12-27;2;0
5;2025-12-27;3;0
5;2025-12-27;4;0
5;2025-12-27;5;0
5;2025-12-27;6;0
5;2025-12-27;7;0
5;2025-12-27;8;0
5;2025-12-27;9;0
5;2025-12-27;10;0
5;2025-12-27;11;0
5;2025-12-27;12;0
5;2025-12-27;13;0
5;2025-12-27;14;0
5;2025-12-27;15;0
5;2025-12-27;16;0
5;2025-12-27;17;0
5;2025-12-27;18;0
5;2025-12-27;19;0
5;2025-12-27;20;0
5;2025-12-27;21;0
5;2025-12-27;22;0
5;2025-12-27;23;0
5;2025-12-28;0;0
5;2025-12-28;1;0
5;2025-12-28;2;0
5;2025-12-28;3;0
5;2025-12-28;4;0
5;2025-12-28;5;0
5;2025-12-28;6;0
5;2025-12-28;7;0
5;2025-12-28;8;0
5;2025-12-28;9;0
5;2025-12-28;10;0
5;2025-12-28;11;0
5;2025-12-28;12;0
5;2025-12-28;13;0
5;2025-12-28;14;0
5;2025-12-28;15;0
5;2025-12-28;16;0
5;2025-12-28;17;0
5;2025-12-28;18;0
5;2025-12-28;19;0
5;2025-12-28;20;0
5;2025-12-28;21;0
5;2025-12-28;22;0
5;2025-12-28;23;0
5;2025-12-29;0;0
5;2025-12-29;1;0
5;2025-12-29;2;0
5;2025-12-29;3;0
5;2025-12-29;4;0
5;2025-12-29;5;0
5;2025-12-29;6;0
5;2025-12-29;7;0
5;2025-12-29;8;0
5;2025-12-29;9;0
5;2025-12-29;10;0
5;2025-12-29;11;0
5;2025-12-29;12;0
5;2025-12-29;13;0
5;2025-12-29;14;0
5;2025-12-29;15;0
5;2025-12-29;16;0
5;2025-12-29;17;0
5;2025-12-29;18;0
5;2025-12-29;19;0
5;2025-12-29;20;0
5;2025-12-29;21;0
5;2025-12-29;22;0
5;2025-12-29;23;0
5;2025-12-30;0;0
5;2025-12-30;1;0
5;2025-12-30;2;0
5;2025-12-30;3;0
5;2025-12-30;4;0
5;2025-12-30;5;0
5;2025-12-30;6;0
5;2025-12-30;7;0
5;2025-12-30;8;0
5;2025-12-30;9;0
5;2025-12-30;10;0
5;2025-12-30;11;0
5;2025-12-30;12;0
5;2025-12-30;13;0
5;2025-12-30;14;0
5;2025-12-30;15;0
5;2025-12-30;16;0
5;2025-12-30;17;0
5;2025-12-30;18;0
5;2025-12-30;19;0
5;2025-12-30;20;0
5;2025-12-30;21;0
5;2025-12-30;22;0
5;2025-12-30;23;0
5;2025-12-31;0;0
5;2025-12-31;1;0
5;2025-12-31;2;0
5;2025-12-31;3;0
5;2025-12-31;4;0
5;2025-12-31;5;0
5;2025-12-31;6;0
5;2025-12-31;7;0
5;2025-12-31;8;0
5;2025-12-31;9;0
5;2025-12-31;10;0
5;2025-12-31;11;0
5;2025-12-31;12;0
5;2025-12-31;13;0
5;2025-12-31;14;0
5;2025-12-31;15;0
5;2025-12-31;16;0
5;2025-12-31;17;0
5;2025-12-31;18;0
5;2025-12-31;19;0
5;2025-12-31;20;0
5;2025-12-31;21;0
5;2025-12-31;22;0
5;2025-12-31;23;0
7;2025-11-01;0;108
7;2025-11-01;1;26
7;2025-11-01;2;0
7;2025-11-01;3;0
7;2025-11-01;4;1
7;2025-11-01;5;59
7;2025-11-01;6;280
7;2025-11-01;7;470
7;2025-11-01;8;717
7;2025-11-01;9;661
7;2025-11-01;10;614
7;2025-11-01;11;782
7;2025-11-01;12;907
7;2025-11-01;13;1010
7;2025-11-01;14;1069
7;2025-11-01;15;919
7;2025-11-01;16;825
7;2025-11-01;17;823
7;2025-11-01;18;908
7;2025-11-01;19;795
7;2025-11-01;20;713
7;2025-11-01;21;584
7;2025-11-01;22;318
7;2025-11-01;23;212
7;2025-11-02;0;101
7;2025-11-02;1;28
7;2025-11-02;2;0
7;2025-11-02;3;0
7;2025-11-02;4;0
7;2025-11-02;5;40
7;2025-11-02;6;189
7;2025-11-02;7;313
7;2025-11-02;8;517
7;2025-11-02;9;594
7;2025-11-02;10;652
7;2025-11-02;11;851
7;2025-11-02;12;847
7;2025-11-02;13;990
7;2025-11-02;14;1004
7;2025-11-02;15;902
7;2025-11-02;16;792
7;2025-11-02;17;833
7;2025-11-02;18;830
7;2025-11-02;19;695
7;2025-11-02;20;588
7;2025-11-02;21;458
7;2025-11-02;22;262
7;2025-11-02;23;149
7;2025-11-03;0;78
7;2025-11-03;1;9
7;2025-11-03;2;0
7;2025-11-03;3;0
7;2025-11-03;4;0
7;2025-11-03;5;94
7;2025-11-03;6;307
7;2025-11-03;7;388
7;2025-11-03;8;554
7;2025-11-03;9;595
7;2025-11-03;10;650
7;2025-11-03;11;868
7;2025-11-03;12;993
7;2025-11-03;13;1129
7;2025-11-03;14;1123
7;2025-11-03;15;1051
7;2025-11-03;16;966
7;2025-11-03;17;963
7;2025-11-03;18;879
7;2025-11-03;19;783
7;2025-11-03;20;679
7;2025-11-03;21;481
7;2025-11-03;22;287
7;2025-11-03;23;164
7;2025-11-04;0;74
7;2025-11-04;1;16
7;2025-11-04;2;0
7;2025-11-04;3;0
7;2025-11-04;4;0
7;2025-11-04;5;114
7;2025-11-04;6;309
7;2025-11-04;7;408
7;2025-11-04;8;605
7;2025-11-04;9;643
7;2025-11-04;10;687
7;2025-11-04;11;877
7;2025-11-04;12;1002
7;2025-11-04;13;1134
7;2025-11-04;14;1141
7;2025-11-04;15;1038
7;2025-11-04;16;966
7;2025-11-04;17;953
7;2025-11-04;18;892
7;2025-11-04;19;805
7;2025-11-04;20;639
7;2025-11-04;21;508
7;2025-11-04;22;299
7;2025-11-04;23;172
7;2025-11-05;0;64
7;2025-11-05;1;14
7;2025-11-05;2;0
7;2025-11-05;3;0
7;2025-11-05;4;0
7;2025-11-05;5;193
7;2025-11-05;6;671
7;2025-11-05;7;1648
7;2025-11-05;8;2538
7;2025-11-05;9;1896
7;2025-11-05;10;1654
7;2025-11-05;11;1535
7;2025-11-05;12;1618
7;2025-11-05;13;1588
7;2025-11-05;14;1623
7;2025-11-05;15;1767
7;2025-11-05;16;1871
7;2025-11-05;17;2375
7;2025-11-05;18;2610
7;2025-11-05;19;1749
7;2025-11-05;20;1065
7;2025-11-05;21;657
7;2025-11-05;22;365
7;2025-11-05;23;218
7;2025-11-06;0;65
7;2025-11-06;1;14
7;2025-11-06;2;0
7;2025-11-06;3;0
7;2025-11-06;4;2
7;2025-11-06;5;199
7;2025-11-06;6;668
7;2025-11-06;7;1654
7;2025-11-06;8;2545
7;2025-11-06;9;1848
7;2025-11-06;10;1599
7;2025-11-06;11;1494
7;2025-11-06;12;1549
7;2025-11-06;13;1565
7;2025-11-06;14;1597
7;2025-11-06;15;1678
7;2025-11-06;16;1806
7;2025-11-06;17;2290
7;2025-11-06;18;2676
7;2025-11-06;19;1727
7;2025-11-06;20;1036
7;2025-11-06;21;644
7;2025-11-06;22;342
7;2025-11-06;23;234
7;2025-11-07;0;80
7;2025-11-07;1;19
7;2025-11-07;2;0
7;2025-11-07;3;0
7;2025-11-07;4;4
7;2025-11-07;5;198
7;2025-11-07;6;611
7;2025-11-07;7;1533
7;2025-11-07;8;2373
7;2025-11-07;9;1774
7;2025-11-07;10;1533
7;2025-11-07;11;1486
7;2025-11-07;12;1548
7;2025-11-07;13;1603
7;2025-11-07;14;1626
7;2025-11-07;15;1733
7;2025-11-07;16;1939
7;2025-11-07;17;2247
7;2025-11-07;18;2103
7;2025-11-07;19;1498
7;2025-11-07;20;979
7;2025-11-07;21;634
7;2025-11-07;22;385
7;2025-11-07;23;268
7;2025-11-08;0;115
7;2025-11-08;1;23
7;2025-11-08;2;0
7;2025-11-08;3;0
7;2025-11-08;4;1
7;2025-11-08;5;58
7;2025-11-08;6;269
7;2025-11-08;7;443
7;2025-11-08;8;666
7;2025-11-08;9;620
7;2025-11-08;10;705
7;2025-11-08;11;825
7;2025-11-08;12;910
7;2025-11-08;13;974
7;2025-11-08;14;986
7;2025-11-08;15;905
7;2025-11-08;16;832
7;2025-11-08;17;839
7;2025-11-08;18;857
7;2025-11-08;19;849
7;2025-11-08;20;688
7;2025-11-08;21;578
7;2025-11-08;22;321
7;2025-11-08;23;209
7;2025-11-09;0;106
7;2025-11-09;1;26
7;2025-11-09;2;0
7;2025-11-09;3;0
7;2025-11-09;4;0
7;2025-11-09;5;42
7;2025-11-09;6;194
7;2025-11-09;7;309
7;2025-11-09;8;510
7;2025-11-09;9;569
7;2025-11-09;10;581
7;2025-11-09;11;773
7;2025-11-09;12;851
7;2025-11-09;13;937
7;2025-11-09;14;936
7;2025-11-09;15;885
7;2025-11-09;16;812
7;2025-11-09;17;846
7;2025-11-09;18;773
7;2025-11-09;19;653
7;2025-11-09;20;593
7;2025-11-09;21;457
7;2025-11-09;22;264
7;2025-11-09;23;152
7;2025-11-10;0;58
7;2025-11-10;1;0
7;2025-11-10;2;0
7;2025-11-10;3;0
7;2025-11-10;4;0
7;2025-11-10;5;194
7;2025-11-10;6;684
7;2025-11-10;7;1592
7;2025-11-10;8;2469
7;2025-11-10;9;1820
7;2025-11-10;10;1537
7;2025-11-10;11;1391
7;2025-11-10;12;1442
7;2025-11-10;13;1484
7;2025-11-10;14;1534
7;2025-11-10;15;1665
7;2025-11-10;16;1774
7;2025-11-10;17;2295
7;2025-11-10;18;2533
7;2025-11-10;19;1682
7;2025-11-10;20;1013
7;2025-11-10;21;591
7;2025-11-10;22;313
7;2025-11-10;23;186
7;2025-11-11;0;52
7;2025-11-11;1;11
7;2025-11-11;2;0
7;2025-11-11;3;0
7;2025-11-11;4;1
7;2025-11-11;5;208
7;2025-11-11;6;688
7;2025-11-11;7;1670
7;2025-11-11;8;2560
7;2025-11-11;9;1843
7;2025-11-11;10;1622
7;2025-11-11;11;1487
7;2025-11-11;12;1529
7;2025-11-11;13;1556
7;2025-11-11;14;1593
7;2025-11-11;15;1733
7;2025-11-11;16;1793
7;2025-11-11;17;2284
7;2025-11-11;18;2644
7;2025-11-11;19;1784
7;2025-11-11;20;1040
7;2025-11-11;21;660
7;2025-11-11;22;358
7;2025-11-11;23;196
7;2025-11-12;0;64
7;2025-11-12;1;14
7;2025-11-12;2;0
7;2025-11-12;3;0
7;2025-11-12;4;0
7;2025-11-12;5;192
7;2025-11-12;6;672
7;2025-11-12;7;1611
7;2025-11-12;8;2566
7;2025-11-12;9;1854
7;2025-11-12;10;1624
7;2025-11-12;11;1509
7;2025-11-12;12;1583
7;2025-11-12;13;1566
7;2025-11-12;14;1580
7;2025-11-12;15;1715
7;2025-11-12;16;1833
7;2025-11-12;17;2399
7;2025-11-12;18;2652
7;2025-11-12;19;1711
7;2025-11-12;20;1045
7;2025-11-12;21;663
7;2025-11-12;22;368
7;2025-11-12;23;218
7;2025-11-13;0;65
7;2025-11-13;1;14
7;2025-11-13;2;0
7;2025-11-13;3;0
7;2025-11-13;4;1
7;2025-11-13;5;200
7;2025-11-13;6;675
7;2025-11-13;7;1643
7;2025-11-13;8;2566
7;2025-11-13;9;1846
7;2025-11-13;10;1598
7;2025-11-13;11;1511
7;2025-11-13;12;1564
7;2025-11-13;13;1582
7;2025-11-13;14;1618
7;2025-11-13;15;1697
7;2025-11-13;16;1832
7;2025-11-13;17;2332
7;2025-11-13;18;2709
7;2025-11-13;19;1738
7;2025-11-13;20;1035
7;2025-11-13;21;658
7;2025-11-13;22;353
7;2025-11-13;23;229
7;2025-11-14;0;76
7;2025-11-14;1;15
7;2025-11-14;2;0
7;2025-11-14;3;0
7;2025-11-14;4;1
7;2025-11-14;5;194
7;2025-11-14;6;613
7;2025-11-14;7;1538
7;2025-11-14;8;2404
7;2025-11-14;9;1788
7;2025-11-14;10;1543
7;2025-11-14;11;1500
7;2025-11-14;12;1567
7;2025-11-14;13;1633
7;2025-11-14;14;1659
7;2025-11-14;15;1763
7;2025-11-14;16;1969
7;2025-11-14;17;2310
7;2025-11-14;18;2128
7;2025-11-14;19;1505
7;2025-11-14;20;975
7;2025-11-14;21;627
7;2025-11-14;22;374
7;2025-11-14;23;259
7;2025-11-15;0;111
7;2025-11-15;1;24
7;2025-11-15;2;0
7;2025-11-15;3;0
7;2025-11-15;4;1
7;2025-11-15;5;59
7;2025-11-15;6;281
7;2025-11-15;7;467
7;2025-11-15;8;737
7;2025-11-15;9;715
7;2025-11-15;10;801
7;2025-11-15;11;902
7;2025-11-15;12;987
7;2025-11-15;13;1051
7;2025-11-15;14;1043
7;2025-11-15;15;958
7;2025-11-15;16;893
7;2025-11-15;17;898
7;2025-11-15;18;908
7;2025-11-15;19;894
7;2025-11-15;20;732
7;2025-11-15;21;613
7;2025-11-15;22;345
7;2025-11-15;23;217
7;2025-11-16;0;112
7;2025-11-16;1;30
7;2025-11-16;2;0
7;2025-11-16;3;0
7;2025-11-16;4;0
7;2025-11-16;5;43
7;2025-11-16;6;200
7;2025-11-16;7;315
7;2025-11-16;8;526
7;2025-11-16;9;615
7;2025-11-16;10;625
7;2025-11-16;11;830
7;2025-11-16;12;899
7;2025-11-16;13;988
7;2025-11-16;14;982
7;2025-11-16;15;931
7;2025-11-16;16;856
7;2025-11-16;17;883
7;2025-11-16;18;818
7;2025-11-16;19;712
7;2025-11-16;20;618
7;2025-11-16;21;488
7;2025-11-16;22;280
7;2025-11-16;23;163
7;2025-11-17;0;63
7;2025-11-17;1;4
7;2025-11-17;2;0
7;2025-11-17;3;0
7;2025-11-17;4;0
7;2025-11-17;5;188
7;2025-11-17;6;688
7;2025-11-17;7;1586
7;2025-11-17;8;2483
7;2025-11-17;9;1844
7;2025-11-17;10;1560
7;2025-11-17;11;1414
7;2025-11-17;12;1466
7;2025-11-17;13;1506
7;2025-11-17;14;1554
7;2025-11-17;15;1685
7;2025-11-17;16;1788
7;2025-11-17;17;2300
7;2025-11-17;18;2561
7;2025-11-17;19;1718
7;2025-11-17;20;1034
7;2025-11-17;21;602
7;2025-11-17;22;322
7;2025-11-17;23;192
7;2025-11-18;0;57
7;2025-11-18;1;13
7;2025-11-18;2;0
7;2025-11-18;3;0
7;2025-11-18;4;2
7;2025-11-18;5;209
7;2025-11-18;6;697
7;2025-11-18;7;1675
7;2025-11-18;8;2574
7;2025-11-18;9;1858
7;2025-11-18;10;1630
7;2025-11-18;11;1498
7;2025-11-18;12;1542
7;2025-11-18;13;1568
7;2025-11-18;14;1602
7;2025-11-18;15;1743
7;2025-11-18;16;1804
7;2025-11-18;17;2296
7;2025-11-18;18;2654
7;2025-11-18;19;1794
7;2025-11-18;20;1052
7;2025-11-18;21;665
7;2025-11-18;22;362
7;2025-11-18;23;198
7;2025-11-19;0;63
7;2025-11-19;1;13
7;2025-11-19;2;0
7;2025-11-19;3;0
7;2025-11-19;4;0
7;2025-11-19;5;193
7;2025-11-19;6;676
7;2025-11-19;7;1613
7;2025-11-19;8;2570
7;2025-11-19;9;1865
7;2025-11-19;10;1633
7;2025-11-19;11;1523
7;2025-11-19;12;1598
7;2025-11-19;13;1580
7;2025-11-19;14;1598
7;2025-11-19;15;1728
7;2025-11-19;16;1838
7;2025-11-19;17;2401
7;2025-11-19;18;2654
7;2025-11-19;19;1734
7;2025-11-19;20;1055
7;2025-11-19;21;675
7;2025-11-19;22;382
7;2025-11-19;23;228
7;2025-11-20;0;65
7;2025-11-20;1;14
7;2025-11-20;2;0
7;2025-11-20;3;0
7;2025-11-20;4;2
7;2025-11-20;5;200
7;2025-11-20;6;675
7;2025-11-20;7;1644
7;2025-11-20;8;2568
7;2025-11-20;9;1850
7;2025-11-20;10;1606
7;2025-11-20;11;1520
7;2025-11-20;12;1572
7;2025-11-20;13;1590
7;2025-11-20;14;1628
7;2025-11-20;15;1703
7;2025-11-20;16;1839
7;2025-11-20;17;2337
7;2025-11-20;18;2711
7;2025-11-20;19;1750
7;2025-11-20;20;1040
7;2025-11-20;21;655
7;2025-11-20;22;355
7;2025-11-20;23;231
7;2025-11-21;0;78
7;2025-11-21;1;15
7;2025-11-21;2;0
7;2025-11-21;3;0
7;2025-11-21;4;2
7;2025-11-21;5;195
7;2025-11-21;6;621
7;2025-11-21;7;1535
7;2025-11-21;8;2407
7;2025-11-21;9;1784
7;2025-11-21;10;1543
7;2025-11-21;11;1503
7;2025-11-21;12;1567
7;2025-11-21;13;1634
7;2025-11-21;14;1662
7;2025-11-21;15;1764
7;2025-11-21;16;1967
7;2025-11-21;17;2311
7;2025-11-21;18;2132
7;2025-11-21;19;1526
7;2025-11-21;20;990
7;2025-11-21;21;636
7;2025-11-21;22;384
7;2025-11-21;23;260
7;2025-11-22;0;112
7;2025-11-22;1;24
7;2025-11-22;2;0
7;2025-11-22;3;0
7;2025-11-22;4;1
7;2025-11-22;5;58
7;2025-11-22;6;278
7;2025-11-22;7;464
7;2025-11-22;8;738
7;2025-11-22;9;710
7;2025-11-22;10;791
7;2025-11-22;11;902
7;2025-11-22;12;984
7;2025-11-22;13;1047
7;2025-11-22;14;1039
7;2025-11-22;15;956
7;2025-11-22;16;887
7;2025-11-22;17;897
7;2025-11-22;18;907
7;2025-11-22;19;919
7;2025-11-22;20;742
7;2025-11-22;21;626
7;2025-11-22;22;344
7;2025-11-22;23;222
7;2025-11-23;0;111
7;2025-11-23;1;29
7;2025-11-23;2;0
7;2025-11-23;3;0
7;2025-11-23;4;0
7;2025-11-23;5;43
7;2025-11-23;6;194
7;2025-11-23;7;305
7;2025-11-23;8;517
7;2025-11-23;9;598
7;2025-11-23;10;605
7;2025-11-23;11;826
7;2025-11-23;12;892
7;2025-11-23;13;977
7;2025-11-23;14;974
7;2025-11-23;15;924
7;2025-11-23;16;850
7;2025-11-23;17;884
7;2025-11-23;18;821
7;2025-11-23;19;744
7;2025-11-23;20;616
7;2025-11-23;21;489
7;2025-11-23;22;280
7;2025-11-23;23;166
7;2025-11-24;0;66
7;2025-11-24;1;7
7;2025-11-24;2;0
7;2025-11-24;3;0
7;2025-11-24;4;0
7;2025-11-24;5;190
7;2025-11-24;6;682
7;2025-11-24;7;1585
7;2025-11-24;8;2448
7;2025-11-24;9;1842
7;2025-11-24;10;1559
7;2025-11-24;11;1415
7;2025-11-24;12;1455
7;2025-11-24;13;1500
7;2025-11-24;14;1544
7;2025-11-24;15;1676
7;2025-11-24;16;1780
7;2025-11-24;17;2302
7;2025-11-24;18;2551
7;2025-11-24;19;1724
7;2025-11-24;20;1038
7;2025-11-24;21;599
7;2025-11-24;22;324
7;2025-11-24;23;196
7;2025-11-25;0;60
7;2025-11-25;1;14
7;2025-11-25;2;0
7;2025-11-25;3;0
7;2025-11-25;4;3
7;2025-11-25;5;211
7;2025-11-25;6;695
7;2025-11-25;7;1646
7;2025-11-25;8;2539
7;2025-11-25;9;1827
7;2025-11-25;10;1614
7;2025-11-25;11;1476
7;2025-11-25;12;1521
7;2025-11-25;13;1542
7;2025-11-25;14;1587
7;2025-11-25;15;1726
7;2025-11-25;16;1785
7;2025-11-25;17;2297
7;2025-11-25;18;2627
7;2025-11-25;19;1812
7;2025-11-25;20;1057
7;2025-11-25;21;662
7;2025-11-25;22;363
7;2025-11-25;23;202
7;2025-11-26;0;65
7;2025-11-26;1;15
7;2025-11-26;2;0
7;2025-11-26;3;0
7;2025-11-26;4;0
7;2025-11-26;5;194
7;2025-11-26;6;670
7;2025-11-26;7;1592
7;2025-11-26;8;2529
7;2025-11-26;9;1825
7;2025-11-26;10;1593
7;2025-11-26;11;1489
7;2025-11-26;12;1531
7;2025-11-26;13;1515
7;2025-11-26;14;1537
7;2025-11-26;15;1673
7;2025-11-26;16;1785
7;2025-11-26;17;2360
7;2025-11-26;18;2613
7;2025-11-26;19;1723
7;2025-11-26;20;1058
7;2025-11-26;21;668
7;2025-11-26;22;383
7;2025-11-26;23;229
7;2025-11-27;0;68
7;2025-11-27;1;17
7;2025-11-27;2;0
7;2025-11-27;3;0
7;2025-11-27;4;2
7;2025-11-27;5;201
7;2025-11-27;6;677
7;2025-11-27;7;1584
7;2025-11-27;8;2528
7;2025-11-27;9;1799
7;2025-11-27;10;1556
7;2025-11-27;11;1485
7;2025-11-27;12;1525
7;2025-11-27;13;1534
7;2025-11-27;14;1567
7;2025-11-27;15;1648
7;2025-11-27;16;1768
7;2025-11-27;17;2298
7;2025-11-27;18;2672
7;2025-11-27;19;1735
7;2025-11-27;20;1051
7;2025-11-27;21;665
7;2025-11-27;22;353
7;2025-11-27;23;233
7;2025-11-28;0;80
7;2025-11-28;1;16
7;2025-11-28;2;0
7;2025-11-28;3;0
7;2025-11-28;4;2
7;2025-11-28;5;196
7;2025-11-28;6;609
7;2025-11-28;7;1500
7;2025-11-28;8;2363
7;2025-11-28;9;1746
7;2025-11-28;10;1507
7;2025-11-28;11;1466
7;2025-11-28;12;1505
7;2025-11-28;13;1565
7;2025-11-28;14;1601
7;2025-11-28;15;1707
7;2025-11-28;16;1906
7;2025-11-28;17;2262
7;2025-11-28;18;2119
7;2025-11-28;19;1491
7;2025-11-28;20;970
7;2025-11-28;21;621
7;2025-11-28;22;370
7;2025-11-28;23;251
7;2025-11-29;0;108
7;2025-11-29;1;23
7;2025-11-29;2;0
7;2025-11-29;3;0
7;2025-11-29;4;1
7;2025-11-29;5;57
7;2025-11-29;6;268
7;2025-11-29;7;451
7;2025-11-29;8;722
7;2025-11-29;9;706
7;2025-11-29;10;774
7;2025-11-29;11;888
7;2025-11-29;12;970
7;2025-11-29;13;1033
7;2025-11-29;14;1030
7;2025-11-29;15;947
7;2025-11-29;16;889
7;2025-11-29;17;891
7;2025-11-29;18;898
7;2025-11-29;19;878
7;2025-11-29;20;740
7;2025-11-29;21;612
7;2025-11-29;22;335
7;2025-11-29;23;222
7;2025-11-30;0;113
7;2025-11-30;1;31
7;2025-11-30;2;0
7;2025-11-30;3;0
7;2025-11-30;4;1
7;2025-11-30;5;43
7;2025-11-30;6;193
7;2025-11-30;7;303
7;2025-11-30;8;514
7;2025-11-30;9;590
7;2025-11-30;10;597
7;2025-11-30;11;828
7;2025-11-30;12;885
7;2025-11-30;13;969
7;2025-11-30;14;967
7;2025-11-30;15;916
7;2025-11-30;16;844
7;2025-11-30;17;885
7;2025-11-30;18;826
7;2025-11-30;19;723
7;2025-11-30;20;606
7;2025-11-30;21;481
7;2025-11-30;22;272
7;2025-11-30;23;162
7;2025-12-01;0;62
7;2025-12-01;1;7
7;2025-12-01;2;0
7;2025-12-01;3;0
7;2025-12-01;4;0
7;2025-12-01;5;185
7;2025-12-01;6;672
7;2025-12-01;7;1535
7;2025-12-01;8;2432
7;2025-12-01;9;1796
7;2025-12-01;10;1534
7;2025-12-01;11;1400
7;2025-12-01;12;1434
7;2025-12-01;13;1481
7;2025-12-01;14;1523
7;2025-12-01;15;1657
7;2025-12-01;16;1755
7;2025-12-01;17;2297
7;2025-12-01;18;2539
7;2025-12-01;19;1677
7;2025-12-01;20;1028
7;2025-12-01;21;591
7;2025-12-01;22;321
7;2025-12-01;23;203
7;2025-12-02;0;68
7;2025-12-02;1;24
7;2025-12-02;2;8
7;2025-12-02;3;6
7;2025-12-02;4;11
7;2025-12-02;5;218
7;2025-12-02;6;691
7;2025-12-02;7;1625
7;2025-12-02;8;2535
7;2025-12-02;9;1810
7;2025-12-02;10;1585
7;2025-12-02;11;1448
7;2025-12-02;12;1475
7;2025-12-02;13;1488
7;2025-12-02;14;1543
7;2025-12-02;15;1703
7;2025-12-02;16;1753
7;2025-12-02;17;2285
7;2025-12-02;18;2636
7;2025-12-02;19;1757
7;2025-12-02;20;1032
7;2025-12-02;21;647
7;2025-12-02;22;353
7;2025-12-02;23;200
7;2025-12-03;0;64
7;2025-12-03;1;14
7;2025-12-03;2;0
7;2025-12-03;3;0
7;2025-12-03;4;0
7;2025-12-03;5;192
7;2025-12-03;6;679
7;2025-12-03;7;1562
7;2025-12-03;8;2530
7;2025-12-03;9;1822
7;2025-12-03;10;1585
7;2025-12-03;11;1481
7;2025-12-03;12;1522
7;2025-12-03;13;1503
7;2025-12-03;14;1533
7;2025-12-03;15;1670
7;2025-12-03;16;1784
7;2025-12-03;17;2357
7;2025-12-03;18;2602
7;2025-12-03;19;1691
7;2025-12-03;20;1036
7;2025-12-03;21;662
7;2025-12-03;22;377
7;2025-12-03;23;226
7;2025-12-04;0;65
7;2025-12-04;1;15
7;2025-12-04;2;0
7;2025-12-04;3;0
7;2025-12-04;4;2
7;2025-12-04;5;196
7;2025-12-04;6;672
7;2025-12-04;7;1573
7;2025-12-04;8;2515
7;2025-12-04;9;1787
7;2025-12-04;10;1539
7;2025-12-04;11;1466
7;2025-12-04;12;1505
7;2025-12-04;13;1512
7;2025-12-04;14;1549
7;2025-12-04;15;1631
7;2025-12-04;16;1751
7;2025-12-04;17;2275
7;2025-12-04;18;2649
7;2025-12-04;19;1686
7;2025-12-04;20;1018
7;2025-12-04;21;652
7;2025-12-04;22;344
7;2025-12-04;23;229
7;2025-12-05;0;76
7;2025-12-05;1;15
7;2025-12-05;2;0
7;2025-12-05;3;0
7;2025-12-05;4;3
7;2025-12-05;5;196
7;2025-12-05;6;605
7;2025-12-05;7;1502
7;2025-12-05;8;2366
7;2025-12-05;9;1743
7;2025-12-05;10;1502
7;2025-12-05;11;1465
7;2025-12-05;12;1502
7;2025-12-05;13;1564
7;2025-12-05;14;1597
7;2025-12-05;15;1699
7;2025-12-05;16;1903
7;2025-12-05;17;2253
7;2025-12-05;18;2123
7;2025-12-05;19;1488
7;2025-12-05;20;967
7;2025-12-05;21;622
7;2025-12-05;22;372
7;2025-12-05;23;257
7;2025-12-06;0;112
7;2025-12-06;1;27
7;2025-12-06;2;0
7;2025-12-06;3;0
7;2025-12-06;4;2
7;2025-12-06;5;60
7;2025-12-06;6;273
7;2025-12-06;7;448
7;2025-12-06;8;718
7;2025-12-06;9;695
7;2025-12-06;10;771
7;2025-12-06;11;887
7;2025-12-06;12;958
7;2025-12-06;13;1019
7;2025-12-06;14;1016
7;2025-12-06;15;933
7;2025-12-06;16;876
7;2025-12-06;17;884
7;2025-12-06;18;891
7;2025-12-06;19;873
7;2025-12-06;20;733
7;2025-12-06;21;602
7;2025-12-06;22;327
7;2025-12-06;23;217
7;2025-12-07;0;108
7;2025-12-07;1;28
7;2025-12-07;2;0
7;2025-12-07;3;0
7;2025-12-07;4;0
7;2025-12-07;5;43
7;2025-12-07;6;191
7;2025-12-07;7;302
7;2025-12-07;8;511
7;2025-12-07;9;581
7;2025-12-07;10;586
7;2025-12-07;11;807
7;2025-12-07;12;872
7;2025-12-07;13;956
7;2025-12-07;14;951
7;2025-12-07;15;902
7;2025-12-07;16;831
7;2025-12-07;17;858
7;2025-12-07;18;795
7;2025-12-07;19;693
7;2025-12-07;20;591
7;2025-12-07;21;467
7;2025-12-07;22;263
7;2025-12-07;23;156
7;2025-12-08;0;60
7;2025-12-08;1;3
7;2025-12-08;2;0
7;2025-12-08;3;0
7;2025-12-08;4;0
7;2025-12-08;5;185
7;2025-12-08;6;678
7;2025-12-08;7;1538
7;2025-12-08;8;2438
7;2025-12-08;9;1790
7;2025-12-08;10;1513
7;2025-12-08;11;1388
7;2025-12-08;12;1415
7;2025-12-08;13;1461
7;2025-12-08;14;1504
7;2025-12-08;15;1625
7;2025-12-08;16;1728
7;2025-12-08;17;2294
7;2025-12-08;18;2545
7;2025-12-08;19;1674
7;2025-12-08;20;1013
7;2025-12-08;21;587
7;2025-12-08;22;315
7;2025-12-08;23;195
7;2025-12-09;0;59
7;2025-12-09;1;14
7;2025-12-09;2;0
7;2025-12-09;3;0
7;2025-12-09;4;2
7;2025-12-09;5;209
7;2025-12-09;6;687
7;2025-12-09;7;1621
7;2025-12-09;8;2580
7;2025-12-09;9;1805
7;2025-12-09;10;1579
7;2025-12-09;11;1458
7;2025-12-09;12;1484
7;2025-12-09;13;1499
7;2025-12-09;14;1543
7;2025-12-09;15;1690
7;2025-12-09;16;1750
7;2025-12-09;17;2305
7;2025-12-09;18;2666
7;2025-12-09;19;1762
7;2025-12-09;20;1027
7;2025-12-09;21;652
7;2025-12-09;22;356
7;2025-12-09;23;203
7;2025-12-10;0;66
7;2025-12-10;1;15
7;2025-12-10;2;0
7;2025-12-10;3;0
7;2025-12-10;4;0
7;2025-12-10;5;193
7;2025-12-10;6;681
7;2025-12-10;7;1564
7;2025-12-10;8;2554
7;2025-12-10;9;1824
7;2025-12-10;10;1580
7;2025-12-10;11;1479
7;2025-12-10;12;1519
7;2025-12-10;13;1501
7;2025-12-10;14;1531
7;2025-12-10;15;1669
7;2025-12-10;16;1782
7;2025-12-10;17;2376
7;2025-12-10;18;2616
7;2025-12-10;19;1684
7;2025-12-10;20;1025
7;2025-12-10;21;659
7;2025-12-10;22;368
7;2025-12-10;23;225
7;2025-12-11;0;65
7;2025-12-11;1;15
7;2025-12-11;2;0
7;2025-12-11;3;0
7;2025-12-11;4;2
7;2025-12-11;5;196
7;2025-12-11;6;675
7;2025-12-11;7;1586
7;2025-12-11;8;2540
7;2025-12-11;9;1806
7;2025-12-11;10;1538
7;2025-12-11;11;1465
7;2025-12-11;12;1507
7;2025-12-11;13;1516
7;2025-12-11;14;1550
7;2025-12-11;15;1638
7;2025-12-11;16;1772
7;2025-12-11;17;2294
7;2025-12-11;18;2666
7;2025-12-11;19;1682
7;2025-12-11;20;1008
7;2025-12-11;21;645
7;2025-12-11;22;340
7;2025-12-11;23;228
7;2025-12-12;0;75
7;2025-12-12;1;14
7;2025-12-12;2;0
7;2025-12-12;3;0
7;2025-12-12;4;3
7;2025-12-12;5;195
7;2025-12-12;6;598
7;2025-12-12;7;1504
7;2025-12-12;8;2385
7;2025-12-12;9;1750
7;2025-12-12;10;1500
7;2025-12-12;11;1464
7;2025-12-12;12;1506
7;2025-12-12;13;1554
7;2025-12-12;14;1585
7;2025-12-12;15;1705
7;2025-12-12;16;1915
7;2025-12-12;17;2260
7;2025-12-12;18;2120
7;2025-12-12;19;1474
7;2025-12-12;20;952
7;2025-12-12;21;613
7;2025-12-12;22;366
7;2025-12-12;23;255
7;2025-12-13;0;108
7;2025-12-13;1;26
7;2025-12-13;2;0
7;2025-12-13;3;0
7;2025-12-13;4;1
7;2025-12-13;5;59
7;2025-12-13;6;268
7;2025-12-13;7;440
7;2025-12-13;8;708
7;2025-12-13;9;698
7;2025-12-13;10;772
7;2025-12-13;11;875
7;2025-12-13;12;954
7;2025-12-13;13;1016
7;2025-12-13;14;1019
7;2025-12-13;15;930
7;2025-12-13;16;866
7;2025-12-13;17;878
7;2025-12-13;18;885
7;2025-12-13;19;868
7;2025-12-13;20;734
7;2025-12-13;21;596
7;2025-12-13;22;320
7;2025-12-13;23;216
7;2025-12-14;0;107
7;2025-12-14;1;28
7;2025-12-14;2;0
7;2025-12-14;3;0
7;2025-12-14;4;0
7;2025-12-14;5;44
7;2025-12-14;6;188
7;2025-12-14;7;291
7;2025-12-14;8;498
7;2025-12-14;9;570
7;2025-12-14;10;593
7;2025-12-14;11;818
7;2025-12-14;12;891
7;2025-12-14;13;967
7;2025-12-14;14;960
7;2025-12-14;15;911
7;2025-12-14;16;850
7;2025-12-14;17;870
7;2025-12-14;18;802
7;2025-12-14;19;704
7;2025-12-14;20;584
7;2025-12-14;21;462
7;2025-12-14;22;258
7;2025-12-14;23;156
7;2025-12-15;0;60
7;2025-12-15;1;2
7;2025-12-15;2;0
7;2025-12-15;3;0
7;2025-12-15;4;0
7;2025-12-15;5;186
7;2025-12-15;6;673
7;2025-12-15;7;1551
7;2025-12-15;8;2472
7;2025-12-15;9;1793
7;2025-12-15;10;1524
7;2025-12-15;11;1399
7;2025-12-15;12;1426
7;2025-12-15;13;1471
7;2025-12-15;14;1514
7;2025-12-15;15;1622
7;2025-12-15;16;1728
7;2025-12-15;17;2297
7;2025-12-15;18;2562
7;2025-12-15;19;1673
7;2025-12-15;20;1019
7;2025-12-15;21;584
7;2025-12-15;22;312
7;2025-12-15;23;194
7;2025-12-16;0;59
7;2025-12-16;1;14
7;2025-12-16;2;0
7;2025-12-16;3;0
7;2025-12-16;4;3
7;2025-12-16;5;206
7;2025-12-16;6;679
7;2025-12-16;7;1628
7;2025-12-16;8;2585
7;2025-12-16;9;1803
7;2025-12-16;10;1578
7;2025-12-16;11;1469
7;2025-12-16;12;1492
7;2025-12-16;13;1509
7;2025-12-16;14;1550
7;2025-12-16;15;1689
7;2025-12-16;16;1750
7;2025-12-16;17;2306
7;2025-12-16;18;2673
7;2025-12-16;19;1760
7;2025-12-16;20;1030
7;2025-12-16;21;641
7;2025-12-16;22;350
7;2025-12-16;23;197
7;2025-12-17;0;63
7;2025-12-17;1;14
7;2025-12-17;2;0
7;2025-12-17;3;0
7;2025-12-17;4;0
7;2025-12-17;5;190
7;2025-12-17;6;672
7;2025-12-17;7;1564
7;2025-12-17;8;2549
7;2025-12-17;9;1812
7;2025-12-17;10;1569
7;2025-12-17;11;1478
7;2025-12-17;12;1520
7;2025-12-17;13;1500
7;2025-12-17;14;1517
7;2025-12-17;15;1656
7;2025-12-17;16;1771
7;2025-12-17;17;2368
7;2025-12-17;18;2615
7;2025-12-17;19;1669
7;2025-12-17;20;1021
7;2025-12-17;21;642
7;2025-12-17;22;361
7;2025-12-17;23;222
7;2025-12-18;0;63
7;2025-12-18;1;15
7;2025-12-18;2;0
7;2025-12-18;3;0
7;2025-12-18;4;2
7;2025-12-18;5;195
7;2025-12-18;6;676
7;2025-12-18;7;1561
7;2025-12-18;8;2527
7;2025-12-18;9;1769
7;2025-12-18;10;1506
7;2025-12-18;11;1438
7;2025-12-18;12;1484
7;2025-12-18;13;1490
7;2025-12-18;14;1503
7;2025-12-18;15;1598
7;2025-12-18;16;1734
7;2025-12-18;17;2289
7;2025-12-18;18;2651
7;2025-12-18;19;1641
7;2025-12-18;20;1002
7;2025-12-18;21;646
7;2025-12-18;22;341
7;2025-12-18;23;224
7;2025-12-19;0;74
7;2025-12-19;1;15
7;2025-12-19;2;0
7;2025-12-19;3;0
7;2025-12-19;4;2
7;2025-12-19;5;191
7;2025-12-19;6;598
7;2025-12-19;7;1477
7;2025-12-19;8;2382
7;2025-12-19;9;1718
7;2025-12-19;10;1468
7;2025-12-19;11;1439
7;2025-12-19;12;1478
7;2025-12-19;13;1527
7;2025-12-19;14;1534
7;2025-12-19;15;1663
7;2025-12-19;16;1873
7;2025-12-19;17;2274
7;2025-12-19;18;2149
7;2025-12-19;19;1443
7;2025-12-19;20;961
7;2025-12-19;21;624
7;2025-12-19;22;376
7;2025-12-19;23;251
7;2025-12-20;0;105
7;2025-12-20;1;25
7;2025-12-20;2;0
7;2025-12-20;3;0
7;2025-12-20;4;1
7;2025-12-20;5;57
7;2025-12-20;6;284
7;2025-12-20;7;448
7;2025-12-20;8;707
7;2025-12-20;9;709
7;2025-12-20;10;776
7;2025-12-20;11;895
7;2025-12-20;12;1008
7;2025-12-20;13;1070
7;2025-12-20;14;1073
7;2025-12-20;15;945
7;2025-12-20;16;877
7;2025-12-20;17;882
7;2025-12-20;18;888
7;2025-12-20;19;872
7;2025-12-20;20;740
7;2025-12-20;21;604
7;2025-12-20;22;336
7;2025-12-20;23;214
7;2025-12-21;0;105
7;2025-12-21;1;27
7;2025-12-21;2;1
7;2025-12-21;3;0
7;2025-12-21;4;1
7;2025-12-21;5;43
7;2025-12-21;6;196
7;2025-12-21;7;303
7;2025-12-21;8;492
7;2025-12-21;9;580
7;2025-12-21;10;607
7;2025-12-21;11;825
7;2025-12-21;12;875
7;2025-12-21;13;961
7;2025-12-21;14;957
7;2025-12-21;15;912
7;2025-12-21;16;837
7;2025-12-21;17;860
7;2025-12-21;18;808
7;2025-12-21;19;714
7;2025-12-21;20;581
7;2025-12-21;21;480
7;2025-12-21;22;278
7;2025-12-21;23;158
7;2025-12-22;0;56
7;2025-12-22;1;3
7;2025-12-22;2;0
7;2025-12-22;3;0
7;2025-12-22;4;0
7;2025-12-22;5;178
7;2025-12-22;6;664
7;2025-12-22;7;1456
7;2025-12-22;8;2459
7;2025-12-22;9;1721
7;2025-12-22;10;1423
7;2025-12-22;11;1366
7;2025-12-22;12;1362
7;2025-12-22;13;1425
7;2025-12-22;14;1419
7;2025-12-22;15;1528
7;2025-12-22;16;1670
7;2025-12-22;17;2276
7;2025-12-22;18;2577
7;2025-12-22;19;1571
7;2025-12-22;20;1007
7;2025-12-22;21;581
7;2025-12-22;22;327
7;2025-12-22;23;204
7;2025-12-23;0;70
7;2025-12-23;1;26
7;2025-12-23;2;1
7;2025-12-23;3;0
7;2025-12-23;4;2
7;2025-12-23;5;194
7;2025-12-23;6;644
7;2025-12-23;7;1500
7;2025-12-23;8;2510
7;2025-12-23;9;1694
7;2025-12-23;10;1432
7;2025-12-23;11;1353
7;2025-12-23;12;1380
7;2025-12-23;13;1394
7;2025-12-23;14;1408
7;2025-12-23;15;1547
7;2025-12-23;16;1649
7;2025-12-23;17;2227
7;2025-12-23;18;2639
7;2025-12-23;19;1625
7;2025-12-23;20;1020
7;2025-12-23;21;637
7;2025-12-23;22;354
7;2025-12-23;23;195
7;2025-12-24;0;59
7;2025-12-24;1;12
7;2025-12-24;2;1
7;2025-12-24;3;0
7;2025-12-24;4;0
7;2025-12-24;5;181
7;2025-12-24;6;638
7;2025-12-24;7;1402
7;2025-12-24;8;2477
7;2025-12-24;9;1693
7;2025-12-24;10;1380
7;2025-12-24;11;1305
7;2025-12-24;12;1337
7;2025-12-24;13;1323
7;2025-12-24;14;1328
7;2025-12-24;15;1484
7;2025-12-24;16;1669
7;2025-12-24;17;2316
7;2025-12-24;18;2600
7;2025-12-24;19;1500
7;2025-12-24;20;1018
7;2025-12-24;21;633
7;2025-12-24;22;359
7;2025-12-24;23;220
7;2025-12-25;0;62
7;2025-12-25;1;13
7;2025-12-25;2;1
7;2025-12-25;3;0
7;2025-12-25;4;3
7;2025-12-25;5;191
7;2025-12-25;6;668
7;2025-12-25;7;1428
7;2025-12-25;8;2494
7;2025-12-25;9;1691
7;2025-12-25;10;1360
7;2025-12-25;11;1318
7;2025-12-25;12;1344
7;2025-12-25;13;1347
7;2025-12-25;14;1369
7;2025-12-25;15;1470
7;2025-12-25;16;1674
7;2025-12-25;17;2260
7;2025-12-25;18;2678
7;2025-12-25;19;1522
7;2025-12-25;20;1008
7;2025-12-25;21;629
7;2025-12-25;22;342
7;2025-12-25;23;225
7;2025-12-26;0;73
7;2025-12-26;1;17
7;2025-12-26;2;0
7;2025-12-26;3;0
7;2025-12-26;4;3
7;2025-12-26;5;188
7;2025-12-26;6;602
7;2025-12-26;7;1354
7;2025-12-26;8;2344
7;2025-12-26;9;1646
7;2025-12-26;10;1341
7;2025-12-26;11;1298
7;2025-12-26;12;1338
7;2025-12-26;13;1388
7;2025-12-26;14;1426
7;2025-12-26;15;1548
7;2025-12-26;16;1862
7;2025-12-26;17;2281
7;2025-12-26;18;2196
7;2025-12-26;19;1367
7;2025-12-26;20;958
7;2025-12-26;21;611
7;2025-12-26;22;376
7;2025-12-26;23;252
7;2025-12-27;0;108
7;2025-12-27;1;27
7;2025-12-27;2;3
7;2025-12-27;3;0
7;2025-12-27;4;1
7;2025-12-27;5;58
7;2025-12-27;6;284
7;2025-12-27;7;447
7;2025-12-27;8;685
7;2025-12-27;9;703
7;2025-12-27;10;765
7;2025-12-27;11;890
7;2025-12-27;12;992
7;2025-12-27;13;1062
7;2025-12-27;14;1071
7;2025-12-27;15;942
7;2025-12-27;16;874
7;2025-12-27;17;875
7;2025-12-27;18;892
7;2025-12-27;19;859
7;2025-12-27;20;725
7;2025-12-27;21;595
7;2025-12-27;22;342
7;2025-12-27;23;227
7;2025-12-28;0;109
7;2025-12-28;1;28
7;2025-12-28;2;1
7;2025-12-28;3;1
7;2025-12-28;4;2
7;2025-12-28;5;45
7;2025-12-28;6;196
7;2025-12-28;7;305
7;2025-12-28;8;487
7;2025-12-28;9;573
7;2025-12-28;10;602
7;2025-12-28;11;823
7;2025-12-28;12;872
7;2025-12-28;13;959
7;2025-12-28;14;957
7;2025-12-28;15;912
7;2025-12-28;16;843
7;2025-12-28;17;864
7;2025-12-28;18;808
7;2025-12-28;19;683
7;2025-12-28;20;559
7;2025-12-28;21;464
7;2025-12-28;22;271
7;2025-12-28;23;166
7;2025-12-29;0;57
7;2025-12-29;1;5
7;2025-12-29;2;0
7;2025-12-29;3;0
7;2025-12-29;4;0
7;2025-12-29;5;177
7;2025-12-29;6;638
7;2025-12-29;7;1373
7;2025-12-29;8;2427
7;2025-12-29;9;1671
7;2025-12-29;10;1336
7;2025-12-29;11;1295
7;2025-12-29;12;1279
7;2025-12-29;13;1324
7;2025-12-29;14;1353
7;2025-12-29;15;1440
7;2025-12-29;16;1605
7;2025-12-29;17;2237
7;2025-12-29;18;2541
7;2025-12-29;19;1429
7;2025-12-29;20;995
7;2025-12-29;21;544
7;2025-12-29;22;304
7;2025-12-29;23;179
7;2025-12-30;0;52
7;2025-12-30;1;27
7;2025-12-30;2;9
7;2025-12-30;3;8
7;2025-12-30;4;2
7;2025-12-30;5;128
7;2025-12-30;6;433
7;2025-12-30;7;1236
7;2025-12-30;8;2288
7;2025-12-30;9;1426
7;2025-12-30;10;1189
7;2025-12-30;11;1068
7;2025-12-30;12;1130
7;2025-12-30;13;1165
7;2025-12-30;14;1208
7;2025-12-30;15;1316
7;2025-12-30;16;1432
7;2025-12-30;17;2041
7;2025-12-30;18;2432
7;2025-12-30;19;1325
7;2025-12-30;20;844
7;2025-12-30;21;472
7;2025-12-30;22;241
7;2025-12-30;23;151
7;2025-12-31;0;35
7;2025-12-31;1;7
7;2025-12-31;2;2
7;2025-12-31;3;0
7;2025-12-31;4;0
7;2025-12-31;5;48
7;2025-12-31;6;167
7;2025-12-31;7;245
7;2025-12-31;8;331
7;2025-12-31;9;361
7;2025-12-31;10;399
7;2025-12-31;11;594
7;2025-12-31;12;735
7;2025-12-31;13;825
7;2025-12-31;14;848
7;2025-12-31;15;766
7;2025-12-31;16;674
7;2025-12-31;17;712
7;2025-12-31;18;658
7;2025-12-31;19;565
7;2025-12-31;20;465
7;2025-12-31;21;337
7;2025-12-31;22;202
7;2025-12-31;23;182
11;2025-11-01;0;106
11;2025-11-01;1;6
11;2025-11-01;2;0
11;2025-11-01;3;0
11;2025-11-01;4;3
11;2025-11-01;5;215
11;2025-11-01;6;836
11;2025-11-01;7;733
11;2025-11-01;8;936
11;2025-11-01;9;1130
11;2025-11-01;10;1235
11;2025-11-01;11;1697
11;2025-11-01;12;1889
11;2025-11-01;13;1771
11;2025-11-01;14;1845
11;2025-11-01;15;1842
11;2025-11-01;16;1818
11;2025-11-01;17;1879
11;2025-11-01;18;1540
11;2025-11-01;19;1460
11;2025-11-01;20;1065
11;2025-11-01;21;781
11;2025-11-01;22;463
11;2025-11-01;23;317
11;2025-11-02;0;114
11;2025-11-02;1;20
11;2025-11-02;2;0
11;2025-11-02;3;0
11;2025-11-02;4;1
11;2025-11-02;5;137
11;2025-11-02;6;537
11;2025-11-02;7;533
11;2025-11-02;8;643
11;2025-11-02;9;949
11;2025-11-02;10;1128
11;2025-11-02;11;1511
11;2025-11-02;12;1736
11;2025-11-02;13;1598
11;2025-11-02;14;1709
11;2025-11-02;15;1748
11;2025-11-02;16;1670
11;2025-11-02;17;1778
11;2025-11-02;18;1367
11;2025-11-02;19;1170
11;2025-11-02;20;954
11;2025-11-02;21;667
11;2025-11-02;22;402
11;2025-11-02;23;243
11;2025-11-03;0;84
11;2025-11-03;1;0
11;2025-11-03;2;0
11;2025-11-03;3;0
11;2025-11-03;4;1
11;2025-11-03;5;172
11;2025-11-03;6;695
11;2025-11-03;7;542
11;2025-11-03;8;665
11;2025-11-03;9;925
11;2025-11-03;10;1162
11;2025-11-03;11;1475
11;2025-11-03;12;1606
11;2025-11-03;13;1635
11;2025-11-03;14;1687
11;2025-11-03;15;1706
11;2025-11-03;16;1651
11;2025-11-03;17;1760
11;2025-11-03;18;1658
11;2025-11-03;19;1423
11;2025-11-03;20;1043
11;2025-11-03;21;719
11;2025-11-03;22;420
11;2025-11-03;23;264
11;2025-11-04;0;77
11;2025-11-04;1;5
11;2025-11-04;2;0
11;2025-11-04;3;0
11;2025-11-04;4;1
11;2025-11-04;5;201
11;2025-11-04;6;694
11;2025-11-04;7;599
11;2025-11-04;8;679
11;2025-11-04;9;927
11;2025-11-04;10;1161
11;2025-11-04;11;1450
11;2025-11-04;12;1577
11;2025-11-04;13;1582
11;2025-11-04;14;1642
11;2025-11-04;15;1643
11;2025-11-04;16;1627
11;2025-11-04;17;1752
11;2025-11-04;18;1630
11;2025-11-04;19;1413
11;2025-11-04;20;1067
11;2025-11-04;21;721
11;2025-11-04;22;396
11;2025-11-04;23;239
11;2025-11-05;0;72
11;2025-11-05;1;2
11;2025-11-05;2;0
11;2025-11-05;3;0
11;2025-11-05;4;2
11;2025-11-05;5;279
11;2025-11-05;6;1310
11;2025-11-05;7;2404
11;2025-11-05;8;3230
11;2025-11-05;9;2395
11;2025-11-05;10;1933
11;2025-11-05;11;1933
11;2025-11-05;12;1951
11;2025-11-05;13;1995
11;2025-11-05;14;1956
11;2025-11-05;15;2033
11;2025-11-05;16;2189
11;2025-11-05;17;2802
11;2025-11-05;18;3164
11;2025-11-05;19;2404
11;2025-11-05;20;1554
11;2025-11-05;21;914
11;2025-11-05;22;455
11;2025-11-05;23;266
11;2025-11-06;0;76
11;2025-11-06;1;0
11;2025-11-06;2;0
11;2025-11-06;3;0
11;2025-11-06;4;0
11;2025-11-06;5;290
11;2025-11-06;6;1373
11;2025-11-06;7;2416
11;2025-11-06;8;3200
11;2025-11-06;9;2505
11;2025-11-06;10;1992
11;2025-11-06;11;1930
11;2025-11-06;12;1945
11;2025-11-06;13;1995
11;2025-11-06;14;1986
11;2025-11-06;15;2040
11;2025-11-06;16;2261
11;2025-11-06;17;2842
11;2025-11-06;18;3217
11;2025-11-06;19;2364
11;2025-11-06;20;1546
11;2025-11-06;21;932
11;2025-11-06;22;466
11;2025-11-06;23;278
11;2025-11-07;0;84
11;2025-11-07;1;5
11;2025-11-07;2;0
11;2025-11-07;3;0
11;2025-11-07;4;3
11;2025-11-07;5;295
11;2025-11-07;6;1338
11;2025-11-07;7;2362
11;2025-11-07;8;3077
11;2025-11-07;9;2389
11;2025-11-07;10;1927
11;2025-11-07;11;1851
11;2025-11-07;12;1890
11;2025-11-07;13;1943
11;2025-11-07;14;1964
11;2025-11-07;15;2102
11;2025-11-07;16;2401
11;2025-11-07;17;2825
11;2025-11-07;18;2634
11;2025-11-07;19;2104
11;2025-11-07;20;1493
11;2025-11-07;21;909
11;2025-11-07;22;472
11;2025-11-07;23;317
11;2025-11-08;0;110
11;2025-11-08;1;3
11;2025-11-08;2;0
11;2025-11-08;3;0
11;2025-11-08;4;1
11;2025-11-08;5;215
11;2025-11-08;6;797
11;2025-11-08;7;684
11;2025-11-08;8;837
11;2025-11-08;9;1014
11;2025-11-08;10;1123
11;2025-11-08;11;1629
11;2025-11-08;12;1832
11;2025-11-08;13;1692
11;2025-11-08;14;1777
11;2025-11-08;15;1772
11;2025-11-08;16;1762
11;2025-11-08;17;1838
11;2025-11-08;18;1479
11;2025-11-08;19;1438
11;2025-11-08;20;1047
11;2025-11-08;21;757
11;2025-11-08;22;465
11;2025-11-08;23;315
11;2025-11-09;0;119
11;2025-11-09;1;18
11;2025-11-09;2;0
11;2025-11-09;3;0
11;2025-11-09;4;1
11;2025-11-09;5;145
11;2025-11-09;6;542
11;2025-11-09;7;532
11;2025-11-09;8;595
11;2025-11-09;9;867
11;2025-11-09;10;1030
11;2025-11-09;11;1425
11;2025-11-09;12;1658
11;2025-11-09;13;1511
11;2025-11-09;14;1610
11;2025-11-09;15;1657
11;2025-11-09;16;1582
11;2025-11-09;17;1700
11;2025-11-09;18;1313
11;2025-11-09;19;1141
11;2025-11-09;20;921
11;2025-11-09;21;630
11;2025-11-09;22;398
11;2025-11-09;23;239
11;2025-11-10;0;69
11;2025-11-10;1;0
11;2025-11-10;2;0
11;2025-11-10;3;0
11;2025-11-10;4;3
11;2025-11-10;5;276
11;2025-11-10;6;1369
11;2025-11-10;7;2374
11;2025-11-10;8;3155
11;2025-11-10;9;2385
11;2025-11-10;10;1835
11;2025-11-10;11;1832
11;2025-11-10;12;1800
11;2025-11-10;13;1887
11;2025-11-10;14;1883
11;2025-11-10;15;1978
11;2025-11-10;16;2196
11;2025-11-10;17;2768
11;2025-11-10;18;3116
11;2025-11-10;19;2337
11;2025-11-10;20;1554
11;2025-11-10;21;898
11;2025-11-10;22;437
11;2025-11-10;23;245
11;2025-11-11;0;61
11;2025-11-11;1;0
11;2025-11-11;2;0
11;2025-11-11;3;0
11;2025-11-11;4;0
11;2025-11-11;5;280
11;2025-11-11;6;1376
11;2025-11-11;7;2417
11;2025-11-11;8;3170
11;2025-11-11;9;2420
11;2025-11-11;10;1911
11;2025-11-11;11;1879
11;2025-11-11;12;1869
11;2025-11-11;13;1945
11;2025-11-11;14;1952
11;2025-11-11;15;1979
11;2025-11-11;16;2218
11;2025-11-11;17;2815
11;2025-11-11;18;3117
11;2025-11-11;19;2354
11;2025-11-11;20;1588
11;2025-11-11;21;911
11;2025-11-11;22;442
11;2025-11-11;23;253
11;2025-11-12;0;72
11;2025-11-12;1;1
11;2025-11-12;2;0
11;2025-11-12;3;0
11;2025-11-12;4;1
11;2025-11-12;5;276
11;2025-11-12;6;1323
11;2025-11-12;7;2396
11;2025-11-12;8;3249
11;2025-11-12;9;2375
11;2025-11-12;10;1894
11;2025-11-12;11;1893
11;2025-11-12;12;1914
11;2025-11-12;13;1960
11;2025-11-12;14;1919
11;2025-11-12;15;2012
11;2025-11-12;16;2197
11;2025-11-12;17;2802
11;2025-11-12;18;3174
11;2025-11-12;19;2423
11;2025-11-12;20;1590
11;2025-11-12;21;927
11;2025-11-12;22;464
11;2025-11-12;23;266
11;2025-11-13;0;76
11;2025-11-13;1;0
11;2025-11-13;2;0
11;2025-11-13;3;0
11;2025-11-13;4;0
11;2025-11-13;5;291
11;2025-11-13;6;1380
11;2025-11-13;7;2415
11;2025-11-13;8;3213
11;2025-11-13;9;2505
11;2025-11-13;10;1998
11;2025-11-13;11;1942
11;2025-11-13;12;1951
11;2025-11-13;13;2006
11;2025-11-13;14;1997
11;2025-11-13;15;2052
11;2025-11-13;16;2273
11;2025-11-13;17;2837
11;2025-11-13;18;3248
11;2025-11-13;19;2372
11;2025-11-13;20;1565
11;2025-11-13;21;946
11;2025-11-13;22;485
11;2025-11-13;23;273
11;2025-11-14;0;80
11;2025-11-14;1;1
11;2025-11-14;2;0
11;2025-11-14;3;0
11;2025-11-14;4;0
11;2025-11-14;5;289
11;2025-11-14;6;1338
11;2025-11-14;7;2351
11;2025-11-14;8;3100
11;2025-11-14;9;2390
11;2025-11-14;10;1939
11;2025-11-14;11;1870
11;2025-11-14;12;1905
11;2025-11-14;13;1986
11;2025-11-14;14;1998
11;2025-11-14;15;2138
11;2025-11-14;16;2424
11;2025-11-14;17;2852
11;2025-11-14;18;2668
11;2025-11-14;19;2124
11;2025-11-14;20;1498
11;2025-11-14;21;903
11;2025-11-14;22;469
11;2025-11-14;23;307
11;2025-11-15;0;106
11;2025-11-15;1;3
11;2025-11-15;2;0
11;2025-11-15;3;0
11;2025-11-15;4;2
11;2025-11-15;5;222
11;2025-11-15;6;832
11;2025-11-15;7;734
11;2025-11-15;8;904
11;2025-11-15;9;1100
11;2025-11-15;10;1214
11;2025-11-15;11;1703
11;2025-11-15;12;1913
11;2025-11-15;13;1771
11;2025-11-15;14;1853
11;2025-11-15;15;1836
11;2025-11-15;16;1817
11;2025-11-15;17;1892
11;2025-11-15;18;1553
11;2025-11-15;19;1485
11;2025-11-15;20;1089
11;2025-11-15;21;800
11;2025-11-15;22;493
11;2025-11-15;23;334
11;2025-11-16;0;125
11;2025-11-16;1;21
11;2025-11-16;2;0
11;2025-11-16;3;0
11;2025-11-16;4;2
11;2025-11-16;5;147
11;2025-11-16;6;551
11;2025-11-16;7;541
11;2025-11-16;8;607
11;2025-11-16;9;921
11;2025-11-16;10;1089
11;2025-11-16;11;1500
11;2025-11-16;12;1721
11;2025-11-16;13;1586
11;2025-11-16;14;1687
11;2025-11-16;15;1717
11;2025-11-16;16;1645
11;2025-11-16;17;1748
11;2025-11-16;18;1346
11;2025-11-16;19;1173
11;2025-11-16;20;963
11;2025-11-16;21;676
11;2025-11-16;22;420
11;2025-11-16;23;252
11;2025-11-17;0;75
11;2025-11-17;1;0
11;2025-11-17;2;0
11;2025-11-17;3;0
11;2025-11-17;4;2
11;2025-11-17;5;270
11;2025-11-17;6;1366
11;2025-11-17;7;2350
11;2025-11-17;8;3144
11;2025-11-17;9;2411
11;2025-11-17;10;1882
11;2025-11-17;11;1879
11;2025-11-17;12;1849
11;2025-11-17;13;1928
11;2025-11-17;14;1925
11;2025-11-17;15;2016
11;2025-11-17;16;2220
11;2025-11-17;17;2772
11;2025-11-17;18;3148
11;2025-11-17;19;2369
11;2025-11-17;20;1579
11;2025-11-17;21;912
11;2025-11-17;22;453
11;2025-11-17;23;251
11;2025-11-18;0;66
11;2025-11-18;1;2
11;2025-11-18;2;0
11;2025-11-18;3;0
11;2025-11-18;4;1
11;2025-11-18;5;281
11;2025-11-18;6;1388
11;2025-11-18;7;2419
11;2025-11-18;8;3192
11;2025-11-18;9;2450
11;2025-11-18;10;1934
11;2025-11-18;11;1906
11;2025-11-18;12;1900
11;2025-11-18;13;1975
11;2025-11-18;14;1981
11;2025-11-18;15;2009
11;2025-11-18;16;2236
11;2025-11-18;17;2821
11;2025-11-18;18;3126
11;2025-11-18;19;2365
11;2025-11-18;20;1597
11;2025-11-18;21;923
11;2025-11-18;22;451
11;2025-11-18;23;254
11;2025-11-19;0;72
11;2025-11-19;1;0
11;2025-11-19;2;0
11;2025-11-19;3;0
11;2025-11-19;4;0
11;2025-11-19;5;276
11;2025-11-19;6;1322
11;2025-11-19;7;2399
11;2025-11-19;8;3249
11;2025-11-19;9;2402
11;2025-11-19;10;1922
11;2025-11-19;11;1924
11;2025-11-19;12;1946
11;2025-11-19;13;1991
11;2025-11-19;14;1945
11;2025-11-19;15;2033
11;2025-11-19;16;2205
11;2025-11-19;17;2806
11;2025-11-19;18;3177
11;2025-11-19;19;2445
11;2025-11-19;20;1599
11;2025-11-19;21;938
11;2025-11-19;22;484
11;2025-11-19;23;276
11;2025-11-20;0;77
11;2025-11-20;1;0
11;2025-11-20;2;0
11;2025-11-20;3;0
11;2025-11-20;4;0
11;2025-11-20;5;290
11;2025-11-20;6;1381
11;2025-11-20;7;2416
11;2025-11-20;8;3216
11;2025-11-20;9;2509
11;2025-11-20;10;2006
11;2025-11-20;11;1951
11;2025-11-20;12;1961
11;2025-11-20;13;2015
11;2025-11-20;14;2005
11;2025-11-20;15;2054
11;2025-11-20;16;2280
11;2025-11-20;17;2842
11;2025-11-20;18;3252
11;2025-11-20;19;2383
11;2025-11-20;20;1571
11;2025-11-20;21;946
11;2025-11-20;22;494
11;2025-11-20;23;275
11;2025-11-21;0;82
11;2025-11-21;1;1
11;2025-11-21;2;0
11;2025-11-21;3;0
11;2025-11-21;4;0
11;2025-11-21;5;289
11;2025-11-21;6;1344
11;2025-11-21;7;2352
11;2025-11-21;8;3103
11;2025-11-21;9;2393
11;2025-11-21;10;1937
11;2025-11-21;11;1871
11;2025-11-21;12;1906
11;2025-11-21;13;1984
11;2025-11-21;14;2002
11;2025-11-21;15;2152
11;2025-11-21;16;2435
11;2025-11-21;17;2857
11;2025-11-21;18;2678
11;2025-11-21;19;2142
11;2025-11-21;20;1512
11;2025-11-21;21;910
11;2025-11-21;22;478
11;2025-11-21;23;307
11;2025-11-22;0;107
11;2025-11-22;1;3
11;2025-11-22;2;0
11;2025-11-22;3;0
11;2025-11-22;4;2
11;2025-11-22;5;223
11;2025-11-22;6;825
11;2025-11-22;7;730
11;2025-11-22;8;909
11;2025-11-22;9;1105
11;2025-11-22;10;1214
11;2025-11-22;11;1677
11;2025-11-22;12;1886
11;2025-11-22;13;1744
11;2025-11-22;14;1826
11;2025-11-22;15;1816
11;2025-11-22;16;1778
11;2025-11-22;17;1859
11;2025-11-22;18;1529
11;2025-11-22;19;1490
11;2025-11-22;20;1098
11;2025-11-22;21;803
11;2025-11-22;22;492
11;2025-11-22;23;332
11;2025-11-23;0;124
11;2025-11-23;1;21
11;2025-11-23;2;0
11;2025-11-23;3;0
11;2025-11-23;4;2
11;2025-11-23;5;145
11;2025-11-23;6;536
11;2025-11-23;7;529
11;2025-11-23;8;604
11;2025-11-23;9;917
11;2025-11-23;10;1081
11;2025-11-23;11;1479
11;2025-11-23;12;1712
11;2025-11-23;13;1564
11;2025-11-23;14;1668
11;2025-11-23;15;1707
11;2025-11-23;16;1631
11;2025-11-23;17;1738
11;2025-11-23;18;1364
11;2025-11-23;19;1206
11;2025-11-23;20;970
11;2025-11-23;21;677
11;2025-11-23;22;416
11;2025-11-23;23;251
11;2025-11-24;0;78
11;2025-11-24;1;2
11;2025-11-24;2;0
11;2025-11-24;3;0
11;2025-11-24;4;2
11;2025-11-24;5;270
11;2025-11-24;6;1372
11;2025-11-24;7;2357
11;2025-11-24;8;3143
11;2025-11-24;9;2419
11;2025-11-24;10;1883
11;2025-11-24;11;1879
11;2025-11-24;12;1852
11;2025-11-24;13;1929
11;2025-11-24;14;1923
11;2025-11-24;15;2017
11;2025-11-24;16;2219
11;2025-11-24;17;2767
11;2025-11-24;18;3134
11;2025-11-24;19;2361
11;2025-11-24;20;1591
11;2025-11-24;21;916
11;2025-11-24;22;460
11;2025-11-24;23;253
11;2025-11-25;0;68
11;2025-11-25;1;2
11;2025-11-25;2;0
11;2025-11-25;3;0
11;2025-11-25;4;1
11;2025-11-25;5;282
11;2025-11-25;6;1371
11;2025-11-25;7;2411
11;2025-11-25;8;3186
11;2025-11-25;9;2451
11;2025-11-25;10;1915
11;2025-11-25;11;1890
11;2025-11-25;12;1884
11;2025-11-25;13;1966
11;2025-11-25;14;1973
11;2025-11-25;15;2011
11;2025-11-25;16;2239
11;2025-11-25;17;2824
11;2025-11-25;18;3135
11;2025-11-25;19;2388
11;2025-11-25;20;1615
11;2025-11-25;21;930
11;2025-11-25;22;453
11;2025-11-25;23;256
11;2025-11-26;0;73
11;2025-11-26;1;0
11;2025-11-26;2;0
11;2025-11-26;3;0
11;2025-11-26;4;0
11;2025-11-26;5;277
11;2025-11-26;6;1315
11;2025-11-26;7;2389
11;2025-11-26;8;3205
11;2025-11-26;9;2404
11;2025-11-26;10;1891
11;2025-11-26;11;1885
11;2025-11-26;12;1898
11;2025-11-26;13;1949
11;2025-11-26;14;1903
11;2025-11-26;15;2001
11;2025-11-26;16;2195
11;2025-11-26;17;2799
11;2025-11-26;18;3161
11;2025-11-26;19;2451
11;2025-11-26;20;1620
11;2025-11-26;21;946
11;2025-11-26;22;480
11;2025-11-26;23;276
11;2025-11-27;0;79
11;2025-11-27;1;0
11;2025-11-27;2;0
11;2025-11-27;3;0
11;2025-11-27;4;0
11;2025-11-27;5;288
11;2025-11-27;6;1358
11;2025-11-27;7;2399
11;2025-11-27;8;3177
11;2025-11-27;9;2498
11;2025-11-27;10;1958
11;2025-11-27;11;1901
11;2025-11-27;12;1905
11;2025-11-27;13;1973
11;2025-11-27;14;1959
11;2025-11-27;15;2028
11;2025-11-27;16;2276
11;2025-11-27;17;2842
11;2025-11-27;18;3223
11;2025-11-27;19;2391
11;2025-11-27;20;1596
11;2025-11-27;21;954
11;2025-11-27;22;490
11;2025-11-27;23;275
11;2025-11-28;0;84
11;2025-11-28;1;2
11;2025-11-28;2;0
11;2025-11-28;3;0
11;2025-11-28;4;1
11;2025-11-28;5;289
11;2025-11-28;6;1326
11;2025-11-28;7;2342
11;2025-11-28;8;3060
11;2025-11-28;9;2381
11;2025-11-28;10;1898
11;2025-11-28;11;1834
11;2025-11-28;12;1860
11;2025-11-28;13;1946
11;2025-11-28;14;1960
11;2025-11-28;15;2120
11;2025-11-28;16;2423
11;2025-11-28;17;2841
11;2025-11-28;18;2673
11;2025-11-28;19;2105
11;2025-11-28;20;1513
11;2025-11-28;21;899
11;2025-11-28;22;465
11;2025-11-28;23;298
11;2025-11-29;0;104
11;2025-11-29;1;2
11;2025-11-29;2;0
11;2025-11-29;3;0
11;2025-11-29;4;1
11;2025-11-29;5;218
11;2025-11-29;6;811
11;2025-11-29;7;715
11;2025-11-29;8;889
11;2025-11-29;9;1082
11;2025-11-29;10;1198
11;2025-11-29;11;1626
11;2025-11-29;12;1823
11;2025-11-29;13;1703
11;2025-11-29;14;1784
11;2025-11-29;15;1778
11;2025-11-29;16;1752
11;2025-11-29;17;1816
11;2025-11-29;18;1503
11;2025-11-29;19;1443
11;2025-11-29;20;1076
11;2025-11-29;21;791
11;2025-11-29;22;480
11;2025-11-29;23;328
11;2025-11-30;0;126
11;2025-11-30;1;22
11;2025-11-30;2;0
11;2025-11-30;3;0
11;2025-11-30;4;3
11;2025-11-30;5;145
11;2025-11-30;6;536
11;2025-11-30;7;529
11;2025-11-30;8;604
11;2025-11-30;9;919
11;2025-11-30;10;1079
11;2025-11-30;11;1466
11;2025-11-30;12;1690
11;2025-11-30;13;1552
11;2025-11-30;14;1652
11;2025-11-30;15;1690
11;2025-11-30;16;1614
11;2025-11-30;17;1727
11;2025-11-30;18;1355
11;2025-11-30;19;1162
11;2025-11-30;20;959
11;2025-11-30;21;673
11;2025-11-30;22;411
11;2025-11-30;23;243
11;2025-12-01;0;74
11;2025-12-01;1;1
11;2025-12-01;2;0
11;2025-12-01;3;0
11;2025-12-01;4;2
11;2025-12-01;5;265
11;2025-12-01;6;1325
11;2025-12-01;7;2329
11;2025-12-01;8;3127
11;2025-12-01;9;2390
11;2025-12-01;10;1814
11;2025-12-01;11;1810
11;2025-12-01;12;1797
11;2025-12-01;13;1861
11;2025-12-01;14;1849
11;2025-12-01;15;1967
11;2025-12-01;16;2194
11;2025-12-01;17;2747
11;2025-12-01;18;3120
11;2025-12-01;19;2317
11;2025-12-01;20;1582
11;2025-12-01;21;905
11;2025-12-01;22;453
11;2025-12-01;23;255
11;2025-12-02;0;77
11;2025-12-02;1;10
11;2025-12-02;2;8
11;2025-12-02;3;7
11;2025-12-02;4;8
11;2025-12-02;5;290
11;2025-12-02;6;1336
11;2025-12-02;7;2384
11;2025-12-02;8;3175
11;2025-12-02;9;2388
11;2025-12-02;10;1835
11;2025-12-02;11;1808
11;2025-12-02;12;1795
11;2025-12-02;13;1869
11;2025-12-02;14;1883
11;2025-12-02;15;1929
11;2025-12-02;16;2183
11;2025-12-02;17;2790
11;2025-12-02;18;3094
11;2025-12-02;19;2305
11;2025-12-02;20;1602
11;2025-12-02;21;913
11;2025-12-02;22;441
11;2025-12-02;23;252
11;2025-12-03;0;73
11;2025-12-03;1;2
11;2025-12-03;2;0
11;2025-12-03;3;0
11;2025-12-03;4;2
11;2025-12-03;5;276
11;2025-12-03;6;1304
11;2025-12-03;7;2391
11;2025-12-03;8;3204
11;2025-12-03;9;2403
11;2025-12-03;10;1885
11;2025-12-03;11;1876
11;2025-12-03;12;1889
11;2025-12-03;13;1941
11;2025-12-03;14;1899
11;2025-12-03;15;1999
11;2025-12-03;16;2195
11;2025-12-03;17;2798
11;2025-12-03;18;3157
11;2025-12-03;19;2418
11;2025-12-03;20;1610
11;2025-12-03;21;931
11;2025-12-03;22;471
11;2025-12-03;23;271
11;2025-12-04;0;77
11;2025-12-04;1;0
11;2025-12-04;2;0
11;2025-12-04;3;0
11;2025-12-04;4;0
11;2025-12-04;5;285
11;2025-12-04;6;1344
11;2025-12-04;7;2392
11;2025-12-04;8;3158
11;2025-12-04;9;2486
11;2025-12-04;10;1939
11;2025-12-04;11;1876
11;2025-12-04;12;1880
11;2025-12-04;13;1950
11;2025-12-04;14;1939
11;2025-12-04;15;2008
11;2025-12-04;16;2258
11;2025-12-04;17;2828
11;2025-12-04;18;3201
11;2025-12-04;19;2337
11;2025-12-04;20;1563
11;2025-12-04;21;931
11;2025-12-04;22;479
11;2025-12-04;23;270
11;2025-12-05;0;81
11;2025-12-05;1;1
11;2025-12-05;2;0
11;2025-12-05;3;0
11;2025-12-05;4;2
11;2025-12-05;5;290
11;2025-12-05;6;1319
11;2025-12-05;7;2345
11;2025-12-05;8;3065
11;2025-12-05;9;2382
11;2025-12-05;10;1897
11;2025-12-05;11;1829
11;2025-12-05;12;1854
11;2025-12-05;13;1941
11;2025-12-05;14;1957
11;2025-12-05;15;2114
11;2025-12-05;16;2422
11;2025-12-05;17;2835
11;2025-12-05;18;2667
11;2025-12-05;19;2104
11;2025-12-05;20;1513
11;2025-12-05;21;901
11;2025-12-05;22;464
11;2025-12-05;23;302
11;2025-12-06;0;107
11;2025-12-06;1;6
11;2025-12-06;2;0
11;2025-12-06;3;0
11;2025-12-06;4;5
11;2025-12-06;5;223
11;2025-12-06;6;815
11;2025-12-06;7;709
11;2025-12-06;8;883
11;2025-12-06;9;1066
11;2025-12-06;10;1177
11;2025-12-06;11;1617
11;2025-12-06;12;1821
11;2025-12-06;13;1686
11;2025-12-06;14;1779
11;2025-12-06;15;1768
11;2025-12-06;16;1743
11;2025-12-06;17;1812
11;2025-12-06;18;1491
11;2025-12-06;19;1434
11;2025-12-06;20;1070
11;2025-12-06;21;784
11;2025-12-06;22;471
11;2025-12-06;23;322
11;2025-12-07;0;122
11;2025-12-07;1;20
11;2025-12-07;2;0
11;2025-12-07;3;0
11;2025-12-07;4;2
11;2025-12-07;5;144
11;2025-12-07;6;535
11;2025-12-07;7;528
11;2025-12-07;8;597
11;2025-12-07;9;906
11;2025-12-07;10;1068
11;2025-12-07;11;1449
11;2025-12-07;12;1676
11;2025-12-07;13;1538
11;2025-12-07;14;1635
11;2025-12-07;15;1671
11;2025-12-07;16;1595
11;2025-12-07;17;1694
11;2025-12-07;18;1327
11;2025-12-07;19;1132
11;2025-12-07;20;935
11;2025-12-07;21;656
11;2025-12-07;22;397
11;2025-12-07;23;238
11;2025-12-08;0;71
11;2025-12-08;1;0
11;2025-12-08;2;0
11;2025-12-08;3;0
11;2025-12-08;4;3
11;2025-12-08;5;266
11;2025-12-08;6;1336
11;2025-12-08;7;2348
11;2025-12-08;8;3122
11;2025-12-08;9;2400
11;2025-12-08;10;1831
11;2025-12-08;11;1830
11;2025-12-08;12;1800
11;2025-12-08;13;1875
11;2025-12-08;14;1868
11;2025-12-08;15;1979
11;2025-12-08;16;2204
11;2025-12-08;17;2760
11;2025-12-08;18;3122
11;2025-12-08;19;2340
11;2025-12-08;20;1593
11;2025-12-08;21;901
11;2025-12-08;22;449
11;2025-12-08;23;251
11;2025-12-09;0;68
11;2025-12-09;1;2
11;2025-12-09;2;0
11;2025-12-09;3;0
11;2025-12-09;4;0
11;2025-12-09;5;280
11;2025-12-09;6;1343
11;2025-12-09;7;2414
11;2025-12-09;8;3180
11;2025-12-09;9;2437
11;2025-12-09;10;1884
11;2025-12-09;11;1860
11;2025-12-09;12;1848
11;2025-12-09;13;1931
11;2025-12-09;14;1938
11;2025-12-09;15;1978
11;2025-12-09;16;2232
11;2025-12-09;17;2818
11;2025-12-09;18;3115
11;2025-12-09;19;2347
11;2025-12-09;20;1612
11;2025-12-09;21;919
11;2025-12-09;22;448
11;2025-12-09;23;255
11;2025-12-10;0;74
11;2025-12-10;1;2
11;2025-12-10;2;0
11;2025-12-10;3;0
11;2025-12-10;4;2
11;2025-12-10;5;278
11;2025-12-10;6;1306
11;2025-12-10;7;2402
11;2025-12-10;8;3229
11;2025-12-10;9;2397
11;2025-12-10;10;1880
11;2025-12-10;11;1875
11;2025-12-10;12;1887
11;2025-12-10;13;1940
11;2025-12-10;14;1897
11;2025-12-10;15;1996
11;2025-12-10;16;2192
11;2025-12-10;17;2797
11;2025-12-10;18;3178
11;2025-12-10;19;2413
11;2025-12-10;20;1607
11;2025-12-10;21;924
11;2025-12-10;22;469
11;2025-12-10;23;273
11;2025-12-11;0;77
11;2025-12-11;1;0
11;2025-12-11;2;0
11;2025-12-11;3;0
11;2025-12-11;4;0
11;2025-12-11;5;286
11;2025-12-11;6;1343
11;2025-12-11;7;2411
11;2025-12-11;8;3184
11;2025-12-11;9;2501
11;2025-12-11;10;1938
11;2025-12-11;11;1878
11;2025-12-11;12;1882
11;2025-12-11;13;1956
11;2025-12-11;14;1939
11;2025-12-11;15;2011
11;2025-12-11;16;2259
11;2025-12-11;17;2833
11;2025-12-11;18;3225
11;2025-12-11;19;2336
11;2025-12-11;20;1566
11;2025-12-11;21;927
11;2025-12-11;22;472
11;2025-12-11;23;271
11;2025-12-12;0;79
11;2025-12-12;1;1
11;2025-12-12;2;0
11;2025-12-12;3;0
11;2025-12-12;4;3
11;2025-12-12;5;291
11;2025-12-12;6;1316
11;2025-12-12;7;2354
11;2025-12-12;8;3088
11;2025-12-12;9;2389
11;2025-12-12;10;1883
11;2025-12-12;11;1816
11;2025-12-12;12;1846
11;2025-12-12;13;1938
11;2025-12-12;14;1936
11;2025-12-12;15;2098
11;2025-12-12;16;2412
11;2025-12-12;17;2853
11;2025-12-12;18;2656
11;2025-12-12;19;2079
11;2025-12-12;20;1504
11;2025-12-12;21;889
11;2025-12-12;22;455
11;2025-12-12;23;300
11;2025-12-13;0;104
11;2025-12-13;1;5
11;2025-12-13;2;0
11;2025-12-13;3;0
11;2025-12-13;4;3
11;2025-12-13;5;220
11;2025-12-13;6;800
11;2025-12-13;7;702
11;2025-12-13;8;875
11;2025-12-13;9;1059
11;2025-12-13;10;1176
11;2025-12-13;11;1616
11;2025-12-13;12;1818
11;2025-12-13;13;1684
11;2025-12-13;14;1775
11;2025-12-13;15;1761
11;2025-12-13;16;1737
11;2025-12-13;17;1804
11;2025-12-13;18;1474
11;2025-12-13;19;1423
11;2025-12-13;20;1062
11;2025-12-13;21;782
11;2025-12-13;22;460
11;2025-12-13;23;323
11;2025-12-14;0;120
11;2025-12-14;1;20
11;2025-12-14;2;0
11;2025-12-14;3;0
11;2025-12-14;4;2
11;2025-12-14;5;143
11;2025-12-14;6;525
11;2025-12-14;7;516
11;2025-12-14;8;598
11;2025-12-14;9;910
11;2025-12-14;10;1067
11;2025-12-14;11;1456
11;2025-12-14;12;1678
11;2025-12-14;13;1550
11;2025-12-14;14;1642
11;2025-12-14;15;1670
11;2025-12-14;16;1606
11;2025-12-14;17;1689
11;2025-12-14;18;1324
11;2025-12-14;19;1132
11;2025-12-14;20;935
11;2025-12-14;21;656
11;2025-12-14;22;393
11;2025-12-14;23;241
11;2025-12-15;0;72
11;2025-12-15;1;0
11;2025-12-15;2;0
11;2025-12-15;3;0
11;2025-12-15;4;2
11;2025-12-15;5;266
11;2025-12-15;6;1333
11;2025-12-15;7;2360
11;2025-12-15;8;3131
11;2025-12-15;9;2407
11;2025-12-15;10;1826
11;2025-12-15;11;1823
11;2025-12-15;12;1795
11;2025-12-15;13;1875
11;2025-12-15;14;1865
11;2025-12-15;15;1982
11;2025-12-15;16;2200
11;2025-12-15;17;2771
11;2025-12-15;18;3140
11;2025-12-15;19;2337
11;2025-12-15;20;1582
11;2025-12-15;21;905
11;2025-12-15;22;444
11;2025-12-15;23;250
11;2025-12-16;0;68
11;2025-12-16;1;2
11;2025-12-16;2;0
11;2025-12-16;3;0
11;2025-12-16;4;1
11;2025-12-16;5;279
11;2025-12-16;6;1344
11;2025-12-16;7;2419
11;2025-12-16;8;3184
11;2025-12-16;9;2441
11;2025-12-16;10;1877
11;2025-12-16;11;1852
11;2025-12-16;12;1840
11;2025-12-16;13;1928
11;2025-12-16;14;1931
11;2025-12-16;15;1972
11;2025-12-16;16;2235
11;2025-12-16;17;2827
11;2025-12-16;18;3122
11;2025-12-16;19;2342
11;2025-12-16;20;1596
11;2025-12-16;21;917
11;2025-12-16;22;438
11;2025-12-16;23;250
11;2025-12-17;0;71
11;2025-12-17;1;0
11;2025-12-17;2;0
11;2025-12-17;3;0
11;2025-12-17;4;1
11;2025-12-17;5;275
11;2025-12-17;6;1299
11;2025-12-17;7;2400
11;2025-12-17;8;3216
11;2025-12-17;9;2388
11;2025-12-17;10;1868
11;2025-12-17;11;1865
11;2025-12-17;12;1878
11;2025-12-17;13;1932
11;2025-12-17;14;1891
11;2025-12-17;15;1992
11;2025-12-17;16;2187
11;2025-12-17;17;2793
11;2025-12-17;18;3170
11;2025-12-17;19;2406
11;2025-12-17;20;1580
11;2025-12-17;21;918
11;2025-12-17;22;455
11;2025-12-17;23;268
11;2025-12-18;0;74
11;2025-12-18;1;1
11;2025-12-18;2;0
11;2025-12-18;3;0
11;2025-12-18;4;0
11;2025-12-18;5;289
11;2025-12-18;6;1313
11;2025-12-18;7;2412
11;2025-12-18;8;3171
11;2025-12-18;9;2503
11;2025-12-18;10;1926
11;2025-12-18;11;1832
11;2025-12-18;12;1840
11;2025-12-18;13;1942
11;2025-12-18;14;1924
11;2025-12-18;15;2011
11;2025-12-18;16;2251
11;2025-12-18;17;2830
11;2025-12-18;18;3214
11;2025-12-18;19;2333
11;2025-12-18;20;1524
11;2025-12-18;21;927
11;2025-12-18;22;474
11;2025-12-18;23;271
11;2025-12-19;0;78
11;2025-12-19;1;1
11;2025-12-19;2;0
11;2025-12-19;3;0
11;2025-12-19;4;1
11;2025-12-19;5;292
11;2025-12-19;6;1284
11;2025-12-19;7;2352
11;2025-12-19;8;3079
11;2025-12-19;9;2389
11;2025-12-19;10;1872
11;2025-12-19;11;1753
11;2025-12-19;12;1792
11;2025-12-19;13;1924
11;2025-12-19;14;1898
11;2025-12-19;15;2137
11;2025-12-19;16;2425
11;2025-12-19;17;2882
11;2025-12-19;18;2698
11;2025-12-19;19;2091
11;2025-12-19;20;1427
11;2025-12-19;21;901
11;2025-12-19;22;463
11;2025-12-19;23;309
11;2025-12-20;0;100
11;2025-12-20;1;4
11;2025-12-20;2;0
11;2025-12-20;3;0
11;2025-12-20;4;3
11;2025-12-20;5;216
11;2025-12-20;6;796
11;2025-12-20;7;700
11;2025-12-20;8;881
11;2025-12-20;9;1078
11;2025-12-20;10;1197
11;2025-12-20;11;1550
11;2025-12-20;12;1732
11;2025-12-20;13;1601
11;2025-12-20;14;1689
11;2025-12-20;15;1664
11;2025-12-20;16;1641
11;2025-12-20;17;1698
11;2025-12-20;18;1389
11;2025-12-20;19;1340
11;2025-12-20;20;1054
11;2025-12-20;21;784
11;2025-12-20;22;475
11;2025-12-20;23;339
11;2025-12-21;0;118
11;2025-12-21;1;20
11;2025-12-21;2;0
11;2025-12-21;3;0
11;2025-12-21;4;3
11;2025-12-21;5;137
11;2025-12-21;6;521
11;2025-12-21;7;510
11;2025-12-21;8;591
11;2025-12-21;9;889
11;2025-12-21;10;1044
11;2025-12-21;11;1347
11;2025-12-21;12;1560
11;2025-12-21;13;1426
11;2025-12-21;14;1534
11;2025-12-21;15;1571
11;2025-12-21;16;1504
11;2025-12-21;17;1589
11;2025-12-21;18;1262
11;2025-12-21;19;1107
11;2025-12-21;20;934
11;2025-12-21;21;666
11;2025-12-21;22;414
11;2025-12-21;23;258
11;2025-12-22;0;66
11;2025-12-22;1;0
11;2025-12-22;2;0
11;2025-12-22;3;0
11;2025-12-22;4;4
11;2025-12-22;5;268
11;2025-12-22;6;1241
11;2025-12-22;7;2360
11;2025-12-22;8;3120
11;2025-12-22;9;2412
11;2025-12-22;10;1728
11;2025-12-22;11;1706
11;2025-12-22;12;1707
11;2025-12-22;13;1809
11;2025-12-22;14;1804
11;2025-12-22;15;1967
11;2025-12-22;16;2172
11;2025-12-22;17;2786
11;2025-12-22;18;3139
11;2025-12-22;19;2332
11;2025-12-22;20;1460
11;2025-12-22;21;899
11;2025-12-22;22;448
11;2025-12-22;23;271
11;2025-12-23;0;78
11;2025-12-23;1;6
11;2025-12-23;2;1
11;2025-12-23;3;1
11;2025-12-23;4;2
11;2025-12-23;5;278
11;2025-12-23;6;1211
11;2025-12-23;7;2392
11;2025-12-23;8;3131
11;2025-12-23;9;2417
11;2025-12-23;10;1761
11;2025-12-23;11;1716
11;2025-12-23;12;1716
11;2025-12-23;13;1817
11;2025-12-23;14;1821
11;2025-12-23;15;1911
11;2025-12-23;16;2187
11;2025-12-23;17;2808
11;2025-12-23;18;3108
11;2025-12-23;19;2324
11;2025-12-23;20;1454
11;2025-12-23;21;914
11;2025-12-23;22;444
11;2025-12-23;23;257
11;2025-12-24;0;67
11;2025-12-24;1;2
11;2025-12-24;2;0
11;2025-12-24;3;0
11;2025-12-24;4;3
11;2025-12-24;5;274
11;2025-12-24;6;1146
11;2025-12-24;7;2352
11;2025-12-24;8;3151
11;2025-12-24;9;2351
11;2025-12-24;10;1767
11;2025-12-24;11;1718
11;2025-12-24;12;1752
11;2025-12-24;13;1854
11;2025-12-24;14;1778
11;2025-12-24;15;1973
11;2025-12-24;16;2150
11;2025-12-24;17;2776
11;2025-12-24;18;3152
11;2025-12-24;19;2415
11;2025-12-24;20;1421
11;2025-12-24;21;908
11;2025-12-24;22;454
11;2025-12-24;23;279
11;2025-12-25;0;73
11;2025-12-25;1;1
11;2025-12-25;2;0
11;2025-12-25;3;0
11;2025-12-25;4;2
11;2025-12-25;5;295
11;2025-12-25;6;1174
11;2025-12-25;7;2382
11;2025-12-25;8;3161
11;2025-12-25;9;2481
11;2025-12-25;10;1868
11;2025-12-25;11;1735
11;2025-12-25;12;1759
11;2025-12-25;13;1905
11;2025-12-25;14;1873
11;2025-12-25;15;2015
11;2025-12-25;16;2224
11;2025-12-25;17;2830
11;2025-12-25;18;3232
11;2025-12-25;19;2353
11;2025-12-25;20;1392
11;2025-12-25;21;920
11;2025-12-25;22;471
11;2025-12-25;23;282
11;2025-12-26;0;78
11;2025-12-26;1;5
11;2025-12-26;2;0
11;2025-12-26;3;0
11;2025-12-26;4;3
11;2025-12-26;5;297
11;2025-12-26;6;1173
11;2025-12-26;7;2319
11;2025-12-26;8;3073
11;2025-12-26;9;2363
11;2025-12-26;10;1799
11;2025-12-26;11;1676
11;2025-12-26;12;1746
11;2025-12-26;13;1901
11;2025-12-26;14;1878
11;2025-12-26;15;2139
11;2025-12-26;16;2427
11;2025-12-26;17;2911
11;2025-12-26;18;2732
11;2025-12-26;19;2114
11;2025-12-26;20;1332
11;2025-12-26;21;893
11;2025-12-26;22;461
11;2025-12-26;23;316
11;2025-12-27;0;103
11;2025-12-27;1;7
11;2025-12-27;2;0
11;2025-12-27;3;0
11;2025-12-27;4;4
11;2025-12-27;5;215
11;2025-12-27;6;780
11;2025-12-27;7;686
11;2025-12-27;8;856
11;2025-12-27;9;1052
11;2025-12-27;10;1162
11;2025-12-27;11;1420
11;2025-12-27;12;1632
11;2025-12-27;13;1518
11;2025-12-27;14;1597
11;2025-12-27;15;1600
11;2025-12-27;16;1571
11;2025-12-27;17;1672
11;2025-12-27;18;1302
11;2025-12-27;19;1256
11;2025-12-27;20;1060
11;2025-12-27;21;779
11;2025-12-27;22;475
11;2025-12-27;23;349
11;2025-12-28;0;123
11;2025-12-28;1;20
11;2025-12-28;2;1
11;2025-12-28;3;1
11;2025-12-28;4;3
11;2025-12-28;5;139
11;2025-12-28;6;513
11;2025-12-28;7;508
11;2025-12-28;8;584
11;2025-12-28;9;883
11;2025-12-28;10;1035
11;2025-12-28;11;1264
11;2025-12-28;12;1509
11;2025-12-28;13;1384
11;2025-12-28;14;1490
11;2025-12-28;15;1529
11;2025-12-28;16;1462
11;2025-12-28;17;1587
11;2025-12-28;18;1186
11;2025-12-28;19;1103
11;2025-12-28;20;939
11;2025-12-28;21;645
11;2025-12-28;22;404
11;2025-12-28;23;253
11;2025-12-29;0;67
11;2025-12-29;1;0
11;2025-12-29;2;0
11;2025-12-29;3;0
11;2025-12-29;4;5
11;2025-12-29;5;252
11;2025-12-29;6;1152
11;2025-12-29;7;2313
11;2025-12-29;8;3092
11;2025-12-29;9;2358
11;2025-12-29;10;1662
11;2025-12-29;11;1641
11;2025-12-29;12;1646
11;2025-12-29;13;1757
11;2025-12-29;14;1752
11;2025-12-29;15;1939
11;2025-12-29;16;2122
11;2025-12-29;17;2715
11;2025-12-29;18;3065
11;2025-12-29;19;2274
11;2025-12-29;20;1323
11;2025-12-29;21;882
11;2025-12-29;22;433
11;2025-12-29;23;214
11;2025-12-30;0;61
11;2025-12-30;1;11
11;2025-12-30;2;10
11;2025-12-30;3;8
11;2025-12-30;4;3
11;2025-12-30;5;147
11;2025-12-30;6;952
11;2025-12-30;7;2176
11;2025-12-30;8;2939
11;2025-12-30;9;2183
11;2025-12-30;10;1500
11;2025-12-30;11;1454
11;2025-12-30;12;1467
11;2025-12-30;13;1586
11;2025-12-30;14;1605
11;2025-12-30;15;1743
11;2025-12-30;16;2005
11;2025-12-30;17;2596
11;2025-12-30;18;2910
11;2025-12-30;19;2136
11;2025-12-30;20;1187
11;2025-12-30;21;745
11;2025-12-30;22;297
11;2025-12-30;23;153
11;2025-12-31;0;38
11;2025-12-31;1;2
11;2025-12-31;2;0
11;2025-12-31;3;0
11;2025-12-31;4;0
11;2025-12-31;5;118
11;2025-12-31;6;318
11;2025-12-31;7;322
11;2025-12-31;8;390
11;2025-12-31;9;619
11;2025-12-31;10;801
11;2025-12-31;11;974
11;2025-12-31;12;1038
11;2025-12-31;13;1114
11;2025-12-31;14;1096
11;2025-12-31;15;1185
11;2025-12-31;16;1121
11;2025-12-31;17;1238
11;2025-12-31;18;1208
11;2025-12-31;19;1008
11;2025-12-31;20;791
11;2025-12-31;21;502
11;2025-12-31;22;298
11;2025-12-31;23;160
12;2025-11-01;0;91
12;2025-11-01;1;5
12;2025-11-01;2;1
12;2025-11-01;3;1
12;2025-11-01;4;3
12;2025-11-01;5;276
12;2025-11-01;6;907
12;2025-11-01;7;908
12;2025-11-01;8;967
12;2025-11-01;9;1133
12;2025-11-01;10;1354
12;2025-11-01;11;1462
12;2025-11-01;12;1444
12;2025-11-01;13;1760
12;2025-11-01;14;1582
12;2025-11-01;15;1437
12;2025-11-01;16;1527
12;2025-11-01;17;1492
12;2025-11-01;18;1417
12;2025-11-01;19;1359
12;2025-11-01;20;947
12;2025-11-01;21;696
12;2025-11-01;22;433
12;2025-11-01;23;264
12;2025-11-02;0;87
12;2025-11-02;1;9
12;2025-11-02;2;0
12;2025-11-02;3;0
12;2025-11-02;4;5
12;2025-11-02;5;181
12;2025-11-02;6;550
12;2025-11-02;7;623
12;2025-11-02;8;721
12;2025-11-02;9;944
12;2025-11-02;10;1177
12;2025-11-02;11;1330
12;2025-11-02;12;1366
12;2025-11-02;13;1623
12;2025-11-02;14;1524
12;2025-11-02;15;1374
12;2025-11-02;16;1480
12;2025-11-02;17;1503
12;2025-11-02;18;1253
12;2025-11-02;19;1045
12;2025-11-02;20;772
12;2025-11-02;21;561
12;2025-11-02;22;373
12;2025-11-02;23;209
12;2025-11-03;0;72
12;2025-11-03;1;0
12;2025-11-03;2;0
12;2025-11-03;3;0
12;2025-11-03;4;0
12;2025-11-03;5;204
12;2025-11-03;6;701
12;2025-11-03;7;638
12;2025-11-03;8;700
12;2025-11-03;9;929
12;2025-11-03;10;1301
12;2025-11-03;11;1401
12;2025-11-03;12;1421
12;2025-11-03;13;1636
12;2025-11-03;14;1556
12;2025-11-03;15;1482
12;2025-11-03;16;1583
12;2025-11-03;17;1584
12;2025-11-03;18;1607
12;2025-11-03;19;1288
12;2025-11-03;20;883
12;2025-11-03;21;676
12;2025-11-03;22;410
12;2025-11-03;23;242
12;2025-11-04;0;65
12;2025-11-04;1;0
12;2025-11-04;2;0
12;2025-11-04;3;0
12;2025-11-04;4;6
12;2025-11-04;5;226
12;2025-11-04;6;701
12;2025-11-04;7;656
12;2025-11-04;8;725
12;2025-11-04;9;916
12;2025-11-04;10;1294
12;2025-11-04;11;1382
12;2025-11-04;12;1390
12;2025-11-04;13;1589
12;2025-11-04;14;1521
12;2025-11-04;15;1452
12;2025-11-04;16;1582
12;2025-11-04;17;1634
12;2025-11-04;18;1629
12;2025-11-04;19;1322
12;2025-11-04;20;905
12;2025-11-04;21;705
12;2025-11-04;22;400
12;2025-11-04;23;225
12;2025-11-05;0;62
12;2025-11-05;1;3
12;2025-11-05;2;0
12;2025-11-05;3;0
12;2025-11-05;4;0
12;2025-11-05;5;357
12;2025-11-05;6;1445
12;2025-11-05;7;2681
12;2025-11-05;8;3520
12;2025-11-05;9;2536
12;2025-11-05;10;2113
12;2025-11-05;11;2030
12;2025-11-05;12;2074
12;2025-11-05;13;2029
12;2025-11-05;14;1968
12;2025-11-05;15;2288
12;2025-11-05;16;2746
12;2025-11-05;17;3071
12;2025-11-05;18;3186
12;2025-11-05;19;2486
12;2025-11-05;20;1577
12;2025-11-05;21;996
12;2025-11-05;22;503
12;2025-11-05;23;264
12;2025-11-06;0;60
12;2025-11-06;1;2
12;2025-11-06;2;0
12;2025-11-06;3;0
12;2025-11-06;4;7
12;2025-11-06;5;356
12;2025-11-06;6;1427
12;2025-11-06;7;2750
12;2025-11-06;8;3511
12;2025-11-06;9;2525
12;2025-11-06;10;2098
12;2025-11-06;11;2062
12;2025-11-06;12;2068
12;2025-11-06;13;2017
12;2025-11-06;14;1991
12;2025-11-06;15;2276
12;2025-11-06;16;2745
12;2025-11-06;17;3144
12;2025-11-06;18;3277
12;2025-11-06;19;2518
12;2025-11-06;20;1628
12;2025-11-06;21;1009
12;2025-11-06;22;508
12;2025-11-06;23;281
12;2025-11-07;0;65
12;2025-11-07;1;5
12;2025-11-07;2;0
12;2025-11-07;3;0
12;2025-11-07;4;11
12;2025-11-07;5;363
12;2025-11-07;6;1417
12;2025-11-07;7;2640
12;2025-11-07;8;3465
12;2025-11-07;9;2457
12;2025-11-07;10;2032
12;2025-11-07;11;1986
12;2025-11-07;12;2003
12;2025-11-07;13;1971
12;2025-11-07;14;1977
12;2025-11-07;15;2378
12;2025-11-07;16;2933
12;2025-11-07;17;3046
12;2025-11-07;18;2633
12;2025-11-07;19;2253
12;2025-11-07;20;1496
12;2025-11-07;21;1014
12;2025-11-07;22;550
12;2025-11-07;23;319
12;2025-11-08;0;96
12;2025-11-08;1;2
12;2025-11-08;2;0
12;2025-11-08;3;0
12;2025-11-08;4;2
12;2025-11-08;5;278
12;2025-11-08;6;868
12;2025-11-08;7;852
12;2025-11-08;8;866
12;2025-11-08;9;1014
12;2025-11-08;10;1272
12;2025-11-08;11;1380
12;2025-11-08;12;1366
12;2025-11-08;13;1685
12;2025-11-08;14;1494
12;2025-11-08;15;1367
12;2025-11-08;16;1463
12;2025-11-08;17;1435
12;2025-11-08;18;1359
12;2025-11-08;19;1345
12;2025-11-08;20;949
12;2025-11-08;21;670
12;2025-11-08;22;436
12;2025-11-08;23;260
12;2025-11-09;0;91
12;2025-11-09;1;7
12;2025-11-09;2;0
12;2025-11-09;3;0
12;2025-11-09;4;5
12;2025-11-09;5;192
12;2025-11-09;6;550
12;2025-11-09;7;591
12;2025-11-09;8;655
12;2025-11-09;9;860
12;2025-11-09;10;1087
12;2025-11-09;11;1261
12;2025-11-09;12;1299
12;2025-11-09;13;1527
12;2025-11-09;14;1431
12;2025-11-09;15;1317
12;2025-11-09;16;1400
12;2025-11-09;17;1427
12;2025-11-09;18;1212
12;2025-11-09;19;994
12;2025-11-09;20;734
12;2025-11-09;21;558
12;2025-11-09;22;370
12;2025-11-09;23;204
12;2025-11-10;0;54
12;2025-11-10;1;0
12;2025-11-10;2;0
12;2025-11-10;3;0
12;2025-11-10;4;0
12;2025-11-10;5;355
12;2025-11-10;6;1421
12;2025-11-10;7;2647
12;2025-11-10;8;3475
12;2025-11-10;9;2483
12;2025-11-10;10;2018
12;2025-11-10;11;1929
12;2025-11-10;12;1999
12;2025-11-10;13;1961
12;2025-11-10;14;1893
12;2025-11-10;15;2211
12;2025-11-10;16;2641
12;2025-11-10;17;2979
12;2025-11-10;18;3136
12;2025-11-10;19;2429
12;2025-11-10;20;1599
12;2025-11-10;21;965
12;2025-11-10;22;491
12;2025-11-10;23;238
12;2025-11-11;0;47
12;2025-11-11;1;1
12;2025-11-11;2;0
12;2025-11-11;3;0
12;2025-11-11;4;4
12;2025-11-11;5;378
12;2025-11-11;6;1447
12;2025-11-11;7;2723
12;2025-11-11;8;3581
12;2025-11-11;9;2492
12;2025-11-11;10;2096
12;2025-11-11;11;2002
12;2025-11-11;12;2039
12;2025-11-11;13;2020
12;2025-11-11;14;1947
12;2025-11-11;15;2241
12;2025-11-11;16;2739
12;2025-11-11;17;3118
12;2025-11-11;18;3212
12;2025-11-11;19;2515
12;2025-11-11;20;1608
12;2025-11-11;21;994
12;2025-11-11;22;523
12;2025-11-11;23;259
12;2025-11-12;0;62
12;2025-11-12;1;2
12;2025-11-12;2;0
12;2025-11-12;3;0
12;2025-11-12;4;0
12;2025-11-12;5;356
12;2025-11-12;6;1445
12;2025-11-12;7;2673
12;2025-11-12;8;3520
12;2025-11-12;9;2510
12;2025-11-12;10;2089
12;2025-11-12;11;2002
12;2025-11-12;12;2051
12;2025-11-12;13;1999
12;2025-11-12;14;1932
12;2025-11-12;15;2278
12;2025-11-12;16;2742
12;2025-11-12;17;3069
12;2025-11-12;18;3198
12;2025-11-12;19;2504
12;2025-11-12;20;1616
12;2025-11-12;21;1007
12;2025-11-12;22;513
12;2025-11-12;23;262
12;2025-11-13;0;60
12;2025-11-13;1;2
12;2025-11-13;2;0
12;2025-11-13;3;0
12;2025-11-13;4;7
12;2025-11-13;5;356
12;2025-11-13;6;1432
12;2025-11-13;7;2773
12;2025-11-13;8;3523
12;2025-11-13;9;2515
12;2025-11-13;10;2102
12;2025-11-13;11;2065
12;2025-11-13;12;2069
12;2025-11-13;13;2028
12;2025-11-13;14;2004
12;2025-11-13;15;2287
12;2025-11-13;16;2748
12;2025-11-13;17;3161
12;2025-11-13;18;3314
12;2025-11-13;19;2527
12;2025-11-13;20;1649
12;2025-11-13;21;1020
12;2025-11-13;22;527
12;2025-11-13;23;275
12;2025-11-14;0;61
12;2025-11-14;1;2
12;2025-11-14;2;0
12;2025-11-14;3;0
12;2025-11-14;4;7
12;2025-11-14;5;358
12;2025-11-14;6;1418
12;2025-11-14;7;2651
12;2025-11-14;8;3491
12;2025-11-14;9;2449
12;2025-11-14;10;2037
12;2025-11-14;11;1997
12;2025-11-14;12;2013
12;2025-11-14;13;2014
12;2025-11-14;14;2012
12;2025-11-14;15;2407
12;2025-11-14;16;2973
12;2025-11-14;17;3088
12;2025-11-14;18;2667
12;2025-11-14;19;2262
12;2025-11-14;20;1501
12;2025-11-14;21;1009
12;2025-11-14;22;547
12;2025-11-14;23;308
12;2025-11-15;0;91
12;2025-11-15;1;2
12;2025-11-15;2;0
12;2025-11-15;3;0
12;2025-11-15;4;2
12;2025-11-15;5;287
12;2025-11-15;6;905
12;2025-11-15;7;893
12;2025-11-15;8;933
12;2025-11-15;9;1100
12;2025-11-15;10;1368
12;2025-11-15;11;1449
12;2025-11-15;12;1439
12;2025-11-15;13;1767
12;2025-11-15;14;1594
12;2025-11-15;15;1433
12;2025-11-15;16;1536
12;2025-11-15;17;1489
12;2025-11-15;18;1400
12;2025-11-15;19;1386
12;2025-11-15;20;982
12;2025-11-15;21;715
12;2025-11-15;22;464
12;2025-11-15;23;279
12;2025-11-16;0;97
12;2025-11-16;1;10
12;2025-11-16;2;0
12;2025-11-16;3;0
12;2025-11-16;4;5
12;2025-11-16;5;196
12;2025-11-16;6;561
12;2025-11-16;7;592
12;2025-11-16;8;693
12;2025-11-16;9;914
12;2025-11-16;10;1146
12;2025-11-16;11;1314
12;2025-11-16;12;1357
12;2025-11-16;13;1609
12;2025-11-16;14;1502
12;2025-11-16;15;1373
12;2025-11-16;16;1451
12;2025-11-16;17;1477
12;2025-11-16;18;1243
12;2025-11-16;19;1029
12;2025-11-16;20;776
12;2025-11-16;21;581
12;2025-11-16;22;392
12;2025-11-16;23;218
12;2025-11-17;0;59
12;2025-11-17;1;0
12;2025-11-17;2;0
12;2025-11-17;3;0
12;2025-11-17;4;0
12;2025-11-17;5;351
12;2025-11-17;6;1418
12;2025-11-17;7;2625
12;2025-11-17;8;3487
12;2025-11-17;9;2509
12;2025-11-17;10;2056
12;2025-11-17;11;1967
12;2025-11-17;12;2036
12;2025-11-17;13;2003
12;2025-11-17;14;1934
12;2025-11-17;15;2250
12;2025-11-17;16;2656
12;2025-11-17;17;2982
12;2025-11-17;18;3168
12;2025-11-17;19;2462
12;2025-11-17;20;1624
12;2025-11-17;21;979
12;2025-11-17;22;507
12;2025-11-17;23;244
12;2025-11-18;0;52
12;2025-11-18;1;2
12;2025-11-18;2;0
12;2025-11-18;3;0
12;2025-11-18;4;7
12;2025-11-18;5;385
12;2025-11-18;6;1458
12;2025-11-18;7;2725
12;2025-11-18;8;3594
12;2025-11-18;9;2523
12;2025-11-18;10;2120
12;2025-11-18;11;2026
12;2025-11-18;12;2067
12;2025-11-18;13;2051
12;2025-11-18;14;1976
12;2025-11-18;15;2270
12;2025-11-18;16;2754
12;2025-11-18;17;3123
12;2025-11-18;18;3222
12;2025-11-18;19;2526
12;2025-11-18;20;1617
12;2025-11-18;21;1007
12;2025-11-18;22;532
12;2025-11-18;23;261
12;2025-11-19;0;61
12;2025-11-19;1;2
12;2025-11-19;2;0
12;2025-11-19;3;0
12;2025-11-19;4;0
12;2025-11-19;5;362
12;2025-11-19;6;1442
12;2025-11-19;7;2674
12;2025-11-19;8;3539
12;2025-11-19;9;2537
12;2025-11-19;10;2118
12;2025-11-19;11;2034
12;2025-11-19;12;2083
12;2025-11-19;13;2030
12;2025-11-19;14;1957
12;2025-11-19;15;2301
12;2025-11-19;16;2750
12;2025-11-19;17;3067
12;2025-11-19;18;3196
12;2025-11-19;19;2526
12;2025-11-19;20;1633
12;2025-11-19;21;1019
12;2025-11-19;22;533
12;2025-11-19;23;273
12;2025-11-20;0;60
12;2025-11-20;1;2
12;2025-11-20;2;0
12;2025-11-20;3;0
12;2025-11-20;4;7
12;2025-11-20;5;360
12;2025-11-20;6;1434
12;2025-11-20;7;2771
12;2025-11-20;8;3544
12;2025-11-20;9;2519
12;2025-11-20;10;2110
12;2025-11-20;11;2073
12;2025-11-20;12;2078
12;2025-11-20;13;2037
12;2025-11-20;14;2010
12;2025-11-20;15;2293
12;2025-11-20;16;2752
12;2025-11-20;17;3162
12;2025-11-20;18;3318
12;2025-11-20;19;2539
12;2025-11-20;20;1664
12;2025-11-20;21;1020
12;2025-11-20;22;536
12;2025-11-20;23;277
12;2025-11-21;0;61
12;2025-11-21;1;2
12;2025-11-21;2;0
12;2025-11-21;3;0
12;2025-11-21;4;7
12;2025-11-21;5;362
12;2025-11-21;6;1419
12;2025-11-21;7;2653
12;2025-11-21;8;3510
12;2025-11-21;9;2449
12;2025-11-21;10;2042
12;2025-11-21;11;2005
12;2025-11-21;12;2020
12;2025-11-21;13;2021
12;2025-11-21;14;2016
12;2025-11-21;15;2430
12;2025-11-21;16;2979
12;2025-11-21;17;3090
12;2025-11-21;18;2676
12;2025-11-21;19;2277
12;2025-11-21;20;1523
12;2025-11-21;21;1016
12;2025-11-21;22;555
12;2025-11-21;23;308
12;2025-11-22;0;92
12;2025-11-22;1;2
12;2025-11-22;2;0
12;2025-11-22;3;0
12;2025-11-22;4;3
12;2025-11-22;5;284
12;2025-11-22;6;902
12;2025-11-22;7;894
12;2025-11-22;8;939
12;2025-11-22;9;1104
12;2025-11-22;10;1368
12;2025-11-22;11;1441
12;2025-11-22;12;1431
12;2025-11-22;13;1736
12;2025-11-22;14;1562
12;2025-11-22;15;1428
12;2025-11-22;16;1492
12;2025-11-22;17;1461
12;2025-11-22;18;1399
12;2025-11-22;19;1404
12;2025-11-22;20;995
12;2025-11-22;21;712
12;2025-11-22;22;462
12;2025-11-22;23;277
12;2025-11-23;0;96
12;2025-11-23;1;10
12;2025-11-23;2;0
12;2025-11-23;3;0
12;2025-11-23;4;6
12;2025-11-23;5;192
12;2025-11-23;6;546
12;2025-11-23;7;587
12;2025-11-23;8;688
12;2025-11-23;9;911
12;2025-11-23;10;1137
12;2025-11-23;11;1309
12;2025-11-23;12;1347
12;2025-11-23;13;1584
12;2025-11-23;14;1480
12;2025-11-23;15;1364
12;2025-11-23;16;1437
12;2025-11-23;17;1465
12;2025-11-23;18;1252
12;2025-11-23;19;1062
12;2025-11-23;20;795
12;2025-11-23;21;580
12;2025-11-23;22;388
12;2025-11-23;23;217
12;2025-11-24;0;62
12;2025-11-24;1;0
12;2025-11-24;2;0
12;2025-11-24;3;0
12;2025-11-24;4;0
12;2025-11-24;5;352
12;2025-11-24;6;1431
12;2025-11-24;7;2625
12;2025-11-24;8;3491
12;2025-11-24;9;2518
12;2025-11-24;10;2068
12;2025-11-24;11;1978
12;2025-11-24;12;2043
12;2025-11-24;13;2011
12;2025-11-24;14;1933
12;2025-11-24;15;2247
12;2025-11-24;16;2654
12;2025-11-24;17;2980
12;2025-11-24;18;3154
12;2025-11-24;19;2453
12;2025-11-24;20;1639
12;2025-11-24;21;979
12;2025-11-24;22;505
12;2025-11-24;23;246
12;2025-11-25;0;53
12;2025-11-25;1;2
12;2025-11-25;2;0
12;2025-11-25;3;0
12;2025-11-25;4;7
12;2025-11-25;5;384
12;2025-11-25;6;1443
12;2025-11-25;7;2721
12;2025-11-25;8;3593
12;2025-11-25;9;2521
12;2025-11-25;10;2122
12;2025-11-25;11;2025
12;2025-11-25;12;2072
12;2025-11-25;13;2057
12;2025-11-25;14;1967
12;2025-11-25;15;2271
12;2025-11-25;16;2758
12;2025-11-25;17;3125
12;2025-11-25;18;3240
12;2025-11-25;19;2553
12;2025-11-25;20;1646
12;2025-11-25;21;1014
12;2025-11-25;22;530
12;2025-11-25;23;262
12;2025-11-26;0;63
12;2025-11-26;1;2
12;2025-11-26;2;0
12;2025-11-26;3;0
12;2025-11-26;4;0
12;2025-11-26;5;358
12;2025-11-26;6;1430
12;2025-11-26;7;2671
12;2025-11-26;8;3504
12;2025-11-26;9;2532
12;2025-11-26;10;2114
12;2025-11-26;11;2008
12;2025-11-26;12;2069
12;2025-11-26;13;2002
12;2025-11-26;14;1916
12;2025-11-26;15;2291
12;2025-11-26;16;2744
12;2025-11-26;17;3059
12;2025-11-26;18;3189
12;2025-11-26;19;2531
12;2025-11-26;20;1661
12;2025-11-26;21;1026
12;2025-11-26;22;527
12;2025-11-26;23;272
12;2025-11-27;0;62
12;2025-11-27;1;2
12;2025-11-27;2;0
12;2025-11-27;3;0
12;2025-11-27;4;8
12;2025-11-27;5;356
12;2025-11-27;6;1419
12;2025-11-27;7;2734
12;2025-11-27;8;3511
12;2025-11-27;9;2517
12;2025-11-27;10;2100
12;2025-11-27;11;2046
12;2025-11-27;12;2067
12;2025-11-27;13;2012
12;2025-11-27;14;1960
12;2025-11-27;15;2285
12;2025-11-27;16;2749
12;2025-11-27;17;3127
12;2025-11-27;18;3284
12;2025-11-27;19;2547
12;2025-11-27;20;1688
12;2025-11-27;21;1030
12;2025-11-27;22;531
12;2025-11-27;23;278
12;2025-11-28;0;63
12;2025-11-28;1;3
12;2025-11-28;2;0
12;2025-11-28;3;0
12;2025-11-28;4;7
12;2025-11-28;5;359
12;2025-11-28;6;1402
12;2025-11-28;7;2620
12;2025-11-28;8;3464
12;2025-11-28;9;2448
12;2025-11-28;10;2030
12;2025-11-28;11;1978
12;2025-11-28;12;2003
12;2025-11-28;13;1985
12;2025-11-28;14;1977
12;2025-11-28;15;2416
12;2025-11-28;16;2935
12;2025-11-28;17;3053
12;2025-11-28;18;2665
12;2025-11-28;19;2244
12;2025-11-28;20;1503
12;2025-11-28;21;1000
12;2025-11-28;22;544
12;2025-11-28;23;299
12;2025-11-29;0;88
12;2025-11-29;1;2
12;2025-11-29;2;0
12;2025-11-29;3;0
12;2025-11-29;4;2
12;2025-11-29;5;276
12;2025-11-29;6;889
12;2025-11-29;7;883
12;2025-11-29;8;920
12;2025-11-29;9;1082
12;2025-11-29;10;1325
12;2025-11-29;11;1411
12;2025-11-29;12;1407
12;2025-11-29;13;1694
12;2025-11-29;14;1513
12;2025-11-29;15;1401
12;2025-11-29;16;1465
12;2025-11-29;17;1435
12;2025-11-29;18;1377
12;2025-11-29;19;1350
12;2025-11-29;20;958
12;2025-11-29;21;700
12;2025-11-29;22;450
12;2025-11-29;23;273
12;2025-11-30;0;98
12;2025-11-30;1;12
12;2025-11-30;2;0
12;2025-11-30;3;0
12;2025-11-30;4;7
12;2025-11-30;5;191
12;2025-11-30;6;546
12;2025-11-30;7;586
12;2025-11-30;8;687
12;2025-11-30;9;911
12;2025-11-30;10;1092
12;2025-11-30;11;1308
12;2025-11-30;12;1337
12;2025-11-30;13;1558
12;2025-11-30;14;1461
12;2025-11-30;15;1354
12;2025-11-30;16;1418
12;2025-11-30;17;1452
12;2025-11-30;18;1246
12;2025-11-30;19;1024
12;2025-11-30;20;784
12;2025-11-30;21;576
12;2025-11-30;22;383
12;2025-11-30;23;210
12;2025-12-01;0;58
12;2025-12-01;1;0
12;2025-12-01;2;0
12;2025-12-01;3;0
12;2025-12-01;4;0
12;2025-12-01;5;344
12;2025-12-01;6;1397
12;2025-12-01;7;2610
12;2025-12-01;8;3475
12;2025-12-01;9;2491
12;2025-12-01;10;2047
12;2025-12-01;11;1945
12;2025-12-01;12;2019
12;2025-12-01;13;1969
12;2025-12-01;14;1861
12;2025-12-01;15;2220
12;2025-12-01;16;2649
12;2025-12-01;17;2977
12;2025-12-01;18;3140
12;2025-12-01;19;2416
12;2025-12-01;20;1625
12;2025-12-01;21;968
12;2025-12-01;22;499
12;2025-12-01;23;249
12;2025-12-02;0;63
12;2025-12-02;1;12
12;2025-12-02;2;0
12;2025-12-02;3;0
12;2025-12-02;4;16
12;2025-12-02;5;386
12;2025-12-02;6;1425
12;2025-12-02;7;2709
12;2025-12-02;8;3580
12;2025-12-02;9;2463
12;2025-12-02;10;2066
12;2025-12-02;11;1944
12;2025-12-02;12;1996
12;2025-12-02;13;1965
12;2025-12-02;14;1873
12;2025-12-02;15;2216
12;2025-12-02;16;2732
12;2025-12-02;17;3099
12;2025-12-02;18;3228
12;2025-12-02;19;2472
12;2025-12-02;20;1605
12;2025-12-02;21;993
12;2025-12-02;22;517
12;2025-12-02;23;258
12;2025-12-03;0;62
12;2025-12-03;1;3
12;2025-12-03;2;0
12;2025-12-03;3;0
12;2025-12-03;4;0
12;2025-12-03;5;351
12;2025-12-03;6;1414
12;2025-12-03;7;2669
12;2025-12-03;8;3493
12;2025-12-03;9;2535
12;2025-12-03;10;2112
12;2025-12-03;11;2003
12;2025-12-03;12;2065
12;2025-12-03;13;1995
12;2025-12-03;14;1912
12;2025-12-03;15;2291
12;2025-12-03;16;2744
12;2025-12-03;17;3058
12;2025-12-03;18;3179
12;2025-12-03;19;2502
12;2025-12-03;20;1626
12;2025-12-03;21;1009
12;2025-12-03;22;519
12;2025-12-03;23;267
12;2025-12-04;0;60
12;2025-12-04;1;3
12;2025-12-04;2;0
12;2025-12-04;3;0
12;2025-12-04;4;7
12;2025-12-04;5;349
12;2025-12-04;6;1404
12;2025-12-04;7;2722
12;2025-12-04;8;3482
12;2025-12-04;9;2508
12;2025-12-04;10;2083
12;2025-12-04;11;2028
12;2025-12-04;12;2046
12;2025-12-04;13;1989
12;2025-12-04;14;1940
12;2025-12-04;15;2268
12;2025-12-04;16;2730
12;2025-12-04;17;3102
12;2025-12-04;18;3254
12;2025-12-04;19;2500
12;2025-12-04;20;1634
12;2025-12-04;21;1004
12;2025-12-04;22;521
12;2025-12-04;23;272
12;2025-12-05;0;60
12;2025-12-05;1;2
12;2025-12-05;2;0
12;2025-12-05;3;0
12;2025-12-05;4;8
12;2025-12-05;5;356
12;2025-12-05;6;1396
12;2025-12-05;7;2624
12;2025-12-05;8;3467
12;2025-12-05;9;2456
12;2025-12-05;10;2030
12;2025-12-05;11;1976
12;2025-12-05;12;2000
12;2025-12-05;13;1986
12;2025-12-05;14;1971
12;2025-12-05;15;2408
12;2025-12-05;16;2938
12;2025-12-05;17;3047
12;2025-12-05;18;2660
12;2025-12-05;19;2249
12;2025-12-05;20;1504
12;2025-12-05;21;1001
12;2025-12-05;22;543
12;2025-12-05;23;303
12;2025-12-06;0;93
12;2025-12-06;1;5
12;2025-12-06;2;1
12;2025-12-06;3;1
12;2025-12-06;4;5
12;2025-12-06;5;280
12;2025-12-06;6;890
12;2025-12-06;7;882
12;2025-12-06;8;912
12;2025-12-06;9;1065
12;2025-12-06;10;1302
12;2025-12-06;11;1400
12;2025-12-06;12;1387
12;2025-12-06;13;1679
12;2025-12-06;14;1495
12;2025-12-06;15;1381
12;2025-12-06;16;1446
12;2025-12-06;17;1421
12;2025-12-06;18;1367
12;2025-12-06;19;1338
12;2025-12-06;20;957
12;2025-12-06;21;693
12;2025-12-06;22;441
12;2025-12-06;23;267
12;2025-12-07;0;94
12;2025-12-07;1;9
12;2025-12-07;2;0
12;2025-12-07;3;0
12;2025-12-07;4;6
12;2025-12-07;5;190
12;2025-12-07;6;545
12;2025-12-07;7;586
12;2025-12-07;8;681
12;2025-12-07;9;900
12;2025-12-07;10;1081
12;2025-12-07;11;1295
12;2025-12-07;12;1326
12;2025-12-07;13;1547
12;2025-12-07;14;1446
12;2025-12-07;15;1343
12;2025-12-07;16;1403
12;2025-12-07;17;1423
12;2025-12-07;18;1223
12;2025-12-07;19;996
12;2025-12-07;20;760
12;2025-12-07;21;562
12;2025-12-07;22;369
12;2025-12-07;23;204
12;2025-12-08;0;56
12;2025-12-08;1;0
12;2025-12-08;2;0
12;2025-12-08;3;0
12;2025-12-08;4;0
12;2025-12-08;5;345
12;2025-12-08;6;1402
12;2025-12-08;7;2620
12;2025-12-08;8;3464
12;2025-12-08;9;2503
12;2025-12-08;10;2050
12;2025-12-08;11;1946
12;2025-12-08;12;2021
12;2025-12-08;13;1973
12;2025-12-08;14;1877
12;2025-12-08;15;2233
12;2025-12-08;16;2651
12;2025-12-08;17;2975
12;2025-12-08;18;3142
12;2025-12-08;19;2440
12;2025-12-08;20;1638
12;2025-12-08;21;964
12;2025-12-08;22;496
12;2025-12-08;23;244
12;2025-12-09;0;53
12;2025-12-09;1;2
12;2025-12-09;2;0
12;2025-12-09;3;0
12;2025-12-09;4;6
12;2025-12-09;5;376
12;2025-12-09;6;1432
12;2025-12-09;7;2720
12;2025-12-09;8;3611
12;2025-12-09;9;2512
12;2025-12-09;10;2106
12;2025-12-09;11;1998
12;2025-12-09;12;2055
12;2025-12-09;13;2027
12;2025-12-09;14;1932
12;2025-12-09;15;2265
12;2025-12-09;16;2754
12;2025-12-09;17;3116
12;2025-12-09;18;3215
12;2025-12-09;19;2514
12;2025-12-09;20;1623
12;2025-12-09;21;993
12;2025-12-09;22;524
12;2025-12-09;23;261
12;2025-12-10;0;63
12;2025-12-10;1;4
12;2025-12-10;2;0
12;2025-12-10;3;0
12;2025-12-10;4;0
12;2025-12-10;5;351
12;2025-12-10;6;1415
12;2025-12-10;7;2682
12;2025-12-10;8;3523
12;2025-12-10;9;2529
12;2025-12-10;10;2106
12;2025-12-10;11;2000
12;2025-12-10;12;2062
12;2025-12-10;13;1994
12;2025-12-10;14;1910
12;2025-12-10;15;2289
12;2025-12-10;16;2745
12;2025-12-10;17;3066
12;2025-12-10;18;3188
12;2025-12-10;19;2497
12;2025-12-10;20;1624
12;2025-12-10;21;1000
12;2025-12-10;22;517
12;2025-12-10;23;269
12;2025-12-11;0;60
12;2025-12-11;1;3
12;2025-12-11;2;0
12;2025-12-11;3;0
12;2025-12-11;4;7
12;2025-12-11;5;345
12;2025-12-11;6;1406
12;2025-12-11;7;2751
12;2025-12-11;8;3519
12;2025-12-11;9;2504
12;2025-12-11;10;2082
12;2025-12-11;11;2027
12;2025-12-11;12;2049
12;2025-12-11;13;1994
12;2025-12-11;14;1942
12;2025-12-11;15;2269
12;2025-12-11;16;2754
12;2025-12-11;17;3123
12;2025-12-11;18;3276
12;2025-12-11;19;2497
12;2025-12-11;20;1637
12;2025-12-11;21;997
12;2025-12-11;22;515
12;2025-12-11;23;273
12;2025-12-12;0;61
12;2025-12-12;1;2
12;2025-12-12;2;0
12;2025-12-12;3;0
12;2025-12-12;4;8
12;2025-12-12;5;350
12;2025-12-12;6;1395
12;2025-12-12;7;2655
12;2025-12-12;8;3495
12;2025-12-12;9;2445
12;2025-12-12;10;2020
12;2025-12-12;11;1967
12;2025-12-12;12;1997
12;2025-12-12;13;1980
12;2025-12-12;14;1957
12;2025-12-12;15;2393
12;2025-12-12;16;2961
12;2025-12-12;17;3066
12;2025-12-12;18;2651
12;2025-12-12;19;2224
12;2025-12-12;20;1495
12;2025-12-12;21;988
12;2025-12-12;22;531
12;2025-12-12;23;302
12;2025-12-13;0;89
12;2025-12-13;1;4
12;2025-12-13;2;0
12;2025-12-13;3;0
12;2025-12-13;4;3
12;2025-12-13;5;277
12;2025-12-13;6;878
12;2025-12-13;7;878
12;2025-12-13;8;902
12;2025-12-13;9;1059
12;2025-12-13;10;1304
12;2025-12-13;11;1402
12;2025-12-13;12;1390
12;2025-12-13;13;1677
12;2025-12-13;14;1499
12;2025-12-13;15;1383
12;2025-12-13;16;1444
12;2025-12-13;17;1413
12;2025-12-13;18;1357
12;2025-12-13;19;1329
12;2025-12-13;20;949
12;2025-12-13;21;685
12;2025-12-13;22;430
12;2025-12-13;23;267
12;2025-12-14;0;92
12;2025-12-14;1;10
12;2025-12-14;2;0
12;2025-12-14;3;0
12;2025-12-14;4;6
12;2025-12-14;5;188
12;2025-12-14;6;535
12;2025-12-14;7;586
12;2025-12-14;8;680
12;2025-12-14;9;906
12;2025-12-14;10;1082
12;2025-12-14;11;1300
12;2025-12-14;12;1336
12;2025-12-14;13;1556
12;2025-12-14;14;1455
12;2025-12-14;15;1351
12;2025-12-14;16;1414
12;2025-12-14;17;1426
12;2025-12-14;18;1219
12;2025-12-14;19;995
12;2025-12-14;20;766
12;2025-12-14;21;555
12;2025-12-14;22;366
12;2025-12-14;23;206
12;2025-12-15;0;56
12;2025-12-15;1;0
12;2025-12-15;2;0
12;2025-12-15;3;0
12;2025-12-15;4;0
12;2025-12-15;5;340
12;2025-12-15;6;1404
12;2025-12-15;7;2632
12;2025-12-15;8;3505
12;2025-12-15;9;2511
12;2025-12-15;10;2047
12;2025-12-15;11;1940
12;2025-12-15;12;2021
12;2025-12-15;13;1973
12;2025-12-15;14;1877
12;2025-12-15;15;2236
12;2025-12-15;16;2664
12;2025-12-15;17;2986
12;2025-12-15;18;3162
12;2025-12-15;19;2446
12;2025-12-15;20;1629
12;2025-12-15;21;968
12;2025-12-15;22;493
12;2025-12-15;23;244
12;2025-12-16;0;53
12;2025-12-16;1;2
12;2025-12-16;2;0
12;2025-12-16;3;0
12;2025-12-16;4;7
12;2025-12-16;5;370
12;2025-12-16;6;1437
12;2025-12-16;7;2725
12;2025-12-16;8;3620
12;2025-12-16;9;2524
12;2025-12-16;10;2101
12;2025-12-16;11;1998
12;2025-12-16;12;2049
12;2025-12-16;13;2021
12;2025-12-16;14;1925
12;2025-12-16;15;2268
12;2025-12-16;16;2767
12;2025-12-16;17;3126
12;2025-12-16;18;3226
12;2025-12-16;19;2518
12;2025-12-16;20;1608
12;2025-12-16;21;989
12;2025-12-16;22;515
12;2025-12-16;23;256
12;2025-12-17;0;60
12;2025-12-17;1;2
12;2025-12-17;2;0
12;2025-12-17;3;0
12;2025-12-17;4;0
12;2025-12-17;5;344
12;2025-12-17;6;1418
12;2025-12-17;7;2679
12;2025-12-17;8;3504
12;2025-12-17;9;2529
12;2025-12-17;10;2098
12;2025-12-17;11;1990
12;2025-12-17;12;2054
12;2025-12-17;13;1986
12;2025-12-17;14;1905
12;2025-12-17;15;2281
12;2025-12-17;16;2745
12;2025-12-17;17;3059
12;2025-12-17;18;3183
12;2025-12-17;19;2497
12;2025-12-17;20;1604
12;2025-12-17;21;993
12;2025-12-17;22;506
12;2025-12-17;23;265
12;2025-12-18;0;59
12;2025-12-18;1;3
12;2025-12-18;2;0
12;2025-12-18;3;0
12;2025-12-18;4;8
12;2025-12-18;5;348
12;2025-12-18;6;1385
12;2025-12-18;7;2740
12;2025-12-18;8;3476
12;2025-12-18;9;2497
12;2025-12-18;10;2084
12;2025-12-18;11;2024
12;2025-12-18;12;2052
12;2025-12-18;13;1981
12;2025-12-18;14;1934
12;2025-12-18;15;2260
12;2025-12-18;16;2754
12;2025-12-18;17;3113
12;2025-12-18;18;3245
12;2025-12-18;19;2492
12;2025-12-18;20;1590
12;2025-12-18;21;994
12;2025-12-18;22;517
12;2025-12-18;23;274
12;2025-12-19;0;59
12;2025-12-19;1;2
12;2025-12-19;2;0
12;2025-12-19;3;0
12;2025-12-19;4;6
12;2025-12-19;5;353
12;2025-12-19;6;1372
12;2025-12-19;7;2648
12;2025-12-19;8;3457
12;2025-12-19;9;2444
12;2025-12-19;10;2026
12;2025-12-19;11;2002
12;2025-12-19;12;2034
12;2025-12-19;13;1970
12;2025-12-19;14;1954
12;2025-12-19;15;2424
12;2025-12-19;16;2990
12;2025-12-19;17;3099
12;2025-12-19;18;2690
12;2025-12-19;19;2267
12;2025-12-19;20;1418
12;2025-12-19;21;992
12;2025-12-19;22;538
12;2025-12-19;23;310
12;2025-12-20;0;85
12;2025-12-20;1;4
12;2025-12-20;2;0
12;2025-12-20;3;0
12;2025-12-20;4;4
12;2025-12-20;5;273
12;2025-12-20;6;874
12;2025-12-20;7;882
12;2025-12-20;8;912
12;2025-12-20;9;1078
12;2025-12-20;10;1276
12;2025-12-20;11;1340
12;2025-12-20;12;1348
12;2025-12-20;13;1592
12;2025-12-20;14;1431
12;2025-12-20;15;1325
12;2025-12-20;16;1370
12;2025-12-20;17;1329
12;2025-12-20;18;1273
12;2025-12-20;19;1263
12;2025-12-20;20;949
12;2025-12-20;21;694
12;2025-12-20;22;445
12;2025-12-20;23;280
12;2025-12-21;0;89
12;2025-12-21;1;9
12;2025-12-21;2;0
12;2025-12-21;3;0
12;2025-12-21;4;6
12;2025-12-21;5;184
12;2025-12-21;6;534
12;2025-12-21;7;582
12;2025-12-21;8;679
12;2025-12-21;9;886
12;2025-12-21;10;1038
12;2025-12-21;11;1236
12;2025-12-21;12;1274
12;2025-12-21;13;1436
12;2025-12-21;14;1368
12;2025-12-21;15;1289
12;2025-12-21;16;1326
12;2025-12-21;17;1339
12;2025-12-21;18;1170
12;2025-12-21;19;974
12;2025-12-21;20;768
12;2025-12-21;21;557
12;2025-12-21;22;388
12;2025-12-21;23;219
12;2025-12-22;0;52
12;2025-12-22;1;0
12;2025-12-22;2;0
12;2025-12-22;3;0
12;2025-12-22;4;0
12;2025-12-22;5;342
12;2025-12-22;6;1311
12;2025-12-22;7;2645
12;2025-12-22;8;3472
12;2025-12-22;9;2516
12;2025-12-22;10;1995
12;2025-12-22;11;1887
12;2025-12-22;12;2010
12;2025-12-22;13;1958
12;2025-12-22;14;1820
12;2025-12-22;15;2245
12;2025-12-22;16;2701
12;2025-12-22;17;3000
12;2025-12-22;18;3150
12;2025-12-22;19;2428
12;2025-12-22;20;1505
12;2025-12-22;21;960
12;2025-12-22;22;500
12;2025-12-22;23;261
12;2025-12-23;0;66
12;2025-12-23;1;11
12;2025-12-23;2;0
12;2025-12-23;3;0
12;2025-12-23;4;6
12;2025-12-23;5;369
12;2025-12-23;6;1285
12;2025-12-23;7;2696
12;2025-12-23;8;3542
12;2025-12-23;9;2450
12;2025-12-23;10;2013
12;2025-12-23;11;1914
12;2025-12-23;12;1980
12;2025-12-23;13;1952
12;2025-12-23;14;1819
12;2025-12-23;15;2223
12;2025-12-23;16;2742
12;2025-12-23;17;3089
12;2025-12-23;18;3185
12;2025-12-23;19;2482
12;2025-12-23;20;1452
12;2025-12-23;21;987
12;2025-12-23;22;512
12;2025-12-23;23;260
12;2025-12-24;0;57
12;2025-12-24;1;3
12;2025-12-24;2;0
12;2025-12-24;3;0
12;2025-12-24;4;0
12;2025-12-24;5;341
12;2025-12-24;6;1230
12;2025-12-24;7;2636
12;2025-12-24;8;3440
12;2025-12-24;9;2478
12;2025-12-24;10;2031
12;2025-12-24;11;1942
12;2025-12-24;12;2015
12;2025-12-24;13;1962
12;2025-12-24;14;1833
12;2025-12-24;15;2233
12;2025-12-24;16;2735
12;2025-12-24;17;3049
12;2025-12-24;18;3160
12;2025-12-24;19;2485
12;2025-12-24;20;1428
12;2025-12-24;21;984
12;2025-12-24;22;502
12;2025-12-24;23;272
12;2025-12-25;0;57
12;2025-12-25;1;3
12;2025-12-25;2;0
12;2025-12-25;3;0
12;2025-12-25;4;8
12;2025-12-25;5;356
12;2025-12-25;6;1231
12;2025-12-25;7;2729
12;2025-12-25;8;3472
12;2025-12-25;9;2479
12;2025-12-25;10;2050
12;2025-12-25;11;1986
12;2025-12-25;12;2051
12;2025-12-25;13;1947
12;2025-12-25;14;1899
12;2025-12-25;15;2236
12;2025-12-25;16;2788
12;2025-12-25;17;3136
12;2025-12-25;18;3265
12;2025-12-25;19;2505
12;2025-12-25;20;1458
12;2025-12-25;21;986
12;2025-12-25;22;504
12;2025-12-25;23;282
12;2025-12-26;0;58
12;2025-12-26;1;5
12;2025-12-26;2;0
12;2025-12-26;3;0
12;2025-12-26;4;8
12;2025-12-26;5;357
12;2025-12-26;6;1218
12;2025-12-26;7;2637
12;2025-12-26;8;3451
12;2025-12-26;9;2414
12;2025-12-26;10;1991
12;2025-12-26;11;1939
12;2025-12-26;12;2016
12;2025-12-26;13;1958
12;2025-12-26;14;1940
12;2025-12-26;15;2426
12;2025-12-26;16;3019
12;2025-12-26;17;3135
12;2025-12-26;18;2728
12;2025-12-26;19;2302
12;2025-12-26;20;1327
12;2025-12-26;21;983
12;2025-12-26;22;530
12;2025-12-26;23;315
12;2025-12-27;0;88
12;2025-12-27;1;6
12;2025-12-27;2;1
12;2025-12-27;3;2
12;2025-12-27;4;5
12;2025-12-27;5;274
12;2025-12-27;6;868
12;2025-12-27;7;863
12;2025-12-27;8;888
12;2025-12-27;9;1053
12;2025-12-27;10;1162
12;2025-12-27;11;1212
12;2025-12-27;12;1239
12;2025-12-27;13;1510
12;2025-12-27;14;1326
12;2025-12-27;15;1236
12;2025-12-27;16;1286
12;2025-12-27;17;1246
12;2025-12-27;18;1186
12;2025-12-27;19;1186
12;2025-12-27;20;948
12;2025-12-27;21;686
12;2025-12-27;22;447
12;2025-12-27;23;289
12;2025-12-28;0;93
12;2025-12-28;1;10
12;2025-12-28;2;0
12;2025-12-28;3;0
12;2025-12-28;4;6
12;2025-12-28;5;183
12;2025-12-28;6;528
12;2025-12-28;7;575
12;2025-12-28;8;672
12;2025-12-28;9;879
12;2025-12-28;10;1036
12;2025-12-28;11;1204
12;2025-12-28;12;1207
12;2025-12-28;13;1394
12;2025-12-28;14;1297
12;2025-12-28;15;1208
12;2025-12-28;16;1256
12;2025-12-28;17;1268
12;2025-12-28;18;1163
12;2025-12-28;19;980
12;2025-12-28;20;742
12;2025-12-28;21;532
12;2025-12-28;22;378
12;2025-12-28;23;214
12;2025-12-29;0;53
12;2025-12-29;1;0
12;2025-12-29;2;0
12;2025-12-29;3;0
12;2025-12-29;4;0
12;2025-12-29;5;319
12;2025-12-29;6;1231
12;2025-12-29;7;2613
12;2025-12-29;8;3459
12;2025-12-29;9;2459
12;2025-12-29;10;1937
12;2025-12-29;11;1837
12;2025-12-29;12;1960
12;2025-12-29;13;1925
12;2025-12-29;14;1769
12;2025-12-29;15;2201
12;2025-12-29;16;2669
12;2025-12-29;17;2939
12;2025-12-29;18;3077
12;2025-12-29;19;2363
12;2025-12-29;20;1367
12;2025-12-29;21;950
12;2025-12-29;22;465
12;2025-12-29;23;203
12;2025-12-30;0;52
12;2025-12-30;1;14
12;2025-12-30;2;0
12;2025-12-30;3;0
12;2025-12-30;4;9
12;2025-12-30;5;235
12;2025-12-30;6;1060
12;2025-12-30;7;2453
12;2025-12-30;8;3340
12;2025-12-30;9;2220
12;2025-12-30;10;1777
12;2025-12-30;11;1684
12;2025-12-30;12;1755
12;2025-12-30;13;1740
12;2025-12-30;14;1607
12;2025-12-30;15;2038
12;2025-12-30;16;2551
12;2025-12-30;17;2920
12;2025-12-30;18;2995
12;2025-12-30;19;2287
12;2025-12-30;20;1185
12;2025-12-30;21;834
12;2025-12-30;22;349
12;2025-12-30;23;154
12;2025-12-31;0;30
12;2025-12-31;1;2
12;2025-12-31;2;0
12;2025-12-31;3;0
12;2025-12-31;4;0
12;2025-12-31;5;119
12;2025-12-31;6;345
12;2025-12-31;7;355
12;2025-12-31;8;407
12;2025-12-31;9;619
12;2025-12-31;10;836
12;2025-12-31;11;901
12;2025-12-31;12;920
12;2025-12-31;13;1120
12;2025-12-31;14;1096
12;2025-12-31;15;1009
12;2025-12-31;16;1143
12;2025-12-31;17;1174
12;2025-12-31;18;1093
12;2025-12-31;19;932
12;2025-12-31;20;606
12;2025-12-31;21;462
12;2025-12-31;22;295
12;2025-12-31;23;126
17;2025-11-01;0;193
17;2025-11-01;1;27
17;2025-11-01;2;0
17;2025-11-01;3;0
17;2025-11-01;4;5
17;2025-11-01;5;128
17;2025-11-01;6;547
17;2025-11-01;7;1172
17;2025-11-01;8;1699
17;2025-11-01;9;2203
17;2025-11-01;10;2360
17;2025-11-01;11;2852
17;2025-11-01;12;3189
17;2025-11-01;13;3419
17;2025-11-01;14;3507
17;2025-11-01;15;3503
17;2025-11-01;16;3498
17;2025-11-01;17;3382
17;2025-11-01;18;3042
17;2025-11-01;19;2470
17;2025-11-01;20;1898
17;2025-11-01;21;1338
17;2025-11-01;22;834
17;2025-11-01;23;453
17;2025-11-02;0;193
17;2025-11-02;1;28
17;2025-11-02;2;0
17;2025-11-02;3;0
17;2025-11-02;4;6
17;2025-11-02;5;96
17;2025-11-02;6;430
17;2025-11-02;7;763
17;2025-11-02;8;1222
17;2025-11-02;9;1827
17;2025-11-02;10;2061
17;2025-11-02;11;2447
17;2025-11-02;12;2960
17;2025-11-02;13;3134
17;2025-11-02;14;3211
17;2025-11-02;15;3259
17;2025-11-02;16;3187
17;2025-11-02;17;3094
17;2025-11-02;18;2703
17;2025-11-02;19;2187
17;2025-11-02;20;1657
17;2025-11-02;21;1145
17;2025-11-02;22;696
17;2025-11-02;23;326
17;2025-11-03;0;135
17;2025-11-03;1;9
17;2025-11-03;2;0
17;2025-11-03;3;0
17;2025-11-03;4;2
17;2025-11-03;5;161
17;2025-11-03;6;447
17;2025-11-03;7;828
17;2025-11-03;8;1830
17;2025-11-03;9;1926
17;2025-11-03;10;2015
17;2025-11-03;11;2488
17;2025-11-03;12;2735
17;2025-11-03;13;2894
17;2025-11-03;14;2956
17;2025-11-03;15;3067
17;2025-11-03;16;3091
17;2025-11-03;17;3129
17;2025-11-03;18;3079
17;2025-11-03;19;2371
17;2025-11-03;20;1591
17;2025-11-03;21;1303
17;2025-11-03;22;746
17;2025-11-03;23;349
17;2025-11-04;0;142
17;2025-11-04;1;13
17;2025-11-04;2;0
17;2025-11-04;3;0
17;2025-11-04;4;13
17;2025-11-04;5;166
17;2025-11-04;6;464
17;2025-11-04;7;813
17;2025-11-04;8;1853
17;2025-11-04;9;1931
17;2025-11-04;10;1972
17;2025-11-04;11;2456
17;2025-11-04;12;2705
17;2025-11-04;13;2902
17;2025-11-04;14;3035
17;2025-11-04;15;3063
17;2025-11-04;16;3054
17;2025-11-04;17;3174
17;2025-11-04;18;3148
17;2025-11-04;19;2376
17;2025-11-04;20;1599
17;2025-11-04;21;1330
17;2025-11-04;22;792
17;2025-11-04;23;343
17;2025-11-05;0;131
17;2025-11-05;1;14
17;2025-11-05;2;0
17;2025-11-05;3;0
17;2025-11-05;4;16
17;2025-11-05;5;292
17;2025-11-05;6;1464
17;2025-11-05;7;3991
17;2025-11-05;8;5181
17;2025-11-05;9;3775
17;2025-11-05;10;3049
17;2025-11-05;11;2983
17;2025-11-05;12;3063
17;2025-11-05;13;3100
17;2025-11-05;14;3160
17;2025-11-05;15;3316
17;2025-11-05;16;3623
17;2025-11-05;17;4455
17;2025-11-05;18;4816
17;2025-11-05;19;3482
17;2025-11-05;20;2379
17;2025-11-05;21;1545
17;2025-11-05;22;859
17;2025-11-05;23;394
17;2025-11-06;0;143
17;2025-11-06;1;9
17;2025-11-06;2;0
17;2025-11-06;3;0
17;2025-11-06;4;25
17;2025-11-06;5;299
17;2025-11-06;6;1478
17;2025-11-06;7;3949
17;2025-11-06;8;5157
17;2025-11-06;9;3798
17;2025-11-06;10;3079
17;2025-11-06;11;2957
17;2025-11-06;12;3090
17;2025-11-06;13;3192
17;2025-11-06;14;3200
17;2025-11-06;15;3338
17;2025-11-06;16;3688
17;2025-11-06;17;4490
17;2025-11-06;18;4865
17;2025-11-06;19;3545
17;2025-11-06;20;2425
17;2025-11-06;21;1592
17;2025-11-06;22;867
17;2025-11-06;23;439
17;2025-11-07;0;153
17;2025-11-07;1;19
17;2025-11-07;2;0
17;2025-11-07;3;0
17;2025-11-07;4;29
17;2025-11-07;5;302
17;2025-11-07;6;1448
17;2025-11-07;7;3920
17;2025-11-07;8;5092
17;2025-11-07;9;3720
17;2025-11-07;10;2966
17;2025-11-07;11;2930
17;2025-11-07;12;3032
17;2025-11-07;13;3118
17;2025-11-07;14;3183
17;2025-11-07;15;3430
17;2025-11-07;16;3984
17;2025-11-07;17;4511
17;2025-11-07;18;4451
17;2025-11-07;19;3355
17;2025-11-07;20;2330
17;2025-11-07;21;1585
17;2025-11-07;22;899
17;2025-11-07;23;479
17;2025-11-08;0;194
17;2025-11-08;1;23
17;2025-11-08;2;0
17;2025-11-08;3;0
17;2025-11-08;4;3
17;2025-11-08;5;127
17;2025-11-08;6;523
17;2025-11-08;7;1123
17;2025-11-08;8;1633
17;2025-11-08;9;2118
17;2025-11-08;10;2317
17;2025-11-08;11;2804
17;2025-11-08;12;3141
17;2025-11-08;13;3368
17;2025-11-08;14;3419
17;2025-11-08;15;3420
17;2025-11-08;16;3421
17;2025-11-08;17;3325
17;2025-11-08;18;2994
17;2025-11-08;19;2456
17;2025-11-08;20;1903
17;2025-11-08;21;1365
17;2025-11-08;22;833
17;2025-11-08;23;450
17;2025-11-09;0;199
17;2025-11-09;1;26
17;2025-11-09;2;0
17;2025-11-09;3;0
17;2025-11-09;4;5
17;2025-11-09;5;104
17;2025-11-09;6;424
17;2025-11-09;7;698
17;2025-11-09;8;1147
17;2025-11-09;9;1710
17;2025-11-09;10;1988
17;2025-11-09;11;2377
17;2025-11-09;12;2869
17;2025-11-09;13;3033
17;2025-11-09;14;3110
17;2025-11-09;15;3148
17;2025-11-09;16;3098
17;2025-11-09;17;3013
17;2025-11-09;18;2661
17;2025-11-09;19;2130
17;2025-11-09;20;1649
17;2025-11-09;21;1109
17;2025-11-09;22;698
17;2025-11-09;23;330
17;2025-11-10;0;106
17;2025-11-10;1;0
17;2025-11-10;2;0
17;2025-11-10;3;0
17;2025-11-10;4;14
17;2025-11-10;5;288
17;2025-11-10;6;1466
17;2025-11-10;7;3976
17;2025-11-10;8;5122
17;2025-11-10;9;3729
17;2025-11-10;10;2921
17;2025-11-10;11;2805
17;2025-11-10;12;2962
17;2025-11-10;13;2988
17;2025-11-10;14;3005
17;2025-11-10;15;3217
17;2025-11-10;16;3535
17;2025-11-10;17;4419
17;2025-11-10;18;4766
17;2025-11-10;19;3407
17;2025-11-10;20;2362
17;2025-11-10;21;1481
17;2025-11-10;22;823
17;2025-11-10;23;358
17;2025-11-11;0;117
17;2025-11-11;1;8
17;2025-11-11;2;0
17;2025-11-11;3;0
17;2025-11-11;4;23
17;2025-11-11;5;302
17;2025-11-11;6;1490
17;2025-11-11;7;4073
17;2025-11-11;8;5120
17;2025-11-11;9;3821
17;2025-11-11;10;2985
17;2025-11-11;11;2894
17;2025-11-11;12;2980
17;2025-11-11;13;3039
17;2025-11-11;14;3148
17;2025-11-11;15;3248
17;2025-11-11;16;3544
17;2025-11-11;17;4464
17;2025-11-11;18;4858
17;2025-11-11;19;3462
17;2025-11-11;20;2406
17;2025-11-11;21;1528
17;2025-11-11;22;861
17;2025-11-11;23;392
17;2025-11-12;0;132
17;2025-11-12;1;13
17;2025-11-12;2;0
17;2025-11-12;3;0
17;2025-11-12;4;14
17;2025-11-12;5;289
17;2025-11-12;6;1454
17;2025-11-12;7;3990
17;2025-11-12;8;5085
17;2025-11-12;9;3759
17;2025-11-12;10;3024
17;2025-11-12;11;2956
17;2025-11-12;12;3032
17;2025-11-12;13;3069
17;2025-11-12;14;3124
17;2025-11-12;15;3279
17;2025-11-12;16;3598
17;2025-11-12;17;4488
17;2025-11-12;18;4764
17;2025-11-12;19;3475
17;2025-11-12;20;2402
17;2025-11-12;21;1576
17;2025-11-12;22;885
17;2025-11-12;23;398
17;2025-11-13;0;144
17;2025-11-13;1;9
17;2025-11-13;2;0
17;2025-11-13;3;0
17;2025-11-13;4;25
17;2025-11-13;5;299
17;2025-11-13;6;1480
17;2025-11-13;7;3950
17;2025-11-13;8;5093
17;2025-11-13;9;3814
17;2025-11-13;10;3075
17;2025-11-13;11;2952
17;2025-11-13;12;3077
17;2025-11-13;13;3173
17;2025-11-13;14;3189
17;2025-11-13;15;3319
17;2025-11-13;16;3665
17;2025-11-13;17;4509
17;2025-11-13;18;4813
17;2025-11-13;19;3532
17;2025-11-13;20;2435
17;2025-11-13;21;1613
17;2025-11-13;22;892
17;2025-11-13;23;439
17;2025-11-14;0;150
17;2025-11-14;1;15
17;2025-11-14;2;0
17;2025-11-14;3;0
17;2025-11-14;4;25
17;2025-11-14;5;298
17;2025-11-14;6;1445
17;2025-11-14;7;3921
17;2025-11-14;8;5036
17;2025-11-14;9;3743
17;2025-11-14;10;2964
17;2025-11-14;11;2932
17;2025-11-14;12;3034
17;2025-11-14;13;3139
17;2025-11-14;14;3197
17;2025-11-14;15;3441
17;2025-11-14;16;4009
17;2025-11-14;17;4547
17;2025-11-14;18;4441
17;2025-11-14;19;3362
17;2025-11-14;20;2339
17;2025-11-14;21;1589
17;2025-11-14;22;900
17;2025-11-14;23;478
17;2025-11-15;0;204
17;2025-11-15;1;24
17;2025-11-15;2;0
17;2025-11-15;3;0
17;2025-11-15;4;4
17;2025-11-15;5;132
17;2025-11-15;6;552
17;2025-11-15;7;1186
17;2025-11-15;8;1700
17;2025-11-15;9;2204
17;2025-11-15;10;2392
17;2025-11-15;11;2904
17;2025-11-15;12;3256
17;2025-11-15;13;3496
17;2025-11-15;14;3547
17;2025-11-15;15;3543
17;2025-11-15;16;3532
17;2025-11-15;17;3417
17;2025-11-15;18;3091
17;2025-11-15;19;2532
17;2025-11-15;20;1966
17;2025-11-15;21;1400
17;2025-11-15;22;875
17;2025-11-15;23;477
17;2025-11-16;0;209
17;2025-11-16;1;30
17;2025-11-16;2;0
17;2025-11-16;3;0
17;2025-11-16;4;6
17;2025-11-16;5;105
17;2025-11-16;6;428
17;2025-11-16;7;740
17;2025-11-16;8;1179
17;2025-11-16;9;1808
17;2025-11-16;10;2117
17;2025-11-16;11;2505
17;2025-11-16;12;3023
17;2025-11-16;13;3191
17;2025-11-16;14;3266
17;2025-11-16;15;3301
17;2025-11-16;16;3239
17;2025-11-16;17;3158
17;2025-11-16;18;2809
17;2025-11-16;19;2259
17;2025-11-16;20;1734
17;2025-11-16;21;1151
17;2025-11-16;22;738
17;2025-11-16;23;353
17;2025-11-17;0;112
17;2025-11-17;1;5
17;2025-11-17;2;0
17;2025-11-17;3;0
17;2025-11-17;4;16
17;2025-11-17;5;282
17;2025-11-17;6;1463
17;2025-11-17;7;3960
17;2025-11-17;8;5132
17;2025-11-17;9;3772
17;2025-11-17;10;2956
17;2025-11-17;11;2841
17;2025-11-17;12;3005
17;2025-11-17;13;3032
17;2025-11-17;14;3048
17;2025-11-17;15;3260
17;2025-11-17;16;3557
17;2025-11-17;17;4423
17;2025-11-17;18;4785
17;2025-11-17;19;3445
17;2025-11-17;20;2381
17;2025-11-17;21;1491
17;2025-11-17;22;834
17;2025-11-17;23;372
17;2025-11-18;0;122
17;2025-11-18;1;10
17;2025-11-18;2;0
17;2025-11-18;3;0
17;2025-11-18;4;25
17;2025-11-18;5;303
17;2025-11-18;6;1501
17;2025-11-18;7;4091
17;2025-11-18;8;5155
17;2025-11-18;9;3873
17;2025-11-18;10;3009
17;2025-11-18;11;2917
17;2025-11-18;12;3015
17;2025-11-18;13;3073
17;2025-11-18;14;3180
17;2025-11-18;15;3286
17;2025-11-18;16;3569
17;2025-11-18;17;4492
17;2025-11-18;18;4877
17;2025-11-18;19;3491
17;2025-11-18;20;2415
17;2025-11-18;21;1536
17;2025-11-18;22;874
17;2025-11-18;23;400
17;2025-11-19;0;131
17;2025-11-19;1;13
17;2025-11-19;2;0
17;2025-11-19;3;0
17;2025-11-19;4;14
17;2025-11-19;5;290
17;2025-11-19;6;1453
17;2025-11-19;7;4018
17;2025-11-19;8;5123
17;2025-11-19;9;3811
17;2025-11-19;10;3047
17;2025-11-19;11;2975
17;2025-11-19;12;3053
17;2025-11-19;13;3093
17;2025-11-19;14;3142
17;2025-11-19;15;3296
17;2025-11-19;16;3628
17;2025-11-19;17;4517
17;2025-11-19;18;4791
17;2025-11-19;19;3491
17;2025-11-19;20;2418
17;2025-11-19;21;1593
17;2025-11-19;22;902
17;2025-11-19;23;418
17;2025-11-20;0;146
17;2025-11-20;1;10
17;2025-11-20;2;0
17;2025-11-20;3;0
17;2025-11-20;4;26
17;2025-11-20;5;299
17;2025-11-20;6;1482
17;2025-11-20;7;3976
17;2025-11-20;8;5135
17;2025-11-20;9;3838
17;2025-11-20;10;3078
17;2025-11-20;11;2952
17;2025-11-20;12;3085
17;2025-11-20;13;3181
17;2025-11-20;14;3190
17;2025-11-20;15;3320
17;2025-11-20;16;3697
17;2025-11-20;17;4546
17;2025-11-20;18;4847
17;2025-11-20;19;3544
17;2025-11-20;20;2450
17;2025-11-20;21;1625
17;2025-11-20;22;897
17;2025-11-20;23;450
17;2025-11-21;0;153
17;2025-11-21;1;15
17;2025-11-21;2;0
17;2025-11-21;3;0
17;2025-11-21;4;26
17;2025-11-21;5;297
17;2025-11-21;6;1447
17;2025-11-21;7;3948
17;2025-11-21;8;5079
17;2025-11-21;9;3765
17;2025-11-21;10;2963
17;2025-11-21;11;2937
17;2025-11-21;12;3052
17;2025-11-21;13;3165
17;2025-11-21;14;3234
17;2025-11-21;15;3516
17;2025-11-21;16;4105
17;2025-11-21;17;4621
17;2025-11-21;18;4496
17;2025-11-21;19;3390
17;2025-11-21;20;2361
17;2025-11-21;21;1608
17;2025-11-21;22;911
17;2025-11-21;23;485
17;2025-11-22;0;205
17;2025-11-22;1;24
17;2025-11-22;2;0
17;2025-11-22;3;0
17;2025-11-22;4;4
17;2025-11-22;5;132
17;2025-11-22;6;543
17;2025-11-22;7;1179
17;2025-11-22;8;1691
17;2025-11-22;9;2192
17;2025-11-22;10;2371
17;2025-11-22;11;2874
17;2025-11-22;12;3216
17;2025-11-22;13;3444
17;2025-11-22;14;3495
17;2025-11-22;15;3497
17;2025-11-22;16;3454
17;2025-11-22;17;3344
17;2025-11-22;18;3022
17;2025-11-22;19;2507
17;2025-11-22;20;1965
17;2025-11-22;21;1424
17;2025-11-22;22;890
17;2025-11-22;23;479
17;2025-11-23;0;205
17;2025-11-23;1;29
17;2025-11-23;2;0
17;2025-11-23;3;0
17;2025-11-23;4;7
17;2025-11-23;5;104
17;2025-11-23;6;419
17;2025-11-23;7;741
17;2025-11-23;8;1175
17;2025-11-23;9;1760
17;2025-11-23;10;2008
17;2025-11-23;11;2381
17;2025-11-23;12;2863
17;2025-11-23;13;3031
17;2025-11-23;14;3103
17;2025-11-23;15;3140
17;2025-11-23;16;3082
17;2025-11-23;17;2997
17;2025-11-23;18;2652
17;2025-11-23;19;2175
17;2025-11-23;20;1704
17;2025-11-23;21;1186
17;2025-11-23;22;759
17;2025-11-23;23;352
17;2025-11-24;0;115
17;2025-11-24;1;8
17;2025-11-24;2;0
17;2025-11-24;3;0
17;2025-11-24;4;16
17;2025-11-24;5;282
17;2025-11-24;6;1475
17;2025-11-24;7;3985
17;2025-11-24;8;5165
17;2025-11-24;9;3802
17;2025-11-24;10;2960
17;2025-11-24;11;2844
17;2025-11-24;12;3009
17;2025-11-24;13;3036
17;2025-11-24;14;3050
17;2025-11-24;15;3254
17;2025-11-24;16;3592
17;2025-11-24;17;4446
17;2025-11-24;18;4804
17;2025-11-24;19;3439
17;2025-11-24;20;2392
17;2025-11-24;21;1509
17;2025-11-24;22;837
17;2025-11-24;23;374
17;2025-11-25;0;124
17;2025-11-25;1;11
17;2025-11-25;2;0
17;2025-11-25;3;0
17;2025-11-25;4;27
17;2025-11-25;5;304
17;2025-11-25;6;1491
17;2025-11-25;7;4083
17;2025-11-25;8;5186
17;2025-11-25;9;3897
17;2025-11-25;10;3012
17;2025-11-25;11;2921
17;2025-11-25;12;3021
17;2025-11-25;13;3080
17;2025-11-25;14;3187
17;2025-11-25;15;3282
17;2025-11-25;16;3609
17;2025-11-25;17;4532
17;2025-11-25;18;4906
17;2025-11-25;19;3529
17;2025-11-25;20;2440
17;2025-11-25;21;1573
17;2025-11-25;22;880
17;2025-11-25;23;402
17;2025-11-26;0;134
17;2025-11-26;1;14
17;2025-11-26;2;0
17;2025-11-26;3;0
17;2025-11-26;4;16
17;2025-11-26;5;290
17;2025-11-26;6;1450
17;2025-11-26;7;3978
17;2025-11-26;8;5125
17;2025-11-26;9;3780
17;2025-11-26;10;3050
17;2025-11-26;11;2974
17;2025-11-26;12;3054
17;2025-11-26;13;3095
17;2025-11-26;14;3144
17;2025-11-26;15;3299
17;2025-11-26;16;3639
17;2025-11-26;17;4481
17;2025-11-26;18;4765
17;2025-11-26;19;3511
17;2025-11-26;20;2428
17;2025-11-26;21;1632
17;2025-11-26;22;903
17;2025-11-26;23;416
17;2025-11-27;0;149
17;2025-11-27;1;12
17;2025-11-27;2;0
17;2025-11-27;3;0
17;2025-11-27;4;27
17;2025-11-27;5;297
17;2025-11-27;6;1469
17;2025-11-27;7;3927
17;2025-11-27;8;5126
17;2025-11-27;9;3811
17;2025-11-27;10;3071
17;2025-11-27;11;2950
17;2025-11-27;12;3088
17;2025-11-27;13;3184
17;2025-11-27;14;3189
17;2025-11-27;15;3324
17;2025-11-27;16;3710
17;2025-11-27;17;4506
17;2025-11-27;18;4824
17;2025-11-27;19;3557
17;2025-11-27;20;2465
17;2025-11-27;21;1656
17;2025-11-27;22;916
17;2025-11-27;23;449
17;2025-11-28;0;158
17;2025-11-28;1;16
17;2025-11-28;2;0
17;2025-11-28;3;0
17;2025-11-28;4;26
17;2025-11-28;5;297
17;2025-11-28;6;1444
17;2025-11-28;7;3880
17;2025-11-28;8;5039
17;2025-11-28;9;3715
17;2025-11-28;10;2960
17;2025-11-28;11;2927
17;2025-11-28;12;3025
17;2025-11-28;13;3121
17;2025-11-28;14;3191
17;2025-11-28;15;3447
17;2025-11-28;16;4004
17;2025-11-28;17;4501
17;2025-11-28;18;4409
17;2025-11-28;19;3321
17;2025-11-28;20;2322
17;2025-11-28;21;1592
17;2025-11-28;22;888
17;2025-11-28;23;466
17;2025-11-29;0;198
17;2025-11-29;1;23
17;2025-11-29;2;0
17;2025-11-29;3;0
17;2025-11-29;4;4
17;2025-11-29;5;129
17;2025-11-29;6;523
17;2025-11-29;7;1139
17;2025-11-29;8;1612
17;2025-11-29;9;2086
17;2025-11-29;10;2288
17;2025-11-29;11;2786
17;2025-11-29;12;3123
17;2025-11-29;13;3353
17;2025-11-29;14;3412
17;2025-11-29;15;3413
17;2025-11-29;16;3411
17;2025-11-29;17;3299
17;2025-11-29;18;2969
17;2025-11-29;19;2425
17;2025-11-29;20;1915
17;2025-11-29;21;1387
17;2025-11-29;22;870
17;2025-11-29;23;475
17;2025-11-30;0;207
17;2025-11-30;1;31
17;2025-11-30;2;0
17;2025-11-30;3;0
17;2025-11-30;4;8
17;2025-11-30;5;104
17;2025-11-30;6;414
17;2025-11-30;7;733
17;2025-11-30;8;1138
17;2025-11-30;9;1739
17;2025-11-30;10;2009
17;2025-11-30;11;2419
17;2025-11-30;12;2898
17;2025-11-30;13;3068
17;2025-11-30;14;3145
17;2025-11-30;15;3176
17;2025-11-30;16;3120
17;2025-11-30;17;3037
17;2025-11-30;18;2682
17;2025-11-30;19;2172
17;2025-11-30;20;1728
17;2025-11-30;21;1150
17;2025-11-30;22;746
17;2025-11-30;23;343
17;2025-12-01;0;110
17;2025-12-01;1;5
17;2025-12-01;2;0
17;2025-12-01;3;0
17;2025-12-01;4;15
17;2025-12-01;5;278
17;2025-12-01;6;1446
17;2025-12-01;7;3983
17;2025-12-01;8;5118
17;2025-12-01;9;3786
17;2025-12-01;10;2941
17;2025-12-01;11;2833
17;2025-12-01;12;2998
17;2025-12-01;13;3036
17;2025-12-01;14;3050
17;2025-12-01;15;3254
17;2025-12-01;16;3591
17;2025-12-01;17;4438
17;2025-12-01;18;4803
17;2025-12-01;19;3432
17;2025-12-01;20;2366
17;2025-12-01;21;1500
17;2025-12-01;22;832
17;2025-12-01;23;368
17;2025-12-02;0;134
17;2025-12-02;1;21
17;2025-12-02;2;7
17;2025-12-02;3;7
17;2025-12-02;4;34
17;2025-12-02;5;312
17;2025-12-02;6;1452
17;2025-12-02;7;4086
17;2025-12-02;8;5146
17;2025-12-02;9;3851
17;2025-12-02;10;2939
17;2025-12-02;11;2853
17;2025-12-02;12;2935
17;2025-12-02;13;2993
17;2025-12-02;14;3094
17;2025-12-02;15;3222
17;2025-12-02;16;3532
17;2025-12-02;17;4430
17;2025-12-02;18;4872
17;2025-12-02;19;3409
17;2025-12-02;20;2360
17;2025-12-02;21;1541
17;2025-12-02;22;863
17;2025-12-02;23;389
17;2025-12-03;0;132
17;2025-12-03;1;14
17;2025-12-03;2;0
17;2025-12-03;3;0
17;2025-12-03;4;15
17;2025-12-03;5;288
17;2025-12-03;6;1444
17;2025-12-03;7;3964
17;2025-12-03;8;5072
17;2025-12-03;9;3760
17;2025-12-03;10;3050
17;2025-12-03;11;2977
17;2025-12-03;12;3054
17;2025-12-03;13;3086
17;2025-12-03;14;3135
17;2025-12-03;15;3294
17;2025-12-03;16;3632
17;2025-12-03;17;4433
17;2025-12-03;18;4714
17;2025-12-03;19;3463
17;2025-12-03;20;2399
17;2025-12-03;21;1601
17;2025-12-03;22;892
17;2025-12-03;23;408
17;2025-12-04;0;144
17;2025-12-04;1;10
17;2025-12-04;2;0
17;2025-12-04;3;0
17;2025-12-04;4;25
17;2025-12-04;5;293
17;2025-12-04;6;1454
17;2025-12-04;7;3912
17;2025-12-04;8;5069
17;2025-12-04;9;3791
17;2025-12-04;10;3059
17;2025-12-04;11;2941
17;2025-12-04;12;3068
17;2025-12-04;13;3155
17;2025-12-04;14;3172
17;2025-12-04;15;3307
17;2025-12-04;16;3686
17;2025-12-04;17;4452
17;2025-12-04;18;4771
17;2025-12-04;19;3500
17;2025-12-04;20;2412
17;2025-12-04;21;1609
17;2025-12-04;22;897
17;2025-12-04;23;441
17;2025-12-05;0;152
17;2025-12-05;1;16
17;2025-12-05;2;0
17;2025-12-05;3;0
17;2025-12-05;4;27
17;2025-12-05;5;298
17;2025-12-05;6;1437
17;2025-12-05;7;3905
17;2025-12-05;8;5023
17;2025-12-05;9;3742
17;2025-12-05;10;2963
17;2025-12-05;11;2934
17;2025-12-05;12;3042
17;2025-12-05;13;3136
17;2025-12-05;14;3195
17;2025-12-05;15;3443
17;2025-12-05;16;4001
17;2025-12-05;17;4501
17;2025-12-05;18;4422
17;2025-12-05;19;3339
17;2025-12-05;20;2322
17;2025-12-05;21;1595
17;2025-12-05;22;889
17;2025-12-05;23;467
17;2025-12-06;0;199
17;2025-12-06;1;27
17;2025-12-06;2;0
17;2025-12-06;3;0
17;2025-12-06;4;7
17;2025-12-06;5;133
17;2025-12-06;6;522
17;2025-12-06;7;1145
17;2025-12-06;8;1605
17;2025-12-06;9;2118
17;2025-12-06;10;2308
17;2025-12-06;11;2808
17;2025-12-06;12;3141
17;2025-12-06;13;3376
17;2025-12-06;14;3426
17;2025-12-06;15;3422
17;2025-12-06;16;3418
17;2025-12-06;17;3316
17;2025-12-06;18;3000
17;2025-12-06;19;2460
17;2025-12-06;20;1930
17;2025-12-06;21;1380
17;2025-12-06;22;867
17;2025-12-06;23;467
17;2025-12-07;0;202
17;2025-12-07;1;28
17;2025-12-07;2;0
17;2025-12-07;3;0
17;2025-12-07;4;6
17;2025-12-07;5;103
17;2025-12-07;6;413
17;2025-12-07;7;727
17;2025-12-07;8;1133
17;2025-12-07;9;1727
17;2025-12-07;10;1986
17;2025-12-07;11;2390
17;2025-12-07;12;2873
17;2025-12-07;13;3039
17;2025-12-07;14;3110
17;2025-12-07;15;3144
17;2025-12-07;16;3092
17;2025-12-07;17;3004
17;2025-12-07;18;2664
17;2025-12-07;19;2155
17;2025-12-07;20;1689
17;2025-12-07;21;1129
17;2025-12-07;22;728
17;2025-12-07;23;334
17;2025-12-08;0;107
17;2025-12-08;1;3
17;2025-12-08;2;0
17;2025-12-08;3;0
17;2025-12-08;4;14
17;2025-12-08;5;279
17;2025-12-08;6;1452
17;2025-12-08;7;3956
17;2025-12-08;8;5097
17;2025-12-08;9;3762
17;2025-12-08;10;2942
17;2025-12-08;11;2834
17;2025-12-08;12;2996
17;2025-12-08;13;3023
17;2025-12-08;14;3031
17;2025-12-08;15;3231
17;2025-12-08;16;3559
17;2025-12-08;17;4396
17;2025-12-08;18;4762
17;2025-12-08;19;3402
17;2025-12-08;20;2383
17;2025-12-08;21;1509
17;2025-12-08;22;831
17;2025-12-08;23;368
17;2025-12-09;0;123
17;2025-12-09;1;11
17;2025-12-09;2;0
17;2025-12-09;3;0
17;2025-12-09;4;25
17;2025-12-09;5;302
17;2025-12-09;6;1462
17;2025-12-09;7;4095
17;2025-12-09;8;5159
17;2025-12-09;9;3863
17;2025-12-09;10;2999
17;2025-12-09;11;2912
17;2025-12-09;12;3003
17;2025-12-09;13;3062
17;2025-12-09;14;3162
17;2025-12-09;15;3264
17;2025-12-09;16;3577
17;2025-12-09;17;4464
17;2025-12-09;18;4858
17;2025-12-09;19;3447
17;2025-12-09;20;2411
17;2025-12-09;21;1553
17;2025-12-09;22;869
17;2025-12-09;23;397
17;2025-12-10;0;134
17;2025-12-10;1;15
17;2025-12-10;2;0
17;2025-12-10;3;0
17;2025-12-10;4;16
17;2025-12-10;5;291
17;2025-12-10;6;1445
17;2025-12-10;7;3994
17;2025-12-10;8;5083
17;2025-12-10;9;3786
17;2025-12-10;10;3044
17;2025-12-10;11;2973
17;2025-12-10;12;3054
17;2025-12-10;13;3087
17;2025-12-10;14;3136
17;2025-12-10;15;3294
17;2025-12-10;16;3632
17;2025-12-10;17;4467
17;2025-12-10;18;4729
17;2025-12-10;19;3456
17;2025-12-10;20;2397
17;2025-12-10;21;1595
17;2025-12-10;22;890
17;2025-12-10;23;403
17;2025-12-11;0;144
17;2025-12-11;1;10
17;2025-12-11;2;0
17;2025-12-11;3;0
17;2025-12-11;4;26
17;2025-12-11;5;295
17;2025-12-11;6;1455
17;2025-12-11;7;3940
17;2025-12-11;8;5088
17;2025-12-11;9;3811
17;2025-12-11;10;3057
17;2025-12-11;11;2938
17;2025-12-11;12;3064
17;2025-12-11;13;3155
17;2025-12-11;14;3165
17;2025-12-11;15;3299
17;2025-12-11;16;3675
17;2025-12-11;17;4477
17;2025-12-11;18;4778
17;2025-12-11;19;3484
17;2025-12-11;20;2415
17;2025-12-11;21;1608
17;2025-12-11;22;894
17;2025-12-11;23;432
17;2025-12-12;0;151
17;2025-12-12;1;15
17;2025-12-12;2;0
17;2025-12-12;3;0
17;2025-12-12;4;27
17;2025-12-12;5;299
17;2025-12-12;6;1436
17;2025-12-12;7;3931
17;2025-12-12;8;5039
17;2025-12-12;9;3756
17;2025-12-12;10;2954
17;2025-12-12;11;2920
17;2025-12-12;12;3022
17;2025-12-12;13;3116
17;2025-12-12;14;3165
17;2025-12-12;15;3413
17;2025-12-12;16;4019
17;2025-12-12;17;4518
17;2025-12-12;18;4439
17;2025-12-12;19;3319
17;2025-12-12;20;2304
17;2025-12-12;21;1571
17;2025-12-12;22;880
17;2025-12-12;23;456
17;2025-12-13;0;196
17;2025-12-13;1;25
17;2025-12-13;2;0
17;2025-12-13;3;0
17;2025-12-13;4;5
17;2025-12-13;5;131
17;2025-12-13;6;512
17;2025-12-13;7;1137
17;2025-12-13;8;1612
17;2025-12-13;9;2117
17;2025-12-13;10;2325
17;2025-12-13;11;2840
17;2025-12-13;12;3172
17;2025-12-13;13;3403
17;2025-12-13;14;3453
17;2025-12-13;15;3452
17;2025-12-13;16;3447
17;2025-12-13;17;3334
17;2025-12-13;18;3008
17;2025-12-13;19;2463
17;2025-12-13;20;1916
17;2025-12-13;21;1369
17;2025-12-13;22;868
17;2025-12-13;23;451
17;2025-12-14;0;200
17;2025-12-14;1;28
17;2025-12-14;2;0
17;2025-12-14;3;0
17;2025-12-14;4;6
17;2025-12-14;5;101
17;2025-12-14;6;399
17;2025-12-14;7;724
17;2025-12-14;8;1128
17;2025-12-14;9;1710
17;2025-12-14;10;1977
17;2025-12-14;11;2418
17;2025-12-14;12;2911
17;2025-12-14;13;3076
17;2025-12-14;14;3147
17;2025-12-14;15;3184
17;2025-12-14;16;3132
17;2025-12-14;17;3039
17;2025-12-14;18;2690
17;2025-12-14;19;2153
17;2025-12-14;20;1678
17;2025-12-14;21;1125
17;2025-12-14;22;734
17;2025-12-14;23;326
17;2025-12-15;0;108
17;2025-12-15;1;3
17;2025-12-15;2;0
17;2025-12-15;3;0
17;2025-12-15;4;15
17;2025-12-15;5;279
17;2025-12-15;6;1456
17;2025-12-15;7;3987
17;2025-12-15;8;5115
17;2025-12-15;9;3779
17;2025-12-15;10;2951
17;2025-12-15;11;2836
17;2025-12-15;12;3001
17;2025-12-15;13;3024
17;2025-12-15;14;3034
17;2025-12-15;15;3230
17;2025-12-15;16;3562
17;2025-12-15;17;4403
17;2025-12-15;18;4772
17;2025-12-15;19;3406
17;2025-12-15;20;2376
17;2025-12-15;21;1505
17;2025-12-15;22;831
17;2025-12-15;23;362
17;2025-12-16;0;123
17;2025-12-16;1;11
17;2025-12-16;2;0
17;2025-12-16;3;0
17;2025-12-16;4;26
17;2025-12-16;5;301
17;2025-12-16;6;1467
17;2025-12-16;7;4092
17;2025-12-16;8;5150
17;2025-12-16;9;3867
17;2025-12-16;10;3003
17;2025-12-16;11;2911
17;2025-12-16;12;3011
17;2025-12-16;13;3069
17;2025-12-16;14;3167
17;2025-12-16;15;3272
17;2025-12-16;16;3581
17;2025-12-16;17;4472
17;2025-12-16;18;4860
17;2025-12-16;19;3454
17;2025-12-16;20;2401
17;2025-12-16;21;1542
17;2025-12-16;22;869
17;2025-12-16;23;386
17;2025-12-17;0;131
17;2025-12-17;1;13
17;2025-12-17;2;0
17;2025-12-17;3;0
17;2025-12-17;4;15
17;2025-12-17;5;288
17;2025-12-17;6;1443
17;2025-12-17;7;3985
17;2025-12-17;8;5083
17;2025-12-17;9;3780
17;2025-12-17;10;3040
17;2025-12-17;11;2970
17;2025-12-17;12;3050
17;2025-12-17;13;3083
17;2025-12-17;14;3135
17;2025-12-17;15;3290
17;2025-12-17;16;3624
17;2025-12-17;17;4468
17;2025-12-17;18;4728
17;2025-12-17;19;3452
17;2025-12-17;20;2379
17;2025-12-17;21;1572
17;2025-12-17;22;889
17;2025-12-17;23;399
17;2025-12-18;0;143
17;2025-12-18;1;11
17;2025-12-18;2;0
17;2025-12-18;3;0
17;2025-12-18;4;26
17;2025-12-18;5;298
17;2025-12-18;6;1423
17;2025-12-18;7;3924
17;2025-12-18;8;5096
17;2025-12-18;9;3800
17;2025-12-18;10;3063
17;2025-12-18;11;2936
17;2025-12-18;12;3071
17;2025-12-18;13;3152
17;2025-12-18;14;3167
17;2025-12-18;15;3287
17;2025-12-18;16;3662
17;2025-12-18;17;4483
17;2025-12-18;18;4782
17;2025-12-18;19;3476
17;2025-12-18;20;2400
17;2025-12-18;21;1560
17;2025-12-18;22;898
17;2025-12-18;23;433
17;2025-12-19;0;151
17;2025-12-19;1;15
17;2025-12-19;2;0
17;2025-12-19;3;0
17;2025-12-19;4;25
17;2025-12-19;5;300
17;2025-12-19;6;1406
17;2025-12-19;7;3916
17;2025-12-19;8;5045
17;2025-12-19;9;3734
17;2025-12-19;10;2963
17;2025-12-19;11;2962
17;2025-12-19;12;3071
17;2025-12-19;13;3165
17;2025-12-19;14;3205
17;2025-12-19;15;3466
17;2025-12-19;16;4059
17;2025-12-19;17;4562
17;2025-12-19;18;4472
17;2025-12-19;19;3342
17;2025-12-19;20;2293
17;2025-12-19;21;1494
17;2025-12-19;22;892
17;2025-12-19;23;466
17;2025-12-20;0;195
17;2025-12-20;1;25
17;2025-12-20;2;0
17;2025-12-20;3;0
17;2025-12-20;4;6
17;2025-12-20;5;127
17;2025-12-20;6;517
17;2025-12-20;7;1147
17;2025-12-20;8;1585
17;2025-12-20;9;2071
17;2025-12-20;10;2282
17;2025-12-20;11;2806
17;2025-12-20;12;3179
17;2025-12-20;13;3391
17;2025-12-20;14;3442
17;2025-12-20;15;3444
17;2025-12-20;16;3442
17;2025-12-20;17;3337
17;2025-12-20;18;3012
17;2025-12-20;19;2470
17;2025-12-20;20;1877
17;2025-12-20;21;1309
17;2025-12-20;22;878
17;2025-12-20;23;472
17;2025-12-21;0;200
17;2025-12-21;1;27
17;2025-12-21;2;0
17;2025-12-21;3;0
17;2025-12-21;4;7
17;2025-12-21;5;97
17;2025-12-21;6;410
17;2025-12-21;7;727
17;2025-12-21;8;1075
17;2025-12-21;9;1634
17;2025-12-21;10;1921
17;2025-12-21;11;2369
17;2025-12-21;12;2904
17;2025-12-21;13;3090
17;2025-12-21;14;3168
17;2025-12-21;15;3220
17;2025-12-21;16;3164
17;2025-12-21;17;3070
17;2025-12-21;18;2721
17;2025-12-21;19;2162
17;2025-12-21;20;1656
17;2025-12-21;21;1114
17;2025-12-21;22;743
17;2025-12-21;23;352
17;2025-12-22;0;104
17;2025-12-22;1;4
17;2025-12-22;2;0
17;2025-12-22;3;0
17;2025-12-22;4;14
17;2025-12-22;5;282
17;2025-12-22;6;1306
17;2025-12-22;7;3967
17;2025-12-22;8;5105
17;2025-12-22;9;3766
17;2025-12-22;10;2930
17;2025-12-22;11;2816
17;2025-12-22;12;3013
17;2025-12-22;13;3039
17;2025-12-22;14;3058
17;2025-12-22;15;3282
17;2025-12-22;16;3590
17;2025-12-22;17;4435
17;2025-12-22;18;4780
17;2025-12-22;19;3404
17;2025-12-22;20;2365
17;2025-12-22;21;1425
17;2025-12-22;22;832
17;2025-12-22;23;385
17;2025-12-23;0;134
17;2025-12-23;1;25
17;2025-12-23;2;1
17;2025-12-23;3;1
17;2025-12-23;4;22
17;2025-12-23;5;301
17;2025-12-23;6;1291
17;2025-12-23;7;4047
17;2025-12-23;8;5118
17;2025-12-23;9;3833
17;2025-12-23;10;2953
17;2025-12-23;11;2865
17;2025-12-23;12;2989
17;2025-12-23;13;3079
17;2025-12-23;14;3179
17;2025-12-23;15;3259
17;2025-12-23;16;3532
17;2025-12-23;17;4487
17;2025-12-23;18;4859
17;2025-12-23;19;3414
17;2025-12-23;20;2378
17;2025-12-23;21;1398
17;2025-12-23;22;863
17;2025-12-23;23;398
17;2025-12-24;0;128
17;2025-12-24;1;14
17;2025-12-24;2;0
17;2025-12-24;3;0
17;2025-12-24;4;12
17;2025-12-24;5;288
17;2025-12-24;6;1251
17;2025-12-24;7;3933
17;2025-12-24;8;5048
17;2025-12-24;9;3732
17;2025-12-24;10;3008
17;2025-12-24;11;2926
17;2025-12-24;12;3049
17;2025-12-24;13;3056
17;2025-12-24;14;3131
17;2025-12-24;15;3273
17;2025-12-24;16;3598
17;2025-12-24;17;4477
17;2025-12-24;18;4724
17;2025-12-24;19;3423
17;2025-12-24;20;2364
17;2025-12-24;21;1413
17;2025-12-24;22;878
17;2025-12-24;23;411
17;2025-12-25;0;141
17;2025-12-25;1;9
17;2025-12-25;2;0
17;2025-12-25;3;0
17;2025-12-25;4;25
17;2025-12-25;5;304
17;2025-12-25;6;1284
17;2025-12-25;7;3907
17;2025-12-25;8;5076
17;2025-12-25;9;3785
17;2025-12-25;10;3051
17;2025-12-25;11;2921
17;2025-12-25;12;3087
17;2025-12-25;13;3176
17;2025-12-25;14;3193
17;2025-12-25;15;3308
17;2025-12-25;16;3674
17;2025-12-25;17;4504
17;2025-12-25;18;4793
17;2025-12-25;19;3476
17;2025-12-25;20;2382
17;2025-12-25;21;1429
17;2025-12-25;22;875
17;2025-12-25;23;441
17;2025-12-26;0;151
17;2025-12-26;1;18
17;2025-12-26;2;0
17;2025-12-26;3;0
17;2025-12-26;4;27
17;2025-12-26;5;305
17;2025-12-26;6;1265
17;2025-12-26;7;3887
17;2025-12-26;8;5011
17;2025-12-26;9;3710
17;2025-12-26;10;2957
17;2025-12-26;11;2930
17;2025-12-26;12;3056
17;2025-12-26;13;3160
17;2025-12-26;14;3216
17;2025-12-26;15;3481
17;2025-12-26;16;4073
17;2025-12-26;17;4588
17;2025-12-26;18;4490
17;2025-12-26;19;3343
17;2025-12-26;20;2318
17;2025-12-26;21;1400
17;2025-12-26;22;882
17;2025-12-26;23;473
17;2025-12-27;0;197
17;2025-12-27;1;27
17;2025-12-27;2;0
17;2025-12-27;3;0
17;2025-12-27;4;6
17;2025-12-27;5;124
17;2025-12-27;6;517
17;2025-12-27;7;1128
17;2025-12-27;8;1462
17;2025-12-27;9;1999
17;2025-12-27;10;2208
17;2025-12-27;11;2758
17;2025-12-27;12;3152
17;2025-12-27;13;3387
17;2025-12-27;14;3439
17;2025-12-27;15;3450
17;2025-12-27;16;3449
17;2025-12-27;17;3343
17;2025-12-27;18;2976
17;2025-12-27;19;2441
17;2025-12-27;20;1863
17;2025-12-27;21;1218
17;2025-12-27;22;864
17;2025-12-27;23;474
17;2025-12-28;0;202
17;2025-12-28;1;29
17;2025-12-28;2;1
17;2025-12-28;3;1
17;2025-12-28;4;8
17;2025-12-28;5;99
17;2025-12-28;6;407
17;2025-12-28;7;721
17;2025-12-28;8;1077
17;2025-12-28;9;1625
17;2025-12-28;10;1906
17;2025-12-28;11;2373
17;2025-12-28;12;2910
17;2025-12-28;13;3108
17;2025-12-28;14;3178
17;2025-12-28;15;3232
17;2025-12-28;16;3175
17;2025-12-28;17;3081
17;2025-12-28;18;2704
17;2025-12-28;19;2145
17;2025-12-28;20;1637
17;2025-12-28;21;1112
17;2025-12-28;22;723
17;2025-12-28;23;339
17;2025-12-29;0;104
17;2025-12-29;1;5
17;2025-12-29;2;0
17;2025-12-29;3;0
17;2025-12-29;4;15
17;2025-12-29;5;259
17;2025-12-29;6;1237
17;2025-12-29;7;3933
17;2025-12-29;8;5058
17;2025-12-29;9;3728
17;2025-12-29;10;2877
17;2025-12-29;11;2759
17;2025-12-29;12;2964
17;2025-12-29;13;2991
17;2025-12-29;14;3011
17;2025-12-29;15;3242
17;2025-12-29;16;3522
17;2025-12-29;17;4354
17;2025-12-29;18;4710
17;2025-12-29;19;3324
17;2025-12-29;20;2302
17;2025-12-29;21;1289
17;2025-12-29;22;798
17;2025-12-29;23;321
17;2025-12-30;0;95
17;2025-12-30;1;31
17;2025-12-30;2;10
17;2025-12-30;3;8
17;2025-12-30;4;12
17;2025-12-30;5;169
17;2025-12-30;6;1070
17;2025-12-30;7;3865
17;2025-12-30;8;4882
17;2025-12-30;9;3622
17;2025-12-30;10;2685
17;2025-12-30;11;2591
17;2025-12-30;12;2731
17;2025-12-30;13;2832
17;2025-12-30;14;2977
17;2025-12-30;15;3101
17;2025-12-30;16;3382
17;2025-12-30;17;4321
17;2025-12-30;18;4696
17;2025-12-30;19;3236
17;2025-12-30;20;2193
17;2025-12-30;21;1138
17;2025-12-30;22;688
17;2025-12-30;23;290
17;2025-12-31;0;97
17;2025-12-31;1;13
17;2025-12-31;2;0
17;2025-12-31;3;0
17;2025-12-31;4;0
17;2025-12-31;5;78
17;2025-12-31;6;241
17;2025-12-31;7;518
17;2025-12-31;8;1242
17;2025-12-31;9;1335
17;2025-12-31;10;1478
17;2025-12-31;11;2111
17;2025-12-31;12;2432
17;2025-12-31;13;2588
17;2025-12-31;14;2735
17;2025-12-31;15;2803
17;2025-12-31;16;2837
17;2025-12-31;17;2952
17;2025-12-31;18;2790
17;2025-12-31;19;2052
17;2025-12-31;20;1317
17;2025-12-31;21;991
17;2025-12-31;22;645
17;2025-12-31;23;260
25;2025-11-01;0;8
25;2025-11-01;1;2
25;2025-11-01;2;0
25;2025-11-01;3;0
25;2025-11-01;4;0
25;2025-11-01;5;11
25;2025-11-01;6;89
25;2025-11-01;7;134
25;2025-11-01;8;286
25;2025-11-01;9;277
25;2025-11-01;10;276
25;2025-11-01;11;351
25;2025-11-01;12;381
25;2025-11-01;13;509
25;2025-11-01;14;557
25;2025-11-01;15;610
25;2025-11-01;16;562
25;2025-11-01;17;477
25;2025-11-01;18;483
25;2025-11-01;19;404
25;2025-11-01;20;264
25;2025-11-01;21;235
25;2025-11-01;22;136
25;2025-11-01;23;50
25;2025-11-02;0;18
25;2025-11-02;1;0
25;2025-11-02;2;0
25;2025-11-02;3;0
25;2025-11-02;4;0
25;2025-11-02;5;8
25;2025-11-02;6;63
25;2025-11-02;7;99
25;2025-11-02;8;178
25;2025-11-02;9;198
25;2025-11-02;10;225
25;2025-11-02;11;295
25;2025-11-02;12;359
25;2025-11-02;13;436
25;2025-11-02;14;496
25;2025-11-02;15;554
25;2025-11-02;16;498
25;2025-11-02;17;457
25;2025-11-02;18;421
25;2025-11-02;19;327
25;2025-11-02;20;215
25;2025-11-02;21;162
25;2025-11-02;22;89
25;2025-11-02;23;22
25;2025-11-03;0;0
25;2025-11-03;1;0
25;2025-11-03;2;0
25;2025-11-03;3;0
25;2025-11-03;4;0
25;2025-11-03;5;0
25;2025-11-03;6;165
25;2025-11-03;7;233
25;2025-11-03;8;282
25;2025-11-03;9;245
25;2025-11-03;10;220
25;2025-11-03;11;285
25;2025-11-03;12;353
25;2025-11-03;13;435
25;2025-11-03;14;399
25;2025-11-03;15;460
25;2025-11-03;16;466
25;2025-11-03;17;444
25;2025-11-03;18;439
25;2025-11-03;19;391
25;2025-11-03;20;231
25;2025-11-03;21;178
25;2025-11-03;22;99
25;2025-11-03;23;24
25;2025-11-04;0;3
25;2025-11-04;1;1
25;2025-11-04;2;0
25;2025-11-04;3;0
25;2025-11-04;4;0
25;2025-11-04;5;10
25;2025-11-04;6;178
25;2025-11-04;7;222
25;2025-11-04;8;280
25;2025-11-04;9;244
25;2025-11-04;10;221
25;2025-11-04;11;291
25;2025-11-04;12;315
25;2025-11-04;13;380
25;2025-11-04;14;379
25;2025-11-04;15;450
25;2025-11-04;16;464
25;2025-11-04;17;429
25;2025-11-04;18;427
25;2025-11-04;19;375
25;2025-11-04;20;248
25;2025-11-04;21;175
25;2025-11-04;22;106
25;2025-11-04;23;31
25;2025-11-05;0;2
25;2025-11-05;1;2
25;2025-11-05;2;0
25;2025-11-05;3;0
25;2025-11-05;4;0
25;2025-11-05;5;7
25;2025-11-05;6;250
25;2025-11-05;7;487
25;2025-11-05;8;767
25;2025-11-05;9;470
25;2025-11-05;10;364
25;2025-11-05;11;422
25;2025-11-05;12;429
25;2025-11-05;13;534
25;2025-11-05;14;434
25;2025-11-05;15;543
25;2025-11-05;16;607
25;2025-11-05;17;710
25;2025-11-05;18;768
25;2025-11-05;19;532
25;2025-11-05;20;342
25;2025-11-05;21;241
25;2025-11-05;22;113
25;2025-11-05;23;9
25;2025-11-06;0;2
25;2025-11-06;1;0
25;2025-11-06;2;0
25;2025-11-06;3;0
25;2025-11-06;4;0
25;2025-11-06;5;14
25;2025-11-06;6;260
25;2025-11-06;7;490
25;2025-11-06;8;773
25;2025-11-06;9;456
25;2025-11-06;10;372
25;2025-11-06;11;384
25;2025-11-06;12;401
25;2025-11-06;13;473
25;2025-11-06;14;441
25;2025-11-06;15;510
25;2025-11-06;16;601
25;2025-11-06;17;697
25;2025-11-06;18;745
25;2025-11-06;19;515
25;2025-11-06;20;336
25;2025-11-06;21;231
25;2025-11-06;22;117
25;2025-11-06;23;25
25;2025-11-07;0;4
25;2025-11-07;1;3
25;2025-11-07;2;0
25;2025-11-07;3;0
25;2025-11-07;4;0
25;2025-11-07;5;20
25;2025-11-07;6;259
25;2025-11-07;7;491
25;2025-11-07;8;746
25;2025-11-07;9;439
25;2025-11-07;10;342
25;2025-11-07;11;387
25;2025-11-07;12;386
25;2025-11-07;13;475
25;2025-11-07;14;436
25;2025-11-07;15;507
25;2025-11-07;16;645
25;2025-11-07;17;666
25;2025-11-07;18;605
25;2025-11-07;19;469
25;2025-11-07;20;304
25;2025-11-07;21;235
25;2025-11-07;22;131
25;2025-11-07;23;37
25;2025-11-08;0;11
25;2025-11-08;1;0
25;2025-11-08;2;0
25;2025-11-08;3;0
25;2025-11-08;4;0
25;2025-11-08;5;10
25;2025-11-08;6;89
25;2025-11-08;7;124
25;2025-11-08;8;258
25;2025-11-08;9;245
25;2025-11-08;10;244
25;2025-11-08;11;311
25;2025-11-08;12;345
25;2025-11-08;13;466
25;2025-11-08;14;503
25;2025-11-08;15;540
25;2025-11-08;16;525
25;2025-11-08;17;445
25;2025-11-08;18;464
25;2025-11-08;19;389
25;2025-11-08;20;264
25;2025-11-08;21;231
25;2025-11-08;22;131
25;2025-11-08;23;45
25;2025-11-09;0;16
25;2025-11-09;1;0
25;2025-11-09;2;0
25;2025-11-09;3;0
25;2025-11-09;4;0
25;2025-11-09;5;10
25;2025-11-09;6;67
25;2025-11-09;7;107
25;2025-11-09;8;184
25;2025-11-09;9;187
25;2025-11-09;10;211
25;2025-11-09;11;263
25;2025-11-09;12;323
25;2025-11-09;13;396
25;2025-11-09;14;448
25;2025-11-09;15;494
25;2025-11-09;16;462
25;2025-11-09;17;421
25;2025-11-09;18;400
25;2025-11-09;19;311
25;2025-11-09;20;215
25;2025-11-09;21;164
25;2025-11-09;22;91
25;2025-11-09;23;20
25;2025-11-10;0;0
25;2025-11-10;1;1
25;2025-11-10;2;0
25;2025-11-10;3;0
25;2025-11-10;4;0
25;2025-11-10;5;10
25;2025-11-10;6;241
25;2025-11-10;7;492
25;2025-11-10;8;764
25;2025-11-10;9;431
25;2025-11-10;10;311
25;2025-11-10;11;349
25;2025-11-10;12;362
25;2025-11-10;13;484
25;2025-11-10;14;384
25;2025-11-10;15;454
25;2025-11-10;16;610
25;2025-11-10;17;674
25;2025-11-10;18;716
25;2025-11-10;19;485
25;2025-11-10;20;292
25;2025-11-10;21;201
25;2025-11-10;22;98
25;2025-11-10;23;8
25;2025-11-11;0;0
25;2025-11-11;1;0
25;2025-11-11;2;0
25;2025-11-11;3;0
25;2025-11-11;4;0
25;2025-11-11;5;12
25;2025-11-11;6;250
25;2025-11-11;7;486
25;2025-11-11;8;762
25;2025-11-11;9;441
25;2025-11-11;10;350
25;2025-11-11;11;393
25;2025-11-11;12;357
25;2025-11-11;13;446
25;2025-11-11;14;402
25;2025-11-11;15;486
25;2025-11-11;16;593
25;2025-11-11;17;659
25;2025-11-11;18;711
25;2025-11-11;19;504
25;2025-11-11;20;332
25;2025-11-11;21;202
25;2025-11-11;22;108
25;2025-11-11;23;10
25;2025-11-12;0;1
25;2025-11-12;1;0
25;2025-11-12;2;0
25;2025-11-12;3;0
25;2025-11-12;4;0
25;2025-11-12;5;5
25;2025-11-12;6;248
25;2025-11-12;7;469
25;2025-11-12;8;741
25;2025-11-12;9;441
25;2025-11-12;10;334
25;2025-11-12;11;391
25;2025-11-12;12;395
25;2025-11-12;13;502
25;2025-11-12;14;398
25;2025-11-12;15;517
25;2025-11-12;16;594
25;2025-11-12;17;700
25;2025-11-12;18;766
25;2025-11-12;19;523
25;2025-11-12;20;341
25;2025-11-12;21;244
25;2025-11-12;22;110
25;2025-11-12;23;7
25;2025-11-13;0;2
25;2025-11-13;1;0
25;2025-11-13;2;0
25;2025-11-13;3;0
25;2025-11-13;4;0
25;2025-11-13;5;14
25;2025-11-13;6;259
25;2025-11-13;7;485
25;2025-11-13;8;775
25;2025-11-13;9;451
25;2025-11-13;10;367
25;2025-11-13;11;382
25;2025-11-13;12;398
25;2025-11-13;13;469
25;2025-11-13;14;440
25;2025-11-13;15;516
25;2025-11-13;16;611
25;2025-11-13;17;710
25;2025-11-13;18;763
25;2025-11-13;19;516
25;2025-11-13;20;340
25;2025-11-13;21;238
25;2025-11-13;22;118
25;2025-11-13;23;12
25;2025-11-14;0;1
25;2025-11-14;1;0
25;2025-11-14;2;0
25;2025-11-14;3;0
25;2025-11-14;4;0
25;2025-11-14;5;16
25;2025-11-14;6;256
25;2025-11-14;7;482
25;2025-11-14;8;747
25;2025-11-14;9;434
25;2025-11-14;10;337
25;2025-11-14;11;384
25;2025-11-14;12;382
25;2025-11-14;13;487
25;2025-11-14;14;448
25;2025-11-14;15;529
25;2025-11-14;16;660
25;2025-11-14;17;681
25;2025-11-14;18;618
25;2025-11-14;19;473
25;2025-11-14;20;299
25;2025-11-14;21;225
25;2025-11-14;22;113
25;2025-11-14;23;18
25;2025-11-15;0;5
25;2025-11-15;1;0
25;2025-11-15;2;0
25;2025-11-15;3;0
25;2025-11-15;4;0
25;2025-11-15;5;10
25;2025-11-15;6;90
25;2025-11-15;7;136
25;2025-11-15;8;290
25;2025-11-15;9;285
25;2025-11-15;10;285
25;2025-11-15;11;346
25;2025-11-15;12;382
25;2025-11-15;13;504
25;2025-11-15;14;546
25;2025-11-15;15;587
25;2025-11-15;16;557
25;2025-11-15;17;470
25;2025-11-15;18;489
25;2025-11-15;19;408
25;2025-11-15;20;276
25;2025-11-15;21;248
25;2025-11-15;22;137
25;2025-11-15;23;49
25;2025-11-16;0;19
25;2025-11-16;1;0
25;2025-11-16;2;0
25;2025-11-16;3;0
25;2025-11-16;4;0
25;2025-11-16;5;9
25;2025-11-16;6;67
25;2025-11-16;7;106
25;2025-11-16;8;184
25;2025-11-16;9;204
25;2025-11-16;10;228
25;2025-11-16;11;287
25;2025-11-16;12;348
25;2025-11-16;13;424
25;2025-11-16;14;475
25;2025-11-16;15;535
25;2025-11-16;16;478
25;2025-11-16;17;438
25;2025-11-16;18;417
25;2025-11-16;19;326
25;2025-11-16;20;228
25;2025-11-16;21;174
25;2025-11-16;22;99
25;2025-11-16;23;25
25;2025-11-17;0;0
25;2025-11-17;1;1
25;2025-11-17;2;0
25;2025-11-17;3;0
25;2025-11-17;4;0
25;2025-11-17;5;4
25;2025-11-17;6;233
25;2025-11-17;7;482
25;2025-11-17;8;768
25;2025-11-17;9;456
25;2025-11-17;10;333
25;2025-11-17;11;372
25;2025-11-17;12;384
25;2025-11-17;13;508
25;2025-11-17;14;409
25;2025-11-17;15;485
25;2025-11-17;16;630
25;2025-11-17;17;688
25;2025-11-17;18;742
25;2025-11-17;19;503
25;2025-11-17;20;302
25;2025-11-17;21;207
25;2025-11-17;22;102
25;2025-11-17;23;11
25;2025-11-18;0;1
25;2025-11-18;1;1
25;2025-11-18;2;0
25;2025-11-18;3;0
25;2025-11-18;4;0
25;2025-11-18;5;14
25;2025-11-18;6;248
25;2025-11-18;7;490
25;2025-11-18;8;779
25;2025-11-18;9;468
25;2025-11-18;10;370
25;2025-11-18;11;416
25;2025-11-18;12;381
25;2025-11-18;13;473
25;2025-11-18;14;424
25;2025-11-18;15;509
25;2025-11-18;16;605
25;2025-11-18;17;667
25;2025-11-18;18;730
25;2025-11-18;19;518
25;2025-11-18;20;334
25;2025-11-18;21;205
25;2025-11-18;22;104
25;2025-11-18;23;6
25;2025-11-19;0;0
25;2025-11-19;1;0
25;2025-11-19;2;0
25;2025-11-19;3;0
25;2025-11-19;4;0
25;2025-11-19;5;6
25;2025-11-19;6;248
25;2025-11-19;7;477
25;2025-11-19;8;752
25;2025-11-19;9;464
25;2025-11-19;10;362
25;2025-11-19;11;421
25;2025-11-19;12;427
25;2025-11-19;13;535
25;2025-11-19;14;431
25;2025-11-19;15;541
25;2025-11-19;16;610
25;2025-11-19;17;713
25;2025-11-19;18;784
25;2025-11-19;19;541
25;2025-11-19;20;347
25;2025-11-19;21;247
25;2025-11-19;22;114
25;2025-11-19;23;9
25;2025-11-20;0;2
25;2025-11-20;1;0
25;2025-11-20;2;0
25;2025-11-20;3;0
25;2025-11-20;4;0
25;2025-11-20;5;14
25;2025-11-20;6;260
25;2025-11-20;7;491
25;2025-11-20;8;781
25;2025-11-20;9;472
25;2025-11-20;10;384
25;2025-11-20;11;403
25;2025-11-20;12;416
25;2025-11-20;13;495
25;2025-11-20;14;462
25;2025-11-20;15;530
25;2025-11-20;16;621
25;2025-11-20;17;719
25;2025-11-20;18;774
25;2025-11-20;19;526
25;2025-11-20;20;340
25;2025-11-20;21;232
25;2025-11-20;22;117
25;2025-11-20;23;11
25;2025-11-21;0;1
25;2025-11-21;1;0
25;2025-11-21;2;0
25;2025-11-21;3;0
25;2025-11-21;4;0
25;2025-11-21;5;15
25;2025-11-21;6;261
25;2025-11-21;7;492
25;2025-11-21;8;757
25;2025-11-21;9;451
25;2025-11-21;10;350
25;2025-11-21;11;398
25;2025-11-21;12;398
25;2025-11-21;13;502
25;2025-11-21;14;464
25;2025-11-21;15;543
25;2025-11-21;16;670
25;2025-11-21;17;691
25;2025-11-21;18;637
25;2025-11-21;19;493
25;2025-11-21;20;306
25;2025-11-21;21;222
25;2025-11-21;22;108
25;2025-11-21;23;13
25;2025-11-22;0;4
25;2025-11-22;1;0
25;2025-11-22;2;0
25;2025-11-22;3;0
25;2025-11-22;4;0
25;2025-11-22;5;10
25;2025-11-22;6;89
25;2025-11-22;7;138
25;2025-11-22;8;287
25;2025-11-22;9;289
25;2025-11-22;10;289
25;2025-11-22;11;348
25;2025-11-22;12;383
25;2025-11-22;13;501
25;2025-11-22;14;542
25;2025-11-22;15;581
25;2025-11-22;16;540
25;2025-11-22;17;463
25;2025-11-22;18;485
25;2025-11-22;19;409
25;2025-11-22;20;278
25;2025-11-22;21;251
25;2025-11-22;22;141
25;2025-11-22;23;52
25;2025-11-23;0;19
25;2025-11-23;1;0
25;2025-11-23;2;0
25;2025-11-23;3;0
25;2025-11-23;4;0
25;2025-11-23;5;10
25;2025-11-23;6;64
25;2025-11-23;7;107
25;2025-11-23;8;183
25;2025-11-23;9;204
25;2025-11-23;10;227
25;2025-11-23;11;281
25;2025-11-23;12;342
25;2025-11-23;13;418
25;2025-11-23;14;467
25;2025-11-23;15;517
25;2025-11-23;16;470
25;2025-11-23;17;429
25;2025-11-23;18;412
25;2025-11-23;19;322
25;2025-11-23;20;224
25;2025-11-23;21;175
25;2025-11-23;22;102
25;2025-11-23;23;29
25;2025-11-24;0;3
25;2025-11-24;1;2
25;2025-11-24;2;0
25;2025-11-24;3;0
25;2025-11-24;4;0
25;2025-11-24;5;5
25;2025-11-24;6;233
25;2025-11-24;7;479
25;2025-11-24;8;761
25;2025-11-24;9;458
25;2025-11-24;10;333
25;2025-11-24;11;372
25;2025-11-24;12;384
25;2025-11-24;13;506
25;2025-11-24;14;416
25;2025-11-24;15;490
25;2025-11-24;16;627
25;2025-11-24;17;685
25;2025-11-24;18;743
25;2025-11-24;19;508
25;2025-11-24;20;302
25;2025-11-24;21;207
25;2025-11-24;22;106
25;2025-11-24;23;14
25;2025-11-25;0;2
25;2025-11-25;1;1
25;2025-11-25;2;0
25;2025-11-25;3;0
25;2025-11-25;4;0
25;2025-11-25;5;15
25;2025-11-25;6;249
25;2025-11-25;7;485
25;2025-11-25;8;778
25;2025-11-25;9;472
25;2025-11-25;10;373
25;2025-11-25;11;419
25;2025-11-25;12;383
25;2025-11-25;13;476
25;2025-11-25;14;425
25;2025-11-25;15;511
25;2025-11-25;16;601
25;2025-11-25;17;661
25;2025-11-25;18;728
25;2025-11-25;19;507
25;2025-11-25;20;334
25;2025-11-25;21;205
25;2025-11-25;22;108
25;2025-11-25;23;9
25;2025-11-26;0;0
25;2025-11-26;1;0
25;2025-11-26;2;0
25;2025-11-26;3;0
25;2025-11-26;4;0
25;2025-11-26;5;6
25;2025-11-26;6;247
25;2025-11-26;7;472
25;2025-11-26;8;739
25;2025-11-26;9;456
25;2025-11-26;10;364
25;2025-11-26;11;418
25;2025-11-26;12;420
25;2025-11-26;13;528
25;2025-11-26;14;421
25;2025-11-26;15;523
25;2025-11-26;16;598
25;2025-11-26;17;698
25;2025-11-26;18;774
25;2025-11-26;19;523
25;2025-11-26;20;344
25;2025-11-26;21;246
25;2025-11-26;22;115
25;2025-11-26;23;10
25;2025-11-27;0;2
25;2025-11-27;1;0
25;2025-11-27;2;0
25;2025-11-27;3;0
25;2025-11-27;4;0
25;2025-11-27;5;15
25;2025-11-27;6;258
25;2025-11-27;7;485
25;2025-11-27;8;769
25;2025-11-27;9;464
25;2025-11-27;10;375
25;2025-11-27;11;392
25;2025-11-27;12;407
25;2025-11-27;13;479
25;2025-11-27;14;445
25;2025-11-27;15;516
25;2025-11-27;16;611
25;2025-11-27;17;710
25;2025-11-27;18;768
25;2025-11-27;19;517
25;2025-11-27;20;340
25;2025-11-27;21;233
25;2025-11-27;22;121
25;2025-11-27;23;13
25;2025-11-28;0;1
25;2025-11-28;1;0
25;2025-11-28;2;0
25;2025-11-28;3;0
25;2025-11-28;4;0
25;2025-11-28;5;16
25;2025-11-28;6;260
25;2025-11-28;7;488
25;2025-11-28;8;743
25;2025-11-28;9;448
25;2025-11-28;10;347
25;2025-11-28;11;391
25;2025-11-28;12;390
25;2025-11-28;13;487
25;2025-11-28;14;450
25;2025-11-28;15;522
25;2025-11-28;16;647
25;2025-11-28;17;675
25;2025-11-28;18;622
25;2025-11-28;19;481
25;2025-11-28;20;300
25;2025-11-28;21;216
25;2025-11-28;22;104
25;2025-11-28;23;13
25;2025-11-29;0;3
25;2025-11-29;1;0
25;2025-11-29;2;0
25;2025-11-29;3;0
25;2025-11-29;4;0
25;2025-11-29;5;10
25;2025-11-29;6;85
25;2025-11-29;7;135
25;2025-11-29;8;280
25;2025-11-29;9;278
25;2025-11-29;10;278
25;2025-11-29;11;335
25;2025-11-29;12;368
25;2025-11-29;13;485
25;2025-11-29;14;520
25;2025-11-29;15;564
25;2025-11-29;16;533
25;2025-11-29;17;454
25;2025-11-29;18;474
25;2025-11-29;19;398
25;2025-11-29;20;270
25;2025-11-29;21;247
25;2025-11-29;22;142
25;2025-11-29;23;55
25;2025-11-30;0;21
25;2025-11-30;1;0
25;2025-11-30;2;0
25;2025-11-30;3;0
25;2025-11-30;4;0
25;2025-11-30;5;9
25;2025-11-30;6;65
25;2025-11-30;7;106
25;2025-11-30;8;183
25;2025-11-30;9;202
25;2025-11-30;10;226
25;2025-11-30;11;281
25;2025-11-30;12;342
25;2025-11-30;13;412
25;2025-11-30;14;461
25;2025-11-30;15;515
25;2025-11-30;16;465
25;2025-11-30;17;425
25;2025-11-30;18;410
25;2025-11-30;19;322
25;2025-11-30;20;222
25;2025-11-30;21;175
25;2025-11-30;22;101
25;2025-11-30;23;27
25;2025-12-01;0;0
25;2025-12-01;1;0
25;2025-12-01;2;0
25;2025-12-01;3;0
25;2025-12-01;4;0
25;2025-12-01;5;5
25;2025-12-01;6;230
25;2025-12-01;7;470
25;2025-12-01;8;746
25;2025-12-01;9;432
25;2025-12-01;10;326
25;2025-12-01;11;361
25;2025-12-01;12;375
25;2025-12-01;13;486
25;2025-12-01;14;397
25;2025-12-01;15;469
25;2025-12-01;16;609
25;2025-12-01;17;668
25;2025-12-01;18;729
25;2025-12-01;19;490
25;2025-12-01;20;301
25;2025-12-01;21;213
25;2025-12-01;22;112
25;2025-12-01;23;20
25;2025-12-02;0;10
25;2025-12-02;1;9
25;2025-12-02;2;0
25;2025-12-02;3;0
25;2025-12-02;4;0
25;2025-12-02;5;24
25;2025-12-02;6;256
25;2025-12-02;7;485
25;2025-12-02;8;780
25;2025-12-02;9;449
25;2025-12-02;10;359
25;2025-12-02;11;401
25;2025-12-02;12;366
25;2025-12-02;13;454
25;2025-12-02;14;410
25;2025-12-02;15;490
25;2025-12-02;16;583
25;2025-12-02;17;644
25;2025-12-02;18;735
25;2025-12-02;19;488
25;2025-12-02;20;328
25;2025-12-02;21;202
25;2025-12-02;22;106
25;2025-12-02;23;8
25;2025-12-03;0;2
25;2025-12-03;1;2
25;2025-12-03;2;0
25;2025-12-03;3;0
25;2025-12-03;4;0
25;2025-12-03;5;7
25;2025-12-03;6;247
25;2025-12-03;7;466
25;2025-12-03;8;741
25;2025-12-03;9;455
25;2025-12-03;10;359
25;2025-12-03;11;412
25;2025-12-03;12;412
25;2025-12-03;13;522
25;2025-12-03;14;419
25;2025-12-03;15;521
25;2025-12-03;16;597
25;2025-12-03;17;693
25;2025-12-03;18;769
25;2025-12-03;19;516
25;2025-12-03;20;343
25;2025-12-03;21;247
25;2025-12-03;22;115
25;2025-12-03;23;10
25;2025-12-04;0;2
25;2025-12-04;1;0
25;2025-12-04;2;0
25;2025-12-04;3;0
25;2025-12-04;4;0
25;2025-12-04;5;14
25;2025-12-04;6;255
25;2025-12-04;7;476
25;2025-12-04;8;763
25;2025-12-04;9;451
25;2025-12-04;10;363
25;2025-12-04;11;376
25;2025-12-04;12;392
25;2025-12-04;13;462
25;2025-12-04;14;431
25;2025-12-04;15;501
25;2025-12-04;16;595
25;2025-12-04;17;694
25;2025-12-04;18;753
25;2025-12-04;19;500
25;2025-12-04;20;330
25;2025-12-04;21;230
25;2025-12-04;22;117
25;2025-12-04;23;13
25;2025-12-05;0;1
25;2025-12-05;1;0
25;2025-12-05;2;0
25;2025-12-05;3;0
25;2025-12-05;4;0
25;2025-12-05;5;17
25;2025-12-05;6;260
25;2025-12-05;7;485
25;2025-12-05;8;742
25;2025-12-05;9;444
25;2025-12-05;10;345
25;2025-12-05;11;388
25;2025-12-05;12;386
25;2025-12-05;13;486
25;2025-12-05;14;449
25;2025-12-05;15;520
25;2025-12-05;16;652
25;2025-12-05;17;673
25;2025-12-05;18;622
25;2025-12-05;19;481
25;2025-12-05;20;301
25;2025-12-05;21;222
25;2025-12-05;22;109
25;2025-12-05;23;17
25;2025-12-06;0;8
25;2025-12-06;1;2
25;2025-12-06;2;0
25;2025-12-06;3;0
25;2025-12-06;4;0
25;2025-12-06;5;13
25;2025-12-06;6;87
25;2025-12-06;7;137
25;2025-12-06;8;279
25;2025-12-06;9;275
25;2025-12-06;10;277
25;2025-12-06;11;336
25;2025-12-06;12;364
25;2025-12-06;13;479
25;2025-12-06;14;513
25;2025-12-06;15;559
25;2025-12-06;16;525
25;2025-12-06;17;445
25;2025-12-06;18;464
25;2025-12-06;19;390
25;2025-12-06;20;266
25;2025-12-06;21;242
25;2025-12-06;22;138
25;2025-12-06;23;51
25;2025-12-07;0;18
25;2025-12-07;1;0
25;2025-12-07;2;0
25;2025-12-07;3;0
25;2025-12-07;4;0
25;2025-12-07;5;10
25;2025-12-07;6;64
25;2025-12-07;7;105
25;2025-12-07;8;181
25;2025-12-07;9;199
25;2025-12-07;10;224
25;2025-12-07;11;278
25;2025-12-07;12;336
25;2025-12-07;13;406
25;2025-12-07;14;457
25;2025-12-07;15;505
25;2025-12-07;16;460
25;2025-12-07;17;417
25;2025-12-07;18;398
25;2025-12-07;19;308
25;2025-12-07;20;215
25;2025-12-07;21;167
25;2025-12-07;22;92
25;2025-12-07;23;21
25;2025-12-08;0;0
25;2025-12-08;1;0
25;2025-12-08;2;0
25;2025-12-08;3;0
25;2025-12-08;4;0
25;2025-12-08;5;5
25;2025-12-08;6;234
25;2025-12-08;7;475
25;2025-12-08;8;750
25;2025-12-08;9;444
25;2025-12-08;10;328
25;2025-12-08;11;362
25;2025-12-08;12;376
25;2025-12-08;13;490
25;2025-12-08;14;402
25;2025-12-08;15;468
25;2025-12-08;16;609
25;2025-12-08;17;668
25;2025-12-08;18;727
25;2025-12-08;19;496
25;2025-12-08;20;297
25;2025-12-08;21;205
25;2025-12-08;22;104
25;2025-12-08;23;12
25;2025-12-09;0;2
25;2025-12-09;1;1
25;2025-12-09;2;0
25;2025-12-09;3;0
25;2025-12-09;4;0
25;2025-12-09;5;15
25;2025-12-09;6;248
25;2025-12-09;7;481
25;2025-12-09;8;770
25;2025-12-09;9;460
25;2025-12-09;10;365
25;2025-12-09;11;408
25;2025-12-09;12;372
25;2025-12-09;13;464
25;2025-12-09;14;420
25;2025-12-09;15;496
25;2025-12-09;16;590
25;2025-12-09;17;651
25;2025-12-09;18;723
25;2025-12-09;19;497
25;2025-12-09;20;330
25;2025-12-09;21;205
25;2025-12-09;22;109
25;2025-12-09;23;11
25;2025-12-10;0;2
25;2025-12-10;1;2
25;2025-12-10;2;0
25;2025-12-10;3;0
25;2025-12-10;4;0
25;2025-12-10;5;8
25;2025-12-10;6;246
25;2025-12-10;7;470
25;2025-12-10;8;737
25;2025-12-10;9;458
25;2025-12-10;10;358
25;2025-12-10;11;413
25;2025-12-10;12;412
25;2025-12-10;13;521
25;2025-12-10;14;415
25;2025-12-10;15;517
25;2025-12-10;16;594
25;2025-12-10;17;692
25;2025-12-10;18;763
25;2025-12-10;19;513
25;2025-12-10;20;342
25;2025-12-10;21;247
25;2025-12-10;22;115
25;2025-12-10;23;11
25;2025-12-11;0;2
25;2025-12-11;1;0
25;2025-12-11;2;0
25;2025-12-11;3;0
25;2025-12-11;4;0
25;2025-12-11;5;14
25;2025-12-11;6;253
25;2025-12-11;7;469
25;2025-12-11;8;758
25;2025-12-11;9;440
25;2025-12-11;10;354
25;2025-12-11;11;368
25;2025-12-11;12;385
25;2025-12-11;13;452
25;2025-12-11;14;419
25;2025-12-11;15;487
25;2025-12-11;16;581
25;2025-12-11;17;679
25;2025-12-11;18;739
25;2025-12-11;19;490
25;2025-12-11;20;331
25;2025-12-11;21;229
25;2025-12-11;22;116
25;2025-12-11;23;12
25;2025-12-12;0;1
25;2025-12-12;1;0
25;2025-12-12;2;0
25;2025-12-12;3;0
25;2025-12-12;4;0
25;2025-12-12;5;17
25;2025-12-12;6;257
25;2025-12-12;7;478
25;2025-12-12;8;740
25;2025-12-12;9;434
25;2025-12-12;10;337
25;2025-12-12;11;380
25;2025-12-12;12;378
25;2025-12-12;13;474
25;2025-12-12;14;435
25;2025-12-12;15;506
25;2025-12-12;16;640
25;2025-12-12;17;657
25;2025-12-12;18;607
25;2025-12-12;19;466
25;2025-12-12;20;302
25;2025-12-12;21;221
25;2025-12-12;22;108
25;2025-12-12;23;17
25;2025-12-13;0;6
25;2025-12-13;1;0
25;2025-12-13;2;0
25;2025-12-13;3;0
25;2025-12-13;4;0
25;2025-12-13;5;11
25;2025-12-13;6;85
25;2025-12-13;7;134
25;2025-12-13;8;278
25;2025-12-13;9;274
25;2025-12-13;10;277
25;2025-12-13;11;329
25;2025-12-13;12;353
25;2025-12-13;13;462
25;2025-12-13;14;498
25;2025-12-13;15;541
25;2025-12-13;16;511
25;2025-12-13;17;428
25;2025-12-13;18;451
25;2025-12-13;19;383
25;2025-12-13;20;265
25;2025-12-13;21;241
25;2025-12-13;22;137
25;2025-12-13;23;51
25;2025-12-14;0;18
25;2025-12-14;1;0
25;2025-12-14;2;0
25;2025-12-14;3;0
25;2025-12-14;4;0
25;2025-12-14;5;10
25;2025-12-14;6;65
25;2025-12-14;7;102
25;2025-12-14;8;178
25;2025-12-14;9;195
25;2025-12-14;10;220
25;2025-12-14;11;274
25;2025-12-14;12;327
25;2025-12-14;13;390
25;2025-12-14;14;440
25;2025-12-14;15;495
25;2025-12-14;16;444
25;2025-12-14;17;400
25;2025-12-14;18;384
25;2025-12-14;19;306
25;2025-12-14;20;216
25;2025-12-14;21;167
25;2025-12-14;22;93
25;2025-12-14;23;22
25;2025-12-15;0;0
25;2025-12-15;1;0
25;2025-12-15;2;0
25;2025-12-15;3;0
25;2025-12-15;4;0
25;2025-12-15;5;5
25;2025-12-15;6;231
25;2025-12-15;7;472
25;2025-12-15;8;758
25;2025-12-15;9;433
25;2025-12-15;10;321
25;2025-12-15;11;356
25;2025-12-15;12;370
25;2025-12-15;13;478
25;2025-12-15;14;388
25;2025-12-15;15;459
25;2025-12-15;16;604
25;2025-12-15;17;662
25;2025-12-15;18;727
25;2025-12-15;19;487
25;2025-12-15;20;301
25;2025-12-15;21;207
25;2025-12-15;22;103
25;2025-12-15;23;13
25;2025-12-16;0;2
25;2025-12-16;1;1
25;2025-12-16;2;0
25;2025-12-16;3;0
25;2025-12-16;4;0
25;2025-12-16;5;15
25;2025-12-16;6;242
25;2025-12-16;7;472
25;2025-12-16;8;775
25;2025-12-16;9;447
25;2025-12-16;10;360
25;2025-12-16;11;400
25;2025-12-16;12;365
25;2025-12-16;13;448
25;2025-12-16;14;403
25;2025-12-16;15;482
25;2025-12-16;16;577
25;2025-12-16;17;638
25;2025-12-16;18;705
25;2025-12-16;19;481
25;2025-12-16;20;329
25;2025-12-16;21;199
25;2025-12-16;22;103
25;2025-12-16;23;8
25;2025-12-17;0;0
25;2025-12-17;1;0
25;2025-12-17;2;0
25;2025-12-17;3;0
25;2025-12-17;4;0
25;2025-12-17;5;6
25;2025-12-17;6;240
25;2025-12-17;7;460
25;2025-12-17;8;733
25;2025-12-17;9;433
25;2025-12-17;10;346
25;2025-12-17;11;403
25;2025-12-17;12;404
25;2025-12-17;13;500
25;2025-12-17;14;397
25;2025-12-17;15;496
25;2025-12-17;16;577
25;2025-12-17;17;672
25;2025-12-17;18;745
25;2025-12-17;19;497
25;2025-12-17;20;337
25;2025-12-17;21;242
25;2025-12-17;22;111
25;2025-12-17;23;9
25;2025-12-18;0;2
25;2025-12-18;1;0
25;2025-12-18;2;0
25;2025-12-18;3;0
25;2025-12-18;4;0
25;2025-12-18;5;15
25;2025-12-18;6;250
25;2025-12-18;7;474
25;2025-12-18;8;761
25;2025-12-18;9;440
25;2025-12-18;10;354
25;2025-12-18;11;367
25;2025-12-18;12;384
25;2025-12-18;13;449
25;2025-12-18;14;416
25;2025-12-18;15;485
25;2025-12-18;16;578
25;2025-12-18;17;676
25;2025-12-18;18;737
25;2025-12-18;19;492
25;2025-12-18;20;333
25;2025-12-18;21;222
25;2025-12-18;22;113
25;2025-12-18;23;11
25;2025-12-19;0;1
25;2025-12-19;1;0
25;2025-12-19;2;0
25;2025-12-19;3;0
25;2025-12-19;4;0
25;2025-12-19;5;16
25;2025-12-19;6;252
25;2025-12-19;7;485
25;2025-12-19;8;747
25;2025-12-19;9;436
25;2025-12-19;10;341
25;2025-12-19;11;389
25;2025-12-19;12;387
25;2025-12-19;13;481
25;2025-12-19;14;442
25;2025-12-19;15;513
25;2025-12-19;16;642
25;2025-12-19;17;661
25;2025-12-19;18;615
25;2025-12-19;19;475
25;2025-12-19;20;312
25;2025-12-19;21;216
25;2025-12-19;22;103
25;2025-12-19;23;16
25;2025-12-20;0;6
25;2025-12-20;1;1
25;2025-12-20;2;0
25;2025-12-20;3;0
25;2025-12-20;4;0
25;2025-12-20;5;11
25;2025-12-20;6;78
25;2025-12-20;7;128
25;2025-12-20;8;279
25;2025-12-20;9;271
25;2025-12-20;10;269
25;2025-12-20;11;344
25;2025-12-20;12;369
25;2025-12-20;13;474
25;2025-12-20;14;510
25;2025-12-20;15;550
25;2025-12-20;16;522
25;2025-12-20;17;443
25;2025-12-20;18;465
25;2025-12-20;19;394
25;2025-12-20;20;270
25;2025-12-20;21;239
25;2025-12-20;22;129
25;2025-12-20;23;46
25;2025-12-21;0;18
25;2025-12-21;1;1
25;2025-12-21;2;0
25;2025-12-21;3;0
25;2025-12-21;4;0
25;2025-12-21;5;10
25;2025-12-21;6;61
25;2025-12-21;7;96
25;2025-12-21;8;176
25;2025-12-21;9;187
25;2025-12-21;10;209
25;2025-12-21;11;282
25;2025-12-21;12;338
25;2025-12-21;13;408
25;2025-12-21;14;454
25;2025-12-21;15;496
25;2025-12-21;16;458
25;2025-12-21;17;421
25;2025-12-21;18;408
25;2025-12-21;19;321
25;2025-12-21;20;224
25;2025-12-21;21;167
25;2025-12-21;22;90
25;2025-12-21;23;23
25;2025-12-22;0;0
25;2025-12-22;1;0
25;2025-12-22;2;0
25;2025-12-22;3;0
25;2025-12-22;4;0
25;2025-12-22;5;5
25;2025-12-22;6;212
25;2025-12-22;7;467
25;2025-12-22;8;722
25;2025-12-22;9;428
25;2025-12-22;10;309
25;2025-12-22;11;350
25;2025-12-22;12;373
25;2025-12-22;13;476
25;2025-12-22;14;388
25;2025-12-22;15;451
25;2025-12-22;16;584
25;2025-12-22;17;642
25;2025-12-22;18;713
25;2025-12-22;19;476
25;2025-12-22;20;303
25;2025-12-22;21;205
25;2025-12-22;22;109
25;2025-12-22;23;26
25;2025-12-23;0;4
25;2025-12-23;1;3
25;2025-12-23;2;0
25;2025-12-23;3;0
25;2025-12-23;4;0
25;2025-12-23;5;15
25;2025-12-23;6;217
25;2025-12-23;7;454
25;2025-12-23;8;725
25;2025-12-23;9;430
25;2025-12-23;10;340
25;2025-12-23;11;382
25;2025-12-23;12;354
25;2025-12-23;13;435
25;2025-12-23;14;397
25;2025-12-23;15;462
25;2025-12-23;16;545
25;2025-12-23;17;609
25;2025-12-23;18;683
25;2025-12-23;19;474
25;2025-12-23;20;330
25;2025-12-23;21;197
25;2025-12-23;22;103
25;2025-12-23;23;9
25;2025-12-24;0;2
25;2025-12-24;1;2
25;2025-12-24;2;0
25;2025-12-24;3;0
25;2025-12-24;4;0
25;2025-12-24;5;5
25;2025-12-24;6;180
25;2025-12-24;7;438
25;2025-12-24;8;688
25;2025-12-24;9;416
25;2025-12-24;10;331
25;2025-12-24;11;402
25;2025-12-24;12;412
25;2025-12-24;13;498
25;2025-12-24;14;407
25;2025-12-24;15;489
25;2025-12-24;16;559
25;2025-12-24;17;650
25;2025-12-24;18;732
25;2025-12-24;19;492
25;2025-12-24;20;342
25;2025-12-24;21;238
25;2025-12-24;22;110
25;2025-12-24;23;10
25;2025-12-25;0;3
25;2025-12-25;1;0
25;2025-12-25;2;0
25;2025-12-25;3;0
25;2025-12-25;4;1
25;2025-12-25;5;15
25;2025-12-25;6;199
25;2025-12-25;7;472
25;2025-12-25;8;748
25;2025-12-25;9;443
25;2025-12-25;10;352
25;2025-12-25;11;366
25;2025-12-25;12;389
25;2025-12-25;13;446
25;2025-12-25;14;415
25;2025-12-25;15;473
25;2025-12-25;16;554
25;2025-12-25;17;649
25;2025-12-25;18;725
25;2025-12-25;19;485
25;2025-12-25;20;340
25;2025-12-25;21;221
25;2025-12-25;22;113
25;2025-12-25;23;13
25;2025-12-26;0;4
25;2025-12-26;1;2
25;2025-12-26;2;0
25;2025-12-26;3;0
25;2025-12-26;4;0
25;2025-12-26;5;17
25;2025-12-26;6;204
25;2025-12-26;7;480
25;2025-12-26;8;741
25;2025-12-26;9;439
25;2025-12-26;10;338
25;2025-12-26;11;384
25;2025-12-26;12;389
25;2025-12-26;13;475
25;2025-12-26;14;443
25;2025-12-26;15;495
25;2025-12-26;16;606
25;2025-12-26;17;640
25;2025-12-26;18;605
25;2025-12-26;19;469
25;2025-12-26;20;317
25;2025-12-26;21;218
25;2025-12-26;22;104
25;2025-12-26;23;17
25;2025-12-27;0;7
25;2025-12-27;1;3
25;2025-12-27;2;0
25;2025-12-27;3;0
25;2025-12-27;4;0
25;2025-12-27;5;11
25;2025-12-27;6;77
25;2025-12-27;7;124
25;2025-12-27;8;278
25;2025-12-27;9;266
25;2025-12-27;10;263
25;2025-12-27;11;334
25;2025-12-27;12;362
25;2025-12-27;13;470
25;2025-12-27;14;504
25;2025-12-27;15;540
25;2025-12-27;16;522
25;2025-12-27;17;444
25;2025-12-27;18;469
25;2025-12-27;19;399
25;2025-12-27;20;276
25;2025-12-27;21;245
25;2025-12-27;22;135
25;2025-12-27;23;52
25;2025-12-28;0;18
25;2025-12-28;1;5
25;2025-12-28;2;0
25;2025-12-28;3;0
25;2025-12-28;4;0
25;2025-12-28;5;10
25;2025-12-28;6;63
25;2025-12-28;7;99
25;2025-12-28;8;177
25;2025-12-28;9;186
25;2025-12-28;10;209
25;2025-12-28;11;285
25;2025-12-28;12;343
25;2025-12-28;13;409
25;2025-12-28;14;458
25;2025-12-28;15;499
25;2025-12-28;16;462
25;2025-12-28;17;427
25;2025-12-28;18;413
25;2025-12-28;19;308
25;2025-12-28;20;217
25;2025-12-28;21;171
25;2025-12-28;22;96
25;2025-12-28;23;24
25;2025-12-29;0;0
25;2025-12-29;1;3
25;2025-12-29;2;0
25;2025-12-29;3;0
25;2025-12-29;4;0
25;2025-12-29;5;6
25;2025-12-29;6;171
25;2025-12-29;7;450
25;2025-12-29;8;687
25;2025-12-29;9;406
25;2025-12-29;10;286
25;2025-12-29;11;325
25;2025-12-29;12;349
25;2025-12-29;13;459
25;2025-12-29;14;365
25;2025-12-29;15;431
25;2025-12-29;16;552
25;2025-12-29;17;610
25;2025-12-29;18;680
25;2025-12-29;19;447
25;2025-12-29;20;277
25;2025-12-29;21;202
25;2025-12-29;22;111
25;2025-12-29;23;29
25;2025-12-30;0;8
25;2025-12-30;1;9
25;2025-12-30;2;0
25;2025-12-30;3;0
25;2025-12-30;4;0
25;2025-12-30;5;16
25;2025-12-30;6;106
25;2025-12-30;7;275
25;2025-12-30;8;476
25;2025-12-30;9;289
25;2025-12-30;10;195
25;2025-12-30;11;240
25;2025-12-30;12;228
25;2025-12-30;13;314
25;2025-12-30;14;282
25;2025-12-30;15;321
25;2025-12-30;16;375
25;2025-12-30;17;442
25;2025-12-30;18;519
25;2025-12-30;19;341
25;2025-12-30;20;215
25;2025-12-30;21;152
25;2025-12-30;22;63
25;2025-12-30;23;8
25;2025-12-31;0;4
25;2025-12-31;1;4
25;2025-12-31;2;0
25;2025-12-31;3;0
25;2025-12-31;4;0
25;2025-12-31;5;0
25;2025-12-31;6;77
25;2025-12-31;7;116
25;2025-12-31;8;181
25;2025-12-31;9;113
25;2025-12-31;10;117
25;2025-12-31;11;141
25;2025-12-31;12;199
25;2025-12-31;13;255
25;2025-12-31;14;241
25;2025-12-31;15;263
25;2025-12-31;16;306
25;2025-12-31;17;305
25;2025-12-31;18;353
25;2025-12-31;19;251
25;2025-12-31;20;184
25;2025-12-31;21;179
25;2025-12-31;22;86
25;2025-12-31;23;29
26;2025-11-01;0;48
26;2025-11-01;1;4
26;2025-11-01;2;0
26;2025-11-01;3;0
26;2025-11-01;4;2
26;2025-11-01;5;47
26;2025-11-01;6;278
26;2025-11-01;7;354
26;2025-11-01;8;547
26;2025-11-01;9;642
26;2025-11-01;10;764
26;2025-11-01;11;945
26;2025-11-01;12;924
26;2025-11-01;13;972
26;2025-11-01;14;973
26;2025-11-01;15;936
26;2025-11-01;16;925
26;2025-11-01;17;864
26;2025-11-01;18;845
26;2025-11-01;19;748
26;2025-11-01;20;535
26;2025-11-01;21;395
26;2025-11-01;22;236
26;2025-11-01;23;147
26;2025-11-02;0;49
26;2025-11-02;1;9
26;2025-11-02;2;0
26;2025-11-02;3;0
26;2025-11-02;4;4
26;2025-11-02;5;31
26;2025-11-02;6;169
26;2025-11-02;7;280
26;2025-11-02;8;401
26;2025-11-02;9;512
26;2025-11-02;10;609
26;2025-11-02;11;773
26;2025-11-02;12;815
26;2025-11-02;13;858
26;2025-11-02;14;825
26;2025-11-02;15;771
26;2025-11-02;16;762
26;2025-11-02;17;742
26;2025-11-02;18;640
26;2025-11-02;19;564
26;2025-11-02;20;421
26;2025-11-02;21;311
26;2025-11-02;22;175
26;2025-11-02;23;92
26;2025-11-03;0;31
26;2025-11-03;1;0
26;2025-11-03;2;0
26;2025-11-03;3;0
26;2025-11-03;4;0
26;2025-11-03;5;39
26;2025-11-03;6;251
26;2025-11-03;7;390
26;2025-11-03;8;357
26;2025-11-03;9;501
26;2025-11-03;10;692
26;2025-11-03;11;807
26;2025-11-03;12;823
26;2025-11-03;13;841
26;2025-11-03;14;833
26;2025-11-03;15;722
26;2025-11-03;16;714
26;2025-11-03;17;707
26;2025-11-03;18;688
26;2025-11-03;19;711
26;2025-11-03;20;538
26;2025-11-03;21;370
26;2025-11-03;22;215
26;2025-11-03;23;103
26;2025-11-04;0;36
26;2025-11-04;1;1
26;2025-11-04;2;0
26;2025-11-04;3;0
26;2025-11-04;4;5
26;2025-11-04;5;52
26;2025-11-04;6;270
26;2025-11-04;7;378
26;2025-11-04;8;414
26;2025-11-04;9;510
26;2025-11-04;10;651
26;2025-11-04;11;806
26;2025-11-04;12;830
26;2025-11-04;13;813
26;2025-11-04;14;792
26;2025-11-04;15;727
26;2025-11-04;16;693
26;2025-11-04;17;654
26;2025-11-04;18;666
26;2025-11-04;19;643
26;2025-11-04;20;522
26;2025-11-04;21;362
26;2025-11-04;22;211
26;2025-11-04;23;118
26;2025-11-05;0;34
26;2025-11-05;1;3
26;2025-11-05;2;0
26;2025-11-05;3;0
26;2025-11-05;4;0
26;2025-11-05;5;81
26;2025-11-05;6;459
26;2025-11-05;7;997
26;2025-11-05;8;2038
26;2025-11-05;9;1420
26;2025-11-05;10;1205
26;2025-11-05;11;1035
26;2025-11-05;12;1076
26;2025-11-05;13;1181
26;2025-11-05;14;1256
26;2025-11-05;15;1269
26;2025-11-05;16;1423
26;2025-11-05;17;1627
26;2025-11-05;18;1812
26;2025-11-05;19;1243
26;2025-11-05;20;752
26;2025-11-05;21;494
26;2025-11-05;22;240
26;2025-11-05;23;131
26;2025-11-06;0;35
26;2025-11-06;1;2
26;2025-11-06;2;0
26;2025-11-06;3;0
26;2025-11-06;4;4
26;2025-11-06;5;92
26;2025-11-06;6;480
26;2025-11-06;7;963
26;2025-11-06;8;2005
26;2025-11-06;9;1401
26;2025-11-06;10;1141
26;2025-11-06;11;1013
26;2025-11-06;12;1019
26;2025-11-06;13;1100
26;2025-11-06;14;1172
26;2025-11-06;15;1217
26;2025-11-06;16;1421
26;2025-11-06;17;1655
26;2025-11-06;18;1836
26;2025-11-06;19;1242
26;2025-11-06;20;745
26;2025-11-06;21;498
26;2025-11-06;22;250
26;2025-11-06;23;146
26;2025-11-07;0;40
26;2025-11-07;1;4
26;2025-11-07;2;0
26;2025-11-07;3;0
26;2025-11-07;4;7
26;2025-11-07;5;91
26;2025-11-07;6;474
26;2025-11-07;7;944
26;2025-11-07;8;1949
26;2025-11-07;9;1325
26;2025-11-07;10;1106
26;2025-11-07;11;962
26;2025-11-07;12;994
26;2025-11-07;13;1060
26;2025-11-07;14;1137
26;2025-11-07;15;1244
26;2025-11-07;16;1528
26;2025-11-07;17;1647
26;2025-11-07;18;1397
26;2025-11-07;19;1068
26;2025-11-07;20;675
26;2025-11-07;21;458
26;2025-11-07;22;244
26;2025-11-07;23;184
26;2025-11-08;0;53
26;2025-11-08;1;0
26;2025-11-08;2;0
26;2025-11-08;3;0
26;2025-11-08;4;1
26;2025-11-08;5;47
26;2025-11-08;6;271
26;2025-11-08;7;324
26;2025-11-08;8;513
26;2025-11-08;9;583
26;2025-11-08;10;684
26;2025-11-08;11;817
26;2025-11-08;12;816
26;2025-11-08;13;845
26;2025-11-08;14;844
26;2025-11-08;15;819
26;2025-11-08;16;824
26;2025-11-08;17;763
26;2025-11-08;18;762
26;2025-11-08;19;714
26;2025-11-08;20;523
26;2025-11-08;21;384
26;2025-11-08;22;234
26;2025-11-08;23;142
26;2025-11-09;0;47
26;2025-11-09;1;7
26;2025-11-09;2;0
26;2025-11-09;3;0
26;2025-11-09;4;4
26;2025-11-09;5;33
26;2025-11-09;6;175
26;2025-11-09;7;269
26;2025-11-09;8;396
26;2025-11-09;9;483
26;2025-11-09;10;566
26;2025-11-09;11;644
26;2025-11-09;12;683
26;2025-11-09;13;728
26;2025-11-09;14;695
26;2025-11-09;15;647
26;2025-11-09;16;658
26;2025-11-09;17;623
26;2025-11-09;18;550
26;2025-11-09;19;558
26;2025-11-09;20;406
26;2025-11-09;21;300
26;2025-11-09;22;177
26;2025-11-09;23;94
26;2025-11-10;0;19
26;2025-11-10;1;0
26;2025-11-10;2;0
26;2025-11-10;3;2
26;2025-11-10;4;0
26;2025-11-10;5;86
26;2025-11-10;6;486
26;2025-11-10;7;966
26;2025-11-10;8;2005
26;2025-11-10;9;1383
26;2025-11-10;10;1113
26;2025-11-10;11;947
26;2025-11-10;12;971
26;2025-11-10;13;1054
26;2025-11-10;14;1114
26;2025-11-10;15;1134
26;2025-11-10;16;1377
26;2025-11-10;17;1609
26;2025-11-10;18;1795
26;2025-11-10;19;1211
26;2025-11-10;20;713
26;2025-11-10;21;448
26;2025-11-10;22;226
26;2025-11-10;23;103
26;2025-11-11;0;24
26;2025-11-11;1;1
26;2025-11-11;2;0
26;2025-11-11;3;0
26;2025-11-11;4;4
26;2025-11-11;5;89
26;2025-11-11;6;501
26;2025-11-11;7;972
26;2025-11-11;8;2024
26;2025-11-11;9;1412
26;2025-11-11;10;1116
26;2025-11-11;11;982
26;2025-11-11;12;989
26;2025-11-11;13;1051
26;2025-11-11;14;1118
26;2025-11-11;15;1157
26;2025-11-11;16;1400
26;2025-11-11;17;1675
26;2025-11-11;18;1828
26;2025-11-11;19;1239
26;2025-11-11;20;725
26;2025-11-11;21;466
26;2025-11-11;22;235
26;2025-11-11;23;120
26;2025-11-12;0;34
26;2025-11-12;1;2
26;2025-11-12;2;0
26;2025-11-12;3;0
26;2025-11-12;4;0
26;2025-11-12;5;79
26;2025-11-12;6;467
26;2025-11-12;7;939
26;2025-11-12;8;1982
26;2025-11-12;9;1387
26;2025-11-12;10;1111
26;2025-11-12;11;970
26;2025-11-12;12;1002
26;2025-11-12;13;1072
26;2025-11-12;14;1143
26;2025-11-12;15;1169
26;2025-11-12;16;1391
26;2025-11-12;17;1603
26;2025-11-12;18;1803
26;2025-11-12;19;1220
26;2025-11-12;20;751
26;2025-11-12;21;496
26;2025-11-12;22;241
26;2025-11-12;23;128
26;2025-11-13;0;35
26;2025-11-13;1;2
26;2025-11-13;2;0
26;2025-11-13;3;0
26;2025-11-13;4;4
26;2025-11-13;5;91
26;2025-11-13;6;491
26;2025-11-13;7;956
26;2025-11-13;8;1991
26;2025-11-13;9;1413
26;2025-11-13;10;1133
26;2025-11-13;11;1014
26;2025-11-13;12;1018
26;2025-11-13;13;1089
26;2025-11-13;14;1158
26;2025-11-13;15;1199
26;2025-11-13;16;1428
26;2025-11-13;17;1679
26;2025-11-13;18;1844
26;2025-11-13;19;1235
26;2025-11-13;20;751
26;2025-11-13;21;501
26;2025-11-13;22;258
26;2025-11-13;23;134
26;2025-11-14;0;36
26;2025-11-14;1;1
26;2025-11-14;2;0
26;2025-11-14;3;0
26;2025-11-14;4;3
26;2025-11-14;5;86
26;2025-11-14;6;477
26;2025-11-14;7;929
26;2025-11-14;8;1955
26;2025-11-14;9;1323
26;2025-11-14;10;1096
26;2025-11-14;11;957
26;2025-11-14;12;990
26;2025-11-14;13;1068
26;2025-11-14;14;1140
26;2025-11-14;15;1251
26;2025-11-14;16;1557
26;2025-11-14;17;1684
26;2025-11-14;18;1406
26;2025-11-14;19;1071
26;2025-11-14;20;675
26;2025-11-14;21;446
26;2025-11-14;22;235
26;2025-11-14;23;167
26;2025-11-15;0;47
26;2025-11-15;1;0
26;2025-11-15;2;0
26;2025-11-15;3;0
26;2025-11-15;4;1
26;2025-11-15;5;48
26;2025-11-15;6;280
26;2025-11-15;7;344
26;2025-11-15;8;563
26;2025-11-15;9;648
26;2025-11-15;10;764
26;2025-11-15;11;880
26;2025-11-15;12;880
26;2025-11-15;13;906
26;2025-11-15;14;905
26;2025-11-15;15;874
26;2025-11-15;16;871
26;2025-11-15;17;811
26;2025-11-15;18;812
26;2025-11-15;19;761
26;2025-11-15;20;558
26;2025-11-15;21;406
26;2025-11-15;22;251
26;2025-11-15;23;148
26;2025-11-16;0;51
26;2025-11-16;1;10
26;2025-11-16;2;0
26;2025-11-16;3;0
26;2025-11-16;4;5
26;2025-11-16;5;35
26;2025-11-16;6;177
26;2025-11-16;7;273
26;2025-11-16;8;408
26;2025-11-16;9;520
26;2025-11-16;10;604
26;2025-11-16;11;702
26;2025-11-16;12;740
26;2025-11-16;13;784
26;2025-11-16;14;750
26;2025-11-16;15;699
26;2025-11-16;16;705
26;2025-11-16;17;670
26;2025-11-16;18;604
26;2025-11-16;19;584
26;2025-11-16;20;428
26;2025-11-16;21;315
26;2025-11-16;22;187
26;2025-11-16;23;103
26;2025-11-17;0;24
26;2025-11-17;1;0
26;2025-11-17;2;0
26;2025-11-17;3;1
26;2025-11-17;4;0
26;2025-11-17;5;80
26;2025-11-17;6;488
26;2025-11-17;7;952
26;2025-11-17;8;1993
26;2025-11-17;9;1404
26;2025-11-17;10;1137
26;2025-11-17;11;978
26;2025-11-17;12;1002
26;2025-11-17;13;1083
26;2025-11-17;14;1138
26;2025-11-17;15;1159
26;2025-11-17;16;1390
26;2025-11-17;17;1622
26;2025-11-17;18;1829
26;2025-11-17;19;1233
26;2025-11-17;20;731
26;2025-11-17;21;461
26;2025-11-17;22;231
26;2025-11-17;23;107
26;2025-11-18;0;29
26;2025-11-18;1;2
26;2025-11-18;2;0
26;2025-11-18;3;0
26;2025-11-18;4;6
26;2025-11-18;5;89
26;2025-11-18;6;506
26;2025-11-18;7;978
26;2025-11-18;8;2039
26;2025-11-18;9;1429
26;2025-11-18;10;1129
26;2025-11-18;11;1005
26;2025-11-18;12;1015
26;2025-11-18;13;1072
26;2025-11-18;14;1133
26;2025-11-18;15;1171
26;2025-11-18;16;1411
26;2025-11-18;17;1685
26;2025-11-18;18;1838
26;2025-11-18;19;1252
26;2025-11-18;20;739
26;2025-11-18;21;477
26;2025-11-18;22;236
26;2025-11-18;23;116
26;2025-11-19;0;33
26;2025-11-19;1;1
26;2025-11-19;2;0
26;2025-11-19;3;0
26;2025-11-19;4;0
26;2025-11-19;5;79
26;2025-11-19;6;472
26;2025-11-19;7;946
26;2025-11-19;8;1987
26;2025-11-19;9;1400
26;2025-11-19;10;1128
26;2025-11-19;11;997
26;2025-11-19;12;1032
26;2025-11-19;13;1096
26;2025-11-19;14;1163
26;2025-11-19;15;1186
26;2025-11-19;16;1395
26;2025-11-19;17;1607
26;2025-11-19;18;1805
26;2025-11-19;19;1229
26;2025-11-19;20;760
26;2025-11-19;21;511
26;2025-11-19;22;250
26;2025-11-19;23;133
26;2025-11-20;0;35
26;2025-11-20;1;2
26;2025-11-20;2;0
26;2025-11-20;3;0
26;2025-11-20;4;4
26;2025-11-20;5;91
26;2025-11-20;6;498
26;2025-11-20;7;961
26;2025-11-20;8;1994
26;2025-11-20;9;1417
26;2025-11-20;10;1146
26;2025-11-20;11;1030
26;2025-11-20;12;1034
26;2025-11-20;13;1103
26;2025-11-20;14;1172
26;2025-11-20;15;1209
26;2025-11-20;16;1434
26;2025-11-20;17;1682
26;2025-11-20;18;1850
26;2025-11-20;19;1245
26;2025-11-20;20;750
26;2025-11-20;21;505
26;2025-11-20;22;257
26;2025-11-20;23;135
26;2025-11-21;0;36
26;2025-11-21;1;2
26;2025-11-21;2;0
26;2025-11-21;3;0
26;2025-11-21;4;4
26;2025-11-21;5;87
26;2025-11-21;6;483
26;2025-11-21;7;936
26;2025-11-21;8;1947
26;2025-11-21;9;1327
26;2025-11-21;10;1108
26;2025-11-21;11;970
26;2025-11-21;12;1002
26;2025-11-21;13;1081
26;2025-11-21;14;1152
26;2025-11-21;15;1261
26;2025-11-21;16;1557
26;2025-11-21;17;1683
26;2025-11-21;18;1419
26;2025-11-21;19;1089
26;2025-11-21;20;691
26;2025-11-21;21;453
26;2025-11-21;22;234
26;2025-11-21;23;161
26;2025-11-22;0;46
26;2025-11-22;1;0
26;2025-11-22;2;0
26;2025-11-22;3;0
26;2025-11-22;4;1
26;2025-11-22;5;47
26;2025-11-22;6;279
26;2025-11-22;7;343
26;2025-11-22;8;556
26;2025-11-22;9;643
26;2025-11-22;10;761
26;2025-11-22;11;876
26;2025-11-22;12;875
26;2025-11-22;13;901
26;2025-11-22;14;900
26;2025-11-22;15;875
26;2025-11-22;16;863
26;2025-11-22;17;813
26;2025-11-22;18;819
26;2025-11-22;19;759
26;2025-11-22;20;549
26;2025-11-22;21;406
26;2025-11-22;22;251
26;2025-11-22;23;152
26;2025-11-23;0;51
26;2025-11-23;1;10
26;2025-11-23;2;0
26;2025-11-23;3;0
26;2025-11-23;4;5
26;2025-11-23;5;35
26;2025-11-23;6;176
26;2025-11-23;7;267
26;2025-11-23;8;396
26;2025-11-23;9;501
26;2025-11-23;10;591
26;2025-11-23;11;692
26;2025-11-23;12;730
26;2025-11-23;13;777
26;2025-11-23;14;745
26;2025-11-23;15;691
26;2025-11-23;16;696
26;2025-11-23;17;656
26;2025-11-23;18;594
26;2025-11-23;19;579
26;2025-11-23;20;423
26;2025-11-23;21;310
26;2025-11-23;22;188
26;2025-11-23;23;106
26;2025-11-24;0;26
26;2025-11-24;1;0
26;2025-11-24;2;0
26;2025-11-24;3;1
26;2025-11-24;4;0
26;2025-11-24;5;82
26;2025-11-24;6;482
26;2025-11-24;7;954
26;2025-11-24;8;1980
26;2025-11-24;9;1398
26;2025-11-24;10;1092
26;2025-11-24;11;981
26;2025-11-24;12;1003
26;2025-11-24;13;1084
26;2025-11-24;14;1095
26;2025-11-24;15;1117
26;2025-11-24;16;1383
26;2025-11-24;17;1616
26;2025-11-24;18;1822
26;2025-11-24;19;1213
26;2025-11-24;20;728
26;2025-11-24;21;463
26;2025-11-24;22;233
26;2025-11-24;23;111
26;2025-11-25;0;30
26;2025-11-25;1;2
26;2025-11-25;2;0
26;2025-11-25;3;0
26;2025-11-25;4;7
26;2025-11-25;5;91
26;2025-11-25;6;501
26;2025-11-25;7;973
26;2025-11-25;8;2002
26;2025-11-25;9;1401
26;2025-11-25;10;1077
26;2025-11-25;11;999
26;2025-11-25;12;1009
26;2025-11-25;13;1066
26;2025-11-25;14;1075
26;2025-11-25;15;1155
26;2025-11-25;16;1387
26;2025-11-25;17;1667
26;2025-11-25;18;1835
26;2025-11-25;19;1233
26;2025-11-25;20;735
26;2025-11-25;21;475
26;2025-11-25;22;238
26;2025-11-25;23;120
26;2025-11-26;0;35
26;2025-11-26;1;2
26;2025-11-26;2;0
26;2025-11-26;3;0
26;2025-11-26;4;0
26;2025-11-26;5;80
26;2025-11-26;6;465
26;2025-11-26;7;938
26;2025-11-26;8;1951
26;2025-11-26;9;1362
26;2025-11-26;10;1073
26;2025-11-26;11;988
26;2025-11-26;12;1017
26;2025-11-26;13;1073
26;2025-11-26;14;1119
26;2025-11-26;15;1154
26;2025-11-26;16;1352
26;2025-11-26;17;1561
26;2025-11-26;18;1786
26;2025-11-26;19;1185
26;2025-11-26;20;756
26;2025-11-26;21;497
26;2025-11-26;22;249
26;2025-11-26;23;133
26;2025-11-27;0;37
26;2025-11-27;1;2
26;2025-11-27;2;0
26;2025-11-27;3;0
26;2025-11-27;4;4
26;2025-11-27;5;92
26;2025-11-27;6;490
26;2025-11-27;7;950
26;2025-11-27;8;1927
26;2025-11-27;9;1382
26;2025-11-27;10;1090
26;2025-11-27;11;1019
26;2025-11-27;12;1022
26;2025-11-27;13;1087
26;2025-11-27;14;1101
26;2025-11-27;15;1184
26;2025-11-27;16;1398
26;2025-11-27;17;1632
26;2025-11-27;18;1832
26;2025-11-27;19;1208
26;2025-11-27;20;747
26;2025-11-27;21;501
26;2025-11-27;22;258
26;2025-11-27;23;137
26;2025-11-28;0;38
26;2025-11-28;1;2
26;2025-11-28;2;0
26;2025-11-28;3;0
26;2025-11-28;4;4
26;2025-11-28;5;88
26;2025-11-28;6;479
26;2025-11-28;7;928
26;2025-11-28;8;1893
26;2025-11-28;9;1313
26;2025-11-28;10;1055
26;2025-11-28;11;959
26;2025-11-28;12;988
26;2025-11-28;13;1059
26;2025-11-28;14;1080
26;2025-11-28;15;1224
26;2025-11-28;16;1487
26;2025-11-28;17;1628
26;2025-11-28;18;1407
26;2025-11-28;19;1038
26;2025-11-28;20;675
26;2025-11-28;21;443
26;2025-11-28;22;225
26;2025-11-28;23;155
26;2025-11-29;0;45
26;2025-11-29;1;0
26;2025-11-29;2;0
26;2025-11-29;3;0
26;2025-11-29;4;0
26;2025-11-29;5;45
26;2025-11-29;6;271
26;2025-11-29;7;334
26;2025-11-29;8;535
26;2025-11-29;9;625
26;2025-11-29;10;745
26;2025-11-29;11;864
26;2025-11-29;12;864
26;2025-11-29;13;890
26;2025-11-29;14;890
26;2025-11-29;15;863
26;2025-11-29;16;862
26;2025-11-29;17;809
26;2025-11-29;18;811
26;2025-11-29;19;748
26;2025-11-29;20;539
26;2025-11-29;21;399
26;2025-11-29;22;248
26;2025-11-29;23;153
26;2025-11-30;0;53
26;2025-11-30;1;11
26;2025-11-30;2;0
26;2025-11-30;3;0
26;2025-11-30;4;6
26;2025-11-30;5;36
26;2025-11-30;6;176
26;2025-11-30;7;266
26;2025-11-30;8;394
26;2025-11-30;9;501
26;2025-11-30;10;590
26;2025-11-30;11;698
26;2025-11-30;12;735
26;2025-11-30;13;781
26;2025-11-30;14;749
26;2025-11-30;15;695
26;2025-11-30;16;697
26;2025-11-30;17;666
26;2025-11-30;18;594
26;2025-11-30;19;578
26;2025-11-30;20;422
26;2025-11-30;21;309
26;2025-11-30;22;184
26;2025-11-30;23;103
26;2025-12-01;0;25
26;2025-12-01;1;0
26;2025-12-01;2;0
26;2025-12-01;3;0
26;2025-12-01;4;0
26;2025-12-01;5;79
26;2025-12-01;6;472
26;2025-12-01;7;941
26;2025-12-01;8;1931
26;2025-12-01;9;1353
26;2025-12-01;10;1087
26;2025-12-01;11;973
26;2025-12-01;12;996
26;2025-12-01;13;1079
26;2025-12-01;14;1086
26;2025-12-01;15;1089
26;2025-12-01;16;1343
26;2025-12-01;17;1570
26;2025-12-01;18;1771
26;2025-12-01;19;1166
26;2025-12-01;20;714
26;2025-12-01;21;457
26;2025-12-01;22;239
26;2025-12-01;23;118
26;2025-12-02;0;41
26;2025-12-02;1;12
26;2025-12-02;2;8
26;2025-12-02;3;7
26;2025-12-02;4;15
26;2025-12-02;5;99
26;2025-12-02;6;500
26;2025-12-02;7;979
26;2025-12-02;8;1979
26;2025-12-02;9;1370
26;2025-12-02;10;1074
26;2025-12-02;11;995
26;2025-12-02;12;1004
26;2025-12-02;13;1062
26;2025-12-02;14;1076
26;2025-12-02;15;1137
26;2025-12-02;16;1358
26;2025-12-02;17;1637
26;2025-12-02;18;1823
26;2025-12-02;19;1206
26;2025-12-02;20;723
26;2025-12-02;21;461
26;2025-12-02;22;234
26;2025-12-02;23;118
26;2025-12-03;0;34
26;2025-12-03;1;3
26;2025-12-03;2;0
26;2025-12-03;3;0
26;2025-12-03;4;0
26;2025-12-03;5;80
26;2025-12-03;6;457
26;2025-12-03;7;937
26;2025-12-03;8;1931
26;2025-12-03;9;1358
26;2025-12-03;10;1065
26;2025-12-03;11;982
26;2025-12-03;12;1009
26;2025-12-03;13;1066
26;2025-12-03;14;1113
26;2025-12-03;15;1141
26;2025-12-03;16;1347
26;2025-12-03;17;1549
26;2025-12-03;18;1777
26;2025-12-03;19;1161
26;2025-12-03;20;746
26;2025-12-03;21;493
26;2025-12-03;22;248
26;2025-12-03;23;131
26;2025-12-04;0;35
26;2025-12-04;1;2
26;2025-12-04;2;0
26;2025-12-04;3;0
26;2025-12-04;4;4
26;2025-12-04;5;90
26;2025-12-04;6;481
26;2025-12-04;7;939
26;2025-12-04;8;1916
26;2025-12-04;9;1364
26;2025-12-04;10;1072
26;2025-12-04;11;999
26;2025-12-04;12;1003
26;2025-12-04;13;1067
26;2025-12-04;14;1083
26;2025-12-04;15;1157
26;2025-12-04;16;1372
26;2025-12-04;17;1605
26;2025-12-04;18;1811
26;2025-12-04;19;1165
26;2025-12-04;20;729
26;2025-12-04;21;491
26;2025-12-04;22;253
26;2025-12-04;23;134
26;2025-12-05;0;35
26;2025-12-05;1;2
26;2025-12-05;2;0
26;2025-12-05;3;0
26;2025-12-05;4;5
26;2025-12-05;5;89
26;2025-12-05;6;474
26;2025-12-05;7;929
26;2025-12-05;8;1893
26;2025-12-05;9;1307
26;2025-12-05;10;1053
26;2025-12-05;11;958
26;2025-12-05;12;986
26;2025-12-05;13;1059
26;2025-12-05;14;1076
26;2025-12-05;15;1212
26;2025-12-05;16;1485
26;2025-12-05;17;1622
26;2025-12-05;18;1404
26;2025-12-05;19;1040
26;2025-12-05;20;674
26;2025-12-05;21;443
26;2025-12-05;22;230
26;2025-12-05;23;160
26;2025-12-06;0;49
26;2025-12-06;1;4
26;2025-12-06;2;0
26;2025-12-06;3;0
26;2025-12-06;4;4
26;2025-12-06;5;49
26;2025-12-06;6;273
26;2025-12-06;7;336
26;2025-12-06;8;529
26;2025-12-06;9;621
26;2025-12-06;10;742
26;2025-12-06;11;863
26;2025-12-06;12;859
26;2025-12-06;13;888
26;2025-12-06;14;887
26;2025-12-06;15;860
26;2025-12-06;16;856
26;2025-12-06;17;796
26;2025-12-06;18;794
26;2025-12-06;19;738
26;2025-12-06;20;528
26;2025-12-06;21;391
26;2025-12-06;22;242
26;2025-12-06;23;148
26;2025-12-07;0;50
26;2025-12-07;1;9
26;2025-12-07;2;0
26;2025-12-07;3;0
26;2025-12-07;4;5
26;2025-12-07;5;35
26;2025-12-07;6;175
26;2025-12-07;7;266
26;2025-12-07;8;394
26;2025-12-07;9;493
26;2025-12-07;10;580
26;2025-12-07;11;684
26;2025-12-07;12;723
26;2025-12-07;13;768
26;2025-12-07;14;735
26;2025-12-07;15;684
26;2025-12-07;16;689
26;2025-12-07;17;648
26;2025-12-07;18;580
26;2025-12-07;19;558
26;2025-12-07;20;407
26;2025-12-07;21;296
26;2025-12-07;22;175
26;2025-12-07;23;96
26;2025-12-08;0;21
26;2025-12-08;1;0
26;2025-12-08;2;0
26;2025-12-08;3;1
26;2025-12-08;4;0
26;2025-12-08;5;79
26;2025-12-08;6;477
26;2025-12-08;7;944
26;2025-12-08;8;1934
26;2025-12-08;9;1358
26;2025-12-08;10;1068
26;2025-12-08;11;962
26;2025-12-08;12;983
26;2025-12-08;13;1065
26;2025-12-08;14;1073
26;2025-12-08;15;1087
26;2025-12-08;16;1345
26;2025-12-08;17;1561
26;2025-12-08;18;1777
26;2025-12-08;19;1171
26;2025-12-08;20;717
26;2025-12-08;21;453
26;2025-12-08;22;230
26;2025-12-08;23;110
26;2025-12-09;0;30
26;2025-12-09;1;2
26;2025-12-09;2;0
26;2025-12-09;3;0
26;2025-12-09;4;5
26;2025-12-09;5;90
26;2025-12-09;6;494
26;2025-12-09;7;968
26;2025-12-09;8;1993
26;2025-12-09;9;1375
26;2025-12-09;10;1060
26;2025-12-09;11;985
26;2025-12-09;12;993
26;2025-12-09;13;1049
26;2025-12-09;14;1060
26;2025-12-09;15;1136
26;2025-12-09;16;1360
26;2025-12-09;17;1630
26;2025-12-09;18;1807
26;2025-12-09;19;1197
26;2025-12-09;20;725
26;2025-12-09;21;467
26;2025-12-09;22;237
26;2025-12-09;23;120
26;2025-12-10;0;35
26;2025-12-10;1;3
26;2025-12-10;2;0
26;2025-12-10;3;0
26;2025-12-10;4;0
26;2025-12-10;5;80
26;2025-12-10;6;462
26;2025-12-10;7;935
26;2025-12-10;8;1937
26;2025-12-10;9;1351
26;2025-12-10;10;1054
26;2025-12-10;11;976
26;2025-12-10;12;999
26;2025-12-10;13;1059
26;2025-12-10;14;1109
26;2025-12-10;15;1145
26;2025-12-10;16;1346
26;2025-12-10;17;1548
26;2025-12-10;18;1772
26;2025-12-10;19;1157
26;2025-12-10;20;746
26;2025-12-10;21;489
26;2025-12-10;22;247
26;2025-12-10;23;130
26;2025-12-11;0;35
26;2025-12-11;1;2
26;2025-12-11;2;0
26;2025-12-11;3;0
26;2025-12-11;4;3
26;2025-12-11;5;90
26;2025-12-11;6;476
26;2025-12-11;7;937
26;2025-12-11;8;1935
26;2025-12-11;9;1364
26;2025-12-11;10;1060
26;2025-12-11;11;991
26;2025-12-11;12;993
26;2025-12-11;13;1059
26;2025-12-11;14;1078
26;2025-12-11;15;1161
26;2025-12-11;16;1377
26;2025-12-11;17;1605
26;2025-12-11;18;1807
26;2025-12-11;19;1162
26;2025-12-11;20;732
26;2025-12-11;21;482
26;2025-12-11;22;252
26;2025-12-11;23;133
26;2025-12-12;0;35
26;2025-12-12;1;2
26;2025-12-12;2;0
26;2025-12-12;3;0
26;2025-12-12;4;5
26;2025-12-12;5;88
26;2025-12-12;6;469
26;2025-12-12;7;931
26;2025-12-12;8;1910
26;2025-12-12;9;1308
26;2025-12-12;10;1041
26;2025-12-12;11;950
26;2025-12-12;12;979
26;2025-12-12;13;1055
26;2025-12-12;14;1074
26;2025-12-12;15;1219
26;2025-12-12;16;1486
26;2025-12-12;17;1603
26;2025-12-12;18;1392
26;2025-12-12;19;1024
26;2025-12-12;20;676
26;2025-12-12;21;433
26;2025-12-12;22;227
26;2025-12-12;23;158
26;2025-12-13;0;48
26;2025-12-13;1;2
26;2025-12-13;2;0
26;2025-12-13;3;0
26;2025-12-13;4;2
26;2025-12-13;5;48
26;2025-12-13;6;271
26;2025-12-13;7;332
26;2025-12-13;8;521
26;2025-12-13;9;608
26;2025-12-13;10;723
26;2025-12-13;11;860
26;2025-12-13;12;859
26;2025-12-13;13;885
26;2025-12-13;14;885
26;2025-12-13;15;860
26;2025-12-13;16;856
26;2025-12-13;17;794
26;2025-12-13;18;785
26;2025-12-13;19;722
26;2025-12-13;20;517
26;2025-12-13;21;387
26;2025-12-13;22;240
26;2025-12-13;23;147
26;2025-12-14;0;50
26;2025-12-14;1;10
26;2025-12-14;2;0
26;2025-12-14;3;0
26;2025-12-14;4;5
26;2025-12-14;5;35
26;2025-12-14;6;174
26;2025-12-14;7;261
26;2025-12-14;8;379
26;2025-12-14;9;480
26;2025-12-14;10;566
26;2025-12-14;11;693
26;2025-12-14;12;732
26;2025-12-14;13;784
26;2025-12-14;14;749
26;2025-12-14;15;692
26;2025-12-14;16;700
26;2025-12-14;17;660
26;2025-12-14;18;577
26;2025-12-14;19;551
26;2025-12-14;20;397
26;2025-12-14;21;295
26;2025-12-14;22;174
26;2025-12-14;23;97
26;2025-12-15;0;21
26;2025-12-15;1;0
26;2025-12-15;2;0
26;2025-12-15;3;1
26;2025-12-15;4;0
26;2025-12-15;5;78
26;2025-12-15;6;470
26;2025-12-15;7;946
26;2025-12-15;8;1944
26;2025-12-15;9;1363
26;2025-12-15;10;1076
26;2025-12-15;11;969
26;2025-12-15;12;990
26;2025-12-15;13;1072
26;2025-12-15;14;1080
26;2025-12-15;15;1094
26;2025-12-15;16;1344
26;2025-12-15;17;1553
26;2025-12-15;18;1770
26;2025-12-15;19;1178
26;2025-12-15;20;722
26;2025-12-15;21;449
26;2025-12-15;22;230
26;2025-12-15;23;109
26;2025-12-16;0;30
26;2025-12-16;1;2
26;2025-12-16;2;0
26;2025-12-16;3;0
26;2025-12-16;4;5
26;2025-12-16;5;87
26;2025-12-16;6;483
26;2025-12-16;7;971
26;2025-12-16;8;1998
26;2025-12-16;9;1386
26;2025-12-16;10;1065
26;2025-12-16;11;990
26;2025-12-16;12;997
26;2025-12-16;13;1054
26;2025-12-16;14;1062
26;2025-12-16;15;1138
26;2025-12-16;16;1362
26;2025-12-16;17;1620
26;2025-12-16;18;1795
26;2025-12-16;19;1197
26;2025-12-16;20;724
26;2025-12-16;21;457
26;2025-12-16;22;232
26;2025-12-16;23;114
26;2025-12-17;0;33
26;2025-12-17;1;1
26;2025-12-17;2;0
26;2025-12-17;3;0
26;2025-12-17;4;0
26;2025-12-17;5;77
26;2025-12-17;6;452
26;2025-12-17;7;935
26;2025-12-17;8;1935
26;2025-12-17;9;1351
26;2025-12-17;10;1054
26;2025-12-17;11;973
26;2025-12-17;12;998
26;2025-12-17;13;1055
26;2025-12-17;14;1112
26;2025-12-17;15;1147
26;2025-12-17;16;1340
26;2025-12-17;17;1548
26;2025-12-17;18;1761
26;2025-12-17;19;1151
26;2025-12-17;20;735
26;2025-12-17;21;474
26;2025-12-17;22;242
26;2025-12-17;23;127
26;2025-12-18;0;36
26;2025-12-18;1;3
26;2025-12-18;2;0
26;2025-12-18;3;0
26;2025-12-18;4;3
26;2025-12-18;5;87
26;2025-12-18;6;479
26;2025-12-18;7;942
26;2025-12-18;8;1925
26;2025-12-18;9;1351
26;2025-12-18;10;1064
26;2025-12-18;11;993
26;2025-12-18;12;994
26;2025-12-18;13;1061
26;2025-12-18;14;1081
26;2025-12-18;15;1148
26;2025-12-18;16;1350
26;2025-12-18;17;1569
26;2025-12-18;18;1764
26;2025-12-18;19;1145
26;2025-12-18;20;732
26;2025-12-18;21;481
26;2025-12-18;22;248
26;2025-12-18;23;129
26;2025-12-19;0;35
26;2025-12-19;1;2
26;2025-12-19;2;0
26;2025-12-19;3;0
26;2025-12-19;4;3
26;2025-12-19;5;83
26;2025-12-19;6;470
26;2025-12-19;7;934
26;2025-12-19;8;1896
26;2025-12-19;9;1287
26;2025-12-19;10;1043
26;2025-12-19;11;956
26;2025-12-19;12;983
26;2025-12-19;13;1062
26;2025-12-19;14;1088
26;2025-12-19;15;1199
26;2025-12-19;16;1449
26;2025-12-19;17;1564
26;2025-12-19;18;1353
26;2025-12-19;19;1009
26;2025-12-19;20;688
26;2025-12-19;21;441
26;2025-12-19;22;229
26;2025-12-19;23;155
26;2025-12-20;0;46
26;2025-12-20;1;2
26;2025-12-20;2;0
26;2025-12-20;3;0
26;2025-12-20;4;2
26;2025-12-20;5;47
26;2025-12-20;6;265
26;2025-12-20;7;346
26;2025-12-20;8;526
26;2025-12-20;9;615
26;2025-12-20;10;733
26;2025-12-20;11;874
26;2025-12-20;12;873
26;2025-12-20;13;902
26;2025-12-20;14;899
26;2025-12-20;15;856
26;2025-12-20;16;847
26;2025-12-20;17;799
26;2025-12-20;18;794
26;2025-12-20;19;734
26;2025-12-20;20;529
26;2025-12-20;21;401
26;2025-12-20;22;243
26;2025-12-20;23;144
26;2025-12-21;0;48
26;2025-12-21;1;9
26;2025-12-21;2;0
26;2025-12-21;3;0
26;2025-12-21;4;5
26;2025-12-21;5;35
26;2025-12-21;6;174
26;2025-12-21;7;276
26;2025-12-21;8;383
26;2025-12-21;9;483
26;2025-12-21;10;571
26;2025-12-21;11;688
26;2025-12-21;12;729
26;2025-12-21;13;773
26;2025-12-21;14;742
26;2025-12-21;15;691
26;2025-12-21;16;687
26;2025-12-21;17;657
26;2025-12-21;18;580
26;2025-12-21;19;553
26;2025-12-21;20;408
26;2025-12-21;21;312
26;2025-12-21;22;177
26;2025-12-21;23;94
26;2025-12-22;0;22
26;2025-12-22;1;0
26;2025-12-22;2;0
26;2025-12-22;3;2
26;2025-12-22;4;0
26;2025-12-22;5;73
26;2025-12-22;6;469
26;2025-12-22;7;920
26;2025-12-22;8;1868
26;2025-12-22;9;1269
26;2025-12-22;10;1051
26;2025-12-22;11;940
26;2025-12-22;12;976
26;2025-12-22;13;1057
26;2025-12-22;14;1067
26;2025-12-22;15;1069
26;2025-12-22;16;1264
26;2025-12-22;17;1422
26;2025-12-22;18;1672
26;2025-12-22;19;1136
26;2025-12-22;20;715
26;2025-12-22;21;449
26;2025-12-22;22;236
26;2025-12-22;23;118
26;2025-12-23;0;44
26;2025-12-23;1;10
26;2025-12-23;2;2
26;2025-12-23;3;0
26;2025-12-23;4;4
26;2025-12-23;5;83
26;2025-12-23;6;467
26;2025-12-23;7;933
26;2025-12-23;8;1875
26;2025-12-23;9;1233
26;2025-12-23;10;1029
26;2025-12-23;11;949
26;2025-12-23;12;974
26;2025-12-23;13;1032
26;2025-12-23;14;1043
26;2025-12-23;15;1091
26;2025-12-23;16;1222
26;2025-12-23;17;1455
26;2025-12-23;18;1665
26;2025-12-23;19;1147
26;2025-12-23;20;711
26;2025-12-23;21;462
26;2025-12-23;22;229
26;2025-12-23;23;114
26;2025-12-24;0;32
26;2025-12-24;1;2
26;2025-12-24;2;0
26;2025-12-24;3;0
26;2025-12-24;4;0
26;2025-12-24;5;74
26;2025-12-24;6;435
26;2025-12-24;7;899
26;2025-12-24;8;1820
26;2025-12-24;9;1159
26;2025-12-24;10;1026
26;2025-12-24;11;936
26;2025-12-24;12;980
26;2025-12-24;13;1035
26;2025-12-24;14;1097
26;2025-12-24;15;1098
26;2025-12-24;16;1197
26;2025-12-24;17;1354
26;2025-12-24;18;1657
26;2025-12-24;19;1102
26;2025-12-24;20;725
26;2025-12-24;21;476
26;2025-12-24;22;240
26;2025-12-24;23;127
26;2025-12-25;0;35
26;2025-12-25;1;2
26;2025-12-25;2;0
26;2025-12-25;3;0
26;2025-12-25;4;3
26;2025-12-25;5;85
26;2025-12-25;6;476
26;2025-12-25;7;926
26;2025-12-25;8;1845
26;2025-12-25;9;1224
26;2025-12-25;10;1049
26;2025-12-25;11;970
26;2025-12-25;12;977
26;2025-12-25;13;1046
26;2025-12-25;14;1071
26;2025-12-25;15;1108
26;2025-12-25;16;1270
26;2025-12-25;17;1446
26;2025-12-25;18;1711
26;2025-12-25;19;1121
26;2025-12-25;20;721
26;2025-12-25;21;478
26;2025-12-25;22;250
26;2025-12-25;23;131
26;2025-12-26;0;36
26;2025-12-26;1;4
26;2025-12-26;2;0
26;2025-12-26;3;0
26;2025-12-26;4;5
26;2025-12-26;5;84
26;2025-12-26;6;468
26;2025-12-26;7;911
26;2025-12-26;8;1810
26;2025-12-26;9;1182
26;2025-12-26;10;1025
26;2025-12-26;11;920
26;2025-12-26;12;958
26;2025-12-26;13;1036
26;2025-12-26;14;1063
26;2025-12-26;15;1113
26;2025-12-26;16;1329
26;2025-12-26;17;1472
26;2025-12-26;18;1364
26;2025-12-26;19;1003
26;2025-12-26;20;672
26;2025-12-26;21;443
26;2025-12-26;22;231
26;2025-12-26;23;156
26;2025-12-27;0;47
26;2025-12-27;1;3
26;2025-12-27;2;0
26;2025-12-27;3;0
26;2025-12-27;4;3
26;2025-12-27;5;47
26;2025-12-27;6;270
26;2025-12-27;7;347
26;2025-12-27;8;520
26;2025-12-27;9;606
26;2025-12-27;10;699
26;2025-12-27;11;832
26;2025-12-27;12;835
26;2025-12-27;13;869
26;2025-12-27;14;872
26;2025-12-27;15;841
26;2025-12-27;16;840
26;2025-12-27;17;793
26;2025-12-27;18;790
26;2025-12-27;19;727
26;2025-12-27;20;529
26;2025-12-27;21;402
26;2025-12-27;22;249
26;2025-12-27;23;151
26;2025-12-28;0;49
26;2025-12-28;1;10
26;2025-12-28;2;1
26;2025-12-28;3;1
26;2025-12-28;4;5
26;2025-12-28;5;37
26;2025-12-28;6;172
26;2025-12-28;7;278
26;2025-12-28;8;387
26;2025-12-28;9;474
26;2025-12-28;10;561
26;2025-12-28;11;680
26;2025-12-28;12;719
26;2025-12-28;13;766
26;2025-12-28;14;739
26;2025-12-28;15;685
26;2025-12-28;16;682
26;2025-12-28;17;655
26;2025-12-28;18;577
26;2025-12-28;19;530
26;2025-12-28;20;391
26;2025-12-28;21;294
26;2025-12-28;22;174
26;2025-12-28;23;98
26;2025-12-29;0;23
26;2025-12-29;1;0
26;2025-12-29;2;0
26;2025-12-29;3;4
26;2025-12-29;4;0
26;2025-12-29;5;74
26;2025-12-29;6;447
26;2025-12-29;7;915
26;2025-12-29;8;1800
26;2025-12-29;9;1179
26;2025-12-29;10;1010
26;2025-12-29;11;924
26;2025-12-29;12;951
26;2025-12-29;13;1034
26;2025-12-29;14;1037
26;2025-12-29;15;1061
26;2025-12-29;16;1186
26;2025-12-29;17;1321
26;2025-12-29;18;1584
26;2025-12-29;19;1104
26;2025-12-29;20;674
26;2025-12-29;21;419
26;2025-12-29;22;225
26;2025-12-29;23;89
26;2025-12-30;0;42
26;2025-12-30;1;15
26;2025-12-30;2;10
26;2025-12-30;3;4
26;2025-12-30;4;5
26;2025-12-30;5;25
26;2025-12-30;6;289
26;2025-12-30;7;699
26;2025-12-30;8;1632
26;2025-12-30;9;963
26;2025-12-30;10;780
26;2025-12-30;11;701
26;2025-12-30;12;745
26;2025-12-30;13;817
26;2025-12-30;14;837
26;2025-12-30;15;898
26;2025-12-30;16;1014
26;2025-12-30;17;1236
26;2025-12-30;18;1436
26;2025-12-30;19;967
26;2025-12-30;20;518
26;2025-12-30;21;340
26;2025-12-30;22;160
26;2025-12-30;23;75
26;2025-12-31;0;31
26;2025-12-31;1;0
26;2025-12-31;2;0
26;2025-12-31;3;0
26;2025-12-31;4;0
26;2025-12-31;5;0
26;2025-12-31;6;145
26;2025-12-31;7;192
26;2025-12-31;8;230
26;2025-12-31;9;222
26;2025-12-31;10;334
26;2025-12-31;11;425
26;2025-12-31;12;478
26;2025-12-31;13;452
26;2025-12-31;14;457
26;2025-12-31;15;439
26;2025-12-31;16;437
26;2025-12-31;17;407
26;2025-12-31;18;423
26;2025-12-31;19;425
26;2025-12-31;20;383
26;2025-12-31;21;228
26;2025-12-31;22;138
26;2025-12-31;23;100
28;2025-11-01;0;4
28;2025-11-01;1;2
28;2025-11-01;2;0
28;2025-11-01;3;0
28;2025-11-01;4;0
28;2025-11-01;5;40
28;2025-11-01;6;123
28;2025-11-01;7;219
28;2025-11-01;8;351
28;2025-11-01;9;430
28;2025-11-01;10;448
28;2025-11-01;11;480
28;2025-11-01;12;555
28;2025-11-01;13;603
28;2025-11-01;14;605
28;2025-11-01;15;565
28;2025-11-01;16;547
28;2025-11-01;17;556
28;2025-11-01;18;466
28;2025-11-01;19;384
28;2025-11-01;20;306
28;2025-11-01;21;262
28;2025-11-01;22;129
28;2025-11-01;23;24
28;2025-11-02;0;5
28;2025-11-02;1;0
28;2025-11-02;2;0
28;2025-11-02;3;0
28;2025-11-02;4;1
28;2025-11-02;5;30
28;2025-11-02;6;88
28;2025-11-02;7;151
28;2025-11-02;8;239
28;2025-11-02;9;340
28;2025-11-02;10;362
28;2025-11-02;11;418
28;2025-11-02;12;464
28;2025-11-02;13;511
28;2025-11-02;14;505
28;2025-11-02;15;509
28;2025-11-02;16;486
28;2025-11-02;17;487
28;2025-11-02;18;416
28;2025-11-02;19;342
28;2025-11-02;20;264
28;2025-11-02;21;217
28;2025-11-02;22;80
28;2025-11-02;23;0
28;2025-11-03;0;1
28;2025-11-03;1;0
28;2025-11-03;2;0
28;2025-11-03;3;0
28;2025-11-03;4;0
28;2025-11-03;5;27
28;2025-11-03;6;164
28;2025-11-03;7;304
28;2025-11-03;8;398
28;2025-11-03;9;438
28;2025-11-03;10;444
28;2025-11-03;11;410
28;2025-11-03;12;446
28;2025-11-03;13;526
28;2025-11-03;14;516
28;2025-11-03;15;542
28;2025-11-03;16;480
28;2025-11-03;17;510
28;2025-11-03;18;484
28;2025-11-03;19;455
28;2025-11-03;20;345
28;2025-11-03;21;229
28;2025-11-03;22;113
28;2025-11-03;23;3
28;2025-11-04;0;3
28;2025-11-04;1;2
28;2025-11-04;2;0
28;2025-11-04;3;0
28;2025-11-04;4;0
28;2025-11-04;5;40
28;2025-11-04;6;179
28;2025-11-04;7;304
28;2025-11-04;8;364
28;2025-11-04;9;414
28;2025-11-04;10;384
28;2025-11-04;11;417
28;2025-11-04;12;440
28;2025-11-04;13;502
28;2025-11-04;14;502
28;2025-11-04;15;487
28;2025-11-04;16;490
28;2025-11-04;17;485
28;2025-11-04;18;462
28;2025-11-04;19;450
28;2025-11-04;20;341
28;2025-11-04;21;241
28;2025-11-04;22;131
28;2025-11-04;23;20
28;2025-11-05;0;2
28;2025-11-05;1;2
28;2025-11-05;2;0
28;2025-11-05;3;0
28;2025-11-05;4;0
28;2025-11-05;5;77
28;2025-11-05;6;255
28;2025-11-05;7;703
28;2025-11-05;8;1187
28;2025-11-05;9;775
28;2025-11-05;10;619
28;2025-11-05;11;587
28;2025-11-05;12;688
28;2025-11-05;13;705
28;2025-11-05;14;648
28;2025-11-05;15;687
28;2025-11-05;16;805
28;2025-11-05;17;948
28;2025-11-05;18;934
28;2025-11-05;19;721
28;2025-11-05;20;502
28;2025-11-05;21;351
28;2025-11-05;22;146
28;2025-11-05;23;18
28;2025-11-06;0;2
28;2025-11-06;1;0
28;2025-11-06;2;0
28;2025-11-06;3;0
28;2025-11-06;4;2
28;2025-11-06;5;84
28;2025-11-06;6;265
28;2025-11-06;7;699
28;2025-11-06;8;1120
28;2025-11-06;9;781
28;2025-11-06;10;596
28;2025-11-06;11;549
28;2025-11-06;12;681
28;2025-11-06;13;693
28;2025-11-06;14;653
28;2025-11-06;15;655
28;2025-11-06;16;784
28;2025-11-06;17;930
28;2025-11-06;18;918
28;2025-11-06;19;722
28;2025-11-06;20;506
28;2025-11-06;21;346
28;2025-11-06;22;132
28;2025-11-06;23;33
28;2025-11-07;0;3
28;2025-11-07;1;3
28;2025-11-07;2;0
28;2025-11-07;3;0
28;2025-11-07;4;5
28;2025-11-07;5;84
28;2025-11-07;6;261
28;2025-11-07;7;699
28;2025-11-07;8;1061
28;2025-11-07;9;750
28;2025-11-07;10;564
28;2025-11-07;11;525
28;2025-11-07;12;653
28;2025-11-07;13;653
28;2025-11-07;14;615
28;2025-11-07;15;648
28;2025-11-07;16;804
28;2025-11-07;17;875
28;2025-11-07;18;740
28;2025-11-07;19;595
28;2025-11-07;20;438
28;2025-11-07;21;310
28;2025-11-07;22;146
28;2025-11-07;23;43
28;2025-11-08;0;7
28;2025-11-08;1;0
28;2025-11-08;2;0
28;2025-11-08;3;0
28;2025-11-08;4;0
28;2025-11-08;5;38
28;2025-11-08;6;114
28;2025-11-08;7;206
28;2025-11-08;8;312
28;2025-11-08;9;378
28;2025-11-08;10;396
28;2025-11-08;11;429
28;2025-11-08;12;509
28;2025-11-08;13;542
28;2025-11-08;14;539
28;2025-11-08;15;502
28;2025-11-08;16;511
28;2025-11-08;17;525
28;2025-11-08;18;446
28;2025-11-08;19;379
28;2025-11-08;20;300
28;2025-11-08;21;256
28;2025-11-08;22;124
28;2025-11-08;23;20
28;2025-11-09;0;5
28;2025-11-09;1;0
28;2025-11-09;2;0
28;2025-11-09;3;0
28;2025-11-09;4;3
28;2025-11-09;5;30
28;2025-11-09;6;96
28;2025-11-09;7;160
28;2025-11-09;8;233
28;2025-11-09;9;304
28;2025-11-09;10;321
28;2025-11-09;11;377
28;2025-11-09;12;423
28;2025-11-09;13;456
28;2025-11-09;14;448
28;2025-11-09;15;449
28;2025-11-09;16;452
28;2025-11-09;17;457
28;2025-11-09;18;394
28;2025-11-09;19;330
28;2025-11-09;20;257
28;2025-11-09;21;210
28;2025-11-09;22;82
28;2025-11-09;23;0
28;2025-11-10;0;1
28;2025-11-10;1;1
28;2025-11-10;2;0
28;2025-11-10;3;0
28;2025-11-10;4;0
28;2025-11-10;5;78
28;2025-11-10;6;258
28;2025-11-10;7;712
28;2025-11-10;8;1108
28;2025-11-10;9;745
28;2025-11-10;10;566
28;2025-11-10;11;493
28;2025-11-10;12;607
28;2025-11-10;13;645
28;2025-11-10;14;576
28;2025-11-10;15;622
28;2025-11-10;16;757
28;2025-11-10;17;900
28;2025-11-10;18;885
28;2025-11-10;19;684
28;2025-11-10;20;461
28;2025-11-10;21;288
28;2025-11-10;22;112
28;2025-11-10;23;10
28;2025-11-11;0;0
28;2025-11-11;1;1
28;2025-11-11;2;0
28;2025-11-11;3;0
28;2025-11-11;4;1
28;2025-11-11;5;81
28;2025-11-11;6;264
28;2025-11-11;7;704
28;2025-11-11;8;1097
28;2025-11-11;9;757
28;2025-11-11;10;602
28;2025-11-11;11;554
28;2025-11-11;12;628
28;2025-11-11;13;668
28;2025-11-11;14;626
28;2025-11-11;15;627
28;2025-11-11;16;748
28;2025-11-11;17;900
28;2025-11-11;18;898
28;2025-11-11;19;694
28;2025-11-11;20;498
28;2025-11-11;21;332
28;2025-11-11;22;134
28;2025-11-11;23;22
28;2025-11-12;0;1
28;2025-11-12;1;0
28;2025-11-12;2;0
28;2025-11-12;3;0
28;2025-11-12;4;0
28;2025-11-12;5;75
28;2025-11-12;6;253
28;2025-11-12;7;681
28;2025-11-12;8;1105
28;2025-11-12;9;732
28;2025-11-12;10;597
28;2025-11-12;11;564
28;2025-11-12;12;666
28;2025-11-12;13;683
28;2025-11-12;14;628
28;2025-11-12;15;665
28;2025-11-12;16;781
28;2025-11-12;17;919
28;2025-11-12;18;914
28;2025-11-12;19;722
28;2025-11-12;20;504
28;2025-11-12;21;350
28;2025-11-12;22;144
28;2025-11-12;23;15
28;2025-11-13;0;1
28;2025-11-13;1;0
28;2025-11-13;2;0
28;2025-11-13;3;0
28;2025-11-13;4;1
28;2025-11-13;5;83
28;2025-11-13;6;266
28;2025-11-13;7;699
28;2025-11-13;8;1108
28;2025-11-13;9;784
28;2025-11-13;10;604
28;2025-11-13;11;557
28;2025-11-13;12;693
28;2025-11-13;13;705
28;2025-11-13;14;668
28;2025-11-13;15;666
28;2025-11-13;16;792
28;2025-11-13;17;931
28;2025-11-13;18;924
28;2025-11-13;19;735
28;2025-11-13;20;516
28;2025-11-13;21;352
28;2025-11-13;22;133
28;2025-11-13;23;21
28;2025-11-14;0;0
28;2025-11-14;1;0
28;2025-11-14;2;0
28;2025-11-14;3;0
28;2025-11-14;4;2
28;2025-11-14;5;80
28;2025-11-14;6;257
28;2025-11-14;7;689
28;2025-11-14;8;1051
28;2025-11-14;9;747
28;2025-11-14;10;570
28;2025-11-14;11;533
28;2025-11-14;12;662
28;2025-11-14;13;674
28;2025-11-14;14;637
28;2025-11-14;15;671
28;2025-11-14;16;822
28;2025-11-14;17;888
28;2025-11-14;18;757
28;2025-11-14;19;607
28;2025-11-14;20;430
28;2025-11-14;21;298
28;2025-11-14;22;129
28;2025-11-14;23;24
28;2025-11-15;0;1
28;2025-11-15;1;0
28;2025-11-15;2;0
28;2025-11-15;3;0
28;2025-11-15;4;0
28;2025-11-15;5;40
28;2025-11-15;6;120
28;2025-11-15;7;224
28;2025-11-15;8;346
28;2025-11-15;9;425
28;2025-11-15;10;445
28;2025-11-15;11;474
28;2025-11-15;12;558
28;2025-11-15;13;594
28;2025-11-15;14;590
28;2025-11-15;15;550
28;2025-11-15;16;544
28;2025-11-15;17;557
28;2025-11-15;18;470
28;2025-11-15;19;398
28;2025-11-15;20;317
28;2025-11-15;21;276
28;2025-11-15;22;130
28;2025-11-15;23;24
28;2025-11-16;0;5
28;2025-11-16;1;1
28;2025-11-16;2;0
28;2025-11-16;3;0
28;2025-11-16;4;3
28;2025-11-16;5;32
28;2025-11-16;6;96
28;2025-11-16;7;159
28;2025-11-16;8;236
28;2025-11-16;9;330
28;2025-11-16;10;348
28;2025-11-16;11;410
28;2025-11-16;12;456
28;2025-11-16;13;493
28;2025-11-16;14;483
28;2025-11-16;15;490
28;2025-11-16;16;470
28;2025-11-16;17;474
28;2025-11-16;18;411
28;2025-11-16;19;346
28;2025-11-16;20;271
28;2025-11-16;21;225
28;2025-11-16;22;89
28;2025-11-16;23;0
28;2025-11-17;0;2
28;2025-11-17;1;1
28;2025-11-17;2;0
28;2025-11-17;3;0
28;2025-11-17;4;0
28;2025-11-17;5;71
28;2025-11-17;6;250
28;2025-11-17;7;705
28;2025-11-17;8;1103
28;2025-11-17;9;780
28;2025-11-17;10;605
28;2025-11-17;11;532
28;2025-11-17;12;643
28;2025-11-17;13;679
28;2025-11-17;14;603
28;2025-11-17;15;648
28;2025-11-17;16;776
28;2025-11-17;17;912
28;2025-11-17;18;907
28;2025-11-17;19;703
28;2025-11-17;20;481
28;2025-11-17;21;295
28;2025-11-17;22;115
28;2025-11-17;23;14
28;2025-11-18;0;1
28;2025-11-18;1;1
28;2025-11-18;2;0
28;2025-11-18;3;0
28;2025-11-18;4;2
28;2025-11-18;5;82
28;2025-11-18;6;263
28;2025-11-18;7;706
28;2025-11-18;8;1117
28;2025-11-18;9;781
28;2025-11-18;10;625
28;2025-11-18;11;579
28;2025-11-18;12;650
28;2025-11-18;13;686
28;2025-11-18;14;642
28;2025-11-18;15;643
28;2025-11-18;16;764
28;2025-11-18;17;914
28;2025-11-18;18;912
28;2025-11-18;19;715
28;2025-11-18;20;508
28;2025-11-18;21;335
28;2025-11-18;22;130
28;2025-11-18;23;18
28;2025-11-19;0;1
28;2025-11-19;1;0
28;2025-11-19;2;0
28;2025-11-19;3;0
28;2025-11-19;4;0
28;2025-11-19;5;76
28;2025-11-19;6;254
28;2025-11-19;7;690
28;2025-11-19;8;1115
28;2025-11-19;9;762
28;2025-11-19;10;624
28;2025-11-19;11;592
28;2025-11-19;12;695
28;2025-11-19;13;710
28;2025-11-19;14;654
28;2025-11-19;15;691
28;2025-11-19;16;793
28;2025-11-19;17;929
28;2025-11-19;18;926
28;2025-11-19;19;735
28;2025-11-19;20;519
28;2025-11-19;21;356
28;2025-11-19;22;147
28;2025-11-19;23;18
28;2025-11-20;0;2
28;2025-11-20;1;0
28;2025-11-20;2;0
28;2025-11-20;3;0
28;2025-11-20;4;2
28;2025-11-20;5;83
28;2025-11-20;6;268
28;2025-11-20;7;698
28;2025-11-20;8;1119
28;2025-11-20;9;788
28;2025-11-20;10;623
28;2025-11-20;11;577
28;2025-11-20;12;708
28;2025-11-20;13;720
28;2025-11-20;14;679
28;2025-11-20;15;674
28;2025-11-20;16;797
28;2025-11-20;17;938
28;2025-11-20;18;932
28;2025-11-20;19;742
28;2025-11-20;20;523
28;2025-11-20;21;349
28;2025-11-20;22;132
28;2025-11-20;23;19
28;2025-11-21;0;0
28;2025-11-21;1;0
28;2025-11-21;2;0
28;2025-11-21;3;0
28;2025-11-21;4;2
28;2025-11-21;5;81
28;2025-11-21;6;260
28;2025-11-21;7;700
28;2025-11-21;8;1062
28;2025-11-21;9;759
28;2025-11-21;10;587
28;2025-11-21;11;552
28;2025-11-21;12;677
28;2025-11-21;13;689
28;2025-11-21;14;650
28;2025-11-21;15;684
28;2025-11-21;16;832
28;2025-11-21;17;897
28;2025-11-21;18;773
28;2025-11-21;19;625
28;2025-11-21;20;447
28;2025-11-21;21;298
28;2025-11-21;22;123
28;2025-11-21;23;19
28;2025-11-22;0;1
28;2025-11-22;1;0
28;2025-11-22;2;0
28;2025-11-22;3;0
28;2025-11-22;4;0
28;2025-11-22;5;39
28;2025-11-22;6;120
28;2025-11-22;7;225
28;2025-11-22;8;346
28;2025-11-22;9;426
28;2025-11-22;10;443
28;2025-11-22;11;472
28;2025-11-22;12;551
28;2025-11-22;13;586
28;2025-11-22;14;582
28;2025-11-22;15;543
28;2025-11-22;16;530
28;2025-11-22;17;543
28;2025-11-22;18;465
28;2025-11-22;19;399
28;2025-11-22;20;316
28;2025-11-22;21;274
28;2025-11-22;22;134
28;2025-11-22;23;28
28;2025-11-23;0;6
28;2025-11-23;1;1
28;2025-11-23;2;0
28;2025-11-23;3;0
28;2025-11-23;4;3
28;2025-11-23;5;31
28;2025-11-23;6;96
28;2025-11-23;7;159
28;2025-11-23;8;234
28;2025-11-23;9;322
28;2025-11-23;10;340
28;2025-11-23;11;401
28;2025-11-23;12;446
28;2025-11-23;13;477
28;2025-11-23;14;472
28;2025-11-23;15;473
28;2025-11-23;16;461
28;2025-11-23;17;465
28;2025-11-23;18;405
28;2025-11-23;19;343
28;2025-11-23;20;266
28;2025-11-23;21;221
28;2025-11-23;22;93
28;2025-11-23;23;5
28;2025-11-24;0;3
28;2025-11-24;1;2
28;2025-11-24;2;0
28;2025-11-24;3;0
28;2025-11-24;4;0
28;2025-11-24;5;74
28;2025-11-24;6;250
28;2025-11-24;7;697
28;2025-11-24;8;1099
28;2025-11-24;9;776
28;2025-11-24;10;599
28;2025-11-24;11;528
28;2025-11-24;12;636
28;2025-11-24;13;676
28;2025-11-24;14;603
28;2025-11-24;15;645
28;2025-11-24;16;774
28;2025-11-24;17;918
28;2025-11-24;18;912
28;2025-11-24;19;704
28;2025-11-24;20;482
28;2025-11-24;21;295
28;2025-11-24;22;119
28;2025-11-24;23;17
28;2025-11-25;0;2
28;2025-11-25;1;1
28;2025-11-25;2;0
28;2025-11-25;3;0
28;2025-11-25;4;3
28;2025-11-25;5;84
28;2025-11-25;6;266
28;2025-11-25;7;702
28;2025-11-25;8;1098
28;2025-11-25;9;779
28;2025-11-25;10;621
28;2025-11-25;11;578
28;2025-11-25;12;645
28;2025-11-25;13;680
28;2025-11-25;14;637
28;2025-11-25;15;637
28;2025-11-25;16;761
28;2025-11-25;17;916
28;2025-11-25;18;913
28;2025-11-25;19;710
28;2025-11-25;20;501
28;2025-11-25;21;335
28;2025-11-25;22;133
28;2025-11-25;23;21
28;2025-11-26;0;1
28;2025-11-26;1;0
28;2025-11-26;2;0
28;2025-11-26;3;0
28;2025-11-26;4;0
28;2025-11-26;5;76
28;2025-11-26;6;254
28;2025-11-26;7;678
28;2025-11-26;8;1097
28;2025-11-26;9;751
28;2025-11-26;10;616
28;2025-11-26;11;579
28;2025-11-26;12;681
28;2025-11-26;13;695
28;2025-11-26;14;639
28;2025-11-26;15;677
28;2025-11-26;16;781
28;2025-11-26;17;921
28;2025-11-26;18;917
28;2025-11-26;19;724
28;2025-11-26;20;508
28;2025-11-26;21;354
28;2025-11-26;22;148
28;2025-11-26;23;20
28;2025-11-27;0;2
28;2025-11-27;1;0
28;2025-11-27;2;0
28;2025-11-27;3;0
28;2025-11-27;4;2
28;2025-11-27;5;84
28;2025-11-27;6;266
28;2025-11-27;7;684
28;2025-11-27;8;1104
28;2025-11-27;9;776
28;2025-11-27;10;606
28;2025-11-27;11;565
28;2025-11-27;12;694
28;2025-11-27;13;707
28;2025-11-27;14;662
28;2025-11-27;15;664
28;2025-11-27;16;785
28;2025-11-27;17;934
28;2025-11-27;18;928
28;2025-11-27;19;739
28;2025-11-27;20;518
28;2025-11-27;21;348
28;2025-11-27;22;134
28;2025-11-27;23;22
28;2025-11-28;0;0
28;2025-11-28;1;0
28;2025-11-28;2;0
28;2025-11-28;3;0
28;2025-11-28;4;3
28;2025-11-28;5;82
28;2025-11-28;6;261
28;2025-11-28;7;685
28;2025-11-28;8;1055
28;2025-11-28;9;746
28;2025-11-28;10;577
28;2025-11-28;11;541
28;2025-11-28;12;664
28;2025-11-28;13;672
28;2025-11-28;14;633
28;2025-11-28;15;664
28;2025-11-28;16;807
28;2025-11-28;17;884
28;2025-11-28;18;758
28;2025-11-28;19;612
28;2025-11-28;20;443
28;2025-11-28;21;290
28;2025-11-28;22;119
28;2025-11-28;23;19
28;2025-11-29;0;0
28;2025-11-29;1;0
28;2025-11-29;2;0
28;2025-11-29;3;0
28;2025-11-29;4;0
28;2025-11-29;5;37
28;2025-11-29;6;118
28;2025-11-29;7;221
28;2025-11-29;8;337
28;2025-11-29;9;414
28;2025-11-29;10;431
28;2025-11-29;11;459
28;2025-11-29;12;532
28;2025-11-29;13;574
28;2025-11-29;14;569
28;2025-11-29;15;531
28;2025-11-29;16;522
28;2025-11-29;17;535
28;2025-11-29;18;458
28;2025-11-29;19;388
28;2025-11-29;20;308
28;2025-11-29;21;269
28;2025-11-29;22;135
28;2025-11-29;23;31
28;2025-11-30;0;6
28;2025-11-30;1;1
28;2025-11-30;2;0
28;2025-11-30;3;0
28;2025-11-30;4;3
28;2025-11-30;5;32
28;2025-11-30;6;97
28;2025-11-30;7;159
28;2025-11-30;8;235
28;2025-11-30;9;321
28;2025-11-30;10;339
28;2025-11-30;11;401
28;2025-11-30;12;444
28;2025-11-30;13;477
28;2025-11-30;14;473
28;2025-11-30;15;475
28;2025-11-30;16;462
28;2025-11-30;17;467
28;2025-11-30;18;407
28;2025-11-30;19;342
28;2025-11-30;20;263
28;2025-11-30;21;220
28;2025-11-30;22;92
28;2025-11-30;23;3
28;2025-12-01;0;1
28;2025-12-01;1;1
28;2025-12-01;2;0
28;2025-12-01;3;0
28;2025-12-01;4;0
28;2025-12-01;5;71
28;2025-12-01;6;247
28;2025-12-01;7;690
28;2025-12-01;8;1079
28;2025-12-01;9;761
28;2025-12-01;10;589
28;2025-12-01;11;516
28;2025-12-01;12;626
28;2025-12-01;13;665
28;2025-12-01;14;590
28;2025-12-01;15;631
28;2025-12-01;16;762
28;2025-12-01;17;907
28;2025-12-01;18;890
28;2025-12-01;19;691
28;2025-12-01;20;472
28;2025-12-01;21;294
28;2025-12-01;22;127
28;2025-12-01;23;24
28;2025-12-02;0;10
28;2025-12-02;1;9
28;2025-12-02;2;8
28;2025-12-02;3;7
28;2025-12-02;4;12
28;2025-12-02;5;91
28;2025-12-02;6;273
28;2025-12-02;7;706
28;2025-12-02;8;1102
28;2025-12-02;9;772
28;2025-12-02;10;604
28;2025-12-02;11;560
28;2025-12-02;12;631
28;2025-12-02;13;668
28;2025-12-02;14;626
28;2025-12-02;15;626
28;2025-12-02;16;759
28;2025-12-02;17;912
28;2025-12-02;18;927
28;2025-12-02;19;694
28;2025-12-02;20;484
28;2025-12-02;21;330
28;2025-12-02;22;132
28;2025-12-02;23;20
28;2025-12-03;0;2
28;2025-12-03;1;2
28;2025-12-03;2;0
28;2025-12-03;3;0
28;2025-12-03;4;0
28;2025-12-03;5;77
28;2025-12-03;6;254
28;2025-12-03;7;677
28;2025-12-03;8;1090
28;2025-12-03;9;750
28;2025-12-03;10;608
28;2025-12-03;11;570
28;2025-12-03;12;676
28;2025-12-03;13;692
28;2025-12-03;14;640
28;2025-12-03;15;678
28;2025-12-03;16;781
28;2025-12-03;17;917
28;2025-12-03;18;908
28;2025-12-03;19;719
28;2025-12-03;20;501
28;2025-12-03;21;354
28;2025-12-03;22;148
28;2025-12-03;23;20
28;2025-12-04;0;2
28;2025-12-04;1;0
28;2025-12-04;2;0
28;2025-12-04;3;0
28;2025-12-04;4;2
28;2025-12-04;5;82
28;2025-12-04;6;262
28;2025-12-04;7;681
28;2025-12-04;8;1089
28;2025-12-04;9;767
28;2025-12-04;10;592
28;2025-12-04;11;549
28;2025-12-04;12;680
28;2025-12-04;13;693
28;2025-12-04;14;651
28;2025-12-04;15;651
28;2025-12-04;16;774
28;2025-12-04;17;918
28;2025-12-04;18;906
28;2025-12-04;19;719
28;2025-12-04;20;500
28;2025-12-04;21;342
28;2025-12-04;22;132
28;2025-12-04;23;21
28;2025-12-05;0;0
28;2025-12-05;1;0
28;2025-12-05;2;0
28;2025-12-05;3;0
28;2025-12-05;4;4
28;2025-12-05;5;83
28;2025-12-05;6;262
28;2025-12-05;7;684
28;2025-12-05;8;1050
28;2025-12-05;9;743
28;2025-12-05;10;573
28;2025-12-05;11;538
28;2025-12-05;12;663
28;2025-12-05;13;673
28;2025-12-05;14;633
28;2025-12-05;15;664
28;2025-12-05;16;810
28;2025-12-05;17;884
28;2025-12-05;18;760
28;2025-12-05;19;614
28;2025-12-05;20;439
28;2025-12-05;21;294
28;2025-12-05;22;124
28;2025-12-05;23;23
28;2025-12-06;0;4
28;2025-12-06;1;2
28;2025-12-06;2;0
28;2025-12-06;3;0
28;2025-12-06;4;3
28;2025-12-06;5;41
28;2025-12-06;6;120
28;2025-12-06;7;224
28;2025-12-06;8;336
28;2025-12-06;9;410
28;2025-12-06;10;429
28;2025-12-06;11;456
28;2025-12-06;12;526
28;2025-12-06;13;569
28;2025-12-06;14;564
28;2025-12-06;15;525
28;2025-12-06;16;513
28;2025-12-06;17;525
28;2025-12-06;18;449
28;2025-12-06;19;380
28;2025-12-06;20;303
28;2025-12-06;21;262
28;2025-12-06;22;131
28;2025-12-06;23;26
28;2025-12-07;0;5
28;2025-12-07;1;0
28;2025-12-07;2;0
28;2025-12-07;3;0
28;2025-12-07;4;3
28;2025-12-07;5;31
28;2025-12-07;6;95
28;2025-12-07;7;157
28;2025-12-07;8;235
28;2025-12-07;9;316
28;2025-12-07;10;335
28;2025-12-07;11;394
28;2025-12-07;12;438
28;2025-12-07;13;470
28;2025-12-07;14;462
28;2025-12-07;15;463
28;2025-12-07;16;457
28;2025-12-07;17;458
28;2025-12-07;18;396
28;2025-12-07;19;329
28;2025-12-07;20;256
28;2025-12-07;21;212
28;2025-12-07;22;83
28;2025-12-07;23;0
28;2025-12-08;0;0
28;2025-12-08;1;0
28;2025-12-08;2;0
28;2025-12-08;3;0
28;2025-12-08;4;0
28;2025-12-08;5;70
28;2025-12-08;6;250
28;2025-12-08;7;694
28;2025-12-08;8;1080
28;2025-12-08;9;762
28;2025-12-08;10;586
28;2025-12-08;11;517
28;2025-12-08;12;626
28;2025-12-08;13;666
28;2025-12-08;14;590
28;2025-12-08;15;630
28;2025-12-08;16;759
28;2025-12-08;17;901
28;2025-12-08;18;890
28;2025-12-08;19;692
28;2025-12-08;20;470
28;2025-12-08;21;290
28;2025-12-08;22;118
28;2025-12-08;23;16
28;2025-12-09;0;2
28;2025-12-09;1;2
28;2025-12-09;2;0
28;2025-12-09;3;0
28;2025-12-09;4;2
28;2025-12-09;5;82
28;2025-12-09;6;265
28;2025-12-09;7;701
28;2025-12-09;8;1081
28;2025-12-09;9;770
28;2025-12-09;10;609
28;2025-12-09;11;568
28;2025-12-09;12;637
28;2025-12-09;13;674
28;2025-12-09;14;629
28;2025-12-09;15;629
28;2025-12-09;16;757
28;2025-12-09;17;908
28;2025-12-09;18;903
28;2025-12-09;19;699
28;2025-12-09;20;492
28;2025-12-09;21;332
28;2025-12-09;22;135
28;2025-12-09;23;23
28;2025-12-10;0;3
28;2025-12-10;1;2
28;2025-12-10;2;0
28;2025-12-10;3;0
28;2025-12-10;4;0
28;2025-12-10;5;77
28;2025-12-10;6;255
28;2025-12-10;7;678
28;2025-12-10;8;1083
28;2025-12-10;9;745
28;2025-12-10;10;607
28;2025-12-10;11;571
28;2025-12-10;12;673
28;2025-12-10;13;689
28;2025-12-10;14;636
28;2025-12-10;15;674
28;2025-12-10;16;779
28;2025-12-10;17;916
28;2025-12-10;18;902
28;2025-12-10;19;713
28;2025-12-10;20;500
28;2025-12-10;21;353
28;2025-12-10;22;148
28;2025-12-10;23;20
28;2025-12-11;0;2
28;2025-12-11;1;0
28;2025-12-11;2;0
28;2025-12-11;3;0
28;2025-12-11;4;2
28;2025-12-11;5;82
28;2025-12-11;6;262
28;2025-12-11;7;679
28;2025-12-11;8;1078
28;2025-12-11;9;764
28;2025-12-11;10;577
28;2025-12-11;11;536
28;2025-12-11;12;665
28;2025-12-11;13;679
28;2025-12-11;14;634
28;2025-12-11;15;636
28;2025-12-11;16;771
28;2025-12-11;17;912
28;2025-12-11;18;902
28;2025-12-11;19;705
28;2025-12-11;20;491
28;2025-12-11;21;343
28;2025-12-11;22;131
28;2025-12-11;23;20
28;2025-12-12;0;0
28;2025-12-12;1;0
28;2025-12-12;2;0
28;2025-12-12;3;0
28;2025-12-12;4;4
28;2025-12-12;5;82
28;2025-12-12;6;261
28;2025-12-12;7;683
28;2025-12-12;8;1040
28;2025-12-12;9;746
28;2025-12-12;10;556
28;2025-12-12;11;524
28;2025-12-12;12;649
28;2025-12-12;13;660
28;2025-12-12;14;620
28;2025-12-12;15;654
28;2025-12-12;16;810
28;2025-12-12;17;878
28;2025-12-12;18;757
28;2025-12-12;19;598
28;2025-12-12;20;428
28;2025-12-12;21;294
28;2025-12-12;22;123
28;2025-12-12;23;23
28;2025-12-13;0;2
28;2025-12-13;1;0
28;2025-12-13;2;0
28;2025-12-13;3;0
28;2025-12-13;4;1
28;2025-12-13;5;40
28;2025-12-13;6;117
28;2025-12-13;7;220
28;2025-12-13;8;335
28;2025-12-13;9;404
28;2025-12-13;10;423
28;2025-12-13;11;438
28;2025-12-13;12;511
28;2025-12-13;13;553
28;2025-12-13;14;549
28;2025-12-13;15;508
28;2025-12-13;16;498
28;2025-12-13;17;509
28;2025-12-13;18;438
28;2025-12-13;19;374
28;2025-12-13;20;303
28;2025-12-13;21;262
28;2025-12-13;22;130
28;2025-12-13;23;28
28;2025-12-14;0;5
28;2025-12-14;1;1
28;2025-12-14;2;0
28;2025-12-14;3;0
28;2025-12-14;4;3
28;2025-12-14;5;31
28;2025-12-14;6;94
28;2025-12-14;7;155
28;2025-12-14;8;229
28;2025-12-14;9;306
28;2025-12-14;10;324
28;2025-12-14;11;377
28;2025-12-14;12;424
28;2025-12-14;13;456
28;2025-12-14;14;452
28;2025-12-14;15;453
28;2025-12-14;16;441
28;2025-12-14;17;444
28;2025-12-14;18;384
28;2025-12-14;19;326
28;2025-12-14;20;258
28;2025-12-14;21;213
28;2025-12-14;22;84
28;2025-12-14;23;0
28;2025-12-15;0;0
28;2025-12-15;1;0
28;2025-12-15;2;0
28;2025-12-15;3;0
28;2025-12-15;4;0
28;2025-12-15;5;70
28;2025-12-15;6;248
28;2025-12-15;7;702
28;2025-12-15;8;1083
28;2025-12-15;9;771
28;2025-12-15;10;577
28;2025-12-15;11;507
28;2025-12-15;12;616
28;2025-12-15;13;656
28;2025-12-15;14;580
28;2025-12-15;15;624
28;2025-12-15;16;768
28;2025-12-15;17;911
28;2025-12-15;18;902
28;2025-12-15;19;685
28;2025-12-15;20;463
28;2025-12-15;21;294
28;2025-12-15;22;118
28;2025-12-15;23;16
28;2025-12-16;0;2
28;2025-12-16;1;1
28;2025-12-16;2;0
28;2025-12-16;3;0
28;2025-12-16;4;3
28;2025-12-16;5;80
28;2025-12-16;6;263
28;2025-12-16;7;702
28;2025-12-16;8;1086
28;2025-12-16;9;775
28;2025-12-16;10;595
28;2025-12-16;11;555
28;2025-12-16;12;625
28;2025-12-16;13;661
28;2025-12-16;14;616
28;2025-12-16;15;615
28;2025-12-16;16;763
28;2025-12-16;17;916
28;2025-12-16;18;906
28;2025-12-16;19;686
28;2025-12-16;20;477
28;2025-12-16;21;330
28;2025-12-16;22;129
28;2025-12-16;23;19
28;2025-12-17;0;1
28;2025-12-17;1;0
28;2025-12-17;2;0
28;2025-12-17;3;0
28;2025-12-17;4;0
28;2025-12-17;5;74
28;2025-12-17;6;252
28;2025-12-17;7;677
28;2025-12-17;8;1080
28;2025-12-17;9;739
28;2025-12-17;10;585
28;2025-12-17;11;553
28;2025-12-17;12;654
28;2025-12-17;13;669
28;2025-12-17;14;616
28;2025-12-17;15;653
28;2025-12-17;16;775
28;2025-12-17;17;912
28;2025-12-17;18;898
28;2025-12-17;19;695
28;2025-12-17;20;484
28;2025-12-17;21;347
28;2025-12-17;22;144
28;2025-12-17;23;18
28;2025-12-18;0;2
28;2025-12-18;1;0
28;2025-12-18;2;0
28;2025-12-18;3;0
28;2025-12-18;4;2
28;2025-12-18;5;80
28;2025-12-18;6;265
28;2025-12-18;7;681
28;2025-12-18;8;1087
28;2025-12-18;9;767
28;2025-12-18;10;575
28;2025-12-18;11;534
28;2025-12-18;12;662
28;2025-12-18;13;676
28;2025-12-18;14;630
28;2025-12-18;15;632
28;2025-12-18;16;775
28;2025-12-18;17;919
28;2025-12-18;18;909
28;2025-12-18;19;703
28;2025-12-18;20;494
28;2025-12-18;21;344
28;2025-12-18;22;127
28;2025-12-18;23;19
28;2025-12-19;0;0
28;2025-12-19;1;0
28;2025-12-19;2;0
28;2025-12-19;3;0
28;2025-12-19;4;2
28;2025-12-19;5;78
28;2025-12-19;6;263
28;2025-12-19;7;688
28;2025-12-19;8;1044
28;2025-12-19;9;754
28;2025-12-19;10;558
28;2025-12-19;11;529
28;2025-12-19;12;657
28;2025-12-19;13;669
28;2025-12-19;14;626
28;2025-12-19;15;663
28;2025-12-19;16;823
28;2025-12-19;17;891
28;2025-12-19;18;774
28;2025-12-19;19;607
28;2025-12-19;20;438
28;2025-12-19;21;304
28;2025-12-19;22;118
28;2025-12-19;23;21
28;2025-12-20;0;2
28;2025-12-20;1;1
28;2025-12-20;2;0
28;2025-12-20;3;0
28;2025-12-20;4;1
28;2025-12-20;5;39
28;2025-12-20;6;106
28;2025-12-20;7;218
28;2025-12-20;8;352
28;2025-12-20;9;423
28;2025-12-20;10;438
28;2025-12-20;11;455
28;2025-12-20;12;528
28;2025-12-20;13;569
28;2025-12-20;14;562
28;2025-12-20;15;525
28;2025-12-20;16;510
28;2025-12-20;17;521
28;2025-12-20;18;450
28;2025-12-20;19;391
28;2025-12-20;20;317
28;2025-12-20;21;275
28;2025-12-20;22;122
28;2025-12-20;23;28
28;2025-12-21;0;6
28;2025-12-21;1;2
28;2025-12-21;2;0
28;2025-12-21;3;0
28;2025-12-21;4;3
28;2025-12-21;5;31
28;2025-12-21;6;83
28;2025-12-21;7;153
28;2025-12-21;8;238
28;2025-12-21;9;322
28;2025-12-21;10;341
28;2025-12-21;11;399
28;2025-12-21;12;445
28;2025-12-21;13;473
28;2025-12-21;14;458
28;2025-12-21;15;466
28;2025-12-21;16;457
28;2025-12-21;17;458
28;2025-12-21;18;401
28;2025-12-21;19;350
28;2025-12-21;20;274
28;2025-12-21;21;226
28;2025-12-21;22;81
28;2025-12-21;23;0
28;2025-12-22;0;2
28;2025-12-22;1;0
28;2025-12-22;2;0
28;2025-12-22;3;0
28;2025-12-22;4;0
28;2025-12-22;5;66
28;2025-12-22;6;247
28;2025-12-22;7;687
28;2025-12-22;8;1060
28;2025-12-22;9;744
28;2025-12-22;10;560
28;2025-12-22;11;494
28;2025-12-22;12;606
28;2025-12-22;13;646
28;2025-12-22;14;565
28;2025-12-22;15;613
28;2025-12-22;16;754
28;2025-12-22;17;886
28;2025-12-22;18;878
28;2025-12-22;19;678
28;2025-12-22;20;462
28;2025-12-22;21;297
28;2025-12-22;22;124
28;2025-12-22;23;30
28;2025-12-23;0;3
28;2025-12-23;1;4
28;2025-12-23;2;1
28;2025-12-23;3;0
28;2025-12-23;4;2
28;2025-12-23;5;76
28;2025-12-23;6;252
28;2025-12-23;7;661
28;2025-12-23;8;1054
28;2025-12-23;9;724
28;2025-12-23;10;567
28;2025-12-23;11;528
28;2025-12-23;12;602
28;2025-12-23;13;636
28;2025-12-23;14;588
28;2025-12-23;15;590
28;2025-12-23;16;731
28;2025-12-23;17;879
28;2025-12-23;18;870
28;2025-12-23;19;678
28;2025-12-23;20;481
28;2025-12-23;21;335
28;2025-12-23;22;129
28;2025-12-23;23;20
28;2025-12-24;0;2
28;2025-12-24;1;0
28;2025-12-24;2;0
28;2025-12-24;3;0
28;2025-12-24;4;0
28;2025-12-24;5;71
28;2025-12-24;6;240
28;2025-12-24;7;645
28;2025-12-24;8;1051
28;2025-12-24;9;702
28;2025-12-24;10;554
28;2025-12-24;11;539
28;2025-12-24;12;638
28;2025-12-24;13;654
28;2025-12-24;14;598
28;2025-12-24;15;636
28;2025-12-24;16;750
28;2025-12-24;17;883
28;2025-12-24;18;876
28;2025-12-24;19;691
28;2025-12-24;20;487
28;2025-12-24;21;351
28;2025-12-24;22;141
28;2025-12-24;23;19
28;2025-12-25;0;4
28;2025-12-25;1;1
28;2025-12-25;2;0
28;2025-12-25;3;0
28;2025-12-25;4;3
28;2025-12-25;5;79
28;2025-12-25;6;269
28;2025-12-25;7;675
28;2025-12-25;8;1080
28;2025-12-25;9;756
28;2025-12-25;10;563
28;2025-12-25;11;523
28;2025-12-25;12;638
28;2025-12-25;13;655
28;2025-12-25;14;605
28;2025-12-25;15;611
28;2025-12-25;16;755
28;2025-12-25;17;897
28;2025-12-25;18;893
28;2025-12-25;19;693
28;2025-12-25;20;494
28;2025-12-25;21;347
28;2025-12-25;22;128
28;2025-12-25;23;23
28;2025-12-26;0;3
28;2025-12-26;1;1
28;2025-12-26;2;0
28;2025-12-26;3;0
28;2025-12-26;4;3
28;2025-12-26;5;79
28;2025-12-26;6;265
28;2025-12-26;7;680
28;2025-12-26;8;1039
28;2025-12-26;9;747
28;2025-12-26;10;543
28;2025-12-26;11;512
28;2025-12-26;12;630
28;2025-12-26;13;642
28;2025-12-26;14;593
28;2025-12-26;15;629
28;2025-12-26;16;786
28;2025-12-26;17;869
28;2025-12-26;18;758
28;2025-12-26;19;600
28;2025-12-26;20;441
28;2025-12-26;21;309
28;2025-12-26;22;120
28;2025-12-26;23;21
28;2025-12-27;0;4
28;2025-12-27;1;3
28;2025-12-27;2;0
28;2025-12-27;3;0
28;2025-12-27;4;2
28;2025-12-27;5;40
28;2025-12-27;6;106
28;2025-12-27;7;215
28;2025-12-27;8;347
28;2025-12-27;9;421
28;2025-12-27;10;436
28;2025-12-27;11;454
28;2025-12-27;12;522
28;2025-12-27;13;553
28;2025-12-27;14;546
28;2025-12-27;15;516
28;2025-12-27;16;508
28;2025-12-27;17;520
28;2025-12-27;18;453
28;2025-12-27;19;400
28;2025-12-27;20;323
28;2025-12-27;21;282
28;2025-12-27;22;129
28;2025-12-27;23;33
28;2025-12-28;0;7
28;2025-12-28;1;7
28;2025-12-28;2;1
28;2025-12-28;3;1
28;2025-12-28;4;4
28;2025-12-28;5;32
28;2025-12-28;6;84
28;2025-12-28;7;155
28;2025-12-28;8;239
28;2025-12-28;9;325
28;2025-12-28;10;344
28;2025-12-28;11;405
28;2025-12-28;12;448
28;2025-12-28;13;476
28;2025-12-28;14;463
28;2025-12-28;15;468
28;2025-12-28;16;462
28;2025-12-28;17;465
28;2025-12-28;18;406
28;2025-12-28;19;336
28;2025-12-28;20;257
28;2025-12-28;21;212
28;2025-12-28;22;86
28;2025-12-28;23;0
28;2025-12-29;0;3
28;2025-12-29;1;2
28;2025-12-29;2;0
28;2025-12-29;3;0
28;2025-12-29;4;0
28;2025-12-29;5;67
28;2025-12-29;6;226
28;2025-12-29;7;651
28;2025-12-29;8;1038
28;2025-12-29;9;703
28;2025-12-29;10;525
28;2025-12-29;11;457
28;2025-12-29;12;573
28;2025-12-29;13;613
28;2025-12-29;14;530
28;2025-12-29;15;580
28;2025-12-29;16;718
28;2025-12-29;17;842
28;2025-12-29;18;832
28;2025-12-29;19;640
28;2025-12-29;20;439
28;2025-12-29;21;272
28;2025-12-29;22;124
28;2025-12-29;23;35
28;2025-12-30;0;7
28;2025-12-30;1;11
28;2025-12-30;2;10
28;2025-12-30;3;4
28;2025-12-30;4;3
28;2025-12-30;5;32
28;2025-12-30;6;115
28;2025-12-30;7;439
28;2025-12-30;8;814
28;2025-12-30;9;490
28;2025-12-30;10;375
28;2025-12-30;11;333
28;2025-12-30;12;421
28;2025-12-30;13;468
28;2025-12-30;14;418
28;2025-12-30;15;428
28;2025-12-30;16;540
28;2025-12-30;17;659
28;2025-12-30;18;646
28;2025-12-30;19;510
28;2025-12-30;20;327
28;2025-12-30;21;219
28;2025-12-30;22;89
28;2025-12-30;23;14
28;2025-12-31;0;1
28;2025-12-31;1;2
28;2025-12-31;2;0
28;2025-12-31;3;0
28;2025-12-31;4;0
28;2025-12-31;5;0
28;2025-12-31;6;88
28;2025-12-31;7;183
28;2025-12-31;8;175
28;2025-12-31;9;192
28;2025-12-31;10;204
28;2025-12-31;11;242
28;2025-12-31;12;272
28;2025-12-31;13;302
28;2025-12-31;14;317
28;2025-12-31;15;322
28;2025-12-31;16;343
28;2025-12-31;17;373
28;2025-12-31;18;332
28;2025-12-31;19;325
28;2025-12-31;20;215
28;2025-12-31;21;148
28;2025-12-31;22;116
28;2025-12-31;23;17
50;2025-11-01;0;62
50;2025-11-01;1;5
50;2025-11-01;2;0
50;2025-11-01;3;1
50;2025-11-01;4;0
50;2025-11-01;5;59
50;2025-11-01;6;179
50;2025-11-01;7;333
50;2025-11-01;8;377
50;2025-11-01;9;333
50;2025-11-01;10;307
50;2025-11-01;11;436
50;2025-11-01;12;484
50;2025-11-01;13;485
50;2025-11-01;14;489
50;2025-11-01;15;455
50;2025-11-01;16;462
50;2025-11-01;17;482
50;2025-11-01;18;454
50;2025-11-01;19;394
50;2025-11-01;20;389
50;2025-11-01;21;328
50;2025-11-01;22;209
50;2025-11-01;23;129
50;2025-11-02;0;55
50;2025-11-02;1;8
50;2025-11-02;2;0
50;2025-11-02;3;0
50;2025-11-02;4;1
50;2025-11-02;5;24
50;2025-11-02;6;153
50;2025-11-02;7;198
50;2025-11-02;8;321
50;2025-11-02;9;325
50;2025-11-02;10;334
50;2025-11-02;11;327
50;2025-11-02;12;359
50;2025-11-02;13;413
50;2025-11-02;14;432
50;2025-11-02;15;386
50;2025-11-02;16;423
50;2025-11-02;17;399
50;2025-11-02;18;341
50;2025-11-02;19;342
50;2025-11-02;20;319
50;2025-11-02;21;261
50;2025-11-02;22;175
50;2025-11-02;23;91
50;2025-11-03;0;28
50;2025-11-03;1;0
50;2025-11-03;2;0
50;2025-11-03;3;0
50;2025-11-03;4;0
50;2025-11-03;5;26
50;2025-11-03;6;220
50;2025-11-03;7;342
50;2025-11-03;8;374
50;2025-11-03;9;438
50;2025-11-03;10;441
50;2025-11-03;11;635
50;2025-11-03;12;734
50;2025-11-03;13;739
50;2025-11-03;14;752
50;2025-11-03;15;653
50;2025-11-03;16;696
50;2025-11-03;17;646
50;2025-11-03;18;620
50;2025-11-03;19;589
50;2025-11-03;20;484
50;2025-11-03;21;386
50;2025-11-03;22;225
50;2025-11-03;23;127
50;2025-11-04;0;37
50;2025-11-04;1;2
50;2025-11-04;2;0
50;2025-11-04;3;0
50;2025-11-04;4;0
50;2025-11-04;5;45
50;2025-11-04;6;242
50;2025-11-04;7;353
50;2025-11-04;8;428
50;2025-11-04;9;469
50;2025-11-04;10;454
50;2025-11-04;11;569
50;2025-11-04;12;625
50;2025-11-04;13;622
50;2025-11-04;14;620
50;2025-11-04;15;605
50;2025-11-04;16;601
50;2025-11-04;17;604
50;2025-11-04;18;596
50;2025-11-04;19;551
50;2025-11-04;20;476
50;2025-11-04;21;396
50;2025-11-04;22;212
50;2025-11-04;23;146
50;2025-11-05;0;36
50;2025-11-05;1;4
50;2025-11-05;2;0
50;2025-11-05;3;0
50;2025-11-05;4;0
50;2025-11-05;5;75
50;2025-11-05;6;551
50;2025-11-05;7;1849
50;2025-11-05;8;2797
50;2025-11-05;9;2143
50;2025-11-05;10;1702
50;2025-11-05;11;1541
50;2025-11-05;12;1459
50;2025-11-05;13;1470
50;2025-11-05;14;1368
50;2025-11-05;15;1593
50;2025-11-05;16;1807
50;2025-11-05;17;2368
50;2025-11-05;18;2504
50;2025-11-05;19;1482
50;2025-11-05;20;910
50;2025-11-05;21;658
50;2025-11-05;22;303
50;2025-11-05;23;163
50;2025-11-06;0;39
50;2025-11-06;1;2
50;2025-11-06;2;0
50;2025-11-06;3;0
50;2025-11-06;4;3
50;2025-11-06;5;84
50;2025-11-06;6;563
50;2025-11-06;7;1833
50;2025-11-06;8;2729
50;2025-11-06;9;2119
50;2025-11-06;10;1703
50;2025-11-06;11;1535
50;2025-11-06;12;1430
50;2025-11-06;13;1390
50;2025-11-06;14;1324
50;2025-11-06;15;1528
50;2025-11-06;16;1799
50;2025-11-06;17;2356
50;2025-11-06;18;2520
50;2025-11-06;19;1472
50;2025-11-06;20;923
50;2025-11-06;21;671
50;2025-11-06;22;331
50;2025-11-06;23;191
50;2025-11-07;0;45
50;2025-11-07;1;6
50;2025-11-07;2;0
50;2025-11-07;3;0
50;2025-11-07;4;6
50;2025-11-07;5;80
50;2025-11-07;6;572
50;2025-11-07;7;1807
50;2025-11-07;8;2717
50;2025-11-07;9;2087
50;2025-11-07;10;1559
50;2025-11-07;11;1488
50;2025-11-07;12;1412
50;2025-11-07;13;1392
50;2025-11-07;14;1368
50;2025-11-07;15;1653
50;2025-11-07;16;1953
50;2025-11-07;17;2187
50;2025-11-07;18;1875
50;2025-11-07;19;1234
50;2025-11-07;20;819
50;2025-11-07;21;594
50;2025-11-07;22;310
50;2025-11-07;23;201
50;2025-11-08;0;68
50;2025-11-08;1;2
50;2025-11-08;2;0
50;2025-11-08;3;0
50;2025-11-08;4;0
50;2025-11-08;5;59
50;2025-11-08;6;168
50;2025-11-08;7;316
50;2025-11-08;8;457
50;2025-11-08;9;427
50;2025-11-08;10;436
50;2025-11-08;11;579
50;2025-11-08;12;612
50;2025-11-08;13;623
50;2025-11-08;14;607
50;2025-11-08;15;599
50;2025-11-08;16;602
50;2025-11-08;17;615
50;2025-11-08;18;579
50;2025-11-08;19;504
50;2025-11-08;20;408
50;2025-11-08;21;321
50;2025-11-08;22;209
50;2025-11-08;23;124
50;2025-11-09;0;54
50;2025-11-09;1;7
50;2025-11-09;2;0
50;2025-11-09;3;0
50;2025-11-09;4;2
50;2025-11-09;5;25
50;2025-11-09;6;161
50;2025-11-09;7;210
50;2025-11-09;8;334
50;2025-11-09;9;331
50;2025-11-09;10;352
50;2025-11-09;11;497
50;2025-11-09;12;525
50;2025-11-09;13;597
50;2025-11-09;14;608
50;2025-11-09;15;558
50;2025-11-09;16;588
50;2025-11-09;17;577
50;2025-11-09;18;507
50;2025-11-09;19;475
50;2025-11-09;20;353
50;2025-11-09;21;256
50;2025-11-09;22;179
50;2025-11-09;23;93
50;2025-11-10;0;17
50;2025-11-10;1;0
50;2025-11-10;2;0
50;2025-11-10;3;0
50;2025-11-10;4;0
50;2025-11-10;5;68
50;2025-11-10;6;544
50;2025-11-10;7;1809
50;2025-11-10;8;2746
50;2025-11-10;9;2124
50;2025-11-10;10;1598
50;2025-11-10;11;1484
50;2025-11-10;12;1373
50;2025-11-10;13;1399
50;2025-11-10;14;1343
50;2025-11-10;15;1490
50;2025-11-10;16;1668
50;2025-11-10;17;2261
50;2025-11-10;18;2421
50;2025-11-10;19;1429
50;2025-11-10;20;905
50;2025-11-10;21;582
50;2025-11-10;22;287
50;2025-11-10;23;139
50;2025-11-11;0;26
50;2025-11-11;1;1
50;2025-11-11;2;0
50;2025-11-11;3;0
50;2025-11-11;4;1
50;2025-11-11;5;77
50;2025-11-11;6;575
50;2025-11-11;7;1811
50;2025-11-11;8;2767
50;2025-11-11;9;2145
50;2025-11-11;10;1689
50;2025-11-11;11;1523
50;2025-11-11;12;1425
50;2025-11-11;13;1411
50;2025-11-11;14;1366
50;2025-11-11;15;1539
50;2025-11-11;16;1688
50;2025-11-11;17;2406
50;2025-11-11;18;2508
50;2025-11-11;19;1440
50;2025-11-11;20;933
50;2025-11-11;21;622
50;2025-11-11;22;301
50;2025-11-11;23;165
50;2025-11-12;0;36
50;2025-11-12;1;4
50;2025-11-12;2;0
50;2025-11-12;3;0
50;2025-11-12;4;0
50;2025-11-12;5;73
50;2025-11-12;6;558
50;2025-11-12;7;1846
50;2025-11-12;8;2826
50;2025-11-12;9;2138
50;2025-11-12;10;1696
50;2025-11-12;11;1518
50;2025-11-12;12;1432
50;2025-11-12;13;1446
50;2025-11-12;14;1354
50;2025-11-12;15;1551
50;2025-11-12;16;1802
50;2025-11-12;17;2377
50;2025-11-12;18;2546
50;2025-11-12;19;1479
50;2025-11-12;20;924
50;2025-11-12;21;663
50;2025-11-12;22;303
50;2025-11-12;23;161
50;2025-11-13;0;39
50;2025-11-13;1;2
50;2025-11-13;2;0
50;2025-11-13;3;0
50;2025-11-13;4;2
50;2025-11-13;5;83
50;2025-11-13;6;573
50;2025-11-13;7;1840
50;2025-11-13;8;2755
50;2025-11-13;9;2132
50;2025-11-13;10;1718
50;2025-11-13;11;1542
50;2025-11-13;12;1442
50;2025-11-13;13;1408
50;2025-11-13;14;1333
50;2025-11-13;15;1543
50;2025-11-13;16;1820
50;2025-11-13;17;2363
50;2025-11-13;18;2557
50;2025-11-13;19;1481
50;2025-11-13;20;938
50;2025-11-13;21;683
50;2025-11-13;22;338
50;2025-11-13;23;179
50;2025-11-14;0;41
50;2025-11-14;1;2
50;2025-11-14;2;0
50;2025-11-14;3;0
50;2025-11-14;4;2
50;2025-11-14;5;76
50;2025-11-14;6;577
50;2025-11-14;7;1816
50;2025-11-14;8;2739
50;2025-11-14;9;2089
50;2025-11-14;10;1569
50;2025-11-14;11;1504
50;2025-11-14;12;1428
50;2025-11-14;13;1414
50;2025-11-14;14;1390
50;2025-11-14;15;1688
50;2025-11-14;16;1978
50;2025-11-14;17;2219
50;2025-11-14;18;1897
50;2025-11-14;19;1239
50;2025-11-14;20;823
50;2025-11-14;21;586
50;2025-11-14;22;301
50;2025-11-14;23;185
50;2025-11-15;0;62
50;2025-11-15;1;2
50;2025-11-15;2;0
50;2025-11-15;3;0
50;2025-11-15;4;0
50;2025-11-15;5;61
50;2025-11-15;6;174
50;2025-11-15;7;332
50;2025-11-15;8;506
50;2025-11-15;9;513
50;2025-11-15;10;517
50;2025-11-15;11;644
50;2025-11-15;12;694
50;2025-11-15;13;698
50;2025-11-15;14;682
50;2025-11-15;15;661
50;2025-11-15;16;650
50;2025-11-15;17;662
50;2025-11-15;18;621
50;2025-11-15;19;551
50;2025-11-15;20;441
50;2025-11-15;21;337
50;2025-11-15;22;225
50;2025-11-15;23;130
50;2025-11-16;0;58
50;2025-11-16;1;9
50;2025-11-16;2;0
50;2025-11-16;3;0
50;2025-11-16;4;3
50;2025-11-16;5;27
50;2025-11-16;6;160
50;2025-11-16;7;218
50;2025-11-16;8;360
50;2025-11-16;9;390
50;2025-11-16;10;392
50;2025-11-16;11;536
50;2025-11-16;12;564
50;2025-11-16;13;631
50;2025-11-16;14;640
50;2025-11-16;15;599
50;2025-11-16;16;618
50;2025-11-16;17;603
50;2025-11-16;18;532
50;2025-11-16;19;512
50;2025-11-16;20;378
50;2025-11-16;21;282
50;2025-11-16;22;189
50;2025-11-16;23;101
50;2025-11-17;0;22
50;2025-11-17;1;0
50;2025-11-17;2;0
50;2025-11-17;3;0
50;2025-11-17;4;0
50;2025-11-17;5;61
50;2025-11-17;6;547
50;2025-11-17;7;1799
50;2025-11-17;8;2731
50;2025-11-17;9;2147
50;2025-11-17;10;1626
50;2025-11-17;11;1509
50;2025-11-17;12;1398
50;2025-11-17;13;1422
50;2025-11-17;14;1363
50;2025-11-17;15;1507
50;2025-11-17;16;1682
50;2025-11-17;17;2274
50;2025-11-17;18;2450
50;2025-11-17;19;1461
50;2025-11-17;20;924
50;2025-11-17;21;592
50;2025-11-17;22;294
50;2025-11-17;23;143
50;2025-11-18;0;31
50;2025-11-18;1;3
50;2025-11-18;2;0
50;2025-11-18;3;0
50;2025-11-18;4;2
50;2025-11-18;5;77
50;2025-11-18;6;582
50;2025-11-18;7;1816
50;2025-11-18;8;2783
50;2025-11-18;9;2166
50;2025-11-18;10;1698
50;2025-11-18;11;1532
50;2025-11-18;12;1440
50;2025-11-18;13;1425
50;2025-11-18;14;1379
50;2025-11-18;15;1550
50;2025-11-18;16;1697
50;2025-11-18;17;2416
50;2025-11-18;18;2517
50;2025-11-18;19;1451
50;2025-11-18;20;946
50;2025-11-18;21;629
50;2025-11-18;22;303
50;2025-11-18;23;161
50;2025-11-19;0;35
50;2025-11-19;1;3
50;2025-11-19;2;0
50;2025-11-19;3;0
50;2025-11-19;4;0
50;2025-11-19;5;73
50;2025-11-19;6;570
50;2025-11-19;7;1847
50;2025-11-19;8;2829
50;2025-11-19;9;2157
50;2025-11-19;10;1704
50;2025-11-19;11;1533
50;2025-11-19;12;1449
50;2025-11-19;13;1461
50;2025-11-19;14;1369
50;2025-11-19;15;1565
50;2025-11-19;16;1804
50;2025-11-19;17;2383
50;2025-11-19;18;2549
50;2025-11-19;19;1481
50;2025-11-19;20;933
50;2025-11-19;21;672
50;2025-11-19;22;314
50;2025-11-19;23;165
50;2025-11-20;0;39
50;2025-11-20;1;2
50;2025-11-20;2;0
50;2025-11-20;3;0
50;2025-11-20;4;3
50;2025-11-20;5;83
50;2025-11-20;6;593
50;2025-11-20;7;1842
50;2025-11-20;8;2760
50;2025-11-20;9;2136
50;2025-11-20;10;1726
50;2025-11-20;11;1552
50;2025-11-20;12;1452
50;2025-11-20;13;1418
50;2025-11-20;14;1343
50;2025-11-20;15;1546
50;2025-11-20;16;1824
50;2025-11-20;17;2370
50;2025-11-20;18;2560
50;2025-11-20;19;1482
50;2025-11-20;20;941
50;2025-11-20;21;683
50;2025-11-20;22;340
50;2025-11-20;23;180
50;2025-11-21;0;42
50;2025-11-21;1;2
50;2025-11-21;2;0
50;2025-11-21;3;0
50;2025-11-21;4;3
50;2025-11-21;5;76
50;2025-11-21;6;598
50;2025-11-21;7;1827
50;2025-11-21;8;2743
50;2025-11-21;9;2093
50;2025-11-21;10;1583
50;2025-11-21;11;1508
50;2025-11-21;12;1430
50;2025-11-21;13;1418
50;2025-11-21;14;1393
50;2025-11-21;15;1692
50;2025-11-21;16;1976
50;2025-11-21;17;2227
50;2025-11-21;18;1905
50;2025-11-21;19;1252
50;2025-11-21;20;840
50;2025-11-21;21;593
50;2025-11-21;22;310
50;2025-11-21;23;179
50;2025-11-22;0;61
50;2025-11-22;1;2
50;2025-11-22;2;0
50;2025-11-22;3;0
50;2025-11-22;4;1
50;2025-11-22;5;62
50;2025-11-22;6;191
50;2025-11-22;7;367
50;2025-11-22;8;521
50;2025-11-22;9;520
50;2025-11-22;10;518
50;2025-11-22;11;654
50;2025-11-22;12;707
50;2025-11-22;13;711
50;2025-11-22;14;699
50;2025-11-22;15;671
50;2025-11-22;16;654
50;2025-11-22;17;668
50;2025-11-22;18;637
50;2025-11-22;19;572
50;2025-11-22;20;470
50;2025-11-22;21;387
50;2025-11-22;22;246
50;2025-11-22;23;151
50;2025-11-23;0;61
50;2025-11-23;1;9
50;2025-11-23;2;0
50;2025-11-23;3;0
50;2025-11-23;4;3
50;2025-11-23;5;34
50;2025-11-23;6;165
50;2025-11-23;7;232
50;2025-11-23;8;382
50;2025-11-23;9;398
50;2025-11-23;10;416
50;2025-11-23;11;544
50;2025-11-23;12;565
50;2025-11-23;13;627
50;2025-11-23;14;641
50;2025-11-23;15;596
50;2025-11-23;16;617
50;2025-11-23;17;605
50;2025-11-23;18;549
50;2025-11-23;19;532
50;2025-11-23;20;408
50;2025-11-23;21;329
50;2025-11-23;22;211
50;2025-11-23;23;110
50;2025-11-24;0;30
50;2025-11-24;1;0
50;2025-11-24;2;0
50;2025-11-24;3;0
50;2025-11-24;4;0
50;2025-11-24;5;64
50;2025-11-24;6;541
50;2025-11-24;7;1812
50;2025-11-24;8;2735
50;2025-11-24;9;2155
50;2025-11-24;10;1642
50;2025-11-24;11;1511
50;2025-11-24;12;1392
50;2025-11-24;13;1416
50;2025-11-24;14;1361
50;2025-11-24;15;1493
50;2025-11-24;16;1679
50;2025-11-24;17;2276
50;2025-11-24;18;2439
50;2025-11-24;19;1455
50;2025-11-24;20;943
50;2025-11-24;21;589
50;2025-11-24;22;294
50;2025-11-24;23;148
50;2025-11-25;0;38
50;2025-11-25;1;3
50;2025-11-25;2;0
50;2025-11-25;3;0
50;2025-11-25;4;3
50;2025-11-25;5;84
50;2025-11-25;6;579
50;2025-11-25;7;1801
50;2025-11-25;8;2783
50;2025-11-25;9;2164
50;2025-11-25;10;1699
50;2025-11-25;11;1523
50;2025-11-25;12;1419
50;2025-11-25;13;1407
50;2025-11-25;14;1366
50;2025-11-25;15;1534
50;2025-11-25;16;1680
50;2025-11-25;17;2425
50;2025-11-25;18;2528
50;2025-11-25;19;1452
50;2025-11-25;20;956
50;2025-11-25;21;626
50;2025-11-25;22;303
50;2025-11-25;23;165
50;2025-11-26;0;43
50;2025-11-26;1;3
50;2025-11-26;2;0
50;2025-11-26;3;0
50;2025-11-26;4;0
50;2025-11-26;5;75
50;2025-11-26;6;570
50;2025-11-26;7;1845
50;2025-11-26;8;2789
50;2025-11-26;9;2153
50;2025-11-26;10;1694
50;2025-11-26;11;1512
50;2025-11-26;12;1409
50;2025-11-26;13;1420
50;2025-11-26;14;1339
50;2025-11-26;15;1527
50;2025-11-26;16;1765
50;2025-11-26;17;2371
50;2025-11-26;18;2516
50;2025-11-26;19;1478
50;2025-11-26;20;947
50;2025-11-26;21;664
50;2025-11-26;22;320
50;2025-11-26;23;165
50;2025-11-27;0;46
50;2025-11-27;1;3
50;2025-11-27;2;0
50;2025-11-27;3;0
50;2025-11-27;4;3
50;2025-11-27;5;86
50;2025-11-27;6;589
50;2025-11-27;7;1840
50;2025-11-27;8;2722
50;2025-11-27;9;2128
50;2025-11-27;10;1713
50;2025-11-27;11;1532
50;2025-11-27;12;1421
50;2025-11-27;13;1393
50;2025-11-27;14;1322
50;2025-11-27;15;1500
50;2025-11-27;16;1783
50;2025-11-27;17;2368
50;2025-11-27;18;2536
50;2025-11-27;19;1485
50;2025-11-27;20;964
50;2025-11-27;21;680
50;2025-11-27;22;336
50;2025-11-27;23;184
50;2025-11-28;0;49
50;2025-11-28;1;3
50;2025-11-28;2;0
50;2025-11-28;3;0
50;2025-11-28;4;3
50;2025-11-28;5;82
50;2025-11-28;6;598
50;2025-11-28;7;1815
50;2025-11-28;8;2706
50;2025-11-28;9;2086
50;2025-11-28;10;1575
50;2025-11-28;11;1479
50;2025-11-28;12;1393
50;2025-11-28;13;1377
50;2025-11-28;14;1352
50;2025-11-28;15;1635
50;2025-11-28;16;1923
50;2025-11-28;17;2214
50;2025-11-28;18;1900
50;2025-11-28;19;1221
50;2025-11-28;20;838
50;2025-11-28;21;579
50;2025-11-28;22;298
50;2025-11-28;23;175
50;2025-11-29;0;61
50;2025-11-29;1;2
50;2025-11-29;2;0
50;2025-11-29;3;0
50;2025-11-29;4;0
50;2025-11-29;5;66
50;2025-11-29;6;192
50;2025-11-29;7;367
50;2025-11-29;8;537
50;2025-11-29;9;525
50;2025-11-29;10;528
50;2025-11-29;11;652
50;2025-11-29;12;705
50;2025-11-29;13;710
50;2025-11-29;14;698
50;2025-11-29;15;668
50;2025-11-29;16;663
50;2025-11-29;17;676
50;2025-11-29;18;653
50;2025-11-29;19;578
50;2025-11-29;20;481
50;2025-11-29;21;405
50;2025-11-29;22;243
50;2025-11-29;23;152
50;2025-11-30;0;62
50;2025-11-30;1;11
50;2025-11-30;2;0
50;2025-11-30;3;0
50;2025-11-30;4;3
50;2025-11-30;5;34
50;2025-11-30;6;165
50;2025-11-30;7;228
50;2025-11-30;8;401
50;2025-11-30;9;409
50;2025-11-30;10;425
50;2025-11-30;11;556
50;2025-11-30;12;574
50;2025-11-30;13;639
50;2025-11-30;14;655
50;2025-11-30;15;607
50;2025-11-30;16;630
50;2025-11-30;17;622
50;2025-11-30;18;566
50;2025-11-30;19;542
50;2025-11-30;20;424
50;2025-11-30;21;345
50;2025-11-30;22;205
50;2025-11-30;23;103
50;2025-12-01;0;27
50;2025-12-01;1;0
50;2025-12-01;2;0
50;2025-12-01;3;0
50;2025-12-01;4;0
50;2025-12-01;5;65
50;2025-12-01;6;529
50;2025-12-01;7;1772
50;2025-12-01;8;2711
50;2025-12-01;9;2116
50;2025-12-01;10;1597
50;2025-12-01;11;1481
50;2025-12-01;12;1364
50;2025-12-01;13;1382
50;2025-12-01;14;1336
50;2025-12-01;15;1464
50;2025-12-01;16;1636
50;2025-12-01;17;2241
50;2025-12-01;18;2403
50;2025-12-01;19;1411
50;2025-12-01;20;927
50;2025-12-01;21;582
50;2025-12-01;22;294
50;2025-12-01;23;153
50;2025-12-02;0;48
50;2025-12-02;1;14
50;2025-12-02;2;8
50;2025-12-02;3;7
50;2025-12-02;4;12
50;2025-12-02;5;91
50;2025-12-02;6;570
50;2025-12-02;7;1771
50;2025-12-02;8;2763
50;2025-12-02;9;2100
50;2025-12-02;10;1646
50;2025-12-02;11;1467
50;2025-12-02;12;1378
50;2025-12-02;13;1367
50;2025-12-02;14;1333
50;2025-12-02;15;1493
50;2025-12-02;16;1631
50;2025-12-02;17;2410
50;2025-12-02;18;2531
50;2025-12-02;19;1434
50;2025-12-02;20;932
50;2025-12-02;21;613
50;2025-12-02;22;297
50;2025-12-02;23;161
50;2025-12-03;0;42
50;2025-12-03;1;5
50;2025-12-03;2;0
50;2025-12-03;3;0
50;2025-12-03;4;0
50;2025-12-03;5;75
50;2025-12-03;6;566
50;2025-12-03;7;1850
50;2025-12-03;8;2788
50;2025-12-03;9;2152
50;2025-12-03;10;1686
50;2025-12-03;11;1499
50;2025-12-03;12;1401
50;2025-12-03;13;1412
50;2025-12-03;14;1332
50;2025-12-03;15;1523
50;2025-12-03;16;1761
50;2025-12-03;17;2364
50;2025-12-03;18;2508
50;2025-12-03;19;1465
50;2025-12-03;20;936
50;2025-12-03;21;662
50;2025-12-03;22;317
50;2025-12-03;23;162
50;2025-12-04;0;44
50;2025-12-04;1;3
50;2025-12-04;2;0
50;2025-12-04;3;0
50;2025-12-04;4;3
50;2025-12-04;5;83
50;2025-12-04;6;583
50;2025-12-04;7;1832
50;2025-12-04;8;2710
50;2025-12-04;9;2114
50;2025-12-04;10;1689
50;2025-12-04;11;1504
50;2025-12-04;12;1398
50;2025-12-04;13;1368
50;2025-12-04;14;1297
50;2025-12-04;15;1478
50;2025-12-04;16;1757
50;2025-12-04;17;2350
50;2025-12-04;18;2517
50;2025-12-04;19;1450
50;2025-12-04;20;931
50;2025-12-04;21;666
50;2025-12-04;22;331
50;2025-12-04;23;182
50;2025-12-05;0;46
50;2025-12-05;1;2
50;2025-12-05;2;0
50;2025-12-05;3;0
50;2025-12-05;4;5
50;2025-12-05;5;82
50;2025-12-05;6;594
50;2025-12-05;7;1817
50;2025-12-05;8;2710
50;2025-12-05;9;2083
50;2025-12-05;10;1569
50;2025-12-05;11;1474
50;2025-12-05;12;1390
50;2025-12-05;13;1380
50;2025-12-05;14;1352
50;2025-12-05;15;1628
50;2025-12-05;16;1922
50;2025-12-05;17;2211
50;2025-12-05;18;1900
50;2025-12-05;19;1219
50;2025-12-05;20;837
50;2025-12-05;21;581
50;2025-12-05;22;302
50;2025-12-05;23;181
50;2025-12-06;0;65
50;2025-12-06;1;5
50;2025-12-06;2;0
50;2025-12-06;3;1
50;2025-12-06;4;2
50;2025-12-06;5;70
50;2025-12-06;6;201
50;2025-12-06;7;376
50;2025-12-06;8;534
50;2025-12-06;9;521
50;2025-12-06;10;527
50;2025-12-06;11;645
50;2025-12-06;12;695
50;2025-12-06;13;703
50;2025-12-06;14;691
50;2025-12-06;15;659
50;2025-12-06;16;652
50;2025-12-06;17;666
50;2025-12-06;18;638
50;2025-12-06;19;562
50;2025-12-06;20;473
50;2025-12-06;21;402
50;2025-12-06;22;238
50;2025-12-06;23;147
50;2025-12-07;0;60
50;2025-12-07;1;9
50;2025-12-07;2;0
50;2025-12-07;3;0
50;2025-12-07;4;3
50;2025-12-07;5;34
50;2025-12-07;6;163
50;2025-12-07;7;225
50;2025-12-07;8;394
50;2025-12-07;9;392
50;2025-12-07;10;408
50;2025-12-07;11;535
50;2025-12-07;12;555
50;2025-12-07;13;618
50;2025-12-07;14;632
50;2025-12-07;15;585
50;2025-12-07;16;608
50;2025-12-07;17;593
50;2025-12-07;18;534
50;2025-12-07;19;508
50;2025-12-07;20;409
50;2025-12-07;21;335
50;2025-12-07;22;199
50;2025-12-07;23;98
50;2025-12-08;0;25
50;2025-12-08;1;0
50;2025-12-08;2;0
50;2025-12-08;3;0
50;2025-12-08;4;0
50;2025-12-08;5;64
50;2025-12-08;6;535
50;2025-12-08;7;1790
50;2025-12-08;8;2723
50;2025-12-08;9;2131
50;2025-12-08;10;1596
50;2025-12-08;11;1482
50;2025-12-08;12;1371
50;2025-12-08;13;1389
50;2025-12-08;14;1340
50;2025-12-08;15;1456
50;2025-12-08;16;1630
50;2025-12-08;17;2255
50;2025-12-08;18;2426
50;2025-12-08;19;1425
50;2025-12-08;20;925
50;2025-12-08;21;578
50;2025-12-08;22;289
50;2025-12-08;23;145
50;2025-12-09;0;38
50;2025-12-09;1;4
50;2025-12-09;2;0
50;2025-12-09;3;0
50;2025-12-09;4;2
50;2025-12-09;5;82
50;2025-12-09;6;566
50;2025-12-09;7;1796
50;2025-12-09;8;2776
50;2025-12-09;9;2146
50;2025-12-09;10;1671
50;2025-12-09;11;1494
50;2025-12-09;12;1399
50;2025-12-09;13;1385
50;2025-12-09;14;1343
50;2025-12-09;15;1498
50;2025-12-09;16;1646
50;2025-12-09;17;2417
50;2025-12-09;18;2515
50;2025-12-09;19;1433
50;2025-12-09;20;931
50;2025-12-09;21;620
50;2025-12-09;22;301
50;2025-12-09;23;164
50;2025-12-10;0;44
50;2025-12-10;1;5
50;2025-12-10;2;0
50;2025-12-10;3;0
50;2025-12-10;4;0
50;2025-12-10;5;76
50;2025-12-10;6;568
50;2025-12-10;7;1852
50;2025-12-10;8;2812
50;2025-12-10;9;2146
50;2025-12-10;10;1681
50;2025-12-10;11;1498
50;2025-12-10;12;1398
50;2025-12-10;13;1411
50;2025-12-10;14;1334
50;2025-12-10;15;1522
50;2025-12-10;16;1758
50;2025-12-10;17;2372
50;2025-12-10;18;2522
50;2025-12-10;19;1460
50;2025-12-10;20;935
50;2025-12-10;21;659
50;2025-12-10;22;315
50;2025-12-10;23;163
50;2025-12-11;0;44
50;2025-12-11;1;3
50;2025-12-11;2;0
50;2025-12-11;3;0
50;2025-12-11;4;3
50;2025-12-11;5;83
50;2025-12-11;6;575
50;2025-12-11;7;1833
50;2025-12-11;8;2733
50;2025-12-11;9;2113
50;2025-12-11;10;1690
50;2025-12-11;11;1507
50;2025-12-11;12;1401
50;2025-12-11;13;1376
50;2025-12-11;14;1303
50;2025-12-11;15;1482
50;2025-12-11;16;1759
50;2025-12-11;17;2352
50;2025-12-11;18;2531
50;2025-12-11;19;1449
50;2025-12-11;20;931
50;2025-12-11;21;659
50;2025-12-11;22;332
50;2025-12-11;23;181
50;2025-12-12;0;46
50;2025-12-12;1;2
50;2025-12-12;2;0
50;2025-12-12;3;0
50;2025-12-12;4;5
50;2025-12-12;5;82
50;2025-12-12;6;586
50;2025-12-12;7;1816
50;2025-12-12;8;2729
50;2025-12-12;9;2074
50;2025-12-12;10;1571
50;2025-12-12;11;1478
50;2025-12-12;12;1395
50;2025-12-12;13;1380
50;2025-12-12;14;1350
50;2025-12-12;15;1623
50;2025-12-12;16;1912
50;2025-12-12;17;2193
50;2025-12-12;18;1880
50;2025-12-12;19;1206
50;2025-12-12;20;834
50;2025-12-12;21;572
50;2025-12-12;22;303
50;2025-12-12;23;179
50;2025-12-13;0;64
50;2025-12-13;1;4
50;2025-12-13;2;0
50;2025-12-13;3;0
50;2025-12-13;4;1
50;2025-12-13;5;68
50;2025-12-13;6;197
50;2025-12-13;7;376
50;2025-12-13;8;540
50;2025-12-13;9;523
50;2025-12-13;10;539
50;2025-12-13;11;648
50;2025-12-13;12;706
50;2025-12-13;13;708
50;2025-12-13;14;697
50;2025-12-13;15;664
50;2025-12-13;16;661
50;2025-12-13;17;675
50;2025-12-13;18;647
50;2025-12-13;19;571
50;2025-12-13;20;476
50;2025-12-13;21;403
50;2025-12-13;22;233
50;2025-12-13;23;146
50;2025-12-14;0;62
50;2025-12-14;1;9
50;2025-12-14;2;0
50;2025-12-14;3;0
50;2025-12-14;4;3
50;2025-12-14;5;36
50;2025-12-14;6;161
50;2025-12-14;7;208
50;2025-12-14;8;374
50;2025-12-14;9;397
50;2025-12-14;10;418
50;2025-12-14;11;556
50;2025-12-14;12;575
50;2025-12-14;13;639
50;2025-12-14;14;650
50;2025-12-14;15;604
50;2025-12-14;16;628
50;2025-12-14;17;617
50;2025-12-14;18;551
50;2025-12-14;19;523
50;2025-12-14;20;409
50;2025-12-14;21;330
50;2025-12-14;22;195
50;2025-12-14;23;99
50;2025-12-15;0;28
50;2025-12-15;1;0
50;2025-12-15;2;0
50;2025-12-15;3;0
50;2025-12-15;4;0
50;2025-12-15;5;63
50;2025-12-15;6;528
50;2025-12-15;7;1796
50;2025-12-15;8;2729
50;2025-12-15;9;2139
50;2025-12-15;10;1600
50;2025-12-15;11;1486
50;2025-12-15;12;1372
50;2025-12-15;13;1391
50;2025-12-15;14;1345
50;2025-12-15;15;1457
50;2025-12-15;16;1631
50;2025-12-15;17;2259
50;2025-12-15;18;2439
50;2025-12-15;19;1429
50;2025-12-15;20;933
50;2025-12-15;21;575
50;2025-12-15;22;290
50;2025-12-15;23;146
50;2025-12-16;0;39
50;2025-12-16;1;4
50;2025-12-16;2;0
50;2025-12-16;3;0
50;2025-12-16;4;3
50;2025-12-16;5;81
50;2025-12-16;6;557
50;2025-12-16;7;1796
50;2025-12-16;8;2778
50;2025-12-16;9;2148
50;2025-12-16;10;1664
50;2025-12-16;11;1500
50;2025-12-16;12;1403
50;2025-12-16;13;1390
50;2025-12-16;14;1350
50;2025-12-16;15;1507
50;2025-12-16;16;1648
50;2025-12-16;17;2420
50;2025-12-16;18;2525
50;2025-12-16;19;1436
50;2025-12-16;20;932
50;2025-12-16;21;609
50;2025-12-16;22;298
50;2025-12-16;23;160
50;2025-12-17;0;42
50;2025-12-17;1;3
50;2025-12-17;2;0
50;2025-12-17;3;0
50;2025-12-17;4;0
50;2025-12-17;5;74
50;2025-12-17;6;558
50;2025-12-17;7;1852
50;2025-12-17;8;2804
50;2025-12-17;9;2136
50;2025-12-17;10;1669
50;2025-12-17;11;1495
50;2025-12-17;12;1399
50;2025-12-17;13;1408
50;2025-12-17;14;1337
50;2025-12-17;15;1520
50;2025-12-17;16;1749
50;2025-12-17;17;2365
50;2025-12-17;18;2523
50;2025-12-17;19;1456
50;2025-12-17;20;927
50;2025-12-17;21;642
50;2025-12-17;22;312
50;2025-12-17;23;160
50;2025-12-18;0;44
50;2025-12-18;1;3
50;2025-12-18;2;0
50;2025-12-18;3;0
50;2025-12-18;4;3
50;2025-12-18;5;82
50;2025-12-18;6;576
50;2025-12-18;7;1807
50;2025-12-18;8;2715
50;2025-12-18;9;2111
50;2025-12-18;10;1656
50;2025-12-18;11;1473
50;2025-12-18;12;1368
50;2025-12-18;13;1347
50;2025-12-18;14;1287
50;2025-12-18;15;1452
50;2025-12-18;16;1723
50;2025-12-18;17;2345
50;2025-12-18;18;2531
50;2025-12-18;19;1425
50;2025-12-18;20;936
50;2025-12-18;21;657
50;2025-12-18;22;333
50;2025-12-18;23;178
50;2025-12-19;0;48
50;2025-12-19;1;2
50;2025-12-19;2;0
50;2025-12-19;3;0
50;2025-12-19;4;3
50;2025-12-19;5;79
50;2025-12-19;6;587
50;2025-12-19;7;1793
50;2025-12-19;8;2710
50;2025-12-19;9;2084
50;2025-12-19;10;1544
50;2025-12-19;11;1410
50;2025-12-19;12;1336
50;2025-12-19;13;1320
50;2025-12-19;14;1298
50;2025-12-19;15;1575
50;2025-12-19;16;1876
50;2025-12-19;17;2216
50;2025-12-19;18;1902
50;2025-12-19;19;1176
50;2025-12-19;20;847
50;2025-12-19;21;578
50;2025-12-19;22;311
50;2025-12-19;23;175
50;2025-12-20;0;62
50;2025-12-20;1;4
50;2025-12-20;2;0
50;2025-12-20;3;0
50;2025-12-20;4;1
50;2025-12-20;5;70
50;2025-12-20;6;199
50;2025-12-20;7;372
50;2025-12-20;8;541
50;2025-12-20;9;528
50;2025-12-20;10;544
50;2025-12-20;11;675
50;2025-12-20;12;733
50;2025-12-20;13;767
50;2025-12-20;14;755
50;2025-12-20;15;682
50;2025-12-20;16;673
50;2025-12-20;17;682
50;2025-12-20;18;658
50;2025-12-20;19;584
50;2025-12-20;20;483
50;2025-12-20;21;405
50;2025-12-20;22;242
50;2025-12-20;23;151
50;2025-12-21;0;61
50;2025-12-21;1;9
50;2025-12-21;2;0
50;2025-12-21;3;0
50;2025-12-21;4;3
50;2025-12-21;5;35
50;2025-12-21;6;164
50;2025-12-21;7;224
50;2025-12-21;8;377
50;2025-12-21;9;409
50;2025-12-21;10;437
50;2025-12-21;11;573
50;2025-12-21;12;576
50;2025-12-21;13;639
50;2025-12-21;14;649
50;2025-12-21;15;610
50;2025-12-21;16;633
50;2025-12-21;17;618
50;2025-12-21;18;562
50;2025-12-21;19;532
50;2025-12-21;20;421
50;2025-12-21;21;340
50;2025-12-21;22;205
50;2025-12-21;23;107
50;2025-12-22;0;29
50;2025-12-22;1;0
50;2025-12-22;2;0
50;2025-12-22;3;0
50;2025-12-22;4;0
50;2025-12-22;5;59
50;2025-12-22;6;522
50;2025-12-22;7;1688
50;2025-12-22;8;2733
50;2025-12-22;9;2116
50;2025-12-22;10;1463
50;2025-12-22;11;1334
50;2025-12-22;12;1289
50;2025-12-22;13;1305
50;2025-12-22;14;1287
50;2025-12-22;15;1332
50;2025-12-22;16;1535
50;2025-12-22;17;2246
50;2025-12-22;18;2421
50;2025-12-22;19;1328
50;2025-12-22;20;922
50;2025-12-22;21;564
50;2025-12-22;22;304
50;2025-12-22;23;156
50;2025-12-23;0;51
50;2025-12-23;1;12
50;2025-12-23;2;2
50;2025-12-23;3;0
50;2025-12-23;4;2
50;2025-12-23;5;77
50;2025-12-23;6;535
50;2025-12-23;7;1669
50;2025-12-23;8;2748
50;2025-12-23;9;2088
50;2025-12-23;10;1496
50;2025-12-23;11;1326
50;2025-12-23;12;1265
50;2025-12-23;13;1251
50;2025-12-23;14;1255
50;2025-12-23;15;1367
50;2025-12-23;16;1519
50;2025-12-23;17;2361
50;2025-12-23;18;2451
50;2025-12-23;19;1300
50;2025-12-23;20;905
50;2025-12-23;21;601
50;2025-12-23;22;303
50;2025-12-23;23;159
50;2025-12-24;0;40
50;2025-12-24;1;4
50;2025-12-24;2;0
50;2025-12-24;3;0
50;2025-12-24;4;0
50;2025-12-24;5;71
50;2025-12-24;6;524
50;2025-12-24;7;1744
50;2025-12-24;8;2759
50;2025-12-24;9;2062
50;2025-12-24;10;1472
50;2025-12-24;11;1293
50;2025-12-24;12;1231
50;2025-12-24;13;1231
50;2025-12-24;14;1191
50;2025-12-24;15;1341
50;2025-12-24;16;1657
50;2025-12-24;17;2310
50;2025-12-24;18;2472
50;2025-12-24;19;1297
50;2025-12-24;20;889
50;2025-12-24;21;630
50;2025-12-24;22;313
50;2025-12-24;23;158
50;2025-12-25;0;42
50;2025-12-25;1;4
50;2025-12-25;2;2
50;2025-12-25;3;2
50;2025-12-25;4;4
50;2025-12-25;5;81
50;2025-12-25;6;548
50;2025-12-25;7;1742
50;2025-12-25;8;2702
50;2025-12-25;9;2070
50;2025-12-25;10;1517
50;2025-12-25;11;1321
50;2025-12-25;12;1250
50;2025-12-25;13;1227
50;2025-12-25;14;1238
50;2025-12-25;15;1342
50;2025-12-25;16;1675
50;2025-12-25;17;2314
50;2025-12-25;18;2517
50;2025-12-25;19;1312
50;2025-12-25;20;903
50;2025-12-25;21;635
50;2025-12-25;22;336
50;2025-12-25;23;179
50;2025-12-26;0;47
50;2025-12-26;1;6
50;2025-12-26;2;0
50;2025-12-26;3;0
50;2025-12-26;4;4
50;2025-12-26;5;80
50;2025-12-26;6;555
50;2025-12-26;7;1727
50;2025-12-26;8;2698
50;2025-12-26;9;2046
50;2025-12-26;10;1392
50;2025-12-26;11;1285
50;2025-12-26;12;1213
50;2025-12-26;13;1220
50;2025-12-26;14;1204
50;2025-12-26;15;1470
50;2025-12-26;16;1835
50;2025-12-26;17;2237
50;2025-12-26;18;1923
50;2025-12-26;19;1165
50;2025-12-26;20;811
50;2025-12-26;21;567
50;2025-12-26;22;313
50;2025-12-26;23;177
50;2025-12-27;0;63
50;2025-12-27;1;6
50;2025-12-27;2;0
50;2025-12-27;3;2
50;2025-12-27;4;1
50;2025-12-27;5;67
50;2025-12-27;6;189
50;2025-12-27;7;353
50;2025-12-27;8;505
50;2025-12-27;9;506
50;2025-12-27;10;527
50;2025-12-27;11;657
50;2025-12-27;12;699
50;2025-12-27;13;738
50;2025-12-27;14;725
50;2025-12-27;15;658
50;2025-12-27;16;648
50;2025-12-27;17;662
50;2025-12-27;18;641
50;2025-12-27;19;567
50;2025-12-27;20;458
50;2025-12-27;21;397
50;2025-12-27;22;247
50;2025-12-27;23;155
50;2025-12-28;0;62
50;2025-12-28;1;10
50;2025-12-28;2;1
50;2025-12-28;3;1
50;2025-12-28;4;4
50;2025-12-28;5;35
50;2025-12-28;6;154
50;2025-12-28;7;224
50;2025-12-28;8;361
50;2025-12-28;9;384
50;2025-12-28;10;407
50;2025-12-28;11;552
50;2025-12-28;12;558
50;2025-12-28;13;620
50;2025-12-28;14;632
50;2025-12-28;15;594
50;2025-12-28;16;616
50;2025-12-28;17;602
50;2025-12-28;18;538
50;2025-12-28;19;491
50;2025-12-28;20;377
50;2025-12-28;21;306
50;2025-12-28;22;208
50;2025-12-28;23;107
50;2025-12-29;0;27
50;2025-12-29;1;0
50;2025-12-29;2;2
50;2025-12-29;3;0
50;2025-12-29;4;0
50;2025-12-29;5;60
50;2025-12-29;6;483
50;2025-12-29;7;1635
50;2025-12-29;8;2698
50;2025-12-29;9;2055
50;2025-12-29;10;1356
50;2025-12-29;11;1262
50;2025-12-29;12;1196
50;2025-12-29;13;1216
50;2025-12-29;14;1188
50;2025-12-29;15;1271
50;2025-12-29;16;1458
50;2025-12-29;17;2194
50;2025-12-29;18;2374
50;2025-12-29;19;1235
50;2025-12-29;20;862
50;2025-12-29;21;526
50;2025-12-29;22;285
50;2025-12-29;23;131
50;2025-12-30;0;49
50;2025-12-30;1;17
50;2025-12-30;2;11
50;2025-12-30;3;8
50;2025-12-30;4;4
50;2025-12-30;5;60
50;2025-12-30;6;339
50;2025-12-30;7;1417
50;2025-12-30;8;2500
50;2025-12-30;9;1842
50;2025-12-30;10;1201
50;2025-12-30;11;1076
50;2025-12-30;12;1025
50;2025-12-30;13;1036
50;2025-12-30;14;1005
50;2025-12-30;15;1181
50;2025-12-30;16;1307
50;2025-12-30;17;2173
50;2025-12-30;18;2252
50;2025-12-30;19;1116
50;2025-12-30;20;694
50;2025-12-30;21;433
50;2025-12-30;22;199
50;2025-12-30;23;118
50;2025-12-31;0;36
50;2025-12-31;1;4
50;2025-12-31;2;0
50;2025-12-31;3;0
50;2025-12-31;4;0
50;2025-12-31;5;17
50;2025-12-31;6;129
50;2025-12-31;7;193
50;2025-12-31;8;256
50;2025-12-31;9;251
50;2025-12-31;10;232
50;2025-12-31;11;334
50;2025-12-31;12;382
50;2025-12-31;13;381
50;2025-12-31;14;401
50;2025-12-31;15;418
50;2025-12-31;16;417
50;2025-12-31;17;431
50;2025-12-31;18;420
50;2025-12-31;19;373
50;2025-12-31;20;347
50;2025-12-31;21;296
50;2025-12-31;22;211
50;2025-12-31;23;114
