route;date;hour;prediction
1;2025-11-01;0;5
1;2025-11-01;1;0
1;2025-11-01;2;0
1;2025-11-01;3;0
1;2025-11-01;4;1
1;2025-11-01;5;33
1;2025-11-01;6;160
1;2025-11-01;7;357
1;2025-11-01;8;493
1;2025-11-01;9;754
1;2025-11-01;10;912
1;2025-11-01;11;919
1;2025-11-01;12;1081
1;2025-11-01;13;1135
1;2025-11-01;14;1050
1;2025-11-01;15;918
1;2025-11-01;16;780
1;2025-11-01;17;741
1;2025-11-01;18;686
1;2025-11-01;19;641
1;2025-11-01;20;462
1;2025-11-01;21;303
1;2025-11-01;22;136
1;2025-11-01;23;23
1;2025-11-02;0;0
1;2025-11-02;1;0
1;2025-11-02;2;0
1;2025-11-02;3;0
1;2025-11-02;4;0
1;2025-11-02;5;23
1;2025-11-02;6;127
1;2025-11-02;7;283
1;2025-11-02;8;394
1;2025-11-02;9;631
1;2025-11-02;10;717
1;2025-11-02;11;791
1;2025-11-02;12;856
1;2025-11-02;13;938
1;2025-11-02;14;872
1;2025-11-02;15;769
1;2025-11-02;16;689
1;2025-11-02;17;622
1;2025-11-02;18;549
1;2025-11-02;19;486
1;2025-11-02;20;354
1;2025-11-02;21;306
1;2025-11-02;22;106
1;2025-11-02;23;34
1;2025-11-03;0;2
1;2025-11-03;1;0
1;2025-11-03;2;0
1;2025-11-03;3;0
1;2025-11-03;4;1
1;2025-11-03;5;31
1;2025-11-03;6;161
1;2025-11-03;7;290
1;2025-11-03;8;392
1;2025-11-03;9;592
1;2025-11-03;10;620
1;2025-11-03;11;578
1;2025-11-03;12;750
1;2025-11-03;13;724
1;2025-11-03;14;690
1;2025-11-03;15;574
1;2025-11-03;16;546
1;2025-11-03;17;540
1;2025-11-03;18;554
1;2025-11-03;19;452
1;2025-11-03;20;366
1;2025-11-03;21;286
1;2025-11-03;22;126
1;2025-11-03;23;44
1;2025-11-04;0;2
1;2025-11-04;1;0
1;2025-11-04;2;0
1;2025-11-04;3;0
1;2025-11-04;4;1
1;2025-11-04;5;31
1;2025-11-04;6;161
1;2025-11-04;7;290
1;2025-11-04;8;392
1;2025-11-04;9;592
1;2025-11-04;10;620
1;2025-11-04;11;578
1;2025-11-04;12;750
1;2025-11-04;13;724
1;2025-11-04;14;690
1;2025-11-04;15;574
1;2025-11-04;16;546
1;2025-11-04;17;540
1;2025-11-04;18;554
1;2025-11-04;19;452
1;2025-11-04;20;366
1;2025-11-04;21;286
1;2025-11-04;22;126
1;2025-11-04;23;44
1;2025-11-05;0;3
1;2025-11-05;1;0
1;2025-11-05;2;0
1;2025-11-05;3;0
1;2025-11-05;4;10
1;2025-11-05;5;144
1;2025-11-05;6;576
1;2025-11-05;7;1580
1;2025-11-05;8;2042
1;2025-11-05;9;1422
1;2025-11-05;10;1304
1;2025-11-05;11;1333
1;2025-11-05;12;1374
1;2025-11-05;13;1520
1;2025-11-05;14;1345
1;2025-11-05;15;1526
1;2025-11-05;16;1560
1;2025-11-05;17;1769
1;2025-11-05;18;1800
1;2025-11-05;19;1418
1;2025-11-05;20;943
1;2025-11-05;21;477
1;2025-11-05;22;230
1;2025-11-05;23;32
1;2025-11-06;0;5
1;2025-11-06;1;0
1;2025-11-06;2;0
1;2025-11-06;3;0
1;2025-11-06;4;11
1;2025-11-06;5;119
1;2025-11-06;6;461
1;2025-11-06;7;1494
1;2025-11-06;8;1946
1;2025-11-06;9;1401
1;2025-11-06;10;1323
1;2025-11-06;11;1279
1;2025-11-06;12;1372
1;2025-11-06;13;1427
1;2025-11-06;14;1433
1;2025-11-06;15;1535
1;2025-11-06;16;1501
1;2025-11-06;17;1821
1;2025-11-06;18;1877
1;2025-11-06;19;1308
1;2025-11-06;20;908
1;2025-11-06;21;464
1;2025-11-06;22;175
1;2025-11-06;23;40
1;2025-11-07;0;3
1;2025-11-07;1;0
1;2025-11-07;2;0
1;2025-11-07;3;0
1;2025-11-07;4;8
1;2025-11-07;5;147
1;2025-11-07;6;456
1;2025-11-07;7;1575
1;2025-11-07;8;1831
1;2025-11-07;9;1444
1;2025-11-07;10;1346
1;2025-11-07;11;1476
1;2025-11-07;12;1399
1;2025-11-07;13;1436
1;2025-11-07;14;1494
1;2025-11-07;15;1589
1;2025-11-07;16;1679
1;2025-11-07;17;1846
1;2025-11-07;18;1589
1;2025-11-07;19;1301
1;2025-11-07;20;844
1;2025-11-07;21;517
1;2025-11-07;22;219
1;2025-11-07;23;39
1;2025-11-08;0;1
1;2025-11-08;1;0
1;2025-11-08;2;0
1;2025-11-08;3;0
1;2025-11-08;4;0
1;2025-11-08;5;27
1;2025-11-08;6;166
1;2025-11-08;7;368
1;2025-11-08;8;471
1;2025-11-08;9;761
1;2025-11-08;10;912
1;2025-11-08;11;791
1;2025-11-08;12;987
1;2025-11-08;13;1027
1;2025-11-08;14;946
1;2025-11-08;15;810
1;2025-11-08;16;758
1;2025-11-08;17;672
1;2025-11-08;18;588
1;2025-11-08;19;539
1;2025-11-08;20;401
1;2025-11-08;21;310
1;2025-11-08;22;122
1;2025-11-08;23;29
1;2025-11-09;0;0
1;2025-11-09;1;0
1;2025-11-09;2;0
1;2025-11-09;3;0
1;2025-11-09;4;0
1;2025-11-09;5;25
1;2025-11-09;6;122
1;2025-11-09;7;257
1;2025-11-09;8;354
1;2025-11-09;9;613
1;2025-11-09;10;687
1;2025-11-09;11;657
1;2025-11-09;12;791
1;2025-11-09;13;790
1;2025-11-09;14;702
1;2025-11-09;15;656
1;2025-11-09;16;602
1;2025-11-09;17;592
1;2025-11-09;18;548
1;2025-11-09;19;415
1;2025-11-09;20;331
1;2025-11-09;21;235
1;2025-11-09;22;101
1;2025-11-09;23;19
1;2025-11-10;0;0
1;2025-11-10;1;0
1;2025-11-10;2;0
1;2025-11-10;3;0
1;2025-11-10;4;9
1;2025-11-10;5;127
1;2025-11-10;6;483
1;2025-11-10;7;1547
1;2025-11-10;8;1985
1;2025-11-10;9;1367
1;2025-11-10;10;1202
1;2025-11-10;11;1175
1;2025-11-10;12;1311
1;2025-11-10;13;1383
1;2025-11-10;14;1437
1;2025-11-10;15;1546
1;2025-11-10;16;1612
1;2025-11-10;17;1916
1;2025-11-10;18;1943
1;2025-11-10;19;1440
1;2025-11-10;20;975
1;2025-11-10;21;417
1;2025-11-10;22;148
1;2025-11-10;23;36
1;2025-11-11;0;0
1;2025-11-11;1;0
1;2025-11-11;2;0
1;2025-11-11;3;0
1;2025-11-11;4;10
1;2025-11-11;5;124
1;2025-11-11;6;505
1;2025-11-11;7;1645
1;2025-11-11;8;2112
1;2025-11-11;9;1507
1;2025-11-11;10;1358
1;2025-11-11;11;1309
1;2025-11-11;12;1322
1;2025-11-11;13;1393
1;2025-11-11;14;1278
1;2025-11-11;15;1437
1;2025-11-11;16;1528
1;2025-11-11;17;1851
1;2025-11-11;18;1879
1;2025-11-11;19;1400
1;2025-11-11;20;890
1;2025-11-11;21;525
1;2025-11-11;22;193
1;2025-11-11;23;35
1;2025-11-12;0;3
1;2025-11-12;1;0
1;2025-11-12;2;0
1;2025-11-12;3;0
1;2025-11-12;4;10
1;2025-11-12;5;144
1;2025-11-12;6;576
1;2025-11-12;7;1581
1;2025-11-12;8;2043
1;2025-11-12;9;1422
1;2025-11-12;10;1305
1;2025-11-12;11;1333
1;2025-11-12;12;1375
1;2025-11-12;13;1521
1;2025-11-12;14;1347
1;2025-11-12;15;1527
1;2025-11-12;16;1562
1;2025-11-12;17;1770
1;2025-11-12;18;1802
1;2025-11-12;19;1420
1;2025-11-12;20;945
1;2025-11-12;21;479
1;2025-11-12;22;231
1;2025-11-12;23;32
1;2025-11-13;0;5
1;2025-11-13;1;0
1;2025-11-13;2;0
1;2025-11-13;3;0
1;2025-11-13;4;11
1;2025-11-13;5;119
1;2025-11-13;6;462
1;2025-11-13;7;1495
1;2025-11-13;8;1948
1;2025-11-13;9;1402
1;2025-11-13;10;1325
1;2025-11-13;11;1281
1;2025-11-13;12;1373
1;2025-11-13;13;1428
1;2025-11-13;14;1434
1;2025-11-13;15;1536
1;2025-11-13;16;1501
1;2025-11-13;17;1821
1;2025-11-13;18;1877
1;2025-11-13;19;1308
1;2025-11-13;20;908
1;2025-11-13;21;465
1;2025-11-13;22;175
1;2025-11-13;23;41
1;2025-11-14;0;4
1;2025-11-14;1;0
1;2025-11-14;2;0
1;2025-11-14;3;0
1;2025-11-14;4;8
1;2025-11-14;5;148
1;2025-11-14;6;456
1;2025-11-14;7;1576
1;2025-11-14;8;1833
1;2025-11-14;9;1446
1;2025-11-14;10;1346
1;2025-11-14;11;1476
1;2025-11-14;12;1399
1;2025-11-14;13;1436
1;2025-11-14;14;1494
1;2025-11-14;15;1589
1;2025-11-14;16;1679
1;2025-11-14;17;1847
1;2025-11-14;18;1589
1;2025-11-14;19;1300
1;2025-11-14;20;844
1;2025-11-14;21;517
1;2025-11-14;22;218
1;2025-11-14;23;39
1;2025-11-15;0;4
1;2025-11-15;1;0
1;2025-11-15;2;0
1;2025-11-15;3;0
1;2025-11-15;4;1
1;2025-11-15;5;33
1;2025-11-15;6;159
1;2025-11-15;7;357
1;2025-11-15;8;493
1;2025-11-15;9;753
1;2025-11-15;10;911
1;2025-11-15;11;919
1;2025-11-15;12;1080
1;2025-11-15;13;1135
1;2025-11-15;14;1050
1;2025-11-15;15;918
1;2025-11-15;16;780
1;2025-11-15;17;741
1;2025-11-15;18;686
1;2025-11-15;19;642
1;2025-11-15;20;462
1;2025-11-15;21;303
1;2025-11-15;22;136
1;2025-11-15;23;23
1;2025-11-16;0;0
1;2025-11-16;1;0
1;2025-11-16;2;0
1;2025-11-16;3;0
1;2025-11-16;4;0
1;2025-11-16;5;23
1;2025-11-16;6;127
1;2025-11-16;7;283
1;2025-11-16;8;394
1;2025-11-16;9;631
1;2025-11-16;10;717
1;2025-11-16;11;792
1;2025-11-16;12;856
1;2025-11-16;13;940
1;2025-11-16;14;873
1;2025-11-16;15;769
1;2025-11-16;16;689
1;2025-11-16;17;623
1;2025-11-16;18;549
1;2025-11-16;19;486
1;2025-11-16;20;354
1;2025-11-16;21;306
1;2025-11-16;22;106
1;2025-11-16;23;34
1;2025-11-17;0;0
1;2025-11-17;1;1
1;2025-11-17;2;0
1;2025-11-17;3;0
1;2025-11-17;4;8
1;2025-11-17;5;138
1;2025-11-17;6;534
1;2025-11-17;7;1334
1;2025-11-17;8;1865
1;2025-11-17;9;1509
1;2025-11-17;10;1287
1;2025-11-17;11;1291
1;2025-11-17;12;1373
1;2025-11-17;13;1408
1;2025-11-17;14;1317
1;2025-11-17;15;1486
1;2025-11-17;16;1506
1;2025-11-17;17;1756
1;2025-11-17;18;1920
1;2025-11-17;19;1370
1;2025-11-17;20;809
1;2025-11-17;21;454
1;2025-11-17;22;205
1;2025-11-17;23;60
1;2025-11-18;0;11
1;2025-11-18;1;0
1;2025-11-18;2;6
1;2025-11-18;3;21
1;2025-11-18;4;24
1;2025-11-18;5;121
1;2025-11-18;6;561
1;2025-11-18;7;1568
1;2025-11-18;8;1899
1;2025-11-18;9;1577
1;2025-11-18;10;1447
1;2025-11-18;11;1417
1;2025-11-18;12;1438
1;2025-11-18;13;1416
1;2025-11-18;14;1373
1;2025-11-18;15;1487
1;2025-11-18;16;1495
1;2025-11-18;17;1784
1;2025-11-18;18;1840
1;2025-11-18;19;1479
1;2025-11-18;20;900
1;2025-11-18;21;465
1;2025-11-18;22;230
1;2025-11-18;23;42
1;2025-11-19;0;1
1;2025-11-19;1;0
1;2025-11-19;2;0
1;2025-11-19;3;0
1;2025-11-19;4;6
1;2025-11-19;5;122
1;2025-11-19;6;541
1;2025-11-19;7;1423
1;2025-11-19;8;2008
1;2025-11-19;9;1535
1;2025-11-19;10;1457
1;2025-11-19;11;1370
1;2025-11-19;12;1407
1;2025-11-19;13;1518
1;2025-11-19;14;1418
1;2025-11-19;15;1552
1;2025-11-19;16;1545
1;2025-11-19;17;1885
1;2025-11-19;18;1994
1;2025-11-19;19;1399
1;2025-11-19;20;900
1;2025-11-19;21;554
1;2025-11-19;22;229
1;2025-11-19;23;43
1;2025-11-20;0;5
1;2025-11-20;1;0
1;2025-11-20;2;0
1;2025-11-20;3;0
1;2025-11-20;4;10
1;2025-11-20;5;117
1;2025-11-20;6;497
1;2025-11-20;7;1466
1;2025-11-20;8;1907
1;2025-11-20;9;1488
1;2025-11-20;10;1419
1;2025-11-20;11;1422
1;2025-11-20;12;1451
1;2025-11-20;13;1468
1;2025-11-20;14;1367
1;2025-11-20;15;1533
1;2025-11-20;16;1576
1;2025-11-20;17;1700
1;2025-11-20;18;1826
1;2025-11-20;19;1310
1;2025-11-20;20;883
1;2025-11-20;21;470
1;2025-11-20;22;216
1;2025-11-20;23;42
1;2025-11-21;0;4
1;2025-11-21;1;0
1;2025-11-21;2;0
1;2025-11-21;3;0
1;2025-11-21;4;7
1;2025-11-21;5;136
1;2025-11-21;6;538
1;2025-11-21;7;1461
1;2025-11-21;8;1912
1;2025-11-21;9;1493
1;2025-11-21;10;1352
1;2025-11-21;11;1427
1;2025-11-21;12;1378
1;2025-11-21;13;1437
1;2025-11-21;14;1240
1;2025-11-21;15;1363
1;2025-11-21;16;1547
1;2025-11-21;17;1748
1;2025-11-21;18;1495
1;2025-11-21;19;1216
1;2025-11-21;20;744
1;2025-11-21;21;472
1;2025-11-21;22;196
1;2025-11-21;23;59
1;2025-11-22;0;5
1;2025-11-22;1;0
1;2025-11-22;2;0
1;2025-11-22;3;0
1;2025-11-22;4;1
1;2025-11-22;5;32
1;2025-11-22;6;160
1;2025-11-22;7;358
1;2025-11-22;8;494
1;2025-11-22;9;753
1;2025-11-22;10;912
1;2025-11-22;11;920
1;2025-11-22;12;1081
1;2025-11-22;13;1136
1;2025-11-22;14;1050
1;2025-11-22;15;918
1;2025-11-22;16;780
1;2025-11-22;17;741
1;2025-11-22;18;686
1;2025-11-22;19;642
1;2025-11-22;20;462
1;2025-11-22;21;303
1;2025-11-22;22;136
1;2025-11-22;23;23
1;2025-11-23;0;0
1;2025-11-23;1;0
1;2025-11-23;2;0
1;2025-11-23;3;0
1;2025-11-23;4;0
1;2025-11-23;5;23
1;2025-11-23;6;127
1;2025-11-23;7;283
1;2025-11-23;8;394
1;2025-11-23;9;631
1;2025-11-23;10;717
1;2025-11-23;11;792
1;2025-11-23;12;856
1;2025-11-23;13;940
1;2025-11-23;14;873
1;2025-11-23;15;769
1;2025-11-23;16;689
1;2025-11-23;17;623
1;2025-11-23;18;549
1;2025-11-23;19;486
1;2025-11-23;20;354
1;2025-11-23;21;306
1;2025-11-23;22;106
1;2025-11-23;23;34
1;2025-11-24;0;0
1;2025-11-24;1;0
1;2025-11-24;2;0
1;2025-11-24;3;0
1;2025-11-24;4;9
1;2025-11-24;5;126
1;2025-11-24;6;483
1;2025-11-24;7;1547
1;2025-11-24;8;1984
1;2025-11-24;9;1365
1;2025-11-24;10;1201
1;2025-11-24;11;1172
1;2025-11-24;12;1309
1;2025-11-24;13;1382
1;2025-11-24;14;1436
1;2025-11-24;15;1545
1;2025-11-24;16;1611
1;2025-11-24;17;1916
1;2025-11-24;18;1943
1;2025-11-24;19;1439
1;2025-11-24;20;975
1;2025-11-24;21;417
1;2025-11-24;22;148
1;2025-11-24;23;36
1;2025-11-25;0;0
1;2025-11-25;1;0
1;2025-11-25;2;0
1;2025-11-25;3;0
1;2025-11-25;4;10
1;2025-11-25;5;124
1;2025-11-25;6;505
1;2025-11-25;7;1645
1;2025-11-25;8;2112
1;2025-11-25;9;1507
1;2025-11-25;10;1358
1;2025-11-25;11;1310
1;2025-11-25;12;1323
1;2025-11-25;13;1395
1;2025-11-25;14;1280
1;2025-11-25;15;1438
1;2025-11-25;16;1528
1;2025-11-25;17;1852
1;2025-11-25;18;1881
1;2025-11-25;19;1401
1;2025-11-25;20;890
1;2025-11-25;21;525
1;2025-11-25;22;193
1;2025-11-25;23;35
1;2025-11-26;0;3
1;2025-11-26;1;0
1;2025-11-26;2;0
1;2025-11-26;3;0
1;2025-11-26;4;10
1;2025-11-26;5;144
1;2025-11-26;6;576
1;2025-11-26;7;1580
1;2025-11-26;8;2043
1;2025-11-26;9;1423
1;2025-11-26;10;1306
1;2025-11-26;11;1334
1;2025-11-26;12;1376
1;2025-11-26;13;1522
1;2025-11-26;14;1347
1;2025-11-26;15;1528
1;2025-11-26;16;1562
1;2025-11-26;17;1771
1;2025-11-26;18;1803
1;2025-11-26;19;1420
1;2025-11-26;20;945
1;2025-11-26;21;478
1;2025-11-26;22;231
1;2025-11-26;23;32
1;2025-11-27;0;5
1;2025-11-27;1;0
1;2025-11-27;2;0
1;2025-11-27;3;0
1;2025-11-27;4;11
1;2025-11-27;5;119
1;2025-11-27;6;462
1;2025-11-27;7;1496
1;2025-11-27;8;1949
1;2025-11-27;9;1402
1;2025-11-27;10;1325
1;2025-11-27;11;1281
1;2025-11-27;12;1374
1;2025-11-27;13;1429
1;2025-11-27;14;1436
1;2025-11-27;15;1537
1;2025-11-27;16;1502
1;2025-11-27;17;1823
1;2025-11-27;18;1878
1;2025-11-27;19;1308
1;2025-11-27;20;909
1;2025-11-27;21;465
1;2025-11-27;22;175
1;2025-11-27;23;40
1;2025-11-28;0;4
1;2025-11-28;1;0
1;2025-11-28;2;0
1;2025-11-28;3;0
1;2025-11-28;4;8
1;2025-11-28;5;148
1;2025-11-28;6;456
1;2025-11-28;7;1576
1;2025-11-28;8;1834
1;2025-11-28;9;1448
1;2025-11-28;10;1347
1;2025-11-28;11;1478
1;2025-11-28;12;1401
1;2025-11-28;13;1438
1;2025-11-28;14;1496
1;2025-11-28;15;1591
1;2025-11-28;16;1681
1;2025-11-28;17;1849
1;2025-11-28;18;1591
1;2025-11-28;19;1303
1;2025-11-28;20;846
1;2025-11-28;21;518
1;2025-11-28;22;219
1;2025-11-28;23;39
1;2025-11-29;0;2
1;2025-11-29;1;0
1;2025-11-29;2;0
1;2025-11-29;3;0
1;2025-11-29;4;0
1;2025-11-29;5;28
1;2025-11-29;6;167
1;2025-11-29;7;370
1;2025-11-29;8;473
1;2025-11-29;9;764
1;2025-11-29;10;917
1;2025-11-29;11;795
1;2025-11-29;12;992
1;2025-11-29;13;1030
1;2025-11-29;14;948
1;2025-11-29;15;812
1;2025-11-29;16;759
1;2025-11-29;17;674
1;2025-11-29;18;589
1;2025-11-29;19;541
1;2025-11-29;20;403
1;2025-11-29;21;312
1;2025-11-29;22;123
1;2025-11-29;23;29
1;2025-11-30;0;0
1;2025-11-30;1;0
1;2025-11-30;2;0
1;2025-11-30;3;0
1;2025-11-30;4;0
1;2025-11-30;5;25
1;2025-11-30;6;123
1;2025-11-30;7;258
1;2025-11-30;8;356
1;2025-11-30;9;614
1;2025-11-30;10;689
1;2025-11-30;11;659
1;2025-11-30;12;793
1;2025-11-30;13;791
1;2025-11-30;14;703
1;2025-11-30;15;657
1;2025-11-30;16;603
1;2025-11-30;17;593
1;2025-11-30;18;548
1;2025-11-30;19;416
1;2025-11-30;20;332
1;2025-11-30;21;235
1;2025-11-30;22;101
1;2025-11-30;23;19
1;2025-12-01;0;0
1;2025-12-01;1;0
1;2025-12-01;2;0
1;2025-12-01;3;0
1;2025-12-01;4;9
1;2025-12-01;5;127
1;2025-12-01;6;483
1;2025-12-01;7;1547
1;2025-12-01;8;1985
1;2025-12-01;9;1367
1;2025-12-01;10;1202
1;2025-12-01;11;1175
1;2025-12-01;12;1311
1;2025-12-01;13;1383
1;2025-12-01;14;1438
1;2025-12-01;15;1546
1;2025-12-01;16;1612
1;2025-12-01;17;1916
1;2025-12-01;18;1943
1;2025-12-01;19;1440
1;2025-12-01;20;975
1;2025-12-01;21;417
1;2025-12-01;22;148
1;2025-12-01;23;36
1;2025-12-02;0;0
1;2025-12-02;1;0
1;2025-12-02;2;0
1;2025-12-02;3;0
1;2025-12-02;4;10
1;2025-12-02;5;124
1;2025-12-02;6;505
1;2025-12-02;7;1645
1;2025-12-02;8;2112
1;2025-12-02;9;1507
1;2025-12-02;10;1358
1;2025-12-02;11;1310
1;2025-12-02;12;1323
1;2025-12-02;13;1395
1;2025-12-02;14;1280
1;2025-12-02;15;1438
1;2025-12-02;16;1528
1;2025-12-02;17;1852
1;2025-12-02;18;1881
1;2025-12-02;19;1401
1;2025-12-02;20;890
1;2025-12-02;21;525
1;2025-12-02;22;193
1;2025-12-02;23;35
1;2025-12-03;0;3
1;2025-12-03;1;0
1;2025-12-03;2;0
1;2025-12-03;3;0
1;2025-12-03;4;10
1;2025-12-03;5;144
1;2025-12-03;6;576
1;2025-12-03;7;1581
1;2025-12-03;8;2043
1;2025-12-03;9;1423
1;2025-12-03;10;1306
1;2025-12-03;11;1335
1;2025-12-03;12;1376
1;2025-12-03;13;1522
1;2025-12-03;14;1348
1;2025-12-03;15;1528
1;2025-12-03;16;1562
1;2025-12-03;17;1772
1;2025-12-03;18;1803
1;2025-12-03;19;1420
1;2025-12-03;20;945
1;2025-12-03;21;479
1;2025-12-03;22;231
1;2025-12-03;23;32
1;2025-12-04;0;5
1;2025-12-04;1;0
1;2025-12-04;2;0
1;2025-12-04;3;0
1;2025-12-04;4;11
1;2025-12-04;5;119
1;2025-12-04;6;462
1;2025-12-04;7;1496
1;2025-12-04;8;1949
1;2025-12-04;9;1403
1;2025-12-04;10;1326
1;2025-12-04;11;1283
1;2025-12-04;12;1375
1;2025-12-04;13;1430
1;2025-12-04;14;1437
1;2025-12-04;15;1538
1;2025-12-04;16;1503
1;2025-12-04;17;1824
1;2025-12-04;18;1880
1;2025-12-04;19;1310
1;2025-12-04;20;910
1;2025-12-04;21;467
1;2025-12-04;22;176
1;2025-12-04;23;41
1;2025-12-05;0;4
1;2025-12-05;1;0
1;2025-12-05;2;0
1;2025-12-05;3;0
1;2025-12-05;4;8
1;2025-12-05;5;148
1;2025-12-05;6;457
1;2025-12-05;7;1577
1;2025-12-05;8;1834
1;2025-12-05;9;1448
1;2025-12-05;10;1348
1;2025-12-05;11;1478
1;2025-12-05;12;1401
1;2025-12-05;13;1438
1;2025-12-05;14;1496
1;2025-12-05;15;1591
1;2025-12-05;16;1681
1;2025-12-05;17;1849
1;2025-12-05;18;1591
1;2025-12-05;19;1303
1;2025-12-05;20;846
1;2025-12-05;21;518
1;2025-12-05;22;219
1;2025-12-05;23;39
1;2025-12-06;0;2
1;2025-12-06;1;0
1;2025-12-06;2;0
1;2025-12-06;3;0
1;2025-12-06;4;0
1;2025-12-06;5;28
1;2025-12-06;6;167
1;2025-12-06;7;370
1;2025-12-06;8;473
1;2025-12-06;9;764
1;2025-12-06;10;917
1;2025-12-06;11;795
1;2025-12-06;12;992
1;2025-12-06;13;1029
1;2025-12-06;14;948
1;2025-12-06;15;811
1;2025-12-06;16;759
1;2025-12-06;17;674
1;2025-12-06;18;589
1;2025-12-06;19;541
1;2025-12-06;20;403
1;2025-12-06;21;312
1;2025-12-06;22;123
1;2025-12-06;23;29
1;2025-12-07;0;0
1;2025-12-07;1;0
1;2025-12-07;2;0
1;2025-12-07;3;0
1;2025-12-07;4;0
1;2025-12-07;5;25
1;2025-12-07;6;123
1;2025-12-07;7;258
1;2025-12-07;8;356
1;2025-12-07;9;614
1;2025-12-07;10;689
1;2025-12-07;11;659
1;2025-12-07;12;793
1;2025-12-07;13;792
1;2025-12-07;14;703
1;2025-12-07;15;657
1;2025-12-07;16;603
1;2025-12-07;17;593
1;2025-12-07;18;548
1;2025-12-07;19;416
1;2025-12-07;20;332
1;2025-12-07;21;235
1;2025-12-07;22;101
1;2025-12-07;23;19
1;2025-12-08;0;0
1;2025-12-08;1;0
1;2025-12-08;2;0
1;2025-12-08;3;0
1;2025-12-08;4;9
1;2025-12-08;5;127
1;2025-12-08;6;483
1;2025-12-08;7;1547
1;2025-12-08;8;1985
1;2025-12-08;9;1367
1;2025-12-08;10;1202
1;2025-12-08;11;1175
1;2025-12-08;12;1311
1;2025-12-08;13;1383
1;2025-12-08;14;1438
1;2025-12-08;15;1546
1;2025-12-08;16;1612
1;2025-12-08;17;1916
1;2025-12-08;18;1943
1;2025-12-08;19;1440
1;2025-12-08;20;975
1;2025-12-08;21;417
1;2025-12-08;22;148
1;2025-12-08;23;36
1;2025-12-09;0;0
1;2025-12-09;1;0
1;2025-12-09;2;0
1;2025-12-09;3;0
1;2025-12-09;4;10
1;2025-12-09;5;124
1;2025-12-09;6;505
1;2025-12-09;7;1645
1;2025-12-09;8;2112
1;2025-12-09;9;1507
1;2025-12-09;10;1357
1;2025-12-09;11;1309
1;2025-12-09;12;1323
1;2025-12-09;13;1394
1;2025-12-09;14;1280
1;2025-12-09;15;1437
1;2025-12-09;16;1528
1;2025-12-09;17;1852
1;2025-12-09;18;1881
1;2025-12-09;19;1401
1;2025-12-09;20;890
1;2025-12-09;21;524
1;2025-12-09;22;193
1;2025-12-09;23;35
1;2025-12-10;0;3
1;2025-12-10;1;0
1;2025-12-10;2;0
1;2025-12-10;3;0
1;2025-12-10;4;10
1;2025-12-10;5;144
1;2025-12-10;6;576
1;2025-12-10;7;1580
1;2025-12-10;8;2043
1;2025-12-10;9;1423
1;2025-12-10;10;1306
1;2025-12-10;11;1335
1;2025-12-10;12;1376
1;2025-12-10;13;1522
1;2025-12-10;14;1348
1;2025-12-10;15;1528
1;2025-12-10;16;1562
1;2025-12-10;17;1772
1;2025-12-10;18;1803
1;2025-12-10;19;1420
1;2025-12-10;20;945
1;2025-12-10;21;479
1;2025-12-10;22;231
1;2025-12-10;23;32
1;2025-12-11;0;5
1;2025-12-11;1;0
1;2025-12-11;2;0
1;2025-12-11;3;0
1;2025-12-11;4;11
1;2025-12-11;5;119
1;2025-12-11;6;462
1;2025-12-11;7;1496
1;2025-12-11;8;1949
1;2025-12-11;9;1401
1;2025-12-11;10;1324
1;2025-12-11;11;1282
1;2025-12-11;12;1375
1;2025-12-11;13;1429
1;2025-12-11;14;1436
1;2025-12-11;15;1537
1;2025-12-11;16;1503
1;2025-12-11;17;1824
1;2025-12-11;18;1879
1;2025-12-11;19;1309
1;2025-12-11;20;910
1;2025-12-11;21;466
1;2025-12-11;22;175
1;2025-12-11;23;41
1;2025-12-12;0;4
1;2025-12-12;1;0
1;2025-12-12;2;0
1;2025-12-12;3;0
1;2025-12-12;4;8
1;2025-12-12;5;148
1;2025-12-12;6;457
1;2025-12-12;7;1576
1;2025-12-12;8;1833
1;2025-12-12;9;1447
1;2025-12-12;10;1346
1;2025-12-12;11;1477
1;2025-12-12;12;1399
1;2025-12-12;13;1437
1;2025-12-12;14;1495
1;2025-12-12;15;1590
1;2025-12-12;16;1681
1;2025-12-12;17;1849
1;2025-12-12;18;1591
1;2025-12-12;19;1302
1;2025-12-12;20;846
1;2025-12-12;21;518
1;2025-12-12;22;219
1;2025-12-12;23;39
1;2025-12-13;0;1
1;2025-12-13;1;0
1;2025-12-13;2;0
1;2025-12-13;3;0
1;2025-12-13;4;0
1;2025-12-13;5;28
1;2025-12-13;6;167
1;2025-12-13;7;370
1;2025-12-13;8;473
1;2025-12-13;9;763
1;2025-12-13;10;915
1;2025-12-13;11;794
1;2025-12-13;12;990
1;2025-12-13;13;1028
1;2025-12-13;14;947
1;2025-12-13;15;810
1;2025-12-13;16;759
1;2025-12-13;17;673
1;2025-12-13;18;589
1;2025-12-13;19;541
1;2025-12-13;20;403
1;2025-12-13;21;311
1;2025-12-13;22;123
1;2025-12-13;23;29
1;2025-12-14;0;0
1;2025-12-14;1;0
1;2025-12-14;2;0
1;2025-12-14;3;0
1;2025-12-14;4;0
1;2025-12-14;5;25
1;2025-12-14;6;123
1;2025-12-14;7;258
1;2025-12-14;8;356
1;2025-12-14;9;615
1;2025-12-14;10;689
1;2025-12-14;11;659
1;2025-12-14;12;791
1;2025-12-14;13;790
1;2025-12-14;14;703
1;2025-12-14;15;657
1;2025-12-14;16;603
1;2025-12-14;17;593
1;2025-12-14;18;549
1;2025-12-14;19;416
1;2025-12-14;20;332
1;2025-12-14;21;235
1;2025-12-14;22;101
1;2025-12-14;23;19
1;2025-12-15;0;0
1;2025-12-15;1;0
1;2025-12-15;2;0
1;2025-12-15;3;0
1;2025-12-15;4;9
1;2025-12-15;5;127
1;2025-12-15;6;483
1;2025-12-15;7;1547
1;2025-12-15;8;1985
1;2025-12-15;9;1367
1;2025-12-15;10;1202
1;2025-12-15;11;1175
1;2025-12-15;12;1311
1;2025-12-15;13;1383
1;2025-12-15;14;1438
1;2025-12-15;15;1547
1;2025-12-15;16;1613
1;2025-12-15;17;1916
1;2025-12-15;18;1943
1;2025-12-15;19;1440
1;2025-12-15;20;975
1;2025-12-15;21;417
1;2025-12-15;22;148
1;2025-12-15;23;36
1;2025-12-16;0;0
1;2025-12-16;1;0
1;2025-12-16;2;0
1;2025-12-16;3;0
1;2025-12-16;4;10
1;2025-12-16;5;124
1;2025-12-16;6;505
1;2025-12-16;7;1645
1;2025-12-16;8;2112
1;2025-12-16;9;1507
1;2025-12-16;10;1358
1;2025-12-16;11;1310
1;2025-12-16;12;1323
1;2025-12-16;13;1394
1;2025-12-16;14;1280
1;2025-12-16;15;1438
1;2025-12-16;16;1529
1;2025-12-16;17;1852
1;2025-12-16;18;1881
1;2025-12-16;19;1401
1;2025-12-16;20;891
1;2025-12-16;21;525
1;2025-12-16;22;193
1;2025-12-16;23;35
1;2025-12-17;0;3
1;2025-12-17;1;0
1;2025-12-17;2;0
1;2025-12-17;3;0
1;2025-12-17;4;10
1;2025-12-17;5;144
1;2025-12-17;6;577
1;2025-12-17;7;1581
1;2025-12-17;8;2043
1;2025-12-17;9;1423
1;2025-12-17;10;1306
1;2025-12-17;11;1335
1;2025-12-17;12;1376
1;2025-12-17;13;1522
1;2025-12-17;14;1348
1;2025-12-17;15;1528
1;2025-12-17;16;1563
1;2025-12-17;17;1772
1;2025-12-17;18;1803
1;2025-12-17;19;1420
1;2025-12-17;20;945
1;2025-12-17;21;479
1;2025-12-17;22;231
1;2025-12-17;23;32
1;2025-12-18;0;5
1;2025-12-18;1;0
1;2025-12-18;2;0
1;2025-12-18;3;0
1;2025-12-18;4;11
1;2025-12-18;5;119
1;2025-12-18;6;462
1;2025-12-18;7;1496
1;2025-12-18;8;1950
1;2025-12-18;9;1403
1;2025-12-18;10;1326
1;2025-12-18;11;1282
1;2025-12-18;12;1375
1;2025-12-18;13;1430
1;2025-12-18;14;1437
1;2025-12-18;15;1538
1;2025-12-18;16;1503
1;2025-12-18;17;1824
1;2025-12-18;18;1880
1;2025-12-18;19;1310
1;2025-12-18;20;910
1;2025-12-18;21;467
1;2025-12-18;22;176
1;2025-12-18;23;41
1;2025-12-19;0;4
1;2025-12-19;1;0
1;2025-12-19;2;0
1;2025-12-19;3;0
1;2025-12-19;4;8
1;2025-12-19;5;148
1;2025-12-19;6;457
1;2025-12-19;7;1577
1;2025-12-19;8;1834
1;2025-12-19;9;1448
1;2025-12-19;10;1348
1;2025-12-19;11;1478
1;2025-12-19;12;1401
1;2025-12-19;13;1439
1;2025-12-19;14;1496
1;2025-12-19;15;1591
1;2025-12-19;16;1682
1;2025-12-19;17;1849
1;2025-12-19;18;1591
1;2025-12-19;19;1303
1;2025-12-19;20;846
1;2025-12-19;21;518
1;2025-12-19;22;219
1;2025-12-19;23;39
1;2025-12-20;0;2
1;2025-12-20;1;0
1;2025-12-20;2;0
1;2025-12-20;3;0
1;2025-12-20;4;0
1;2025-12-20;5;28
1;2025-12-20;6;167
1;2025-12-20;7;370
1;2025-12-20;8;473
1;2025-12-20;9;764
1;2025-12-20;10;917
1;2025-12-20;11;795
1;2025-12-20;12;992
1;2025-12-20;13;1030
1;2025-12-20;14;949
1;2025-12-20;15;812
1;2025-12-20;16;760
1;2025-12-20;17;674
1;2025-12-20;18;590
1;2025-12-20;19;541
1;2025-12-20;20;403
1;2025-12-20;21;312
1;2025-12-20;22;123
1;2025-12-20;23;29
1;2025-12-21;0;0
1;2025-12-21;1;0
1;2025-12-21;2;0
1;2025-12-21;3;0
1;2025-12-21;4;0
1;2025-12-21;5;25
1;2025-12-21;6;123
1;2025-12-21;7;258
1;2025-12-21;8;356
1;2025-12-21;9;615
1;2025-12-21;10;689
1;2025-12-21;11;659
1;2025-12-21;12;793
1;2025-12-21;13;792
1;2025-12-21;14;703
1;2025-12-21;15;657
1;2025-12-21;16;603
1;2025-12-21;17;593
1;2025-12-21;18;549
1;2025-12-21;19;416
1;2025-12-21;20;332
1;2025-12-21;21;235
1;2025-12-21;22;101
1;2025-12-21;23;19
1;2025-12-22;0;0
1;2025-12-22;1;0
1;2025-12-22;2;0
1;2025-12-22;3;0
1;2025-12-22;4;9
1;2025-12-22;5;127
1;2025-12-22;6;483
1;2025-12-22;7;1547
1;2025-12-22;8;1985
1;2025-12-22;9;1367
1;2025-12-22;10;1202
1;2025-12-22;11;1174
1;2025-12-22;12;1311
1;2025-12-22;13;1383
1;2025-12-22;14;1437
1;2025-12-22;15;1546
1;2025-12-22;16;1612
1;2025-12-22;17;1916
1;2025-12-22;18;1943
1;2025-12-22;19;1440
1;2025-12-22;20;975
1;2025-12-22;21;417
1;2025-12-22;22;148
1;2025-12-22;23;36
1;2025-12-23;0;0
1;2025-12-23;1;0
1;2025-12-23;2;0
1;2025-12-23;3;0
1;2025-12-23;4;10
1;2025-12-23;5;124
1;2025-12-23;6;505
1;2025-12-23;7;1645
1;2025-12-23;8;2111
1;2025-12-23;9;1506
1;2025-12-23;10;1358
1;2025-12-23;11;1310
1;2025-12-23;12;1323
1;2025-12-23;13;1394
1;2025-12-23;14;1280
1;2025-12-23;15;1438
1;2025-12-23;16;1529
1;2025-12-23;17;1852
1;2025-12-23;18;1881
1;2025-12-23;19;1401
1;2025-12-23;20;891
1;2025-12-23;21;525
1;2025-12-23;22;193
1;2025-12-23;23;35
1;2025-12-24;0;3
1;2025-12-24;1;0
1;2025-12-24;2;0
1;2025-12-24;3;0
1;2025-12-24;4;10
1;2025-12-24;5;144
1;2025-12-24;6;577
1;2025-12-24;7;1581
1;2025-12-24;8;2043
1;2025-12-24;9;1423
1;2025-12-24;10;1306
1;2025-12-24;11;1335
1;2025-12-24;12;1376
1;2025-12-24;13;1522
1;2025-12-24;14;1348
1;2025-12-24;15;1528
1;2025-12-24;16;1562
1;2025-12-24;17;1772
1;2025-12-24;18;1803
1;2025-12-24;19;1420
1;2025-12-24;20;945
1;2025-12-24;21;479
1;2025-12-24;22;231
1;2025-12-24;23;32
1;2025-12-25;0;5
1;2025-12-25;1;0
1;2025-12-25;2;0
1;2025-12-25;3;0
1;2025-12-25;4;11
1;2025-12-25;5;119
1;2025-12-25;6;462
1;2025-12-25;7;1496
1;2025-12-25;8;1950
1;2025-12-25;9;1403
1;2025-12-25;10;1326
1;2025-12-25;11;1283
1;2025-12-25;12;1376
1;2025-12-25;13;1430
1;2025-12-25;14;1437
1;2025-12-25;15;1538
1;2025-12-25;16;1503
1;2025-12-25;17;1824
1;2025-12-25;18;1879
1;2025-12-25;19;1309
1;2025-12-25;20;910
1;2025-12-25;21;467
1;2025-12-25;22;175
1;2025-12-25;23;40
1;2025-12-26;0;4
1;2025-12-26;1;0
1;2025-12-26;2;0
1;2025-12-26;3;0
1;2025-12-26;4;8
1;2025-12-26;5;148
1;2025-12-26;6;457
1;2025-12-26;7;1577
1;2025-12-26;8;1834
1;2025-12-26;9;1447
1;2025-12-26;10;1347
1;2025-12-26;11;1477
1;2025-12-26;12;1400
1;2025-12-26;13;1438
1;2025-12-26;14;1496
1;2025-12-26;15;1591
1;2025-12-26;16;1682
1;2025-12-26;17;1849
1;2025-12-26;18;1591
1;2025-12-26;19;1302
1;2025-12-26;20;846
1;2025-12-26;21;518
1;2025-12-26;22;219
1;2025-12-26;23;39
1;2025-12-27;0;1
1;2025-12-27;1;0
1;2025-12-27;2;0
1;2025-12-27;3;0
1;2025-12-27;4;0
1;2025-12-27;5;28
1;2025-12-27;6;167
1;2025-12-27;7;370
1;2025-12-27;8;473
1;2025-12-27;9;764
1;2025-12-27;10;917
1;2025-12-27;11;795
1;2025-12-27;12;992
1;2025-12-27;13;1030
1;2025-12-27;14;949
1;2025-12-27;15;812
1;2025-12-27;16;760
1;2025-12-27;17;674
1;2025-12-27;18;590
1;2025-12-27;19;541
1;2025-12-27;20;403
1;2025-12-27;21;312
1;2025-12-27;22;123
1;2025-12-27;23;29
1;2025-12-28;0;0
1;2025-12-28;1;0
1;2025-12-28;2;0
1;2025-12-28;3;0
1;2025-12-28;4;0
1;2025-12-28;5;25
1;2025-12-28;6;123
1;2025-12-28;7;258
1;2025-12-28;8;356
1;2025-12-28;9;614
1;2025-12-28;10;689
1;2025-12-28;11;659
1;2025-12-28;12;793
1;2025-12-28;13;791
1;2025-12-28;14;703
1;2025-12-28;15;657
1;2025-12-28;16;603
1;2025-12-28;17;593
1;2025-12-28;18;549
1;2025-12-28;19;416
1;2025-12-28;20;332
1;2025-12-28;21;235
1;2025-12-28;22;101
1;2025-12-28;23;19
1;2025-12-29;0;0
1;2025-12-29;1;0
1;2025-12-29;2;0
1;2025-12-29;3;0
1;2025-12-29;4;9
1;2025-12-29;5;127
1;2025-12-29;6;483
1;2025-12-29;7;1547
1;2025-12-29;8;1985
1;2025-12-29;9;1367
1;2025-12-29;10;1202
1;2025-12-29;11;1175
1;2025-12-29;12;1311
1;2025-12-29;13;1383
1;2025-12-29;14;1438
1;2025-12-29;15;1547
1;2025-12-29;16;1613
1;2025-12-29;17;1916
1;2025-12-29;18;1943
1;2025-12-29;19;1440
1;2025-12-29;20;975
1;2025-12-29;21;417
1;2025-12-29;22;148
1;2025-12-29;23;36
1;2025-12-30;0;0
1;2025-12-30;1;0
1;2025-12-30;2;0
1;2025-12-30;3;0
1;2025-12-30;4;10
1;2025-12-30;5;124
1;2025-12-30;6;505
1;2025-12-30;7;1645
1;2025-12-30;8;2112
1;2025-12-30;9;1507
1;2025-12-30;10;1358
1;2025-12-30;11;1310
1;2025-12-30;12;1324
1;2025-12-30;13;1395
1;2025-12-30;14;1280
1;2025-12-30;15;1438
1;2025-12-30;16;1529
1;2025-12-30;17;1852
1;2025-12-30;18;1881
1;2025-12-30;19;1401
1;2025-12-30;20;890
1;2025-12-30;21;525
1;2025-12-30;22;193
1;2025-12-30;23;35
1;2025-12-31;0;2
1;2025-12-31;1;0
1;2025-12-31;2;0
1;2025-12-31;3;0
1;2025-12-31;4;1
1;2025-12-31;5;31
1;2025-12-31;6;161
1;2025-12-31;7;290
1;2025-12-31;8;392
1;2025-12-31;9;592
1;2025-12-31;10;620
1;2025-12-31;11;578
1;2025-12-31;12;750
1;2025-12-31;13;724
1;2025-12-31;14;690
1;2025-12-31;15;574
1;2025-12-31;16;546
1;2025-12-31;17;540
1;2025-12-31;18;554
1;2025-12-31;19;452
1;2025-12-31;20;366
1;2025-12-31;21;286
1;2025-12-31;22;126
1;2025-12-31;23;44
5;2025-11-01;0;0
5;2025-11-01;1;0
5;2025-11-01;2;0
5;2025-11-01;3;0
5;2025-11-01;4;0
5;2025-11-01;5;0
5;2025-11-01;6;0
5;2025-11-01;7;0
5;2025-11-01;8;0
5;2025-11-01;9;0
5;2025-11-01;10;0
5;2025-11-01;11;0
5;2025-11-01;12;0
5;2025-11-01;13;0
5;2025-11-01;14;0
5;2025-11-01;15;0
5;2025-11-01;16;0
5;2025-11-01;17;0
5;2025-11-01;18;0
5;2025-11-01;19;0
5;2025-11-01;20;0
5;2025-11-01;21;0
5;2025-11-01;22;0
5;2025-11-01;23;0
5;2025-11-02;0;0
5;2025-11-02;1;0
5;2025-11-02;2;0
5;2025-11-02;3;0
5;2025-11-02;4;0
5;2025-11-02;5;0
5;2025-11-02;6;0
5;2025-11-02;7;0
5;2025-11-02;8;0
5;2025-11-02;9;0
5;2025-11-02;10;0
5;2025-11-02;11;0
5;2025-11-02;12;0
5;2025-11-02;13;0
5;2025-11-02;14;0
5;2025-11-02;15;0
5;2025-11-02;16;0
5;2025-11-02;17;0
5;2025-11-02;18;0
5;2025-11-02;19;0
5;2025-11-02;20;0
5;2025-11-02;21;0
5;2025-11-02;22;0
5;2025-11-02;23;0
5;2025-11-03;0;0
5;2025-11-03;1;0
5;2025-11-03;2;0
5;2025-11-03;3;0
5;2025-11-03;4;0
5;2025-11-03;5;0
5;2025-11-03;6;0
5;2025-11-03;7;0
5;2025-11-03;8;0
5;2025-11-03;9;0
5;2025-11-03;10;0
5;2025-11-03;11;0
5;2025-11-03;12;0
5;2025-11-03;13;0
5;2025-11-03;14;0
5;2025-11-03;15;0
5;2025-11-03;16;0
5;2025-11-03;17;0
5;2025-11-03;18;0
5;2025-11-03;19;0
5;2025-11-03;20;0
5;2025-11-03;21;0
5;2025-11-03;22;0
5;2025-11-03;23;0
5;2025-11-04;0;0
5;2025-11-04;1;0
5;2025-11-04;2;0
5;2025-11-04;3;0
5;2025-11-04;4;0
5;2025-11-04;5;0
5;2025-11-04;6;0
5;2025-11-04;7;0
5;2025-11-04;8;0
5;2025-11-04;9;0
5;2025-11-04;10;0
5;2025-11-04;11;0
5;2025-11-04;12;0
5;2025-11-04;13;0
5;2025-11-04;14;0
5;2025-11-04;15;0
5;2025-11-04;16;0
5;2025-11-04;17;0
5;2025-11-04;18;0
5;2025-11-04;19;0
5;2025-11-04;20;0
5;2025-11-04;21;0
5;2025-11-04;22;0
5;2025-11-04;23;0
5;2025-11-05;0;0
5;2025-11-05;1;0
5;2025-11-05;2;0
5;2025-11-05;3;0
5;2025-11-05;4;0
5;2025-11-05;5;0
5;2025-11-05;6;0
5;2025-11-05;7;0
5;2025-11-05;8;0
5;2025-11-05;9;0
5;2025-11-05;10;0
5;2025-11-05;11;0
5;2025-11-05;12;0
5;2025-11-05;13;0
5;2025-11-05;14;0
5;2025-11-05;15;0
5;2025-11-05;16;0
5;2025-11-05;17;0
5;2025-11-05;18;0
5;2025-11-05;19;0
5;2025-11-05;20;0
5;2025-11-05;21;0
5;2025-11-05;22;0
5;2025-11-05;23;0
5;2025-11-06;0;0
5;2025-11-06;1;0
5;2025-11-06;2;0
5;2025-11-06;3;0
5;2025-11-06;4;0
5;2025-11-06;5;0
5;2025-11-06;6;0
5;2025-11-06;7;0
5;2025-11-06;8;0
5;2025-11-06;9;0
5;2025-11-06;10;0
5;2025-11-06;11;0
5;2025-11-06;12;0
5;2025-11-06;13;0
5;2025-11-06;14;0
5;2025-11-06;15;0
5;2025-11-06;16;0
5;2025-11-06;17;0
5;2025-11-06;18;0
5;2025-11-06;19;0
5;2025-11-06;20;0
5;2025-11-06;21;0
5;2025-11-06;22;0
5;2025-11-06;23;0
5;2025-11-07;0;0
5;2025-11-07;1;0
5;2025-11-07;2;0
5;2025-11-07;3;0
5;2025-11-07;4;0
5;2025-11-07;5;0
5;2025-11-07;6;0
5;2025-11-07;7;0
5;2025-11-07;8;0
5;2025-11-07;9;0
5;2025-11-07;10;0
5;2025-11-07;11;0
5;2025-11-07;12;0
5;2025-11-07;13;0
5;2025-11-07;14;0
5;2025-11-07;15;0
5;2025-11-07;16;0
5;2025-11-07;17;0
5;2025-11-07;18;0
5;2025-11-07;19;0
5;2025-11-07;20;0
5;2025-11-07;21;0
5;2025-11-07;22;0
5;2025-11-07;23;0
5;2025-11-08;0;0
5;2025-11-08;1;0
5;2025-11-08;2;0
5;2025-11-08;3;0
5;2025-11-08;4;0
5;2025-11-08;5;0
5;2025-11-08;6;0
5;2025-11-08;7;0
5;2025-11-08;8;0
5;2025-11-08;9;0
5;2025-11-08;10;0
5;2025-11-08;11;0
5;2025-11-08;12;0
5;2025-11-08;13;0
5;2025-11-08;14;0
5;2025-11-08;15;0
5;2025-11-08;16;0
5;2025-11-08;17;0
5;2025-11-08;18;0
5;2025-11-08;19;0
5;2025-11-08;20;0
5;2025-11-08;21;0
5;2025-11-08;22;0
5;2025-11-08;23;0
5;2025-11-09;0;0
5;2025-11-09;1;0
5;2025-11-09;2;0
5;2025-11-09;3;0
5;2025-11-09;4;0
5;2025-11-09;5;0
5;2025-11-09;6;0
5;2025-11-09;7;0
5;2025-11-09;8;0
5;2025-11-09;9;0
5;2025-11-09;10;0
5;2025-11-09;11;0
5;2025-11-09;12;0
5;2025-11-09;13;0
5;2025-11-09;14;0
5;2025-11-09;15;0
5;2025-11-09;16;0
5;2025-11-09;17;0
5;2025-11-09;18;0
5;2025-11-09;19;0
5;2025-11-09;20;0
5;2025-11-09;21;0
5;2025-11-09;22;0
5;2025-11-09;23;0
5;2025-11-10;0;0
5;2025-11-10;1;0
5;2025-11-10;2;0
5;2025-11-10;3;0
5;2025-11-10;4;0
5;2025-11-10;5;0
5;2025-11-10;6;0
5;2025-11-10;7;0
5;2025-11-10;8;0
5;2025-11-10;9;0
5;2025-11-10;10;0
5;2025-11-10;11;0
5;2025-11-10;12;0
5;2025-11-10;13;0
5;2025-11-10;14;0
5;2025-11-10;15;0
5;2025-11-10;16;0
5;2025-11-10;17;0
5;2025-11-10;18;0
5;2025-11-10;19;0
5;2025-11-10;20;0
5;2025-11-10;21;0
5;2025-11-10;22;0
5;2025-11-10;23;0
5;2025-11-11;0;0
5;2025-11-11;1;0
5;2025-11-11;2;0
5;2025-11-11;3;0
5;2025-11-11;4;0
5;2025-11-11;5;0
5;2025-11-11;6;0
5;2025-11-11;7;0
5;2025-11-11;8;0
5;2025-11-11;9;0
5;2025-11-11;10;0
5;2025-11-11;11;0
5;2025-11-11;12;0
5;2025-11-11;13;0
5;2025-11-11;14;0
5;2025-11-11;15;0
5;2025-11-11;16;0
5;2025-11-11;17;0
5;2025-11-11;18;0
5;2025-11-11;19;0
5;2025-11-11;20;0
5;2025-11-11;21;0
5;2025-11-11;22;0
5;2025-11-11;23;0
5;2025-11-12;0;0
5;2025-11-12;1;0
5;2025-11-12;2;0
5;2025-11-12;3;0
5;2025-11-12;4;0
5;2025-11-12;5;0
5;2025-11-12;6;0
5;2025-11-12;7;0
5;2025-11-12;8;0
5;2025-11-12;9;0
5;2025-11-12;10;0
5;2025-11-12;11;0
5;2025-11-12;12;0
5;2025-11-12;13;0
5;2025-11-12;14;0
5;2025-11-12;15;0
5;2025-11-12;16;0
5;2025-11-12;17;0
5;2025-11-12;18;0
5;2025-11-12;19;0
5;2025-11-12;20;0
5;2025-11-12;21;0
5;2025-11-12;22;0
5;2025-11-12;23;0
5;2025-11-13;0;0
5;2025-11-13;1;0
5;2025-11-13;2;0
5;2025-11-13;3;0
5;2025-11-13;4;0
5;2025-11-13;5;0
5;2025-11-13;6;0
5;2025-11-13;7;0
5;2025-11-13;8;0
5;2025-11-13;9;0
5;2025-11-13;10;0
5;2025-11-13;11;0
5;2025-11-13;12;0
5;2025-11-13;13;0
5;2025-11-13;14;0
5;2025-11-13;15;0
5;2025-11-13;16;0
5;2025-11-13;17;0
5;2025-11-13;18;0
5;2025-11-13;19;0
5;2025-11-13;20;0
5;2025-11-13;21;0
5;2025-11-13;22;0
5;2025-11-13;23;0
5;2025-11-14;0;0
5;2025-11-14;1;0
5;2025-11-14;2;0
5;2025-11-14;3;0
5;2025-11-14;4;0
5;2025-11-14;5;0
5;2025-11-14;6;0
5;2025-11-14;7;0
5;2025-11-14;8;0
5;2025-11-14;9;0
5;2025-11-14;10;0
5;2025-11-14;11;0
5;2025-11-14;12;0
5;2025-11-14;13;0
5;2025-11-14;14;0
5;2025-11-14;15;0
5;2025-11-14;16;0
5;2025-11-14;17;0
5;2025-11-14;18;0
5;2025-11-14;19;0
5;2025-11-14;20;0
5;2025-11-14;21;0
5;2025-11-14;22;0
5;2025-11-14;23;0
5;2025-11-15;0;0
5;2025-11-15;1;0
5;2025-11-15;2;0
5;2025-11-15;3;0
5;2025-11-15;4;0
5;2025-11-15;5;0
5;2025-11-15;6;0
5;2025-11-15;7;0
5;2025-11-15;8;0
5;2025-11-15;9;0
5;2025-11-15;10;0
5;2025-11-15;11;0
5;2025-11-15;12;0
5;2025-11-15;13;0
5;2025-11-15;14;0
5;2025-11-15;15;0
5;2025-11-15;16;0
5;2025-11-15;17;0
5;2025-11-15;18;0
5;2025-11-15;19;0
5;2025-11-15;20;0
5;2025-11-15;21;0
5;2025-11-15;22;0
5;2025-11-15;23;0
5;2025-11-16;0;0
5;2025-11-16;1;0
5;2025-11-16;2;0
5;2025-11-16;3;0
5;2025-11-16;4;0
5;2025-11-16;5;0
5;2025-11-16;6;0
5;2025-11-16;7;0
5;2025-11-16;8;0
5;2025-11-16;9;0
5;2025-11-16;10;0
5;2025-11-16;11;0
5;2025-11-16;12;0
5;2025-11-16;13;0
5;2025-11-16;14;0
5;2025-11-16;15;0
5;2025-11-16;16;0
5;2025-11-16;17;0
5;2025-11-16;18;0
5;2025-11-16;19;0
5;2025-11-16;20;0
5;2025-11-16;21;0
5;2025-11-16;22;0
5;2025-11-16;23;0
5;2025-11-17;0;0
5;2025-11-17;1;0
5;2025-11-17;2;0
5;2025-11-17;3;0
5;2025-11-17;4;0
5;2025-11-17;5;0
5;2025-11-17;6;0
5;2025-11-17;7;0
5;2025-11-17;8;0
5;2025-11-17;9;0
5;2025-11-17;10;0
5;2025-11-17;11;0
5;2025-11-17;12;0
5;2025-11-17;13;0
5;2025-11-17;14;0
5;2025-11-17;15;0
5;2025-11-17;16;0
5;2025-11-17;17;0
5;2025-11-17;18;0
5;2025-11-17;19;0
5;2025-11-17;20;0
5;2025-11-17;21;0
5;2025-11-17;22;0
5;2025-11-17;23;0
5;2025-11-18;0;0
5;2025-11-18;1;0
5;2025-11-18;2;0
5;2025-11-18;3;0
5;2025-11-18;4;0
5;2025-11-18;5;0
5;2025-11-18;6;0
5;2025-11-18;7;0
5;2025-11-18;8;0
5;2025-11-18;9;0
5;2025-11-18;10;0
5;2025-11-18;11;0
5;2025-11-18;12;0
5;2025-11-18;13;0
5;2025-11-18;14;0
5;2025-11-18;15;0
5;2025-11-18;16;0
5;2025-11-18;17;0
5;2025-11-18;18;0
5;2025-11-18;19;0
5;2025-11-18;20;0
5;2025-11-18;21;0
5;2025-11-18;22;0
5;2025-11-18;23;0
5;2025-11-19;0;0
5;2025-11-19;1;0
5;2025-11-19;2;0
5;2025-11-19;3;0
5;2025-11-19;4;0
5;2025-11-19;5;0
5;2025-11-19;6;0
5;2025-11-19;7;0
5;2025-11-19;8;0
5;2025-11-19;9;0
5;2025-11-19;10;0
5;2025-11-19;11;0
5;2025-11-19;12;0
5;2025-11-19;13;0
5;2025-11-19;14;0
5;2025-11-19;15;0
5;2025-11-19;16;0
5;2025-11-19;17;0
5;2025-11-19;18;0
5;2025-11-19;19;0
5;2025-11-19;20;0
5;2025-11-19;21;0
5;2025-11-19;22;0
5;2025-11-19;23;0
5;2025-11-20;0;0
5;2025-11-20;1;0
5;2025-11-20;2;0
5;2025-11-20;3;0
5;2025-11-20;4;0
5;2025-11-20;5;0
5;2025-11-20;6;0
5;2025-11-20;7;0
5;2025-11-20;8;0
5;2025-11-20;9;0
5;2025-11-20;10;0
5;2025-11-20;11;0
5;2025-11-20;12;0
5;2025-11-20;13;0
5;2025-11-20;14;0
5;2025-11-20;15;0
5;2025-11-20;16;0
5;2025-11-20;17;0
5;2025-11-20;18;0
5;2025-11-20;19;0
5;2025-11-20;20;0
5;2025-11-20;21;0
5;2025-11-20;22;0
5;2025-11-20;23;0
5;2025-11-21;0;0
5;2025-11-21;1;0
5;2025-11-21;2;0
5;2025-11-21;3;0
5;2025-11-21;4;0
5;2025-11-21;5;0
5;2025-11-21;6;0
5;2025-11-21;7;0
5;2025-11-21;8;0
5;2025-11-21;9;0
5;2025-11-21;10;0
5;2025-11-21;11;0
5;2025-11-21;12;0
5;2025-11-21;13;0
5;2025-11-21;14;0
5;2025-11-21;15;0
5;2025-11-21;16;0
5;2025-11-21;17;0
5;2025-11-21;18;0
5;2025-11-21;19;0
5;2025-11-21;20;0
5;2025-11-21;21;0
5;2025-11-21;22;0
5;2025-11-21;23;0
5;2025-11-22;0;0
5;2025-11-22;1;0
5;2025-11-22;2;0
5;2025-11-22;3;0
5;2025-11-22;4;0
5;2025-11-22;5;0
5;2025-11-22;6;0
5;2025-11-22;7;0
5;2025-11-22;8;0
5;2025-11-22;9;0
5;2025-11-22;10;0
5;2025-11-22;11;0
5;2025-11-22;12;0
5;2025-11-22;13;0
5;2025-11-22;14;0
5;2025-11-22;15;0
5;2025-11-22;16;0
5;2025-11-22;17;0
5;2025-11-22;18;0
5;2025-11-22;19;0
5;2025-11-22;20;0
5;2025-11-22;21;0
5;2025-11-22;22;0
5;2025-11-22;23;0
5;2025-11-23;0;0
5;2025-11-23;1;0
5;2025-11-23;2;0
5;2025-11-23;3;0
5;2025-11-23;4;0
5;2025-11-23;5;0
5;2025-11-23;6;0
5;2025-11-23;7;0
5;2025-11-23;8;0
5;2025-11-23;9;0
5;2025-11-23;10;0
5;2025-11-23;11;0
5;2025-11-23;12;0
5;2025-11-23;13;0
5;2025-11-23;14;0
5;2025-11-23;15;0
5;2025-11-23;16;0
5;2025-11-23;17;0
5;2025-11-23;18;0
5;2025-11-23;19;0
5;2025-11-23;20;0
5;2025-11-23;21;0
5;2025-11-23;22;0
5;2025-11-23;23;0
5;2025-11-24;0;0
5;2025-11-24;1;0
5;2025-11-24;2;0
5;2025-11-24;3;0
5;2025-11-24;4;0
5;2025-11-24;5;0
5;2025-11-24;6;0
5;2025-11-24;7;0
5;2025-11-24;8;0
5;2025-11-24;9;0
5;2025-11-24;10;0
5;2025-11-24;11;0
5;2025-11-24;12;0
5;2025-11-24;13;0
5;2025-11-24;14;0
5;2025-11-24;15;0
5;2025-11-24;16;0
5;2025-11-24;17;0
5;2025-11-24;18;0
5;2025-11-24;19;0
5;2025-11-24;20;0
5;2025-11-24;21;0
5;2025-11-24;22;0
5;2025-11-24;23;0
5;2025-11-25;0;0
5;2025-11-25;1;0
5;2025-11-25;2;0
5;2025-11-25;3;0
5;2025-11-25;4;0
5;2025-11-25;5;0
5;2025-11-25;6;0
5;2025-11-25;7;0
5;2025-11-25;8;0
5;2025-11-25;9;0
5;2025-11-25;10;0
5;2025-11-25;11;0
5;2025-11-25;12;0
5;2025-11-25;13;0
5;2025-11-25;14;0
5;2025-11-25;15;0
5;2025-11-25;16;0
5;2025-11-25;17;0
5;2025-11-25;18;0
5;2025-11-25;19;0
5;2025-11-25;20;0
5;2025-11-25;21;0
5;2025-11-25;22;0
5;2025-11-25;23;0
5;2025-11-26;0;0
5;2025-11-26;1;0
5;2025-11-26;2;0
5;2025-11-26;3;0
5;2025-11-26;4;0
5;2025-11-26;5;0
5;2025-11-26;6;0
5;2025-11-26;7;0
5;2025-11-26;8;0
5;2025-11-26;9;0
5;2025-11-26;10;0
5;2025-11-26;11;0
5;2025-11-26;12;0
5;2025-11-26;13;0
5;2025-11-26;14;0
5;2025-11-26;15;0
5;2025-11-26;16;0
5;2025-11-26;17;0
5;2025-11-26;18;0
5;2025-11-26;19;0
5;2025-11-26;20;0
5;2025-11-26;21;0
5;2025-11-26;22;0
5;2025-11-26;23;0
5;2025-11-27;0;0
5;2025-11-27;1;0
5;2025-11-27;2;0
5;2025-11-27;3;0
5;2025-11-27;4;0
5;2025-11-27;5;0
5;2025-11-27;6;0
5;2025-11-27;7;0
5;2025-11-27;8;0
5;2025-11-27;9;0
5;2025-11-27;10;0
5;2025-11-27;11;0
5;2025-11-27;12;0
5;2025-11-27;13;0
5;2025-11-27;14;0
5;2025-11-27;15;0
5;2025-11-27;16;0
5;2025-11-27;17;0
5;2025-11-27;18;0
5;2025-11-27;19;0
5;2025-11-27;20;0
5;2025-11-27;21;0
5;2025-11-27;22;0
5;2025-11-27;23;0
5;2025-11-28;0;0
5;2025-11-28;1;0
5;2025-11-28;2;0
5;2025-11-28;3;0
5;2025-11-28;4;0
5;2025-11-28;5;0
5;2025-11-28;6;0
5;2025-11-28;7;0
5;2025-11-28;8;0
5;2025-11-28;9;0
5;2025-11-28;10;0
5;2025-11-28;11;0
5;2025-11-28;12;0
5;2025-11-28;13;0
5;2025-11-28;14;0
5;2025-11-28;15;0
5;2025-11-28;16;0
5;2025-11-28;17;0
5;2025-11-28;18;0
5;2025-11-28;19;0
5;2025-11-28;20;0
5;2025-11-28;21;0
5;2025-11-28;22;0
5;2025-11-28;23;0
5;2025-11-29;0;0
5;2025-11-29;1;0
5;2025-11-29;2;0
5;2025-11-29;3;0
5;2025-11-29;4;0
5;2025-11-29;5;0
5;2025-11-29;6;0
5;2025-11-29;7;0
5;2025-11-29;8;0
5;2025-11-29;9;0
5;2025-11-29;10;0
5;2025-11-29;11;0
5;2025-11-29;12;0
5;2025-11-29;13;0
5;2025-11-29;14;0
5;2025-11-29;15;0
5;2025-11-29;16;0
5;2025-11-29;17;0
5;2025-11-29;18;0
5;2025-11-29;19;0
5;2025-11-29;20;0
5;2025-11-29;21;0
5;2025-11-29;22;0
5;2025-11-29;23;0
5;2025-11-30;0;0
5;2025-11-30;1;0
5;2025-11-30;2;0
5;2025-11-30;3;0
5;2025-11-30;4;0
5;2025-11-30;5;0
5;2025-11-30;6;0
5;2025-11-30;7;0
5;2025-11-30;8;0
5;2025-11-30;9;0
5;2025-11-30;10;0
5;2025-11-30;11;0
5;2025-11-30;12;0
5;2025-11-30;13;0
5;2025-11-30;14;0
5;2025-11-30;15;0
5;2025-11-30;16;0
5;2025-11-30;17;0
5;2025-11-30;18;0
5;2025-11-30;19;0
5;2025-11-30;20;0
5;2025-11-30;21;0
5;2025-11-30;22;0
5;2025-11-30;23;0
5;2025-12-01;0;0
5;2025-12-01;1;0
5;2025-12-01;2;0
5;2025-12-01;3;0
5;2025-12-01;4;0
5;2025-12-01;5;0
5;2025-12-01;6;0
5;2025-12-01;7;0
5;2025-12-01;8;0
5;2025-12-01;9;0
5;2025-12-01;10;0
5;2025-12-01;11;0
5;2025-12-01;12;0
5;2025-12-01;13;0
5;2025-12-01;14;0
5;2025-12-01;15;0
5;2025-12-01;16;0
5;2025-12-01;17;0
5;2025-12-01;18;0
5;2025-12-01;19;0
5;2025-12-01;20;0
5;2025-12-01;21;0
5;2025-12-01;22;0
5;2025-12-01;23;0
5;2025-12-02;0;0
5;2025-12-02;1;0
5;2025-12-02;2;0
5;2025-12-02;3;0
5;2025-12-02;4;0
5;2025-12-02;5;0
5;2025-12-02;6;0
5;2025-12-02;7;0
5;2025-12-02;8;0
5;2025-12-02;9;0
5;2025-12-02;10;0
5;2025-12-02;11;0
5;2025-12-02;12;0
5;2025-12-02;13;0
5;2025-12-02;14;0
5;2025-12-02;15;0
5;2025-12-02;16;0
5;2025-12-02;17;0
5;2025-12-02;18;0
5;2025-12-02;19;0
5;2025-12-02;20;0
5;2025-12-02;21;0
5;2025-12-02;22;0
5;2025-12-02;23;0
5;2025-12-03;0;0
5;2025-12-03;1;0
5;2025-12-03;2;0
5;2025-12-03;3;0
5;2025-12-03;4;0
5;2025-12-03;5;0
5;2025-12-03;6;0
5;2025-12-03;7;0
5;2025-12-03;8;0
5;2025-12-03;9;0
5;2025-12-03;10;0
5;2025-12-03;11;0
5;2025-12-03;12;0
5;2025-12-03;13;0
5;2025-12-03;14;0
5;2025-12-03;15;0
5;2025-12-03;16;0
5;2025-12-03;17;0
5;2025-12-03;18;0
5;2025-12-03;19;0
5;2025-12-03;20;0
5;2025-12-03;21;0
5;2025-12-03;22;0
5;2025-12-03;23;0
5;2025-12-04;0;0
5;2025-12-04;1;0
5;2025-12-04;2;0
5;2025-12-04;3;0
5;2025-12-04;4;0
5;2025-12-04;5;0
5;2025-12-04;6;0
5;2025-12-04;7;0
5;2025-12-04;8;0
5;2025-12-04;9;0
5;2025-12-04;10;0
5;2025-12-04;11;0
5;2025-12-04;12;0
5;2025-12-04;13;0
5;2025-12-04;14;0
5;2025-12-04;15;0
5;2025-12-04;16;0
5;2025-12-04;17;0
5;2025-12-04;18;0
5;2025-12-04;19;0
5;2025-12-04;20;0
5;2025-12-04;21;0
5;2025-12-04;22;0
5;2025-12-04;23;0
5;2025-12-05;0;0
5;2025-12-05;1;0
5;2025-12-05;2;0
5;2025-12-05;3;0
5;2025-12-05;4;0
5;2025-12-05;5;0
5;2025-12-05;6;0
5;2025-12-05;7;0
5;2025-12-05;8;0
5;2025-12-05;9;0
5;2025-12-05;10;0
5;2025-12-05;11;0
5;2025-12-05;12;0
5;2025-12-05;13;0
5;2025-12-05;14;0
5;2025-12-05;15;0
5;2025-12-05;16;0
5;2025-12-05;17;0
5;2025-12-05;18;0
5;2025-12-05;19;0
5;2025-12-05;20;0
5;2025-12-05;21;0
5;2025-12-05;22;0
5;2025-12-05;23;0
5;2025-12-06;0;0
5;2025-12-06;1;0
5;2025-12-06;2;0
5;2025-12-06;3;0
5;2025-12-06;4;0
5;2025-12-06;5;0
5;2025-12-06;6;0
5;2025-12-06;7;0
5;2025-12-06;8;0
5;2025-12-06;9;0
5;2025-12-06;10;0
5;2025-12-06;11;0
5;2025-12-06;12;0
5;2025-12-06;13;0
5;2025-12-06;14;0
5;2025-12-06;15;0
5;2025-12-06;16;0
5;2025-12-06;17;0
5;2025-12-06;18;0
5;2025-12-06;19;0
5;2025-12-06;20;0
5;2025-12-06;21;0
5;2025-12-06;22;0
5;2025-12-06;23;0
5;2025-12-07;0;0
5;2025-12-07;1;0
5;2025-12-07;2;0
5;2025-12-07;3;0
5;2025-12-07;4;0
5;2025-12-07;5;0
5;2025-12-07;6;0
5;2025-12-07;7;0
5;2025-12-07;8;0
5;2025-12-07;9;0
5;2025-12-07;10;0
5;2025-12-07;11;0
5;2025-12-07;12;0
5;2025-12-07;13;0
5;2025-12-07;14;0
5;2025-12-07;15;0
5;2025-12-07;16;0
5;2025-12-07;17;0
5;2025-12-07;18;0
5;2025-12-07;19;0
5;2025-12-07;20;0
5;2025-12-07;21;0
5;2025-12-07;22;0
5;2025-12-07;23;0
5;2025-12-08;0;0
5;2025-12-08;1;0
5;2025-12-08;2;0
5;2025-12-08;3;0
5;2025-12-08;4;0
5;2025-12-08;5;0
5;2025-12-08;6;0
5;2025-12-08;7;0
5;2025-12-08;8;0
5;2025-12-08;9;0
5;2025-12-08;10;0
5;2025-12-08;11;0
5;2025-12-08;12;0
5;2025-12-08;13;0
5;2025-12-08;14;0
5;2025-12-08;15;0
5;2025-12-08;16;0
5;2025-12-08;17;0
5;2025-12-08;18;0
5;2025-12-08;19;0
5;2025-12-08;20;0
5;2025-12-08;21;0
5;2025-12-08;22;0
5;2025-12-08;23;0
5;2025-12-09;0;0
5;2025-12-09;1;0
5;2025-12-09;2;0
5;2025-12-09;3;0
5;2025-12-09;4;0
5;2025-12-09;5;0
5;2025-12-09;6;0
5;2025-12-09;7;0
5;2025-12-09;8;0
5;2025-12-09;9;0
5;2025-12-09;10;0
5;2025-12-09;11;0
5;2025-12-09;12;0
5;2025-12-09;13;0
5;2025-12-09;14;0
5;2025-12-09;15;0
5;2025-12-09;16;0
5;2025-12-09;17;0
5;2025-12-09;18;0
5;2025-12-09;19;0
5;2025-12-09;20;0
5;2025-12-09;21;0
5;2025-12-09;22;0
5;2025-12-09;23;0
5;2025-12-10;0;0
5;2025-12-10;1;0
5;2025-12-10;2;0
5;2025-12-10;3;0
5;2025-12-10;4;0
5;2025-12-10;5;0
5;2025-12-10;6;0
5;2025-12-10;7;0
5;2025-12-10;8;0
5;2025-12-10;9;0
5;2025-12-10;10;0
5;2025-12-10;11;0
5;2025-12-10;12;0
5;2025-12-10;13;0
5;2025-12-10;14;0
5;2025-12-10;15;0
5;2025-12-10;16;0
5;2025-12-10;17;0
5;2025-12-10;18;0
5;2025-12-10;19;0
5;2025-12-10;20;0
5;2025-12-10;21;0
5;2025-12-10;22;0
5;2025-12-10;23;0
5;2025-12-11;0;0
5;2025-12-11;1;0
5;2025-12-11;2;0
5;2025-12-11;3;0
5;2025-12-11;4;0
5;2025-12-11;5;0
5;2025-12-11;6;0
5;2025-12-11;7;0
5;2025-12-11;8;0
5;2025-12-11;9;0
5;2025-12-11;10;0
5;2025-12-11;11;0
5;2025-12-11;12;0
5;2025-12-11;13;0
5;2025-12-11;14;0
5;2025-12-11;15;0
5;2025-12-11;16;0
5;2025-12-11;17;0
5;2025-12-11;18;0
5;2025-12-11;19;0
5;2025-12-11;20;0
5;2025-12-11;21;0
5;2025-12-11;22;0
5;2025-12-11;23;0
5;2025-12-12;0;0
5;2025-12-12;1;0
5;2025-12-12;2;0
5;2025-12-12;3;0
5;2025-12-12;4;0
5;2025-12-12;5;0
5;2025-12-12;6;0
5;2025-12-12;7;0
5;2025-12-12;8;0
5;2025-12-12;9;0
5;2025-12-12;10;0
5;2025-12-12;11;0
5;2025-12-12;12;0
5;2025-12-12;13;0
5;2025-12-12;14;0
5;2025-12-12;15;0
5;2025-12-12;16;0
5;2025-12-12;17;0
5;2025-12-12;18;0
5;2025-12-12;19;0
5;2025-12-12;20;0
5;2025-12-12;21;0
5;2025-12-12;22;0
5;2025-12-12;23;0
5;2025-12-13;0;0
5;2025-12-13;1;0
5;2025-12-13;2;0
5;2025-12-13;3;0
5;2025-12-13;4;0
5;2025-12-13;5;0
5;2025-12-13;6;0
5;2025-12-13;7;0
5;2025-12-13;8;0
5;2025-12-13;9;0
5;2025-12-13;10;0
5;2025-12-13;11;0
5;2025-12-13;12;0
5;2025-12-13;13;0
5;2025-12-13;14;0
5;2025-12-13;15;0
5;2025-12-13;16;0
5;2025-12-13;17;0
5;2025-12-13;18;0
5;2025-12-13;19;0
5;2025-12-13;20;0
5;2025-12-13;21;0
5;2025-12-13;22;0
5;2025-12-13;23;0
5;2025-12-14;0;0
5;2025-12-14;1;0
5;2025-12-14;2;0
5;2025-12-14;3;0
5;2025-12-14;4;0
5;2025-12-14;5;0
5;2025-12-14;6;0
5;2025-12-14;7;0
5;2025-12-14;8;0
5;2025-12-14;9;0
5;2025-12-14;10;0
5;2025-12-14;11;0
5;2025-12-14;12;0
5;2025-12-14;13;0
5;2025-12-14;14;0
5;2025-12-14;15;0
5;2025-12-14;16;0
5;2025-12-14;17;0
5;2025-12-14;18;0
5;2025-12-14;19;0
5;2025-12-14;20;0
5;2025-12-14;21;0
5;2025-12-14;22;0
5;2025-12-14;23;0
5;2025-12-15;0;0
5;2025-12-15;1;0
5;2025-12-15;2;0
5;2025-12-15;3;0
5;2025-12-15;4;0
5;2025-12-15;5;0
5;2025-12-15;6;0
5;2025-12-15;7;0
5;2025-12-15;8;0
5;2025-12-15;9;0
5;2025-12-15;10;0
5;2025-12-15;11;0
5;2025-12-15;12;0
5;2025-12-15;13;0
5;2025-12-15;14;0
5;2025-12-15;15;0
5;2025-12-15;16;0
5;2025-12-15;17;0
5;2025-12-15;18;0
5;2025-12-15;19;0
5;2025-12-15;20;0
5;2025-12-15;21;0
5;2025-12-15;22;0
5;2025-12-15;23;0
5;2025-12-16;0;0
5;2025-12-16;1;0
5;2025-12-16;2;0
5;2025-12-16;3;0
5;2025-12-16;4;0
5;2025-12-16;5;0
5;2025-12-16;6;0
5;2025-12-16;7;0
5;2025-12-16;8;0
5;2025-12-16;9;0
5;2025-12-16;10;0
5;2025-12-16;11;0
5;2025-12-16;12;0
5;2025-12-16;13;0
5;2025-12-16;14;0
5;2025-12-16;15;0
5;2025-12-16;16;0
5;2025-12-16;17;0
5;2025-12-16;18;0
5;2025-12-16;19;0
5;2025-12-16;20;0
5;2025-12-16;21;0
5;2025-12-16;22;0
5;2025-12-16;23;0
5;2025-12-17;0;0
5;2025-12-17;1;0
5;2025-12-17;2;0
5;2025-12-17;3;0
5;2025-12-17;4;0
5;2025-12-17;5;0
5;2025-12-17;6;0
5;2025-12-17;7;0
5;2025-12-17;8;0
5;2025-12-17;9;0
5;2025-12-17;10;0
5;2025-12-17;11;0
5;2025-12-17;12;0
5;2025-12-17;13;0
5;2025-12-17;14;0
5;2025-12-17;15;0
5;2025-12-17;16;0
5;2025-12-17;17;0
5;2025-12-17;18;0
5;2025-12-17;19;0
5;2025-12-17;20;0
5;2025-12-17;21;0
5;2025-12-17;22;0
5;2025-12-17;23;0
5;2025-12-18;0;0
5;2025-12-18;1;0
5;2025-12-18;2;0
5;2025-12-18;3;0
5;2025-12-18;4;0
5;2025-12-18;5;0
5;2025-12-18;6;0
5;2025-12-18;7;0
5;2025-12-18;8;0
5;2025-12-18;9;0
5;2025-12-18;10;0
5;2025-12-18;11;0
5;2025-12-18;12;0
5;2025-12-18;13;0
5;2025-12-18;14;0
5;2025-12-18;15;0
5;2025-12-18;16;0
5;2025-12-18;17;0
5;2025-12-18;18;0
5;2025-12-18;19;0
5;2025-12-18;20;0
5;2025-12-18;21;0
5;2025-12-18;22;0
5;2025-12-18;23;0
5;2025-12-19;0;0
5;2025-12-19;1;0
5;2025-12-19;2;0
5;2025-12-19;3;0
5;2025-12-19;4;0
5;2025-12-19;5;0
5;2025-12-19;6;0
5;2025-12-19;7;0
5;2025-12-19;8;0
5;2025-12-19;9;0
5;2025-12-19;10;0
5;2025-12-19;11;0
5;2025-12-19;12;0
5;2025-12-19;13;0
5;2025-12-19;14;0
5;2025-12-19;15;0
5;2025-12-19;16;0
5;2025-12-19;17;0
5;2025-12-19;18;0
5;2025-12-19;19;0
5;2025-12-19;20;0
5;2025-12-19;21;0
5;2025-12-19;22;0
5;2025-12-19;23;0
5;2025-12-20;0;0
5;2025-12-20;1;0
5;2025-12-20;2;0
5;2025-12-20;3;0
5;2025-12-20;4;0
5;2025-12-20;5;0
5;2025-12-20;6;0
5;2025-12-20;7;0
5;2025-12-20;8;0
5;2025-12-20;9;0
5;2025-12-20;10;0
5;2025-12-20;11;0
5;2025-12-20;12;0
5;2025-12-20;13;0
5;2025-12-20;14;0
5;2025-12-20;15;0
5;2025-12-20;16;0
5;2025-12-20;17;0
5;2025-12-20;18;0
5;2025-12-20;19;0
5;2025-12-20;20;0
5;2025-12-20;21;0
5;2025-12-20;22;0
5;2025-12-20;23;0
5;2025-12-21;0;0
5;2025-12-21;1;0
5;2025-12-21;2;0
5;2025-12-21;3;0
5;2025-12-21;4;0
5;2025-12-21;5;0
5;2025-12-21;6;0
5;2025-12-21;7;0
5;2025-12-21;8;0
5;2025-12-21;9;0
5;2025-12-21;10;0
5;2025-12-21;11;0
5;2025-12-21;12;0
5;2025-12-21;13;0
5;2025-12-21;14;0
5;2025-12-21;15;0
5;2025-12-21;16;0
5;2025-12-21;17;0
5;2025-12-21;18;0
5;2025-12-21;19;0
5;2025-12-21;20;0
5;2025-12-21;21;0
5;2025-12-21;22;0
5;2025-12-21;23;0
5;2025-12-22;0;0
5;2025-12-22;1;0
5;2025-12-22;2;0
5;2025-12-22;3;0
5;2025-12-22;4;0
5;2025-12-22;5;0
5;2025-12-22;6;0
5;2025-12-22;7;0
5;2025-12-22;8;0
5;2025-12-22;9;0
5;2025-12-22;10;0
5;2025-12-22;11;0
5;2025-12-22;12;0
5;2025-12-22;13;0
5;2025-12-22;14;0
5;2025-12-22;15;0
5;2025-12-22;16;0
5;2025-12-22;17;0
5;2025-12-22;18;0
5;2025-12-22;19;0
5;2025-12-22;20;0
5;2025-12-22;21;0
5;2025-12-22;22;0
5;2025-12-22;23;0
5;2025-12-23;0;0
5;2025-12-23;1;0
5;2025-12-23;2;0
5;2025-12-23;3;0
5;2025-12-23;4;0
5;2025-12-23;5;0
5;2025-12-23;6;0
5;2025-12-23;7;0
5;2025-12-23;8;0
5;2025-12-23;9;0
5;2025-12-23;10;0
5;2025-12-23;11;0
5;2025-12-23;12;0
5;2025-12-23;13;0
5;2025-12-23;14;0
5;2025-12-23;15;0
5;2025-12-23;16;0
5;2025-12-23;17;0
5;2025-12-23;18;0
5;2025-12-23;19;0
5;2025-12-23;20;0
5;2025-12-23;21;0
5;2025-12-23;22;0
5;2025-12-23;23;0
5;2025-12-24;0;0
5;2025-12-24;1;0
5;2025-12-24;2;0
5;2025-12-24;3;0
5;2025-12-24;4;0
5;2025-12-24;5;0
5;2025-12-24;6;0
5;2025-12-24;7;0
5;2025-12-24;8;0
5;2025-12-24;9;0
5;2025-12-24;10;0
5;2025-12-24;11;0
5;2025-12-24;12;0
5;2025-12-24;13;0
5;2025-12-24;14;0
5;2025-12-24;15;0
5;2025-12-24;16;0
5;2025-12-24;17;0
5;2025-12-24;18;0
5;2025-12-24;19;0
5;2025-12-24;20;0
5;2025-12-24;21;0
5;2025-12-24;22;0
5;2025-12-24;23;0
5;2025-12-25;0;0
5;2025-12-25;1;0
5;2025-12-25;2;0
5;2025-12-25;3;0
5;2025-12-25;4;0
5;2025-12-25;5;0
5;2025-12-25;6;0
5;2025-12-25;7;0
5;2025-12-25;8;0
5;2025-12-25;9;0
5;2025-12-25;10;0
5;2025-12-25;11;0
5;2025-12-25;12;0
5;2025-12-25;13;0
5;2025-12-25;14;0
5;2025-12-25;15;0
5;2025-12-25;16;0
5;2025-12-25;17;0
5;2025-12-25;18;0
5;2025-12-25;19;0
5;2025-12-25;20;0
5;2025-12-25;21;0
5;2025-12-25;22;0
5;2025-12-25;23;0
5;2025-12-26;0;0
5;2025-12-26;1;0
5;2025-12-26;2;0
5;2025-12-26;3;0
5;2025-12-26;4;0
5;2025-12-26;5;0
5;2025-12-26;6;0
5;2025-12-26;7;0
5;2025-12-26;8;0
5;2025-12-26;9;0
5;2025-12-26;10;0
5;2025-12-26;11;0
5;2025-12-26;12;0
5;2025-12-26;13;0
5;2025-12-26;14;0
5;2025-12-26;15;0
5;2025-12-26;16;0
5;2025-12-26;17;0
5;2025-12-26;18;0
5;2025-12-26;19;0
5;2025-12-26;20;0
5;2025-12-26;21;0
5;2025-12-26;22;0
5;2025-12-26;23;0
5;2025-12-27;0;0
5;2025-12-27;1;0
5;2025-12-27;2;0
5;2025-12-27;3;0
5;2025-12-27;4;0
5;2025-12-27;5;0
5;2025-12-27;6;0
5;2025-12-27;7;0
5;2025-12-27;8;0
5;2025-12-27;9;0
5;2025-12-27;10;0
5;2025-12-27;11;0
5;2025-12-27;12;0
5;2025-12-27;13;0
5;2025-12-27;14;0
5;2025-12-27;15;0
5;2025-12-27;16;0
5;2025-12-27;17;0
5;2025-12-27;18;0
5;2025-12-27;19;0
5;2025-12-27;20;0
5;2025-12-27;21;0
5;2025-12-27;22;0
5;2025-12-27;23;0
5;2025-12-28;0;0
5;2025-12-28;1;0
5;2025-12-28;2;0
5;2025-12-28;3;0
5;2025-12-28;4;0
5;2025-12-28;5;0
5;2025-12-28;6;0
5;2025-12-28;7;0
5;2025-12-28;8;0
5;2025-12-28;9;0
5;2025-12-28;10;0
5;2025-12-28;11;0
5;2025-12-28;12;0
5;2025-12-28;13;0
5;2025-12-28;14;0
5;2025-12-28;15;0
5;2025-12-28;16;0
5;2025-12-28;17;0
5;2025-12-28;18;0
5;2025-12-28;19;0
5;2025-12-28;20;0
5;2025-12-28;21;0
5;2025-12-28;22;0
5;2025-12-28;23;0
5;2025-12-29;0;0
5;2025-12-29;1;0
5;2025-12-29;2;0
5;2025-12-29;3;0
5;2025-12-29;4;0
5;2025-12-29;5;0
5;2025-12-29;6;0
5;2025-12-29;7;0
5;2025-12-29;8;0
5;2025-12-29;9;0
5;2025-12-29;10;0
5;2025-12-29;11;0
5;2025-12-29;12;0
5;2025-12-29;13;0
5;2025-12-29;14;0
5;2025-12-29;15;0
5;2025-12-29;16;0
5;2025-12-29;17;0
5;2025-12-29;18;0
5;2025-12-29;19;0
5;2025-12-29;20;0
5;2025-12-29;21;0
5;2025-12-29;22;0
5;2025-12-29;23;0
5;2025-12-30;0;0
5;2025-12-30;1;0
5;2025-12-30;2;0
5;2025-12-30;3;0
5;2025-12-30;4;0
5;2025-12-30;5;0
5;2025-12-30;6;0
5;2025-12-30;7;0
5;2025-12-30;8;0
5;2025-12-30;9;0
5;2025-12-30;10;0
5;2025-12-30;11;0
5;2025-12-30;12;0
5;2025-12-30;13;0
5;2025-12-30;14;0
5;2025-12-30;15;0
5;2025-12-30;16;0
5;2025-12-30;17;0
5;2025-12-30;18;0
5;2025-12-30;19;0
5;2025-12-30;20;0
5;2025-12-30;21;0
5;2025-12-30;22;0
5;2025-12-30;23;0
5;2025-12-31;0;0
5;2025-12-31;1;0
5;2025-12-31;2;0
5;2025-12-31;3;0
5;2025-12-31;4;0
5;2025-12-31;5;0
5;2025-12-31;6;0
5;2025-12-31;7;0
5;2025-12-31;8;0
5;2025-12-31;9;0
5;2025-12-31;10;0
5;2025-12-31;11;0
5;2025-12-31;12;0
5;2025-12-31;13;0
5;2025-12-31;14;0
5;2025-12-31;15;0
5;2025-12-31;16;0
5;2025-12-31;17;0
5;2025-12-31;18;0
5;2025-12-31;19;0
5;2025-12-31;20;0
5;2025-12-31;21;0
5;2025-12-31;22;0
5;2025-12-31;23;0
7;2025-11-01;0;120
7;2025-11-01;1;27
7;2025-11-01;2;0
7;2025-11-01;3;0
7;2025-11-01;4;2
7;2025-11-01;5;49
7;2025-11-01;6;282
7;2025-11-01;7;335
7;2025-11-01;8;743
7;2025-11-01;9;625
7;2025-11-01;10;690
7;2025-11-01;11;754
7;2025-11-01;12;1006
7;2025-11-01;13;985
7;2025-11-01;14;1011
7;2025-11-01;15;976
7;2025-11-01;16;911
7;2025-11-01;17;911
7;2025-11-01;18;867
7;2025-11-01;19;705
7;2025-11-01;20;644
7;2025-11-01;21;447
7;2025-11-01;22;256
7;2025-11-01;23;185
7;2025-11-02;0;105
7;2025-11-02;1;19
7;2025-11-02;2;0
7;2025-11-02;3;0
7;2025-11-02;4;1
7;2025-11-02;5;33
7;2025-11-02;6;146
7;2025-11-02;7;205
7;2025-11-02;8;426
7;2025-11-02;9;596
7;2025-11-02;10;467
7;2025-11-02;11;676
7;2025-11-02;12;709
7;2025-11-02;13;687
7;2025-11-02;14;778
7;2025-11-02;15;823
7;2025-11-02;16;726
7;2025-11-02;17;729
7;2025-11-02;18;725
7;2025-11-02;19;564
7;2025-11-02;20;444
7;2025-11-02;21;356
7;2025-11-02;22;191
7;2025-11-02;23;129
7;2025-11-03;0;95
7;2025-11-03;1;22
7;2025-11-03;2;0
7;2025-11-03;3;0
7;2025-11-03;4;1
7;2025-11-03;5;67
7;2025-11-03;6;256
7;2025-11-03;7;460
7;2025-11-03;8;697
7;2025-11-03;9;756
7;2025-11-03;10;736
7;2025-11-03;11;940
7;2025-11-03;12;1059
7;2025-11-03;13;1111
7;2025-11-03;14;1087
7;2025-11-03;15;957
7;2025-11-03;16;892
7;2025-11-03;17;826
7;2025-11-03;18;915
7;2025-11-03;19;916
7;2025-11-03;20;746
7;2025-11-03;21;553
7;2025-11-03;22;359
7;2025-11-03;23;203
7;2025-11-04;0;95
7;2025-11-04;1;22
7;2025-11-04;2;0
7;2025-11-04;3;0
7;2025-11-04;4;1
7;2025-11-04;5;67
7;2025-11-04;6;256
7;2025-11-04;7;460
7;2025-11-04;8;697
7;2025-11-04;9;756
7;2025-11-04;10;736
7;2025-11-04;11;940
7;2025-11-04;12;1059
7;2025-11-04;13;1111
7;2025-11-04;14;1087
7;2025-11-04;15;957
7;2025-11-04;16;892
7;2025-11-04;17;826
7;2025-11-04;18;915
7;2025-11-04;19;916
7;2025-11-04;20;746
7;2025-11-04;21;553
7;2025-11-04;22;359
7;2025-11-04;23;203
7;2025-11-05;0;64
7;2025-11-05;1;7
7;2025-11-05;2;0
7;2025-11-05;3;0
7;2025-11-05;4;1
7;2025-11-05;5;185
7;2025-11-05;6;617
7;2025-11-05;7;1588
7;2025-11-05;8;2560
7;2025-11-05;9;1979
7;2025-11-05;10;1728
7;2025-11-05;11;1536
7;2025-11-05;12;1830
7;2025-11-05;13;1505
7;2025-11-05;14;1748
7;2025-11-05;15;1874
7;2025-11-05;16;1901
7;2025-11-05;17;2434
7;2025-11-05;18;2656
7;2025-11-05;19;1534
7;2025-11-05;20;1098
7;2025-11-05;21;641
7;2025-11-05;22;314
7;2025-11-05;23;179
7;2025-11-06;0;67
7;2025-11-06;1;15
7;2025-11-06;2;0
7;2025-11-06;3;0
7;2025-11-06;4;2
7;2025-11-06;5;176
7;2025-11-06;6;587
7;2025-11-06;7;1619
7;2025-11-06;8;2536
7;2025-11-06;9;1802
7;2025-11-06;10;1538
7;2025-11-06;11;1527
7;2025-11-06;12;1593
7;2025-11-06;13;1516
7;2025-11-06;14;1708
7;2025-11-06;15;1778
7;2025-11-06;16;1847
7;2025-11-06;17;2207
7;2025-11-06;18;2483
7;2025-11-06;19;1620
7;2025-11-06;20;1034
7;2025-11-06;21;549
7;2025-11-06;22;300
7;2025-11-06;23;232
7;2025-11-07;0;70
7;2025-11-07;1;13
7;2025-11-07;2;0
7;2025-11-07;3;0
7;2025-11-07;4;2
7;2025-11-07;5;176
7;2025-11-07;6;595
7;2025-11-07;7;1533
7;2025-11-07;8;2285
7;2025-11-07;9;1736
7;2025-11-07;10;1711
7;2025-11-07;11;1508
7;2025-11-07;12;1579
7;2025-11-07;13;1668
7;2025-11-07;14;1722
7;2025-11-07;15;1875
7;2025-11-07;16;2037
7;2025-11-07;17;2268
7;2025-11-07;18;2078
7;2025-11-07;19;1313
7;2025-11-07;20;989
7;2025-11-07;21;583
7;2025-11-07;22;303
7;2025-11-07;23;233
7;2025-11-08;0;88
7;2025-11-08;1;10
7;2025-11-08;2;0
7;2025-11-08;3;0
7;2025-11-08;4;1
7;2025-11-08;5;47
7;2025-11-08;6;222
7;2025-11-08;7;407
7;2025-11-08;8;630
7;2025-11-08;9;590
7;2025-11-08;10;592
7;2025-11-08;11;690
7;2025-11-08;12;843
7;2025-11-08;13;726
7;2025-11-08;14;763
7;2025-11-08;15;769
7;2025-11-08;16;702
7;2025-11-08;17;709
7;2025-11-08;18;699
7;2025-11-08;19;618
7;2025-11-08;20;409
7;2025-11-08;21;310
7;2025-11-08;22;180
7;2025-11-08;23;139
7;2025-11-09;0;83
7;2025-11-09;1;21
7;2025-11-09;2;1
7;2025-11-09;3;0
7;2025-11-09;4;0
7;2025-11-09;5;21
7;2025-11-09;6;132
7;2025-11-09;7;246
7;2025-11-09;8;337
7;2025-11-09;9;420
7;2025-11-09;10;426
7;2025-11-09;11;535
7;2025-11-09;12;676
7;2025-11-09;13;619
7;2025-11-09;14;667
7;2025-11-09;15;609
7;2025-11-09;16;574
7;2025-11-09;17;602
7;2025-11-09;18;637
7;2025-11-09;19;485
7;2025-11-09;20;410
7;2025-11-09;21;270
7;2025-11-09;22;145
7;2025-11-09;23;110
7;2025-11-10;0;53
7;2025-11-10;1;10
7;2025-11-10;2;0
7;2025-11-10;3;0
7;2025-11-10;4;1
7;2025-11-10;5;183
7;2025-11-10;6;602
7;2025-11-10;7;1719
7;2025-11-10;8;2660
7;2025-11-10;9;1737
7;2025-11-10;10;1564
7;2025-11-10;11;1407
7;2025-11-10;12;1555
7;2025-11-10;13;1578
7;2025-11-10;14;1625
7;2025-11-10;15;1772
7;2025-11-10;16;1877
7;2025-11-10;17;2587
7;2025-11-10;18;2660
7;2025-11-10;19;1881
7;2025-11-10;20;1060
7;2025-11-10;21;592
7;2025-11-10;22;297
7;2025-11-10;23;140
7;2025-11-11;0;55
7;2025-11-11;1;6
7;2025-11-11;2;0
7;2025-11-11;3;0
7;2025-11-11;4;2
7;2025-11-11;5;171
7;2025-11-11;6;606
7;2025-11-11;7;1690
7;2025-11-11;8;2560
7;2025-11-11;9;1817
7;2025-11-11;10;1705
7;2025-11-11;11;1638
7;2025-11-11;12;1692
7;2025-11-11;13;1726
7;2025-11-11;14;1782
7;2025-11-11;15;1873
7;2025-11-11;16;1896
7;2025-11-11;17;2387
7;2025-11-11;18;2666
7;2025-11-11;19;1767
7;2025-11-11;20;1053
7;2025-11-11;21;690
7;2025-11-11;22;339
7;2025-11-11;23;216
7;2025-11-12;0;65
7;2025-11-12;1;7
7;2025-11-12;2;0
7;2025-11-12;3;0
7;2025-11-12;4;1
7;2025-11-12;5;186
7;2025-11-12;6;618
7;2025-11-12;7;1589
7;2025-11-12;8;2562
7;2025-11-12;9;1980
7;2025-11-12;10;1731
7;2025-11-12;11;1538
7;2025-11-12;12;1832
7;2025-11-12;13;1508
7;2025-11-12;14;1751
7;2025-11-12;15;1876
7;2025-11-12;16;1904
7;2025-11-12;17;2436
7;2025-11-12;18;2658
7;2025-11-12;19;1537
7;2025-11-12;20;1101
7;2025-11-12;21;643
7;2025-11-12;22;315
7;2025-11-12;23;179
7;2025-11-13;0;68
7;2025-11-13;1;15
7;2025-11-13;2;0
7;2025-11-13;3;0
7;2025-11-13;4;2
7;2025-11-13;5;177
7;2025-11-13;6;589
7;2025-11-13;7;1621
7;2025-11-13;8;2538
7;2025-11-13;9;1804
7;2025-11-13;10;1540
7;2025-11-13;11;1528
7;2025-11-13;12;1594
7;2025-11-13;13;1517
7;2025-11-13;14;1709
7;2025-11-13;15;1780
7;2025-11-13;16;1848
7;2025-11-13;17;2207
7;2025-11-13;18;2483
7;2025-11-13;19;1620
7;2025-11-13;20;1035
7;2025-11-13;21;549
7;2025-11-13;22;301
7;2025-11-13;23;232
7;2025-11-14;0;70
7;2025-11-14;1;13
7;2025-11-14;2;0
7;2025-11-14;3;0
7;2025-11-14;4;2
7;2025-11-14;5;177
7;2025-11-14;6;597
7;2025-11-14;7;1535
7;2025-11-14;8;2287
7;2025-11-14;9;1737
7;2025-11-14;10;1712
7;2025-11-14;11;1509
7;2025-11-14;12;1581
7;2025-11-14;13;1671
7;2025-11-14;14;1725
7;2025-11-14;15;1877
7;2025-11-14;16;2039
7;2025-11-14;17;2270
7;2025-11-14;18;2080
7;2025-11-14;19;1315
7;2025-11-14;20;991
7;2025-11-14;21;584
7;2025-11-14;22;303
7;2025-11-14;23;233
7;2025-11-15;0;119
7;2025-11-15;1;26
7;2025-11-15;2;0
7;2025-11-15;3;0
7;2025-11-15;4;2
7;2025-11-15;5;49
7;2025-11-15;6;283
7;2025-11-15;7;335
7;2025-11-15;8;744
7;2025-11-15;9;626
7;2025-11-15;10;691
7;2025-11-15;11;755
7;2025-11-15;12;1007
7;2025-11-15;13;986
7;2025-11-15;14;1012
7;2025-11-15;15;977
7;2025-11-15;16;911
7;2025-11-15;17;913
7;2025-11-15;18;867
7;2025-11-15;19;706
7;2025-11-15;20;645
7;2025-11-15;21;448
7;2025-11-15;22;256
7;2025-11-15;23;185
7;2025-11-16;0;105
7;2025-11-16;1;19
7;2025-11-16;2;0
7;2025-11-16;3;0
7;2025-11-16;4;1
7;2025-11-16;5;33
7;2025-11-16;6;146
7;2025-11-16;7;205
7;2025-11-16;8;425
7;2025-11-16;9;596
7;2025-11-16;10;467
7;2025-11-16;11;677
7;2025-11-16;12;710
7;2025-11-16;13;688
7;2025-11-16;14;779
7;2025-11-16;15;823
7;2025-11-16;16;726
7;2025-11-16;17;730
7;2025-11-16;18;726
7;2025-11-16;19;565
7;2025-11-16;20;445
7;2025-11-16;21;356
7;2025-11-16;22;191
7;2025-11-16;23;128
7;2025-11-17;0;68
7;2025-11-17;1;13
7;2025-11-17;2;0
7;2025-11-17;3;0
7;2025-11-17;4;1
7;2025-11-17;5;189
7;2025-11-17;6;653
7;2025-11-17;7;1642
7;2025-11-17;8;2611
7;2025-11-17;9;1878
7;2025-11-17;10;1683
7;2025-11-17;11;1610
7;2025-11-17;12;1611
7;2025-11-17;13;1658
7;2025-11-17;14;1715
7;2025-11-17;15;1834
7;2025-11-17;16;1856
7;2025-11-17;17;2341
7;2025-11-17;18;2618
7;2025-11-17;19;1769
7;2025-11-17;20;1213
7;2025-11-17;21;646
7;2025-11-17;22;343
7;2025-11-17;23;177
7;2025-11-18;0;58
7;2025-11-18;1;14
7;2025-11-18;2;0
7;2025-11-18;3;0
7;2025-11-18;4;2
7;2025-11-18;5;213
7;2025-11-18;6;654
7;2025-11-18;7;1681
7;2025-11-18;8;2338
7;2025-11-18;9;1944
7;2025-11-18;10;1662
7;2025-11-18;11;1445
7;2025-11-18;12;1609
7;2025-11-18;13;1403
7;2025-11-18;14;1278
7;2025-11-18;15;1689
7;2025-11-18;16;1727
7;2025-11-18;17;2253
7;2025-11-18;18;2537
7;2025-11-18;19;1807
7;2025-11-18;20;1197
7;2025-11-18;21;614
7;2025-11-18;22;332
7;2025-11-18;23;186
7;2025-11-19;0;55
7;2025-11-19;1;9
7;2025-11-19;2;0
7;2025-11-19;3;0
7;2025-11-19;4;3
7;2025-11-19;5;210
7;2025-11-19;6;711
7;2025-11-19;7;1608
7;2025-11-19;8;2522
7;2025-11-19;9;1847
7;2025-11-19;10;1751
7;2025-11-19;11;1550
7;2025-11-19;12;1674
7;2025-11-19;13;1633
7;2025-11-19;14;1605
7;2025-11-19;15;1846
7;2025-11-19;16;1992
7;2025-11-19;17;2542
7;2025-11-19;18;2802
7;2025-11-19;19;1946
7;2025-11-19;20;1188
7;2025-11-19;21;720
7;2025-11-19;22;383
7;2025-11-19;23;208
7;2025-11-20;0;68
7;2025-11-20;1;16
7;2025-11-20;2;0
7;2025-11-20;3;0
7;2025-11-20;4;1
7;2025-11-20;5;195
7;2025-11-20;6;721
7;2025-11-20;7;1642
7;2025-11-20;8;2555
7;2025-11-20;9;1920
7;2025-11-20;10;1634
7;2025-11-20;11;1524
7;2025-11-20;12;1639
7;2025-11-20;13;1538
7;2025-11-20;14;1713
7;2025-11-20;15;1671
7;2025-11-20;16;1893
7;2025-11-20;17;2389
7;2025-11-20;18;2762
7;2025-11-20;19;1626
7;2025-11-20;20;1133
7;2025-11-20;21;694
7;2025-11-20;22;352
7;2025-11-20;23;201
7;2025-11-21;0;72
7;2025-11-21;1;13
7;2025-11-21;2;0
7;2025-11-21;3;0
7;2025-11-21;4;1
7;2025-11-21;5;184
7;2025-11-21;6;631
7;2025-11-21;7;1501
7;2025-11-21;8;2347
7;2025-11-21;9;1665
7;2025-11-21;10;1683
7;2025-11-21;11;1559
7;2025-11-21;12;1632
7;2025-11-21;13;1774
7;2025-11-21;14;1744
7;2025-11-21;15;1874
7;2025-11-21;16;2099
7;2025-11-21;17;2424
7;2025-11-21;18;2088
7;2025-11-21;19;1562
7;2025-11-21;20;1073
7;2025-11-21;21;673
7;2025-11-21;22;389
7;2025-11-21;23;253
7;2025-11-22;0;120
7;2025-11-22;1;27
7;2025-11-22;2;0
7;2025-11-22;3;0
7;2025-11-22;4;2
7;2025-11-22;5;49
7;2025-11-22;6;283
7;2025-11-22;7;336
7;2025-11-22;8;744
7;2025-11-22;9;626
7;2025-11-22;10;691
7;2025-11-22;11;755
7;2025-11-22;12;1007
7;2025-11-22;13;986
7;2025-11-22;14;1012
7;2025-11-22;15;977
7;2025-11-22;16;911
7;2025-11-22;17;913
7;2025-11-22;18;868
7;2025-11-22;19;706
7;2025-11-22;20;645
7;2025-11-22;21;448
7;2025-11-22;22;256
7;2025-11-22;23;185
7;2025-11-23;0;105
7;2025-11-23;1;19
7;2025-11-23;2;0
7;2025-11-23;3;0
7;2025-11-23;4;1
7;2025-11-23;5;33
7;2025-11-23;6;146
7;2025-11-23;7;205
7;2025-11-23;8;425
7;2025-11-23;9;596
7;2025-11-23;10;467
7;2025-11-23;11;677
7;2025-11-23;12;710
7;2025-11-23;13;688
7;2025-11-23;14;779
7;2025-11-23;15;823
7;2025-11-23;16;726
7;2025-11-23;17;730
7;2025-11-23;18;726
7;2025-11-23;19;565
7;2025-11-23;20;445
7;2025-11-23;21;356
7;2025-11-23;22;191
7;2025-11-23;23;128
7;2025-11-24;0;53
7;2025-11-24;1;10
7;2025-11-24;2;0
7;2025-11-24;3;0
7;2025-11-24;4;1
7;2025-11-24;5;182
7;2025-11-24;6;602
7;2025-11-24;7;1719
7;2025-11-24;8;2660
7;2025-11-24;9;1736
7;2025-11-24;10;1564
7;2025-11-24;11;1406
7;2025-11-24;12;1553
7;2025-11-24;13;1578
7;2025-11-24;14;1625
7;2025-11-24;15;1771
7;2025-11-24;16;1877
7;2025-11-24;17;2587
7;2025-11-24;18;2660
7;2025-11-24;19;1881
7;2025-11-24;20;1060
7;2025-11-24;21;592
7;2025-11-24;22;297
7;2025-11-24;23;140
7;2025-11-25;0;55
7;2025-11-25;1;6
7;2025-11-25;2;0
7;2025-11-25;3;0
7;2025-11-25;4;2
7;2025-11-25;5;171
7;2025-11-25;6;606
7;2025-11-25;7;1690
7;2025-11-25;8;2560
7;2025-11-25;9;1817
7;2025-11-25;10;1706
7;2025-11-25;11;1639
7;2025-11-25;12;1695
7;2025-11-25;13;1729
7;2025-11-25;14;1786
7;2025-11-25;15;1874
7;2025-11-25;16;1897
7;2025-11-25;17;2389
7;2025-11-25;18;2667
7;2025-11-25;19;1769
7;2025-11-25;20;1054
7;2025-11-25;21;691
7;2025-11-25;22;339
7;2025-11-25;23;216
7;2025-11-26;0;65
7;2025-11-26;1;7
7;2025-11-26;2;0
7;2025-11-26;3;0
7;2025-11-26;4;1
7;2025-11-26;5;186
7;2025-11-26;6;618
7;2025-11-26;7;1589
7;2025-11-26;8;2562
7;2025-11-26;9;1980
7;2025-11-26;10;1732
7;2025-11-26;11;1539
7;2025-11-26;12;1833
7;2025-11-26;13;1509
7;2025-11-26;14;1752
7;2025-11-26;15;1878
7;2025-11-26;16;1905
7;2025-11-26;17;2437
7;2025-11-26;18;2659
7;2025-11-26;19;1538
7;2025-11-26;20;1102
7;2025-11-26;21;644
7;2025-11-26;22;316
7;2025-11-26;23;179
7;2025-11-27;0;68
7;2025-11-27;1;15
7;2025-11-27;2;0
7;2025-11-27;3;0
7;2025-11-27;4;2
7;2025-11-27;5;177
7;2025-11-27;6;590
7;2025-11-27;7;1622
7;2025-11-27;8;2540
7;2025-11-27;9;1804
7;2025-11-27;10;1540
7;2025-11-27;11;1530
7;2025-11-27;12;1596
7;2025-11-27;13;1519
7;2025-11-27;14;1711
7;2025-11-27;15;1782
7;2025-11-27;16;1850
7;2025-11-27;17;2209
7;2025-11-27;18;2485
7;2025-11-27;19;1622
7;2025-11-27;20;1037
7;2025-11-27;21;550
7;2025-11-27;22;300
7;2025-11-27;23;231
7;2025-11-28;0;70
7;2025-11-28;1;13
7;2025-11-28;2;0
7;2025-11-28;3;0
7;2025-11-28;4;2
7;2025-11-28;5;177
7;2025-11-28;6;596
7;2025-11-28;7;1535
7;2025-11-28;8;2288
7;2025-11-28;9;1740
7;2025-11-28;10;1715
7;2025-11-28;11;1512
7;2025-11-28;12;1585
7;2025-11-28;13;1674
7;2025-11-28;14;1728
7;2025-11-28;15;1880
7;2025-11-28;16;2042
7;2025-11-28;17;2274
7;2025-11-28;18;2083
7;2025-11-28;19;1319
7;2025-11-28;20;994
7;2025-11-28;21;586
7;2025-11-28;22;304
7;2025-11-28;23;234
7;2025-11-29;0;89
7;2025-11-29;1;10
7;2025-11-29;2;0
7;2025-11-29;3;0
7;2025-11-29;4;1
7;2025-11-29;5;47
7;2025-11-29;6;224
7;2025-11-29;7;409
7;2025-11-29;8;633
7;2025-11-29;9;593
7;2025-11-29;10;596
7;2025-11-29;11;695
7;2025-11-29;12;848
7;2025-11-29;13;731
7;2025-11-29;14;768
7;2025-11-29;15;774
7;2025-11-29;16;706
7;2025-11-29;17;713
7;2025-11-29;18;702
7;2025-11-29;19;621
7;2025-11-29;20;411
7;2025-11-29;21;312
7;2025-11-29;22;181
7;2025-11-29;23;139
7;2025-11-30;0;83
7;2025-11-30;1;21
7;2025-11-30;2;1
7;2025-11-30;3;0
7;2025-11-30;4;0
7;2025-11-30;5;22
7;2025-11-30;6;134
7;2025-11-30;7;247
7;2025-11-30;8;339
7;2025-11-30;9;422
7;2025-11-30;10;428
7;2025-11-30;11;538
7;2025-11-30;12;679
7;2025-11-30;13;622
7;2025-11-30;14;669
7;2025-11-30;15;612
7;2025-11-30;16;577
7;2025-11-30;17;605
7;2025-11-30;18;638
7;2025-11-30;19;485
7;2025-11-30;20;411
7;2025-11-30;21;271
7;2025-11-30;22;146
7;2025-11-30;23;110
7;2025-12-01;0;53
7;2025-12-01;1;10
7;2025-12-01;2;0
7;2025-12-01;3;0
7;2025-12-01;4;1
7;2025-12-01;5;183
7;2025-12-01;6;602
7;2025-12-01;7;1719
7;2025-12-01;8;2660
7;2025-12-01;9;1737
7;2025-12-01;10;1564
7;2025-12-01;11;1407
7;2025-12-01;12;1555
7;2025-12-01;13;1579
7;2025-12-01;14;1627
7;2025-12-01;15;1773
7;2025-12-01;16;1878
7;2025-12-01;17;2587
7;2025-12-01;18;2660
7;2025-12-01;19;1881
7;2025-12-01;20;1060
7;2025-12-01;21;592
7;2025-12-01;22;297
7;2025-12-01;23;140
7;2025-12-02;0;55
7;2025-12-02;1;6
7;2025-12-02;2;0
7;2025-12-02;3;0
7;2025-12-02;4;2
7;2025-12-02;5;171
7;2025-12-02;6;606
7;2025-12-02;7;1690
7;2025-12-02;8;2560
7;2025-12-02;9;1817
7;2025-12-02;10;1706
7;2025-12-02;11;1639
7;2025-12-02;12;1695
7;2025-12-02;13;1729
7;2025-12-02;14;1786
7;2025-12-02;15;1874
7;2025-12-02;16;1897
7;2025-12-02;17;2389
7;2025-12-02;18;2667
7;2025-12-02;19;1769
7;2025-12-02;20;1054
7;2025-12-02;21;691
7;2025-12-02;22;339
7;2025-12-02;23;216
7;2025-12-03;0;65
7;2025-12-03;1;7
7;2025-12-03;2;0
7;2025-12-03;3;0
7;2025-12-03;4;1
7;2025-12-03;5;186
7;2025-12-03;6;618
7;2025-12-03;7;1589
7;2025-12-03;8;2562
7;2025-12-03;9;1980
7;2025-12-03;10;1732
7;2025-12-03;11;1539
7;2025-12-03;12;1833
7;2025-12-03;13;1509
7;2025-12-03;14;1752
7;2025-12-03;15;1878
7;2025-12-03;16;1905
7;2025-12-03;17;2437
7;2025-12-03;18;2659
7;2025-12-03;19;1538
7;2025-12-03;20;1102
7;2025-12-03;21;644
7;2025-12-03;22;316
7;2025-12-03;23;179
7;2025-12-04;0;68
7;2025-12-04;1;15
7;2025-12-04;2;0
7;2025-12-04;3;0
7;2025-12-04;4;2
7;2025-12-04;5;177
7;2025-12-04;6;590
7;2025-12-04;7;1622
7;2025-12-04;8;2540
7;2025-12-04;9;1806
7;2025-12-04;10;1541
7;2025-12-04;11;1531
7;2025-12-04;12;1597
7;2025-12-04;13;1520
7;2025-12-04;14;1712
7;2025-12-04;15;1783
7;2025-12-04;16;1851
7;2025-12-04;17;2210
7;2025-12-04;18;2486
7;2025-12-04;19;1624
7;2025-12-04;20;1038
7;2025-12-04;21;552
7;2025-12-04;22;301
7;2025-12-04;23;233
7;2025-12-05;0;70
7;2025-12-05;1;13
7;2025-12-05;2;0
7;2025-12-05;3;0
7;2025-12-05;4;2
7;2025-12-05;5;177
7;2025-12-05;6;597
7;2025-12-05;7;1536
7;2025-12-05;8;2288
7;2025-12-05;9;1740
7;2025-12-05;10;1715
7;2025-12-05;11;1512
7;2025-12-05;12;1585
7;2025-12-05;13;1674
7;2025-12-05;14;1728
7;2025-12-05;15;1880
7;2025-12-05;16;2042
7;2025-12-05;17;2274
7;2025-12-05;18;2083
7;2025-12-05;19;1319
7;2025-12-05;20;994
7;2025-12-05;21;586
7;2025-12-05;22;304
7;2025-12-05;23;234
7;2025-12-06;0;89
7;2025-12-06;1;10
7;2025-12-06;2;0
7;2025-12-06;3;0
7;2025-12-06;4;1
7;2025-12-06;5;47
7;2025-12-06;6;224
7;2025-12-06;7;409
7;2025-12-06;8;633
7;2025-12-06;9;593
7;2025-12-06;10;596
7;2025-12-06;11;695
7;2025-12-06;12;848
7;2025-12-06;13;731
7;2025-12-06;14;767
7;2025-12-06;15;774
7;2025-12-06;16;706
7;2025-12-06;17;713
7;2025-12-06;18;702
7;2025-12-06;19;621
7;2025-12-06;20;411
7;2025-12-06;21;312
7;2025-12-06;22;181
7;2025-12-06;23;139
7;2025-12-07;0;83
7;2025-12-07;1;21
7;2025-12-07;2;1
7;2025-12-07;3;0
7;2025-12-07;4;0
7;2025-12-07;5;22
7;2025-12-07;6;134
7;2025-12-07;7;247
7;2025-12-07;8;339
7;2025-12-07;9;422
7;2025-12-07;10;428
7;2025-12-07;11;538
7;2025-12-07;12;679
7;2025-12-07;13;622
7;2025-12-07;14;669
7;2025-12-07;15;612
7;2025-12-07;16;577
7;2025-12-07;17;605
7;2025-12-07;18;638
7;2025-12-07;19;485
7;2025-12-07;20;411
7;2025-12-07;21;271
7;2025-12-07;22;146
7;2025-12-07;23;110
7;2025-12-08;0;53
7;2025-12-08;1;10
7;2025-12-08;2;0
7;2025-12-08;3;0
7;2025-12-08;4;1
7;2025-12-08;5;183
7;2025-12-08;6;602
7;2025-12-08;7;1719
7;2025-12-08;8;2660
7;2025-12-08;9;1737
7;2025-12-08;10;1564
7;2025-12-08;11;1407
7;2025-12-08;12;1555
7;2025-12-08;13;1579
7;2025-12-08;14;1627
7;2025-12-08;15;1773
7;2025-12-08;16;1878
7;2025-12-08;17;2587
7;2025-12-08;18;2660
7;2025-12-08;19;1881
7;2025-12-08;20;1060
7;2025-12-08;21;592
7;2025-12-08;22;297
7;2025-12-08;23;140
7;2025-12-09;0;55
7;2025-12-09;1;6
7;2025-12-09;2;0
7;2025-12-09;3;0
7;2025-12-09;4;2
7;2025-12-09;5;171
7;2025-12-09;6;606
7;2025-12-09;7;1690
7;2025-12-09;8;2560
7;2025-12-09;9;1817
7;2025-12-09;10;1706
7;2025-12-09;11;1639
7;2025-12-09;12;1695
7;2025-12-09;13;1729
7;2025-12-09;14;1786
7;2025-12-09;15;1874
7;2025-12-09;16;1897
7;2025-12-09;17;2389
7;2025-12-09;18;2667
7;2025-12-09;19;1769
7;2025-12-09;20;1054
7;2025-12-09;21;691
7;2025-12-09;22;339
7;2025-12-09;23;216
7;2025-12-10;0;65
7;2025-12-10;1;7
7;2025-12-10;2;0
7;2025-12-10;3;0
7;2025-12-10;4;1
7;2025-12-10;5;186
7;2025-12-10;6;618
7;2025-12-10;7;1589
7;2025-12-10;8;2562
7;2025-12-10;9;1980
7;2025-12-10;10;1732
7;2025-12-10;11;1539
7;2025-12-10;12;1833
7;2025-12-10;13;1509
7;2025-12-10;14;1752
7;2025-12-10;15;1878
7;2025-12-10;16;1905
7;2025-12-10;17;2437
7;2025-12-10;18;2659
7;2025-12-10;19;1538
7;2025-12-10;20;1102
7;2025-12-10;21;644
7;2025-12-10;22;316
7;2025-12-10;23;179
7;2025-12-11;0;68
7;2025-12-11;1;15
7;2025-12-11;2;0
7;2025-12-11;3;0
7;2025-12-11;4;2
7;2025-12-11;5;177
7;2025-12-11;6;590
7;2025-12-11;7;1622
7;2025-12-11;8;2539
7;2025-12-11;9;1805
7;2025-12-11;10;1541
7;2025-12-11;11;1530
7;2025-12-11;12;1597
7;2025-12-11;13;1520
7;2025-12-11;14;1712
7;2025-12-11;15;1783
7;2025-12-11;16;1851
7;2025-12-11;17;2210
7;2025-12-11;18;2486
7;2025-12-11;19;1624
7;2025-12-11;20;1038
7;2025-12-11;21;552
7;2025-12-11;22;301
7;2025-12-11;23;233
7;2025-12-12;0;70
7;2025-12-12;1;13
7;2025-12-12;2;0
7;2025-12-12;3;0
7;2025-12-12;4;2
7;2025-12-12;5;177
7;2025-12-12;6;597
7;2025-12-12;7;1535
7;2025-12-12;8;2287
7;2025-12-12;9;1739
7;2025-12-12;10;1714
7;2025-12-12;11;1511
7;2025-12-12;12;1584
7;2025-12-12;13;1674
7;2025-12-12;14;1728
7;2025-12-12;15;1880
7;2025-12-12;16;2042
7;2025-12-12;17;2273
7;2025-12-12;18;2083
7;2025-12-12;19;1318
7;2025-12-12;20;994
7;2025-12-12;21;586
7;2025-12-12;22;304
7;2025-12-12;23;234
7;2025-12-13;0;89
7;2025-12-13;1;11
7;2025-12-13;2;0
7;2025-12-13;3;0
7;2025-12-13;4;1
7;2025-12-13;5;47
7;2025-12-13;6;224
7;2025-12-13;7;409
7;2025-12-13;8;633
7;2025-12-13;9;593
7;2025-12-13;10;595
7;2025-12-13;11;695
7;2025-12-13;12;847
7;2025-12-13;13;731
7;2025-12-13;14;767
7;2025-12-13;15;773
7;2025-12-13;16;706
7;2025-12-13;17;713
7;2025-12-13;18;701
7;2025-12-13;19;621
7;2025-12-13;20;411
7;2025-12-13;21;312
7;2025-12-13;22;181
7;2025-12-13;23;139
7;2025-12-14;0;83
7;2025-12-14;1;21
7;2025-12-14;2;1
7;2025-12-14;3;0
7;2025-12-14;4;0
7;2025-12-14;5;22
7;2025-12-14;6;134
7;2025-12-14;7;247
7;2025-12-14;8;339
7;2025-12-14;9;422
7;2025-12-14;10;428
7;2025-12-14;11;538
7;2025-12-14;12;679
7;2025-12-14;13;622
7;2025-12-14;14;669
7;2025-12-14;15;612
7;2025-12-14;16;577
7;2025-12-14;17;605
7;2025-12-14;18;638
7;2025-12-14;19;485
7;2025-12-14;20;411
7;2025-12-14;21;271
7;2025-12-14;22;146
7;2025-12-14;23;110
7;2025-12-15;0;53
7;2025-12-15;1;10
7;2025-12-15;2;0
7;2025-12-15;3;0
7;2025-12-15;4;1
7;2025-12-15;5;183
7;2025-12-15;6;603
7;2025-12-15;7;1719
7;2025-12-15;8;2660
7;2025-12-15;9;1737
7;2025-12-15;10;1565
7;2025-12-15;11;1407
7;2025-12-15;12;1555
7;2025-12-15;13;1579
7;2025-12-15;14;1627
7;2025-12-15;15;1774
7;2025-12-15;16;1878
7;2025-12-15;17;2587
7;2025-12-15;18;2661
7;2025-12-15;19;1881
7;2025-12-15;20;1060
7;2025-12-15;21;592
7;2025-12-15;22;297
7;2025-12-15;23;140
7;2025-12-16;0;55
7;2025-12-16;1;6
7;2025-12-16;2;0
7;2025-12-16;3;0
7;2025-12-16;4;2
7;2025-12-16;5;171
7;2025-12-16;6;606
7;2025-12-16;7;1690
7;2025-12-16;8;2560
7;2025-12-16;9;1817
7;2025-12-16;10;1706
7;2025-12-16;11;1640
7;2025-12-16;12;1695
7;2025-12-16;13;1729
7;2025-12-16;14;1786
7;2025-12-16;15;1874
7;2025-12-16;16;1897
7;2025-12-16;17;2389
7;2025-12-16;18;2667
7;2025-12-16;19;1769
7;2025-12-16;20;1055
7;2025-12-16;21;691
7;2025-12-16;22;339
7;2025-12-16;23;216
7;2025-12-17;0;65
7;2025-12-17;1;7
7;2025-12-17;2;0
7;2025-12-17;3;0
7;2025-12-17;4;1
7;2025-12-17;5;186
7;2025-12-17;6;618
7;2025-12-17;7;1589
7;2025-12-17;8;2562
7;2025-12-17;9;1980
7;2025-12-17;10;1732
7;2025-12-17;11;1540
7;2025-12-17;12;1834
7;2025-12-17;13;1509
7;2025-12-17;14;1752
7;2025-12-17;15;1878
7;2025-12-17;16;1905
7;2025-12-17;17;2437
7;2025-12-17;18;2660
7;2025-12-17;19;1538
7;2025-12-17;20;1102
7;2025-12-17;21;644
7;2025-12-17;22;316
7;2025-12-17;23;179
7;2025-12-18;0;68
7;2025-12-18;1;15
7;2025-12-18;2;0
7;2025-12-18;3;0
7;2025-12-18;4;2
7;2025-12-18;5;177
7;2025-12-18;6;590
7;2025-12-18;7;1622
7;2025-12-18;8;2540
7;2025-12-18;9;1806
7;2025-12-18;10;1542
7;2025-12-18;11;1531
7;2025-12-18;12;1598
7;2025-12-18;13;1520
7;2025-12-18;14;1712
7;2025-12-18;15;1783
7;2025-12-18;16;1851
7;2025-12-18;17;2210
7;2025-12-18;18;2487
7;2025-12-18;19;1624
7;2025-12-18;20;1039
7;2025-12-18;21;552
7;2025-12-18;22;301
7;2025-12-18;23;233
7;2025-12-19;0;70
7;2025-12-19;1;13
7;2025-12-19;2;0
7;2025-12-19;3;0
7;2025-12-19;4;2
7;2025-12-19;5;177
7;2025-12-19;6;597
7;2025-12-19;7;1536
7;2025-12-19;8;2289
7;2025-12-19;9;1740
7;2025-12-19;10;1716
7;2025-12-19;11;1512
7;2025-12-19;12;1585
7;2025-12-19;13;1674
7;2025-12-19;14;1728
7;2025-12-19;15;1880
7;2025-12-19;16;2042
7;2025-12-19;17;2274
7;2025-12-19;18;2083
7;2025-12-19;19;1319
7;2025-12-19;20;995
7;2025-12-19;21;586
7;2025-12-19;22;304
7;2025-12-19;23;234
7;2025-12-20;0;89
7;2025-12-20;1;10
7;2025-12-20;2;0
7;2025-12-20;3;0
7;2025-12-20;4;1
7;2025-12-20;5;47
7;2025-12-20;6;224
7;2025-12-20;7;409
7;2025-12-20;8;633
7;2025-12-20;9;594
7;2025-12-20;10;596
7;2025-12-20;11;695
7;2025-12-20;12;848
7;2025-12-20;13;731
7;2025-12-20;14;768
7;2025-12-20;15;774
7;2025-12-20;16;706
7;2025-12-20;17;713
7;2025-12-20;18;702
7;2025-12-20;19;621
7;2025-12-20;20;411
7;2025-12-20;21;312
7;2025-12-20;22;181
7;2025-12-20;23;139
7;2025-12-21;0;83
7;2025-12-21;1;21
7;2025-12-21;2;1
7;2025-12-21;3;0
7;2025-12-21;4;0
7;2025-12-21;5;22
7;2025-12-21;6;134
7;2025-12-21;7;247
7;2025-12-21;8;339
7;2025-12-21;9;422
7;2025-12-21;10;428
7;2025-12-21;11;538
7;2025-12-21;12;679
7;2025-12-21;13;622
7;2025-12-21;14;670
7;2025-12-21;15;612
7;2025-12-21;16;577
7;2025-12-21;17;605
7;2025-12-21;18;638
7;2025-12-21;19;485
7;2025-12-21;20;411
7;2025-12-21;21;271
7;2025-12-21;22;146
7;2025-12-21;23;110
7;2025-12-22;0;53
7;2025-12-22;1;10
7;2025-12-22;2;0
7;2025-12-22;3;0
7;2025-12-22;4;1
7;2025-12-22;5;183
7;2025-12-22;6;603
7;2025-12-22;7;1719
7;2025-12-22;8;2660
7;2025-12-22;9;1736
7;2025-12-22;10;1565
7;2025-12-22;11;1406
7;2025-12-22;12;1555
7;2025-12-22;13;1579
7;2025-12-22;14;1627
7;2025-12-22;15;1774
7;2025-12-22;16;1879
7;2025-12-22;17;2587
7;2025-12-22;18;2661
7;2025-12-22;19;1881
7;2025-12-22;20;1060
7;2025-12-22;21;592
7;2025-12-22;22;297
7;2025-12-22;23;140
7;2025-12-23;0;55
7;2025-12-23;1;6
7;2025-12-23;2;0
7;2025-12-23;3;0
7;2025-12-23;4;2
7;2025-12-23;5;171
7;2025-12-23;6;606
7;2025-12-23;7;1690
7;2025-12-23;8;2560
7;2025-12-23;9;1817
7;2025-12-23;10;1706
7;2025-12-23;11;1639
7;2025-12-23;12;1695
7;2025-12-23;13;1729
7;2025-12-23;14;1786
7;2025-12-23;15;1874
7;2025-12-23;16;1897
7;2025-12-23;17;2389
7;2025-12-23;18;2667
7;2025-12-23;19;1769
7;2025-12-23;20;1055
7;2025-12-23;21;691
7;2025-12-23;22;339
7;2025-12-23;23;216
7;2025-12-24;0;65
7;2025-12-24;1;7
7;2025-12-24;2;0
7;2025-12-24;3;0
7;2025-12-24;4;1
7;2025-12-24;5;186
7;2025-12-24;6;618
7;2025-12-24;7;1589
7;2025-12-24;8;2562
7;2025-12-24;9;1980
7;2025-12-24;10;1732
7;2025-12-24;11;1540
7;2025-12-24;12;1834
7;2025-12-24;13;1509
7;2025-12-24;14;1752
7;2025-12-24;15;1878
7;2025-12-24;16;1905
7;2025-12-24;17;2437
7;2025-12-24;18;2660
7;2025-12-24;19;1538
7;2025-12-24;20;1102
7;2025-12-24;21;644
7;2025-12-24;22;316
7;2025-12-24;23;180
7;2025-12-25;0;68
7;2025-12-25;1;15
7;2025-12-25;2;0
7;2025-12-25;3;0
7;2025-12-25;4;2
7;2025-12-25;5;177
7;2025-12-25;6;590
7;2025-12-25;7;1622
7;2025-12-25;8;2540
7;2025-12-25;9;1806
7;2025-12-25;10;1542
7;2025-12-25;11;1531
7;2025-12-25;12;1598
7;2025-12-25;13;1520
7;2025-12-25;14;1712
7;2025-12-25;15;1783
7;2025-12-25;16;1851
7;2025-12-25;17;2210
7;2025-12-25;18;2486
7;2025-12-25;19;1624
7;2025-12-25;20;1038
7;2025-12-25;21;552
7;2025-12-25;22;301
7;2025-12-25;23;233
7;2025-12-26;0;70
7;2025-12-26;1;13
7;2025-12-26;2;0
7;2025-12-26;3;0
7;2025-12-26;4;2
7;2025-12-26;5;177
7;2025-12-26;6;597
7;2025-12-26;7;1536
7;2025-12-26;8;2288
7;2025-12-26;9;1740
7;2025-12-26;10;1715
7;2025-12-26;11;1512
7;2025-12-26;12;1585
7;2025-12-26;13;1674
7;2025-12-26;14;1728
7;2025-12-26;15;1880
7;2025-12-26;16;2042
7;2025-12-26;17;2274
7;2025-12-26;18;2083
7;2025-12-26;19;1318
7;2025-12-26;20;994
7;2025-12-26;21;586
7;2025-12-26;22;305
7;2025-12-26;23;234
7;2025-12-27;0;89
7;2025-12-27;1;11
7;2025-12-27;2;0
7;2025-12-27;3;0
7;2025-12-27;4;1
7;2025-12-27;5;47
7;2025-12-27;6;224
7;2025-12-27;7;409
7;2025-12-27;8;633
7;2025-12-27;9;594
7;2025-12-27;10;596
7;2025-12-27;11;695
7;2025-12-27;12;848
7;2025-12-27;13;731
7;2025-12-27;14;768
7;2025-12-27;15;774
7;2025-12-27;16;706
7;2025-12-27;17;713
7;2025-12-27;18;702
7;2025-12-27;19;621
7;2025-12-27;20;411
7;2025-12-27;21;312
7;2025-12-27;22;181
7;2025-12-27;23;139
7;2025-12-28;0;83
7;2025-12-28;1;21
7;2025-12-28;2;1
7;2025-12-28;3;0
7;2025-12-28;4;0
7;2025-12-28;5;22
7;2025-12-28;6;134
7;2025-12-28;7;247
7;2025-12-28;8;339
7;2025-12-28;9;422
7;2025-12-28;10;429
7;2025-12-28;11;538
7;2025-12-28;12;679
7;2025-12-28;13;623
7;2025-12-28;14;670
7;2025-12-28;15;612
7;2025-12-28;16;577
7;2025-12-28;17;605
7;2025-12-28;18;638
7;2025-12-28;19;485
7;2025-12-28;20;411
7;2025-12-28;21;271
7;2025-12-28;22;146
7;2025-12-28;23;110
7;2025-12-29;0;53
7;2025-12-29;1;10
7;2025-12-29;2;0
7;2025-12-29;3;0
7;2025-12-29;4;1
7;2025-12-29;5;183
7;2025-12-29;6;603
7;2025-12-29;7;1719
7;2025-12-29;8;2660
7;2025-12-29;9;1737
7;2025-12-29;10;1565
7;2025-12-29;11;1407
7;2025-12-29;12;1555
7;2025-12-29;13;1579
7;2025-12-29;14;1627
7;2025-12-29;15;1774
7;2025-12-29;16;1878
7;2025-12-29;17;2587
7;2025-12-29;18;2661
7;2025-12-29;19;1881
7;2025-12-29;20;1060
7;2025-12-29;21;592
7;2025-12-29;22;297
7;2025-12-29;23;140
7;2025-12-30;0;55
7;2025-12-30;1;6
7;2025-12-30;2;0
7;2025-12-30;3;0
7;2025-12-30;4;2
7;2025-12-30;5;171
7;2025-12-30;6;607
7;2025-12-30;7;1690
7;2025-12-30;8;2560
7;2025-12-30;9;1817
7;2025-12-30;10;1706
7;2025-12-30;11;1640
7;2025-12-30;12;1695
7;2025-12-30;13;1729
7;2025-12-30;14;1786
7;2025-12-30;15;1874
7;2025-12-30;16;1897
7;2025-12-30;17;2389
7;2025-12-30;18;2667
7;2025-12-30;19;1769
7;2025-12-30;20;1055
7;2025-12-30;21;691
7;2025-12-30;22;339
7;2025-12-30;23;216
7;2025-12-31;0;95
7;2025-12-31;1;22
7;2025-12-31;2;0
7;2025-12-31;3;0
7;2025-12-31;4;1
7;2025-12-31;5;67
7;2025-12-31;6;256
7;2025-12-31;7;460
7;2025-12-31;8;697
7;2025-12-31;9;756
7;2025-12-31;10;736
7;2025-12-31;11;940
7;2025-12-31;12;1059
7;2025-12-31;13;1111
7;2025-12-31;14;1087
7;2025-12-31;15;957
7;2025-12-31;16;892
7;2025-12-31;17;826
7;2025-12-31;18;915
7;2025-12-31;19;916
7;2025-12-31;20;746
7;2025-12-31;21;553
7;2025-12-31;22;359
7;2025-12-31;23;203
11;2025-11-01;0;104
11;2025-11-01;1;2
11;2025-11-01;2;0
11;2025-11-01;3;0
11;2025-11-01;4;1
11;2025-11-01;5;181
11;2025-11-01;6;820
11;2025-11-01;7;744
11;2025-11-01;8;1047
11;2025-11-01;9;1158
11;2025-11-01;10;1371
11;2025-11-01;11;1728
11;2025-11-01;12;1957
11;2025-11-01;13;1843
11;2025-11-01;14;2037
11;2025-11-01;15;1910
11;2025-11-01;16;1839
11;2025-11-01;17;1874
11;2025-11-01;18;1489
11;2025-11-01;19;1463
11;2025-11-01;20;980
11;2025-11-01;21;719
11;2025-11-01;22;405
11;2025-11-01;23;279
11;2025-11-02;0;108
11;2025-11-02;1;13
11;2025-11-02;2;0
11;2025-11-02;3;0
11;2025-11-02;4;1
11;2025-11-02;5;103
11;2025-11-02;6;524
11;2025-11-02;7;519
11;2025-11-02;8;688
11;2025-11-02;9;972
11;2025-11-02;10;1066
11;2025-11-02;11;1602
11;2025-11-02;12;1637
11;2025-11-02;13;1519
11;2025-11-02;14;1694
11;2025-11-02;15;1667
11;2025-11-02;16;1575
11;2025-11-02;17;1771
11;2025-11-02;18;1310
11;2025-11-02;19;988
11;2025-11-02;20;803
11;2025-11-02;21;621
11;2025-11-02;22;343
11;2025-11-02;23;255
11;2025-11-03;0;96
11;2025-11-03;1;7
11;2025-11-03;2;0
11;2025-11-03;3;0
11;2025-11-03;4;3
11;2025-11-03;5;214
11;2025-11-03;6;731
11;2025-11-03;7;619
11;2025-11-03;8;739
11;2025-11-03;9;861
11;2025-11-03;10;963
11;2025-11-03;11;1271
11;2025-11-03;12;1412
11;2025-11-03;13;1301
11;2025-11-03;14;1445
11;2025-11-03;15;1448
11;2025-11-03;16;1328
11;2025-11-03;17;1373
11;2025-11-03;18;1332
11;2025-11-03;19;1336
11;2025-11-03;20;1228
11;2025-11-03;21;892
11;2025-11-03;22;532
11;2025-11-03;23;326
11;2025-11-04;0;96
11;2025-11-04;1;7
11;2025-11-04;2;0
11;2025-11-04;3;0
11;2025-11-04;4;3
11;2025-11-04;5;214
11;2025-11-04;6;731
11;2025-11-04;7;619
11;2025-11-04;8;739
11;2025-11-04;9;861
11;2025-11-04;10;963
11;2025-11-04;11;1271
11;2025-11-04;12;1412
11;2025-11-04;13;1301
11;2025-11-04;14;1445
11;2025-11-04;15;1448
11;2025-11-04;16;1328
11;2025-11-04;17;1373
11;2025-11-04;18;1332
11;2025-11-04;19;1336
11;2025-11-04;20;1228
11;2025-11-04;21;892
11;2025-11-04;22;532
11;2025-11-04;23;326
11;2025-11-05;0;59
11;2025-11-05;1;0
11;2025-11-05;2;0
11;2025-11-05;3;0
11;2025-11-05;4;0
11;2025-11-05;5;259
11;2025-11-05;6;1279
11;2025-11-05;7;2578
11;2025-11-05;8;3149
11;2025-11-05;9;2308
11;2025-11-05;10;1880
11;2025-11-05;11;1954
11;2025-11-05;12;1925
11;2025-11-05;13;2022
11;2025-11-05;14;2140
11;2025-11-05;15;1974
11;2025-11-05;16;2127
11;2025-11-05;17;2777
11;2025-11-05;18;3008
11;2025-11-05;19;2214
11;2025-11-05;20;1354
11;2025-11-05;21;826
11;2025-11-05;22;395
11;2025-11-05;23;265
11;2025-11-06;0;59
11;2025-11-06;1;1
11;2025-11-06;2;0
11;2025-11-06;3;0
11;2025-11-06;4;0
11;2025-11-06;5;236
11;2025-11-06;6;1318
11;2025-11-06;7;2536
11;2025-11-06;8;3113
11;2025-11-06;9;2366
11;2025-11-06;10;2194
11;2025-11-06;11;1795
11;2025-11-06;12;2148
11;2025-11-06;13;2206
11;2025-11-06;14;2022
11;2025-11-06;15;1848
11;2025-11-06;16;2238
11;2025-11-06;17;2838
11;2025-11-06;18;3491
11;2025-11-06;19;2289
11;2025-11-06;20;1483
11;2025-11-06;21;857
11;2025-11-06;22;432
11;2025-11-06;23;253
11;2025-11-07;0;64
11;2025-11-07;1;2
11;2025-11-07;2;0
11;2025-11-07;3;0
11;2025-11-07;4;0
11;2025-11-07;5;277
11;2025-11-07;6;1265
11;2025-11-07;7;2422
11;2025-11-07;8;3147
11;2025-11-07;9;2237
11;2025-11-07;10;1835
11;2025-11-07;11;1736
11;2025-11-07;12;1932
11;2025-11-07;13;1945
11;2025-11-07;14;2152
11;2025-11-07;15;2107
11;2025-11-07;16;2283
11;2025-11-07;17;2818
11;2025-11-07;18;2501
11;2025-11-07;19;1855
11;2025-11-07;20;1290
11;2025-11-07;21;863
11;2025-11-07;22;398
11;2025-11-07;23;299
11;2025-11-08;0;93
11;2025-11-08;1;1
11;2025-11-08;2;0
11;2025-11-08;3;0
11;2025-11-08;4;0
11;2025-11-08;5;206
11;2025-11-08;6;928
11;2025-11-08;7;852
11;2025-11-08;8;1221
11;2025-11-08;9;1286
11;2025-11-08;10;1455
11;2025-11-08;11;1699
11;2025-11-08;12;1912
11;2025-11-08;13;1927
11;2025-11-08;14;1879
11;2025-11-08;15;1752
11;2025-11-08;16;1754
11;2025-11-08;17;1804
11;2025-11-08;18;1579
11;2025-11-08;19;1667
11;2025-11-08;20;1093
11;2025-11-08;21;803
11;2025-11-08;22;468
11;2025-11-08;23;304
11;2025-11-09;0;121
11;2025-11-09;1;27
11;2025-11-09;2;2
11;2025-11-09;3;0
11;2025-11-09;4;0
11;2025-11-09;5;111
11;2025-11-09;6;524
11;2025-11-09;7;514
11;2025-11-09;8;781
11;2025-11-09;9;942
11;2025-11-09;10;1006
11;2025-11-09;11;1464
11;2025-11-09;12;1612
11;2025-11-09;13;1669
11;2025-11-09;14;1669
11;2025-11-09;15;1609
11;2025-11-09;16;1570
11;2025-11-09;17;1709
11;2025-11-09;18;1314
11;2025-11-09;19;1227
11;2025-11-09;20;884
11;2025-11-09;21;633
11;2025-11-09;22;403
11;2025-11-09;23;244
11;2025-11-10;0;65
11;2025-11-10;1;6
11;2025-11-10;2;0
11;2025-11-10;3;0
11;2025-11-10;4;1
11;2025-11-10;5;240
11;2025-11-10;6;1327
11;2025-11-10;7;2387
11;2025-11-10;8;3174
11;2025-11-10;9;2403
11;2025-11-10;10;1948
11;2025-11-10;11;1900
11;2025-11-10;12;1783
11;2025-11-10;13;1852
11;2025-11-10;14;1720
11;2025-11-10;15;1968
11;2025-11-10;16;2215
11;2025-11-10;17;2681
11;2025-11-10;18;2999
11;2025-11-10;19;2207
11;2025-11-10;20;1325
11;2025-11-10;21;717
11;2025-11-10;22;333
11;2025-11-10;23;199
11;2025-11-11;0;52
11;2025-11-11;1;0
11;2025-11-11;2;0
11;2025-11-11;3;0
11;2025-11-11;4;0
11;2025-11-11;5;245
11;2025-11-11;6;1377
11;2025-11-11;7;2603
11;2025-11-11;8;3407
11;2025-11-11;9;2497
11;2025-11-11;10;2051
11;2025-11-11;11;1785
11;2025-11-11;12;1952
11;2025-11-11;13;1925
11;2025-11-11;14;1893
11;2025-11-11;15;1973
11;2025-11-11;16;2281
11;2025-11-11;17;2837
11;2025-11-11;18;2978
11;2025-11-11;19;2285
11;2025-11-11;20;1516
11;2025-11-11;21;766
11;2025-11-11;22;396
11;2025-11-11;23;246
11;2025-11-12;0;58
11;2025-11-12;1;0
11;2025-11-12;2;0
11;2025-11-12;3;0
11;2025-11-12;4;0
11;2025-11-12;5;260
11;2025-11-12;6;1279
11;2025-11-12;7;2578
11;2025-11-12;8;3151
11;2025-11-12;9;2310
11;2025-11-12;10;1881
11;2025-11-12;11;1955
11;2025-11-12;12;1926
11;2025-11-12;13;2024
11;2025-11-12;14;2142
11;2025-11-12;15;1976
11;2025-11-12;16;2129
11;2025-11-12;17;2779
11;2025-11-12;18;3009
11;2025-11-12;19;2215
11;2025-11-12;20;1355
11;2025-11-12;21;827
11;2025-11-12;22;396
11;2025-11-12;23;265
11;2025-11-13;0;59
11;2025-11-13;1;1
11;2025-11-13;2;0
11;2025-11-13;3;0
11;2025-11-13;4;0
11;2025-11-13;5;237
11;2025-11-13;6;1318
11;2025-11-13;7;2537
11;2025-11-13;8;3115
11;2025-11-13;9;2369
11;2025-11-13;10;2196
11;2025-11-13;11;1796
11;2025-11-13;12;2148
11;2025-11-13;13;2206
11;2025-11-13;14;2022
11;2025-11-13;15;1849
11;2025-11-13;16;2239
11;2025-11-13;17;2838
11;2025-11-13;18;3491
11;2025-11-13;19;2289
11;2025-11-13;20;1485
11;2025-11-13;21;857
11;2025-11-13;22;432
11;2025-11-13;23;254
11;2025-11-14;0;64
11;2025-11-14;1;2
11;2025-11-14;2;0
11;2025-11-14;3;0
11;2025-11-14;4;0
11;2025-11-14;5;277
11;2025-11-14;6;1265
11;2025-11-14;7;2423
11;2025-11-14;8;3149
11;2025-11-14;9;2238
11;2025-11-14;10;1835
11;2025-11-14;11;1736
11;2025-11-14;12;1932
11;2025-11-14;13;1945
11;2025-11-14;14;2153
11;2025-11-14;15;2107
11;2025-11-14;16;2283
11;2025-11-14;17;2818
11;2025-11-14;18;2501
11;2025-11-14;19;1856
11;2025-11-14;20;1289
11;2025-11-14;21;862
11;2025-11-14;22;398
11;2025-11-14;23;298
11;2025-11-15;0;102
11;2025-11-15;1;2
11;2025-11-15;2;0
11;2025-11-15;3;0
11;2025-11-15;4;1
11;2025-11-15;5;180
11;2025-11-15;6;819
11;2025-11-15;7;743
11;2025-11-15;8;1047
11;2025-11-15;9;1158
11;2025-11-15;10;1370
11;2025-11-15;11;1726
11;2025-11-15;12;1956
11;2025-11-15;13;1842
11;2025-11-15;14;2037
11;2025-11-15;15;1909
11;2025-11-15;16;1837
11;2025-11-15;17;1873
11;2025-11-15;18;1489
11;2025-11-15;19;1463
11;2025-11-15;20;980
11;2025-11-15;21;719
11;2025-11-15;22;405
11;2025-11-15;23;279
11;2025-11-16;0;108
11;2025-11-16;1;13
11;2025-11-16;2;0
11;2025-11-16;3;0
11;2025-11-16;4;1
11;2025-11-16;5;103
11;2025-11-16;6;524
11;2025-11-16;7;519
11;2025-11-16;8;688
11;2025-11-16;9;972
11;2025-11-16;10;1066
11;2025-11-16;11;1602
11;2025-11-16;12;1637
11;2025-11-16;13;1519
11;2025-11-16;14;1694
11;2025-11-16;15;1666
11;2025-11-16;16;1575
11;2025-11-16;17;1770
11;2025-11-16;18;1310
11;2025-11-16;19;988
11;2025-11-16;20;803
11;2025-11-16;21;621
11;2025-11-16;22;343
11;2025-11-16;23;255
11;2025-11-17;0;78
11;2025-11-17;1;12
11;2025-11-17;2;0
11;2025-11-17;3;0
11;2025-11-17;4;2
11;2025-11-17;5;245
11;2025-11-17;6;1299
11;2025-11-17;7;2282
11;2025-11-17;8;3003
11;2025-11-17;9;2238
11;2025-11-17;10;1771
11;2025-11-17;11;1867
11;2025-11-17;12;1724
11;2025-11-17;13;1811
11;2025-11-17;14;1895
11;2025-11-17;15;1970
11;2025-11-17;16;2131
11;2025-11-17;17;2656
11;2025-11-17;18;2760
11;2025-11-17;19;2141
11;2025-11-17;20;1222
11;2025-11-17;21;798
11;2025-11-17;22;377
11;2025-11-17;23;229
11;2025-11-18;0;54
11;2025-11-18;1;1
11;2025-11-18;2;0
11;2025-11-18;3;3
11;2025-11-18;4;1
11;2025-11-18;5;247
11;2025-11-18;6;1358
11;2025-11-18;7;2322
11;2025-11-18;8;3213
11;2025-11-18;9;2412
11;2025-11-18;10;1806
11;2025-11-18;11;1803
11;2025-11-18;12;1755
11;2025-11-18;13;2049
11;2025-11-18;14;1833
11;2025-11-18;15;1891
11;2025-11-18;16;2039
11;2025-11-18;17;2843
11;2025-11-18;18;3149
11;2025-11-18;19;2319
11;2025-11-18;20;1468
11;2025-11-18;21;817
11;2025-11-18;22;387
11;2025-11-18;23;208
11;2025-11-19;0;72
11;2025-11-19;1;0
11;2025-11-19;2;0
11;2025-11-19;3;0
11;2025-11-19;4;1
11;2025-11-19;5;268
11;2025-11-19;6;1298
11;2025-11-19;7;2469
11;2025-11-19;8;3117
11;2025-11-19;9;2503
11;2025-11-19;10;1991
11;2025-11-19;11;1953
11;2025-11-19;12;1927
11;2025-11-19;13;2167
11;2025-11-19;14;1932
11;2025-11-19;15;1941
11;2025-11-19;16;2020
11;2025-11-19;17;2676
11;2025-11-19;18;3104
11;2025-11-19;19;2200
11;2025-11-19;20;1487
11;2025-11-19;21;802
11;2025-11-19;22;426
11;2025-11-19;23;224
11;2025-11-20;0;56
11;2025-11-20;1;0
11;2025-11-20;2;0
11;2025-11-20;3;0
11;2025-11-20;4;1
11;2025-11-20;5;280
11;2025-11-20;6;1377
11;2025-11-20;7;2374
11;2025-11-20;8;3012
11;2025-11-20;9;2444
11;2025-11-20;10;1958
11;2025-11-20;11;1892
11;2025-11-20;12;2037
11;2025-11-20;13;2053
11;2025-11-20;14;2102
11;2025-11-20;15;1974
11;2025-11-20;16;2279
11;2025-11-20;17;2704
11;2025-11-20;18;2964
11;2025-11-20;19;2250
11;2025-11-20;20;1517
11;2025-11-20;21;965
11;2025-11-20;22;412
11;2025-11-20;23;279
11;2025-11-21;0;69
11;2025-11-21;1;2
11;2025-11-21;2;0
11;2025-11-21;3;0
11;2025-11-21;4;1
11;2025-11-21;5;266
11;2025-11-21;6;1389
11;2025-11-21;7;2466
11;2025-11-21;8;3270
11;2025-11-21;9;2457
11;2025-11-21;10;2041
11;2025-11-21;11;1953
11;2025-11-21;12;2050
11;2025-11-21;13;1963
11;2025-11-21;14;2074
11;2025-11-21;15;2120
11;2025-11-21;16;2537
11;2025-11-21;17;2987
11;2025-11-21;18;2481
11;2025-11-21;19;2002
11;2025-11-21;20;1491
11;2025-11-21;21;890
11;2025-11-21;22;409
11;2025-11-21;23;327
11;2025-11-22;0;103
11;2025-11-22;1;2
11;2025-11-22;2;0
11;2025-11-22;3;0
11;2025-11-22;4;1
11;2025-11-22;5;180
11;2025-11-22;6;820
11;2025-11-22;7;744
11;2025-11-22;8;1047
11;2025-11-22;9;1158
11;2025-11-22;10;1371
11;2025-11-22;11;1727
11;2025-11-22;12;1957
11;2025-11-22;13;1842
11;2025-11-22;14;2037
11;2025-11-22;15;1909
11;2025-11-22;16;1837
11;2025-11-22;17;1873
11;2025-11-22;18;1489
11;2025-11-22;19;1463
11;2025-11-22;20;980
11;2025-11-22;21;718
11;2025-11-22;22;405
11;2025-11-22;23;279
11;2025-11-23;0;108
11;2025-11-23;1;13
11;2025-11-23;2;0
11;2025-11-23;3;0
11;2025-11-23;4;1
11;2025-11-23;5;103
11;2025-11-23;6;524
11;2025-11-23;7;519
11;2025-11-23;8;688
11;2025-11-23;9;972
11;2025-11-23;10;1066
11;2025-11-23;11;1602
11;2025-11-23;12;1637
11;2025-11-23;13;1519
11;2025-11-23;14;1694
11;2025-11-23;15;1666
11;2025-11-23;16;1575
11;2025-11-23;17;1770
11;2025-11-23;18;1310
11;2025-11-23;19;988
11;2025-11-23;20;803
11;2025-11-23;21;621
11;2025-11-23;22;343
11;2025-11-23;23;255
11;2025-11-24;0;65
11;2025-11-24;1;6
11;2025-11-24;2;0
11;2025-11-24;3;0
11;2025-11-24;4;1
11;2025-11-24;5;240
11;2025-11-24;6;1326
11;2025-11-24;7;2386
11;2025-11-24;8;3173
11;2025-11-24;9;2401
11;2025-11-24;10;1946
11;2025-11-24;11;1897
11;2025-11-24;12;1780
11;2025-11-24;13;1852
11;2025-11-24;14;1720
11;2025-11-24;15;1966
11;2025-11-24;16;2212
11;2025-11-24;17;2681
11;2025-11-24;18;2998
11;2025-11-24;19;2206
11;2025-11-24;20;1325
11;2025-11-24;21;717
11;2025-11-24;22;333
11;2025-11-24;23;199
11;2025-11-25;0;52
11;2025-11-25;1;0
11;2025-11-25;2;0
11;2025-11-25;3;0
11;2025-11-25;4;0
11;2025-11-25;5;245
11;2025-11-25;6;1377
11;2025-11-25;7;2603
11;2025-11-25;8;3407
11;2025-11-25;9;2497
11;2025-11-25;10;2052
11;2025-11-25;11;1786
11;2025-11-25;12;1955
11;2025-11-25;13;1928
11;2025-11-25;14;1896
11;2025-11-25;15;1974
11;2025-11-25;16;2282
11;2025-11-25;17;2839
11;2025-11-25;18;2980
11;2025-11-25;19;2286
11;2025-11-25;20;1516
11;2025-11-25;21;766
11;2025-11-25;22;396
11;2025-11-25;23;246
11;2025-11-26;0;58
11;2025-11-26;1;0
11;2025-11-26;2;0
11;2025-11-26;3;0
11;2025-11-26;4;0
11;2025-11-26;5;260
11;2025-11-26;6;1278
11;2025-11-26;7;2578
11;2025-11-26;8;3151
11;2025-11-26;9;2309
11;2025-11-26;10;1883
11;2025-11-26;11;1957
11;2025-11-26;12;1928
11;2025-11-26;13;2025
11;2025-11-26;14;2143
11;2025-11-26;15;1977
11;2025-11-26;16;2130
11;2025-11-26;17;2780
11;2025-11-26;18;3011
11;2025-11-26;19;2216
11;2025-11-26;20;1355
11;2025-11-26;21;827
11;2025-11-26;22;396
11;2025-11-26;23;265
11;2025-11-27;0;59
11;2025-11-27;1;1
11;2025-11-27;2;0
11;2025-11-27;3;0
11;2025-11-27;4;0
11;2025-11-27;5;237
11;2025-11-27;6;1319
11;2025-11-27;7;2538
11;2025-11-27;8;3115
11;2025-11-27;9;2369
11;2025-11-27;10;2196
11;2025-11-27;11;1798
11;2025-11-27;12;2149
11;2025-11-27;13;2208
11;2025-11-27;14;2023
11;2025-11-27;15;1850
11;2025-11-27;16;2241
11;2025-11-27;17;2840
11;2025-11-27;18;3492
11;2025-11-27;19;2290
11;2025-11-27;20;1485
11;2025-11-27;21;857
11;2025-11-27;22;431
11;2025-11-27;23;253
11;2025-11-28;0;64
11;2025-11-28;1;2
11;2025-11-28;2;0
11;2025-11-28;3;0
11;2025-11-28;4;0
11;2025-11-28;5;277
11;2025-11-28;6;1265
11;2025-11-28;7;2423
11;2025-11-28;8;3149
11;2025-11-28;9;2241
11;2025-11-28;10;1837
11;2025-11-28;11;1738
11;2025-11-28;12;1935
11;2025-11-28;13;1948
11;2025-11-28;14;2156
11;2025-11-28;15;2109
11;2025-11-28;16;2287
11;2025-11-28;17;2821
11;2025-11-28;18;2505
11;2025-11-28;19;1858
11;2025-11-28;20;1291
11;2025-11-28;21;864
11;2025-11-28;22;399
11;2025-11-28;23;299
11;2025-11-29;0;93
11;2025-11-29;1;1
11;2025-11-29;2;0
11;2025-11-29;3;0
11;2025-11-29;4;0
11;2025-11-29;5;206
11;2025-11-29;6;929
11;2025-11-29;7;853
11;2025-11-29;8;1224
11;2025-11-29;9;1288
11;2025-11-29;10;1457
11;2025-11-29;11;1702
11;2025-11-29;12;1917
11;2025-11-29;13;1930
11;2025-11-29;14;1882
11;2025-11-29;15;1755
11;2025-11-29;16;1757
11;2025-11-29;17;1807
11;2025-11-29;18;1581
11;2025-11-29;19;1670
11;2025-11-29;20;1095
11;2025-11-29;21;804
11;2025-11-29;22;469
11;2025-11-29;23;304
11;2025-11-30;0;121
11;2025-11-30;1;27
11;2025-11-30;2;2
11;2025-11-30;3;0
11;2025-11-30;4;0
11;2025-11-30;5;111
11;2025-11-30;6;525
11;2025-11-30;7;516
11;2025-11-30;8;783
11;2025-11-30;9;944
11;2025-11-30;10;1008
11;2025-11-30;11;1466
11;2025-11-30;12;1615
11;2025-11-30;13;1671
11;2025-11-30;14;1672
11;2025-11-30;15;1611
11;2025-11-30;16;1572
11;2025-11-30;17;1711
11;2025-11-30;18;1314
11;2025-11-30;19;1228
11;2025-11-30;20;884
11;2025-11-30;21;634
11;2025-11-30;22;403
11;2025-11-30;23;244
11;2025-12-01;0;65
11;2025-12-01;1;6
11;2025-12-01;2;0
11;2025-12-01;3;0
11;2025-12-01;4;1
11;2025-12-01;5;240
11;2025-12-01;6;1327
11;2025-12-01;7;2387
11;2025-12-01;8;3174
11;2025-12-01;9;2403
11;2025-12-01;10;1948
11;2025-12-01;11;1900
11;2025-12-01;12;1783
11;2025-12-01;13;1853
11;2025-12-01;14;1722
11;2025-12-01;15;1969
11;2025-12-01;16;2215
11;2025-12-01;17;2681
11;2025-12-01;18;2999
11;2025-12-01;19;2207
11;2025-12-01;20;1325
11;2025-12-01;21;717
11;2025-12-01;22;333
11;2025-12-01;23;199
11;2025-12-02;0;52
11;2025-12-02;1;0
11;2025-12-02;2;0
11;2025-12-02;3;0
11;2025-12-02;4;0
11;2025-12-02;5;245
11;2025-12-02;6;1377
11;2025-12-02;7;2603
11;2025-12-02;8;3407
11;2025-12-02;9;2497
11;2025-12-02;10;2052
11;2025-12-02;11;1786
11;2025-12-02;12;1955
11;2025-12-02;13;1928
11;2025-12-02;14;1896
11;2025-12-02;15;1974
11;2025-12-02;16;2282
11;2025-12-02;17;2839
11;2025-12-02;18;2980
11;2025-12-02;19;2286
11;2025-12-02;20;1516
11;2025-12-02;21;766
11;2025-12-02;22;396
11;2025-12-02;23;246
11;2025-12-03;0;58
11;2025-12-03;1;0
11;2025-12-03;2;0
11;2025-12-03;3;0
11;2025-12-03;4;0
11;2025-12-03;5;260
11;2025-12-03;6;1279
11;2025-12-03;7;2578
11;2025-12-03;8;3151
11;2025-12-03;9;2310
11;2025-12-03;10;1883
11;2025-12-03;11;1957
11;2025-12-03;12;1928
11;2025-12-03;13;2026
11;2025-12-03;14;2144
11;2025-12-03;15;1977
11;2025-12-03;16;2131
11;2025-12-03;17;2780
11;2025-12-03;18;3011
11;2025-12-03;19;2217
11;2025-12-03;20;1356
11;2025-12-03;21;828
11;2025-12-03;22;396
11;2025-12-03;23;265
11;2025-12-04;0;59
11;2025-12-04;1;1
11;2025-12-04;2;0
11;2025-12-04;3;0
11;2025-12-04;4;0
11;2025-12-04;5;237
11;2025-12-04;6;1319
11;2025-12-04;7;2539
11;2025-12-04;8;3117
11;2025-12-04;9;2370
11;2025-12-04;10;2198
11;2025-12-04;11;1799
11;2025-12-04;12;2151
11;2025-12-04;13;2209
11;2025-12-04;14;2025
11;2025-12-04;15;1851
11;2025-12-04;16;2243
11;2025-12-04;17;2842
11;2025-12-04;18;3494
11;2025-12-04;19;2293
11;2025-12-04;20;1487
11;2025-12-04;21;858
11;2025-12-04;22;432
11;2025-12-04;23;254
11;2025-12-05;0;64
11;2025-12-05;1;2
11;2025-12-05;2;0
11;2025-12-05;3;0
11;2025-12-05;4;0
11;2025-12-05;5;278
11;2025-12-05;6;1266
11;2025-12-05;7;2425
11;2025-12-05;8;3151
11;2025-12-05;9;2242
11;2025-12-05;10;1838
11;2025-12-05;11;1739
11;2025-12-05;12;1935
11;2025-12-05;13;1948
11;2025-12-05;14;2156
11;2025-12-05;15;2110
11;2025-12-05;16;2287
11;2025-12-05;17;2821
11;2025-12-05;18;2505
11;2025-12-05;19;1858
11;2025-12-05;20;1291
11;2025-12-05;21;864
11;2025-12-05;22;399
11;2025-12-05;23;299
11;2025-12-06;0;93
11;2025-12-06;1;1
11;2025-12-06;2;0
11;2025-12-06;3;0
11;2025-12-06;4;0
11;2025-12-06;5;206
11;2025-12-06;6;929
11;2025-12-06;7;853
11;2025-12-06;8;1224
11;2025-12-06;9;1288
11;2025-12-06;10;1457
11;2025-12-06;11;1702
11;2025-12-06;12;1917
11;2025-12-06;13;1929
11;2025-12-06;14;1881
11;2025-12-06;15;1754
11;2025-12-06;16;1757
11;2025-12-06;17;1807
11;2025-12-06;18;1581
11;2025-12-06;19;1670
11;2025-12-06;20;1095
11;2025-12-06;21;804
11;2025-12-06;22;469
11;2025-12-06;23;304
11;2025-12-07;0;121
11;2025-12-07;1;27
11;2025-12-07;2;2
11;2025-12-07;3;0
11;2025-12-07;4;0
11;2025-12-07;5;111
11;2025-12-07;6;525
11;2025-12-07;7;516
11;2025-12-07;8;783
11;2025-12-07;9;944
11;2025-12-07;10;1008
11;2025-12-07;11;1466
11;2025-12-07;12;1615
11;2025-12-07;13;1671
11;2025-12-07;14;1672
11;2025-12-07;15;1611
11;2025-12-07;16;1572
11;2025-12-07;17;1711
11;2025-12-07;18;1314
11;2025-12-07;19;1228
11;2025-12-07;20;884
11;2025-12-07;21;634
11;2025-12-07;22;403
11;2025-12-07;23;244
11;2025-12-08;0;65
11;2025-12-08;1;6
11;2025-12-08;2;0
11;2025-12-08;3;0
11;2025-12-08;4;1
11;2025-12-08;5;240
11;2025-12-08;6;1327
11;2025-12-08;7;2387
11;2025-12-08;8;3174
11;2025-12-08;9;2403
11;2025-12-08;10;1948
11;2025-12-08;11;1900
11;2025-12-08;12;1783
11;2025-12-08;13;1853
11;2025-12-08;14;1722
11;2025-12-08;15;1969
11;2025-12-08;16;2215
11;2025-12-08;17;2681
11;2025-12-08;18;2999
11;2025-12-08;19;2207
11;2025-12-08;20;1325
11;2025-12-08;21;717
11;2025-12-08;22;333
11;2025-12-08;23;199
11;2025-12-09;0;52
11;2025-12-09;1;0
11;2025-12-09;2;0
11;2025-12-09;3;0
11;2025-12-09;4;0
11;2025-12-09;5;245
11;2025-12-09;6;1377
11;2025-12-09;7;2603
11;2025-12-09;8;3407
11;2025-12-09;9;2497
11;2025-12-09;10;2052
11;2025-12-09;11;1786
11;2025-12-09;12;1954
11;2025-12-09;13;1928
11;2025-12-09;14;1896
11;2025-12-09;15;1974
11;2025-12-09;16;2282
11;2025-12-09;17;2839
11;2025-12-09;18;2979
11;2025-12-09;19;2286
11;2025-12-09;20;1516
11;2025-12-09;21;766
11;2025-12-09;22;396
11;2025-12-09;23;246
11;2025-12-10;0;58
11;2025-12-10;1;0
11;2025-12-10;2;0
11;2025-12-10;3;0
11;2025-12-10;4;0
11;2025-12-10;5;260
11;2025-12-10;6;1278
11;2025-12-10;7;2578
11;2025-12-10;8;3151
11;2025-12-10;9;2310
11;2025-12-10;10;1883
11;2025-12-10;11;1957
11;2025-12-10;12;1928
11;2025-12-10;13;2026
11;2025-12-10;14;2144
11;2025-12-10;15;1977
11;2025-12-10;16;2131
11;2025-12-10;17;2780
11;2025-12-10;18;3011
11;2025-12-10;19;2217
11;2025-12-10;20;1356
11;2025-12-10;21;828
11;2025-12-10;22;396
11;2025-12-10;23;265
11;2025-12-11;0;59
11;2025-12-11;1;1
11;2025-12-11;2;0
11;2025-12-11;3;0
11;2025-12-11;4;0
11;2025-12-11;5;237
11;2025-12-11;6;1319
11;2025-12-11;7;2539
11;2025-12-11;8;3116
11;2025-12-11;9;2369
11;2025-12-11;10;2196
11;2025-12-11;11;1798
11;2025-12-11;12;2151
11;2025-12-11;13;2209
11;2025-12-11;14;2025
11;2025-12-11;15;1851
11;2025-12-11;16;2242
11;2025-12-11;17;2841
11;2025-12-11;18;3494
11;2025-12-11;19;2292
11;2025-12-11;20;1486
11;2025-12-11;21;858
11;2025-12-11;22;432
11;2025-12-11;23;254
11;2025-12-12;0;64
11;2025-12-12;1;2
11;2025-12-12;2;0
11;2025-12-12;3;0
11;2025-12-12;4;0
11;2025-12-12;5;278
11;2025-12-12;6;1266
11;2025-12-12;7;2423
11;2025-12-12;8;3149
11;2025-12-12;9;2240
11;2025-12-12;10;1837
11;2025-12-12;11;1738
11;2025-12-12;12;1934
11;2025-12-12;13;1947
11;2025-12-12;14;2155
11;2025-12-12;15;2109
11;2025-12-12;16;2286
11;2025-12-12;17;2821
11;2025-12-12;18;2504
11;2025-12-12;19;1858
11;2025-12-12;20;1291
11;2025-12-12;21;864
11;2025-12-12;22;399
11;2025-12-12;23;299
11;2025-12-13;0;93
11;2025-12-13;1;1
11;2025-12-13;2;0
11;2025-12-13;3;0
11;2025-12-13;4;0
11;2025-12-13;5;206
11;2025-12-13;6;928
11;2025-12-13;7;853
11;2025-12-13;8;1222
11;2025-12-13;9;1287
11;2025-12-13;10;1455
11;2025-12-13;11;1701
11;2025-12-13;12;1915
11;2025-12-13;13;1929
11;2025-12-13;14;1881
11;2025-12-13;15;1753
11;2025-12-13;16;1756
11;2025-12-13;17;1806
11;2025-12-13;18;1579
11;2025-12-13;19;1668
11;2025-12-13;20;1094
11;2025-12-13;21;805
11;2025-12-13;22;469
11;2025-12-13;23;304
11;2025-12-14;0;121
11;2025-12-14;1;27
11;2025-12-14;2;2
11;2025-12-14;3;0
11;2025-12-14;4;0
11;2025-12-14;5;111
11;2025-12-14;6;525
11;2025-12-14;7;516
11;2025-12-14;8;783
11;2025-12-14;9;944
11;2025-12-14;10;1008
11;2025-12-14;11;1466
11;2025-12-14;12;1613
11;2025-12-14;13;1670
11;2025-12-14;14;1670
11;2025-12-14;15;1610
11;2025-12-14;16;1572
11;2025-12-14;17;1711
11;2025-12-14;18;1314
11;2025-12-14;19;1228
11;2025-12-14;20;885
11;2025-12-14;21;634
11;2025-12-14;22;403
11;2025-12-14;23;244
11;2025-12-15;0;65
11;2025-12-15;1;6
11;2025-12-15;2;0
11;2025-12-15;3;0
11;2025-12-15;4;1
11;2025-12-15;5;240
11;2025-12-15;6;1327
11;2025-12-15;7;2387
11;2025-12-15;8;3173
11;2025-12-15;9;2403
11;2025-12-15;10;1948
11;2025-12-15;11;1900
11;2025-12-15;12;1783
11;2025-12-15;13;1853
11;2025-12-15;14;1722
11;2025-12-15;15;1969
11;2025-12-15;16;2215
11;2025-12-15;17;2681
11;2025-12-15;18;2999
11;2025-12-15;19;2206
11;2025-12-15;20;1325
11;2025-12-15;21;717
11;2025-12-15;22;333
11;2025-12-15;23;199
11;2025-12-16;0;52
11;2025-12-16;1;0
11;2025-12-16;2;0
11;2025-12-16;3;0
11;2025-12-16;4;0
11;2025-12-16;5;245
11;2025-12-16;6;1377
11;2025-12-16;7;2603
11;2025-12-16;8;3407
11;2025-12-16;9;2497
11;2025-12-16;10;2052
11;2025-12-16;11;1786
11;2025-12-16;12;1954
11;2025-12-16;13;1927
11;2025-12-16;14;1895
11;2025-12-16;15;1974
11;2025-12-16;16;2282
11;2025-12-16;17;2839
11;2025-12-16;18;2979
11;2025-12-16;19;2286
11;2025-12-16;20;1516
11;2025-12-16;21;767
11;2025-12-16;22;396
11;2025-12-16;23;246
11;2025-12-17;0;58
11;2025-12-17;1;0
11;2025-12-17;2;0
11;2025-12-17;3;0
11;2025-12-17;4;0
11;2025-12-17;5;260
11;2025-12-17;6;1279
11;2025-12-17;7;2578
11;2025-12-17;8;3151
11;2025-12-17;9;2309
11;2025-12-17;10;1883
11;2025-12-17;11;1957
11;2025-12-17;12;1928
11;2025-12-17;13;2026
11;2025-12-17;14;2144
11;2025-12-17;15;1977
11;2025-12-17;16;2130
11;2025-12-17;17;2780
11;2025-12-17;18;3011
11;2025-12-17;19;2217
11;2025-12-17;20;1356
11;2025-12-17;21;828
11;2025-12-17;22;396
11;2025-12-17;23;265
11;2025-12-18;0;59
11;2025-12-18;1;1
11;2025-12-18;2;0
11;2025-12-18;3;0
11;2025-12-18;4;0
11;2025-12-18;5;237
11;2025-12-18;6;1319
11;2025-12-18;7;2539
11;2025-12-18;8;3117
11;2025-12-18;9;2370
11;2025-12-18;10;2198
11;2025-12-18;11;1799
11;2025-12-18;12;2151
11;2025-12-18;13;2209
11;2025-12-18;14;2025
11;2025-12-18;15;1851
11;2025-12-18;16;2242
11;2025-12-18;17;2842
11;2025-12-18;18;3494
11;2025-12-18;19;2292
11;2025-12-18;20;1487
11;2025-12-18;21;859
11;2025-12-18;22;432
11;2025-12-18;23;254
11;2025-12-19;0;64
11;2025-12-19;1;2
11;2025-12-19;2;0
11;2025-12-19;3;0
11;2025-12-19;4;0
11;2025-12-19;5;278
11;2025-12-19;6;1266
11;2025-12-19;7;2424
11;2025-12-19;8;3151
11;2025-12-19;9;2242
11;2025-12-19;10;1838
11;2025-12-19;11;1739
11;2025-12-19;12;1935
11;2025-12-19;13;1948
11;2025-12-19;14;2156
11;2025-12-19;15;2110
11;2025-12-19;16;2287
11;2025-12-19;17;2821
11;2025-12-19;18;2504
11;2025-12-19;19;1858
11;2025-12-19;20;1292
11;2025-12-19;21;864
11;2025-12-19;22;399
11;2025-12-19;23;299
11;2025-12-20;0;93
11;2025-12-20;1;1
11;2025-12-20;2;0
11;2025-12-20;3;0
11;2025-12-20;4;0
11;2025-12-20;5;206
11;2025-12-20;6;929
11;2025-12-20;7;854
11;2025-12-20;8;1224
11;2025-12-20;9;1288
11;2025-12-20;10;1457
11;2025-12-20;11;1703
11;2025-12-20;12;1917
11;2025-12-20;13;1931
11;2025-12-20;14;1882
11;2025-12-20;15;1755
11;2025-12-20;16;1757
11;2025-12-20;17;1807
11;2025-12-20;18;1581
11;2025-12-20;19;1670
11;2025-12-20;20;1095
11;2025-12-20;21;805
11;2025-12-20;22;469
11;2025-12-20;23;304
11;2025-12-21;0;121
11;2025-12-21;1;27
11;2025-12-21;2;2
11;2025-12-21;3;0
11;2025-12-21;4;0
11;2025-12-21;5;111
11;2025-12-21;6;525
11;2025-12-21;7;516
11;2025-12-21;8;783
11;2025-12-21;9;944
11;2025-12-21;10;1008
11;2025-12-21;11;1466
11;2025-12-21;12;1615
11;2025-12-21;13;1672
11;2025-12-21;14;1672
11;2025-12-21;15;1611
11;2025-12-21;16;1572
11;2025-12-21;17;1711
11;2025-12-21;18;1315
11;2025-12-21;19;1228
11;2025-12-21;20;885
11;2025-12-21;21;634
11;2025-12-21;22;402
11;2025-12-21;23;244
11;2025-12-22;0;65
11;2025-12-22;1;6
11;2025-12-22;2;0
11;2025-12-22;3;0
11;2025-12-22;4;1
11;2025-12-22;5;240
11;2025-12-22;6;1327
11;2025-12-22;7;2387
11;2025-12-22;8;3173
11;2025-12-22;9;2403
11;2025-12-22;10;1947
11;2025-12-22;11;1899
11;2025-12-22;12;1783
11;2025-12-22;13;1853
11;2025-12-22;14;1722
11;2025-12-22;15;1969
11;2025-12-22;16;2215
11;2025-12-22;17;2681
11;2025-12-22;18;2998
11;2025-12-22;19;2206
11;2025-12-22;20;1325
11;2025-12-22;21;717
11;2025-12-22;22;333
11;2025-12-22;23;199
11;2025-12-23;0;52
11;2025-12-23;1;0
11;2025-12-23;2;0
11;2025-12-23;3;0
11;2025-12-23;4;0
11;2025-12-23;5;245
11;2025-12-23;6;1377
11;2025-12-23;7;2603
11;2025-12-23;8;3407
11;2025-12-23;9;2496
11;2025-12-23;10;2052
11;2025-12-23;11;1786
11;2025-12-23;12;1954
11;2025-12-23;13;1928
11;2025-12-23;14;1896
11;2025-12-23;15;1974
11;2025-12-23;16;2282
11;2025-12-23;17;2839
11;2025-12-23;18;2979
11;2025-12-23;19;2286
11;2025-12-23;20;1516
11;2025-12-23;21;767
11;2025-12-23;22;396
11;2025-12-23;23;246
11;2025-12-24;0;58
11;2025-12-24;1;0
11;2025-12-24;2;0
11;2025-12-24;3;0
11;2025-12-24;4;0
11;2025-12-24;5;260
11;2025-12-24;6;1279
11;2025-12-24;7;2578
11;2025-12-24;8;3151
11;2025-12-24;9;2309
11;2025-12-24;10;1883
11;2025-12-24;11;1957
11;2025-12-24;12;1928
11;2025-12-24;13;2026
11;2025-12-24;14;2144
11;2025-12-24;15;1977
11;2025-12-24;16;2130
11;2025-12-24;17;2780
11;2025-12-24;18;3011
11;2025-12-24;19;2217
11;2025-12-24;20;1356
11;2025-12-24;21;828
11;2025-12-24;22;396
11;2025-12-24;23;265
11;2025-12-25;0;59
11;2025-12-25;1;1
11;2025-12-25;2;0
11;2025-12-25;3;0
11;2025-12-25;4;0
11;2025-12-25;5;237
11;2025-12-25;6;1319
11;2025-12-25;7;2539
11;2025-12-25;8;3117
11;2025-12-25;9;2370
11;2025-12-25;10;2198
11;2025-12-25;11;1799
11;2025-12-25;12;2151
11;2025-12-25;13;2209
11;2025-12-25;14;2025
11;2025-12-25;15;1851
11;2025-12-25;16;2242
11;2025-12-25;17;2842
11;2025-12-25;18;3494
11;2025-12-25;19;2292
11;2025-12-25;20;1486
11;2025-12-25;21;859
11;2025-12-25;22;432
11;2025-12-25;23;254
11;2025-12-26;0;64
11;2025-12-26;1;2
11;2025-12-26;2;0
11;2025-12-26;3;0
11;2025-12-26;4;0
11;2025-12-26;5;278
11;2025-12-26;6;1266
11;2025-12-26;7;2424
11;2025-12-26;8;3150
11;2025-12-26;9;2241
11;2025-12-26;10;1837
11;2025-12-26;11;1738
11;2025-12-26;12;1935
11;2025-12-26;13;1948
11;2025-12-26;14;2156
11;2025-12-26;15;2110
11;2025-12-26;16;2287
11;2025-12-26;17;2821
11;2025-12-26;18;2504
11;2025-12-26;19;1858
11;2025-12-26;20;1291
11;2025-12-26;21;864
11;2025-12-26;22;399
11;2025-12-26;23;299
11;2025-12-27;0;93
11;2025-12-27;1;1
11;2025-12-27;2;0
11;2025-12-27;3;0
11;2025-12-27;4;0
11;2025-12-27;5;206
11;2025-12-27;6;928
11;2025-12-27;7;853
11;2025-12-27;8;1223
11;2025-12-27;9;1288
11;2025-12-27;10;1457
11;2025-12-27;11;1703
11;2025-12-27;12;1917
11;2025-12-27;13;1931
11;2025-12-27;14;1882
11;2025-12-27;15;1755
11;2025-12-27;16;1757
11;2025-12-27;17;1807
11;2025-12-27;18;1581
11;2025-12-27;19;1670
11;2025-12-27;20;1095
11;2025-12-27;21;805
11;2025-12-27;22;469
11;2025-12-27;23;304
11;2025-12-28;0;121
11;2025-12-28;1;27
11;2025-12-28;2;2
11;2025-12-28;3;0
11;2025-12-28;4;0
11;2025-12-28;5;111
11;2025-12-28;6;525
11;2025-12-28;7;516
11;2025-12-28;8;783
11;2025-12-28;9;944
11;2025-12-28;10;1008
11;2025-12-28;11;1466
11;2025-12-28;12;1615
11;2025-12-28;13;1671
11;2025-12-28;14;1671
11;2025-12-28;15;1611
11;2025-12-28;16;1572
11;2025-12-28;17;1711
11;2025-12-28;18;1315
11;2025-12-28;19;1228
11;2025-12-28;20;884
11;2025-12-28;21;634
11;2025-12-28;22;403
11;2025-12-28;23;244
11;2025-12-29;0;65
11;2025-12-29;1;6
11;2025-12-29;2;0
11;2025-12-29;3;0
11;2025-12-29;4;1
11;2025-12-29;5;240
11;2025-12-29;6;1327
11;2025-12-29;7;2387
11;2025-12-29;8;3173
11;2025-12-29;9;2403
11;2025-12-29;10;1948
11;2025-12-29;11;1901
11;2025-12-29;12;1783
11;2025-12-29;13;1853
11;2025-12-29;14;1722
11;2025-12-29;15;1969
11;2025-12-29;16;2215
11;2025-12-29;17;2681
11;2025-12-29;18;2999
11;2025-12-29;19;2206
11;2025-12-29;20;1325
11;2025-12-29;21;717
11;2025-12-29;22;333
11;2025-12-29;23;199
11;2025-12-30;0;52
11;2025-12-30;1;0
11;2025-12-30;2;0
11;2025-12-30;3;0
11;2025-12-30;4;0
11;2025-12-30;5;245
11;2025-12-30;6;1377
11;2025-12-30;7;2603
11;2025-12-30;8;3407
11;2025-12-30;9;2497
11;2025-12-30;10;2052
11;2025-12-30;11;1786
11;2025-12-30;12;1954
11;2025-12-30;13;1928
11;2025-12-30;14;1896
11;2025-12-30;15;1974
11;2025-12-30;16;2282
11;2025-12-30;17;2839
11;2025-12-30;18;2979
11;2025-12-30;19;2286
11;2025-12-30;20;1516
11;2025-12-30;21;767
11;2025-12-30;22;396
11;2025-12-30;23;246
11;2025-12-31;0;96
11;2025-12-31;1;7
11;2025-12-31;2;0
11;2025-12-31;3;0
11;2025-12-31;4;3
11;2025-12-31;5;214
11;2025-12-31;6;731
11;2025-12-31;7;619
11;2025-12-31;8;739
11;2025-12-31;9;861
11;2025-12-31;10;963
11;2025-12-31;11;1271
11;2025-12-31;12;1412
11;2025-12-31;13;1301
11;2025-12-31;14;1445
11;2025-12-31;15;1448
11;2025-12-31;16;1328
11;2025-12-31;17;1373
11;2025-12-31;18;1332
11;2025-12-31;19;1336
11;2025-12-31;20;1228
11;2025-12-31;21;892
11;2025-12-31;22;532
11;2025-12-31;23;326
12;2025-11-01;0;75
12;2025-11-01;1;1
12;2025-11-01;2;0
12;2025-11-01;3;0
12;2025-11-01;4;2
12;2025-11-01;5;227
12;2025-11-01;6;850
12;2025-11-01;7;907
12;2025-11-01;8;1045
12;2025-11-01;9;1241
12;2025-11-01;10;1495
12;2025-11-01;11;1526
12;2025-11-01;12;1510
12;2025-11-01;13;1785
12;2025-11-01;14;1572
12;2025-11-01;15;1527
12;2025-11-01;16;1653
12;2025-11-01;17;1606
12;2025-11-01;18;1594
12;2025-11-01;19;1350
12;2025-11-01;20;1017
12;2025-11-01;21;761
12;2025-11-01;22;387
12;2025-11-01;23;296
12;2025-11-02;0;89
12;2025-11-02;1;6
12;2025-11-02;2;0
12;2025-11-02;3;0
12;2025-11-02;4;2
12;2025-11-02;5;130
12;2025-11-02;6;525
12;2025-11-02;7;712
12;2025-11-02;8;766
12;2025-11-02;9;934
12;2025-11-02;10;1218
12;2025-11-02;11;1311
12;2025-11-02;12;1439
12;2025-11-02;13;1667
12;2025-11-02;14;1540
12;2025-11-02;15;1503
12;2025-11-02;16;1554
12;2025-11-02;17;1634
12;2025-11-02;18;1397
12;2025-11-02;19;1027
12;2025-11-02;20;818
12;2025-11-02;21;638
12;2025-11-02;22;426
12;2025-11-02;23;218
12;2025-11-03;0;65
12;2025-11-03;1;4
12;2025-11-03;2;0
12;2025-11-03;3;0
12;2025-11-03;4;2
12;2025-11-03;5;219
12;2025-11-03;6;628
12;2025-11-03;7;710
12;2025-11-03;8;774
12;2025-11-03;9;835
12;2025-11-03;10;906
12;2025-11-03;11;960
12;2025-11-03;12;1001
12;2025-11-03;13;1193
12;2025-11-03;14;1169
12;2025-11-03;15;1071
12;2025-11-03;16;998
12;2025-11-03;17;1005
12;2025-11-03;18;1110
12;2025-11-03;19;1043
12;2025-11-03;20;877
12;2025-11-03;21;680
12;2025-11-03;22;394
12;2025-11-03;23;235
12;2025-11-04;0;65
12;2025-11-04;1;4
12;2025-11-04;2;0
12;2025-11-04;3;0
12;2025-11-04;4;2
12;2025-11-04;5;219
12;2025-11-04;6;628
12;2025-11-04;7;710
12;2025-11-04;8;774
12;2025-11-04;9;835
12;2025-11-04;10;906
12;2025-11-04;11;960
12;2025-11-04;12;1001
12;2025-11-04;13;1193
12;2025-11-04;14;1169
12;2025-11-04;15;1071
12;2025-11-04;16;998
12;2025-11-04;17;1005
12;2025-11-04;18;1110
12;2025-11-04;19;1043
12;2025-11-04;20;877
12;2025-11-04;21;680
12;2025-11-04;22;394
12;2025-11-04;23;235
12;2025-11-05;0;65
12;2025-11-05;1;2
12;2025-11-05;2;0
12;2025-11-05;3;0
12;2025-11-05;4;5
12;2025-11-05;5;346
12;2025-11-05;6;1460
12;2025-11-05;7;2655
12;2025-11-05;8;3700
12;2025-11-05;9;2604
12;2025-11-05;10;2114
12;2025-11-05;11;1812
12;2025-11-05;12;1877
12;2025-11-05;13;1857
12;2025-11-05;14;1782
12;2025-11-05;15;2066
12;2025-11-05;16;2574
12;2025-11-05;17;3039
12;2025-11-05;18;3131
12;2025-11-05;19;2478
12;2025-11-05;20;1576
12;2025-11-05;21;989
12;2025-11-05;22;495
12;2025-11-05;23;256
12;2025-11-06;0;45
12;2025-11-06;1;2
12;2025-11-06;2;0
12;2025-11-06;3;0
12;2025-11-06;4;6
12;2025-11-06;5;322
12;2025-11-06;6;1396
12;2025-11-06;7;2733
12;2025-11-06;8;3747
12;2025-11-06;9;2564
12;2025-11-06;10;1851
12;2025-11-06;11;1616
12;2025-11-06;12;1895
12;2025-11-06;13;1959
12;2025-11-06;14;1884
12;2025-11-06;15;2047
12;2025-11-06;16;2620
12;2025-11-06;17;2843
12;2025-11-06;18;3129
12;2025-11-06;19;2440
12;2025-11-06;20;1520
12;2025-11-06;21;935
12;2025-11-06;22;498
12;2025-11-06;23;274
12;2025-11-07;0;47
12;2025-11-07;1;2
12;2025-11-07;2;0
12;2025-11-07;3;0
12;2025-11-07;4;5
12;2025-11-07;5;322
12;2025-11-07;6;1411
12;2025-11-07;7;2828
12;2025-11-07;8;3415
12;2025-11-07;9;2404
12;2025-11-07;10;1784
12;2025-11-07;11;1888
12;2025-11-07;12;2002
12;2025-11-07;13;2104
12;2025-11-07;14;1927
12;2025-11-07;15;2225
12;2025-11-07;16;2847
12;2025-11-07;17;2867
12;2025-11-07;18;2645
12;2025-11-07;19;2232
12;2025-11-07;20;1370
12;2025-11-07;21;1023
12;2025-11-07;22;520
12;2025-11-07;23;333
12;2025-11-08;0;66
12;2025-11-08;1;4
12;2025-11-08;2;0
12;2025-11-08;3;0
12;2025-11-08;4;2
12;2025-11-08;5;249
12;2025-11-08;6;889
12;2025-11-08;7;995
12;2025-11-08;8;1086
12;2025-11-08;9;1293
12;2025-11-08;10;1412
12;2025-11-08;11;1450
12;2025-11-08;12;1447
12;2025-11-08;13;1530
12;2025-11-08;14;1527
12;2025-11-08;15;1447
12;2025-11-08;16;1569
12;2025-11-08;17;1527
12;2025-11-08;18;1449
12;2025-11-08;19;1496
12;2025-11-08;20;972
12;2025-11-08;21;816
12;2025-11-08;22;445
12;2025-11-08;23;297
12;2025-11-09;0;78
12;2025-11-09;1;8
12;2025-11-09;2;0
12;2025-11-09;3;0
12;2025-11-09;4;4
12;2025-11-09;5;159
12;2025-11-09;6;550
12;2025-11-09;7;747
12;2025-11-09;8;732
12;2025-11-09;9;958
12;2025-11-09;10;1093
12;2025-11-09;11;1255
12;2025-11-09;12;1251
12;2025-11-09;13;1403
12;2025-11-09;14;1427
12;2025-11-09;15;1437
12;2025-11-09;16;1492
12;2025-11-09;17;1529
12;2025-11-09;18;1395
12;2025-11-09;19;1069
12;2025-11-09;20;793
12;2025-11-09;21;579
12;2025-11-09;22;383
12;2025-11-09;23;219
12;2025-11-10;0;56
12;2025-11-10;1;3
12;2025-11-10;2;0
12;2025-11-10;3;0
12;2025-11-10;4;7
12;2025-11-10;5;324
12;2025-11-10;6;1355
12;2025-11-10;7;2659
12;2025-11-10;8;3477
12;2025-11-10;9;2301
12;2025-11-10;10;1675
12;2025-11-10;11;1741
12;2025-11-10;12;1889
12;2025-11-10;13;1713
12;2025-11-10;14;1764
12;2025-11-10;15;2085
12;2025-11-10;16;2580
12;2025-11-10;17;2910
12;2025-11-10;18;3176
12;2025-11-10;19;2427
12;2025-11-10;20;1643
12;2025-11-10;21;959
12;2025-11-10;22;437
12;2025-11-10;23;232
12;2025-11-11;0;47
12;2025-11-11;1;0
12;2025-11-11;2;0
12;2025-11-11;3;0
12;2025-11-11;4;7
12;2025-11-11;5;345
12;2025-11-11;6;1433
12;2025-11-11;7;2873
12;2025-11-11;8;4031
12;2025-11-11;9;2556
12;2025-11-11;10;2058
12;2025-11-11;11;2004
12;2025-11-11;12;2011
12;2025-11-11;13;2107
12;2025-11-11;14;1928
12;2025-11-11;15;2139
12;2025-11-11;16;2614
12;2025-11-11;17;3064
12;2025-11-11;18;3303
12;2025-11-11;19;2401
12;2025-11-11;20;1490
12;2025-11-11;21;908
12;2025-11-11;22;459
12;2025-11-11;23;240
12;2025-11-12;0;65
12;2025-11-12;1;2
12;2025-11-12;2;0
12;2025-11-12;3;0
12;2025-11-12;4;5
12;2025-11-12;5;346
12;2025-11-12;6;1460
12;2025-11-12;7;2656
12;2025-11-12;8;3702
12;2025-11-12;9;2606
12;2025-11-12;10;2116
12;2025-11-12;11;1813
12;2025-11-12;12;1878
12;2025-11-12;13;1858
12;2025-11-12;14;1784
12;2025-11-12;15;2068
12;2025-11-12;16;2576
12;2025-11-12;17;3041
12;2025-11-12;18;3133
12;2025-11-12;19;2480
12;2025-11-12;20;1577
12;2025-11-12;21;990
12;2025-11-12;22;495
12;2025-11-12;23;256
12;2025-11-13;0;45
12;2025-11-13;1;2
12;2025-11-13;2;0
12;2025-11-13;3;0
12;2025-11-13;4;6
12;2025-11-13;5;323
12;2025-11-13;6;1397
12;2025-11-13;7;2735
12;2025-11-13;8;3749
12;2025-11-13;9;2567
12;2025-11-13;10;1853
12;2025-11-13;11;1617
12;2025-11-13;12;1895
12;2025-11-13;13;1959
12;2025-11-13;14;1884
12;2025-11-13;15;2048
12;2025-11-13;16;2621
12;2025-11-13;17;2843
12;2025-11-13;18;3129
12;2025-11-13;19;2440
12;2025-11-13;20;1523
12;2025-11-13;21;935
12;2025-11-13;22;498
12;2025-11-13;23;275
12;2025-11-14;0;47
12;2025-11-14;1;2
12;2025-11-14;2;0
12;2025-11-14;3;0
12;2025-11-14;4;5
12;2025-11-14;5;323
12;2025-11-14;6;1411
12;2025-11-14;7;2829
12;2025-11-14;8;3417
12;2025-11-14;9;2405
12;2025-11-14;10;1784
12;2025-11-14;11;1888
12;2025-11-14;12;2002
12;2025-11-14;13;2104
12;2025-11-14;14;1928
12;2025-11-14;15;2226
12;2025-11-14;16;2847
12;2025-11-14;17;2867
12;2025-11-14;18;2646
12;2025-11-14;19;2233
12;2025-11-14;20;1370
12;2025-11-14;21;1023
12;2025-11-14;22;520
12;2025-11-14;23;332
12;2025-11-15;0;74
12;2025-11-15;1;1
12;2025-11-15;2;0
12;2025-11-15;3;0
12;2025-11-15;4;2
12;2025-11-15;5;226
12;2025-11-15;6;849
12;2025-11-15;7;906
12;2025-11-15;8;1045
12;2025-11-15;9;1240
12;2025-11-15;10;1494
12;2025-11-15;11;1525
12;2025-11-15;12;1508
12;2025-11-15;13;1783
12;2025-11-15;14;1572
12;2025-11-15;15;1526
12;2025-11-15;16;1652
12;2025-11-15;17;1606
12;2025-11-15;18;1594
12;2025-11-15;19;1350
12;2025-11-15;20;1017
12;2025-11-15;21;761
12;2025-11-15;22;386
12;2025-11-15;23;295
12;2025-11-16;0;88
12;2025-11-16;1;6
12;2025-11-16;2;0
12;2025-11-16;3;0
12;2025-11-16;4;2
12;2025-11-16;5;130
12;2025-11-16;6;525
12;2025-11-16;7;712
12;2025-11-16;8;766
12;2025-11-16;9;934
12;2025-11-16;10;1218
12;2025-11-16;11;1311
12;2025-11-16;12;1439
12;2025-11-16;13;1666
12;2025-11-16;14;1541
12;2025-11-16;15;1503
12;2025-11-16;16;1553
12;2025-11-16;17;1633
12;2025-11-16;18;1397
12;2025-11-16;19;1027
12;2025-11-16;20;818
12;2025-11-16;21;638
12;2025-11-16;22;426
12;2025-11-16;23;218
12;2025-11-17;0;59
12;2025-11-17;1;2
12;2025-11-17;2;0
12;2025-11-17;3;0
12;2025-11-17;4;8
12;2025-11-17;5;316
12;2025-11-17;6;1524
12;2025-11-17;7;2546
12;2025-11-17;8;3407
12;2025-11-17;9;2559
12;2025-11-17;10;2065
12;2025-11-17;11;1838
12;2025-11-17;12;1993
12;2025-11-17;13;1888
12;2025-11-17;14;1898
12;2025-11-17;15;2088
12;2025-11-17;16;2480
12;2025-11-17;17;2824
12;2025-11-17;18;2967
12;2025-11-17;19;2220
12;2025-11-17;20;1553
12;2025-11-17;21;895
12;2025-11-17;22;424
12;2025-11-17;23;228
12;2025-11-18;0;45
12;2025-11-18;1;2
12;2025-11-18;2;0
12;2025-11-18;3;0
12;2025-11-18;4;6
12;2025-11-18;5;335
12;2025-11-18;6;1467
12;2025-11-18;7;2716
12;2025-11-18;8;3452
12;2025-11-18;9;2629
12;2025-11-18;10;2143
12;2025-11-18;11;1974
12;2025-11-18;12;2053
12;2025-11-18;13;2081
12;2025-11-18;14;2019
12;2025-11-18;15;2216
12;2025-11-18;16;2612
12;2025-11-18;17;3015
12;2025-11-18;18;3110
12;2025-11-18;19;2366
12;2025-11-18;20;1521
12;2025-11-18;21;929
12;2025-11-18;22;484
12;2025-11-18;23;262
12;2025-11-19;0;53
12;2025-11-19;1;4
12;2025-11-19;2;0
12;2025-11-19;3;0
12;2025-11-19;4;9
12;2025-11-19;5;342
12;2025-11-19;6;1511
12;2025-11-19;7;2718
12;2025-11-19;8;3575
12;2025-11-19;9;2652
12;2025-11-19;10;2182
12;2025-11-19;11;2156
12;2025-11-19;12;2255
12;2025-11-19;13;2178
12;2025-11-19;14;2065
12;2025-11-19;15;2422
12;2025-11-19;16;2900
12;2025-11-19;17;2898
12;2025-11-19;18;3150
12;2025-11-19;19;2410
12;2025-11-19;20;1472
12;2025-11-19;21;1018
12;2025-11-19;22;504
12;2025-11-19;23;265
12;2025-11-20;0;53
12;2025-11-20;1;2
12;2025-11-20;2;0
12;2025-11-20;3;0
12;2025-11-20;4;8
12;2025-11-20;5;313
12;2025-11-20;6;1492
12;2025-11-20;7;2743
12;2025-11-20;8;3573
12;2025-11-20;9;2510
12;2025-11-20;10;2317
12;2025-11-20;11;2249
12;2025-11-20;12;2135
12;2025-11-20;13;2084
12;2025-11-20;14;1991
12;2025-11-20;15;2362
12;2025-11-20;16;2778
12;2025-11-20;17;3133
12;2025-11-20;18;3347
12;2025-11-20;19;2498
12;2025-11-20;20;1583
12;2025-11-20;21;926
12;2025-11-20;22;514
12;2025-11-20;23;265
12;2025-11-21;0;62
12;2025-11-21;1;2
12;2025-11-21;2;0
12;2025-11-21;3;0
12;2025-11-21;4;5
12;2025-11-21;5;343
12;2025-11-21;6;1421
12;2025-11-21;7;2591
12;2025-11-21;8;3343
12;2025-11-21;9;2455
12;2025-11-21;10;1983
12;2025-11-21;11;2000
12;2025-11-21;12;1914
12;2025-11-21;13;2140
12;2025-11-21;14;2076
12;2025-11-21;15;2398
12;2025-11-21;16;2946
12;2025-11-21;17;3063
12;2025-11-21;18;2615
12;2025-11-21;19;2145
12;2025-11-21;20;1508
12;2025-11-21;21;994
12;2025-11-21;22;510
12;2025-11-21;23;309
12;2025-11-22;0;74
12;2025-11-22;1;1
12;2025-11-22;2;0
12;2025-11-22;3;0
12;2025-11-22;4;2
12;2025-11-22;5;226
12;2025-11-22;6;849
12;2025-11-22;7;906
12;2025-11-22;8;1045
12;2025-11-22;9;1241
12;2025-11-22;10;1495
12;2025-11-22;11;1526
12;2025-11-22;12;1509
12;2025-11-22;13;1784
12;2025-11-22;14;1572
12;2025-11-22;15;1526
12;2025-11-22;16;1652
12;2025-11-22;17;1606
12;2025-11-22;18;1594
12;2025-11-22;19;1350
12;2025-11-22;20;1017
12;2025-11-22;21;761
12;2025-11-22;22;386
12;2025-11-22;23;295
12;2025-11-23;0;88
12;2025-11-23;1;6
12;2025-11-23;2;0
12;2025-11-23;3;0
12;2025-11-23;4;2
12;2025-11-23;5;130
12;2025-11-23;6;525
12;2025-11-23;7;712
12;2025-11-23;8;766
12;2025-11-23;9;934
12;2025-11-23;10;1218
12;2025-11-23;11;1311
12;2025-11-23;12;1439
12;2025-11-23;13;1666
12;2025-11-23;14;1541
12;2025-11-23;15;1503
12;2025-11-23;16;1553
12;2025-11-23;17;1633
12;2025-11-23;18;1397
12;2025-11-23;19;1027
12;2025-11-23;20;818
12;2025-11-23;21;638
12;2025-11-23;22;426
12;2025-11-23;23;218
12;2025-11-24;0;56
12;2025-11-24;1;3
12;2025-11-24;2;0
12;2025-11-24;3;0
12;2025-11-24;4;7
12;2025-11-24;5;323
12;2025-11-24;6;1354
12;2025-11-24;7;2658
12;2025-11-24;8;3477
12;2025-11-24;9;2299
12;2025-11-24;10;1673
12;2025-11-24;11;1738
12;2025-11-24;12;1886
12;2025-11-24;13;1712
12;2025-11-24;14;1764
12;2025-11-24;15;2083
12;2025-11-24;16;2578
12;2025-11-24;17;2910
12;2025-11-24;18;3175
12;2025-11-24;19;2426
12;2025-11-24;20;1643
12;2025-11-24;21;959
12;2025-11-24;22;437
12;2025-11-24;23;232
12;2025-11-25;0;47
12;2025-11-25;1;0
12;2025-11-25;2;0
12;2025-11-25;3;0
12;2025-11-25;4;7
12;2025-11-25;5;345
12;2025-11-25;6;1433
12;2025-11-25;7;2873
12;2025-11-25;8;4031
12;2025-11-25;9;2556
12;2025-11-25;10;2060
12;2025-11-25;11;2006
12;2025-11-25;12;2014
12;2025-11-25;13;2111
12;2025-11-25;14;1931
12;2025-11-25;15;2140
12;2025-11-25;16;2616
12;2025-11-25;17;3065
12;2025-11-25;18;3305
12;2025-11-25;19;2402
12;2025-11-25;20;1490
12;2025-11-25;21;908
12;2025-11-25;22;459
12;2025-11-25;23;240
12;2025-11-26;0;65
12;2025-11-26;1;2
12;2025-11-26;2;0
12;2025-11-26;3;0
12;2025-11-26;4;5
12;2025-11-26;5;346
12;2025-11-26;6;1460
12;2025-11-26;7;2656
12;2025-11-26;8;3701
12;2025-11-26;9;2606
12;2025-11-26;10;2118
12;2025-11-26;11;1815
12;2025-11-26;12;1880
12;2025-11-26;13;1860
12;2025-11-26;14;1785
12;2025-11-26;15;2069
12;2025-11-26;16;2577
12;2025-11-26;17;3043
12;2025-11-26;18;3134
12;2025-11-26;19;2481
12;2025-11-26;20;1578
12;2025-11-26;21;990
12;2025-11-26;22;495
12;2025-11-26;23;256
12;2025-11-27;0;45
12;2025-11-27;1;2
12;2025-11-27;2;0
12;2025-11-27;3;0
12;2025-11-27;4;6
12;2025-11-27;5;323
12;2025-11-27;6;1398
12;2025-11-27;7;2736
12;2025-11-27;8;3749
12;2025-11-27;9;2567
12;2025-11-27;10;1853
12;2025-11-27;11;1618
12;2025-11-27;12;1896
12;2025-11-27;13;1961
12;2025-11-27;14;1885
12;2025-11-27;15;2050
12;2025-11-27;16;2623
12;2025-11-27;17;2845
12;2025-11-27;18;3131
12;2025-11-27;19;2441
12;2025-11-27;20;1523
12;2025-11-27;21;935
12;2025-11-27;22;498
12;2025-11-27;23;273
12;2025-11-28;0;46
12;2025-11-28;1;2
12;2025-11-28;2;0
12;2025-11-28;3;0
12;2025-11-28;4;5
12;2025-11-28;5;322
12;2025-11-28;6;1411
12;2025-11-28;7;2829
12;2025-11-28;8;3418
12;2025-11-28;9;2408
12;2025-11-28;10;1786
12;2025-11-28;11;1890
12;2025-11-28;12;2006
12;2025-11-28;13;2107
12;2025-11-28;14;1930
12;2025-11-28;15;2228
12;2025-11-28;16;2851
12;2025-11-28;17;2870
12;2025-11-28;18;2649
12;2025-11-28;19;2236
12;2025-11-28;20;1372
12;2025-11-28;21;1024
12;2025-11-28;22;521
12;2025-11-28;23;333
12;2025-11-29;0;66
12;2025-11-29;1;4
12;2025-11-29;2;0
12;2025-11-29;3;0
12;2025-11-29;4;2
12;2025-11-29;5;250
12;2025-11-29;6;891
12;2025-11-29;7;997
12;2025-11-29;8;1088
12;2025-11-29;9;1295
12;2025-11-29;10;1414
12;2025-11-29;11;1452
12;2025-11-29;12;1450
12;2025-11-29;13;1533
12;2025-11-29;14;1530
12;2025-11-29;15;1449
12;2025-11-29;16;1571
12;2025-11-29;17;1529
12;2025-11-29;18;1451
12;2025-11-29;19;1498
12;2025-11-29;20;974
12;2025-11-29;21;817
12;2025-11-29;22;446
12;2025-11-29;23;298
12;2025-11-30;0;77
12;2025-11-30;1;8
12;2025-11-30;2;0
12;2025-11-30;3;0
12;2025-11-30;4;4
12;2025-11-30;5;159
12;2025-11-30;6;551
12;2025-11-30;7;748
12;2025-11-30;8;734
12;2025-11-30;9;960
12;2025-11-30;10;1095
12;2025-11-30;11;1257
12;2025-11-30;12;1252
12;2025-11-30;13;1405
12;2025-11-30;14;1428
12;2025-11-30;15;1439
12;2025-11-30;16;1493
12;2025-11-30;17;1530
12;2025-11-30;18;1396
12;2025-11-30;19;1070
12;2025-11-30;20;794
12;2025-11-30;21;579
12;2025-11-30;22;383
12;2025-11-30;23;219
12;2025-12-01;0;56
12;2025-12-01;1;3
12;2025-12-01;2;0
12;2025-12-01;3;0
12;2025-12-01;4;7
12;2025-12-01;5;324
12;2025-12-01;6;1355
12;2025-12-01;7;2659
12;2025-12-01;8;3477
12;2025-12-01;9;2301
12;2025-12-01;10;1675
12;2025-12-01;11;1741
12;2025-12-01;12;1889
12;2025-12-01;13;1714
12;2025-12-01;14;1766
12;2025-12-01;15;2086
12;2025-12-01;16;2581
12;2025-12-01;17;2910
12;2025-12-01;18;3176
12;2025-12-01;19;2427
12;2025-12-01;20;1643
12;2025-12-01;21;959
12;2025-12-01;22;437
12;2025-12-01;23;232
12;2025-12-02;0;47
12;2025-12-02;1;0
12;2025-12-02;2;0
12;2025-12-02;3;0
12;2025-12-02;4;7
12;2025-12-02;5;345
12;2025-12-02;6;1433
12;2025-12-02;7;2873
12;2025-12-02;8;4031
12;2025-12-02;9;2556
12;2025-12-02;10;2060
12;2025-12-02;11;2006
12;2025-12-02;12;2014
12;2025-12-02;13;2111
12;2025-12-02;14;1931
12;2025-12-02;15;2140
12;2025-12-02;16;2616
12;2025-12-02;17;3065
12;2025-12-02;18;3305
12;2025-12-02;19;2402
12;2025-12-02;20;1490
12;2025-12-02;21;908
12;2025-12-02;22;459
12;2025-12-02;23;240
12;2025-12-03;0;65
12;2025-12-03;1;2
12;2025-12-03;2;0
12;2025-12-03;3;0
12;2025-12-03;4;5
12;2025-12-03;5;346
12;2025-12-03;6;1460
12;2025-12-03;7;2656
12;2025-12-03;8;3702
12;2025-12-03;9;2606
12;2025-12-03;10;2118
12;2025-12-03;11;1815
12;2025-12-03;12;1880
12;2025-12-03;13;1860
12;2025-12-03;14;1785
12;2025-12-03;15;2069
12;2025-12-03;16;2577
12;2025-12-03;17;3043
12;2025-12-03;18;3135
12;2025-12-03;19;2482
12;2025-12-03;20;1578
12;2025-12-03;21;991
12;2025-12-03;22;496
12;2025-12-03;23;256
12;2025-12-04;0;45
12;2025-12-04;1;2
12;2025-12-04;2;0
12;2025-12-04;3;0
12;2025-12-04;4;6
12;2025-12-04;5;323
12;2025-12-04;6;1398
12;2025-12-04;7;2736
12;2025-12-04;8;3751
12;2025-12-04;9;2568
12;2025-12-04;10;1855
12;2025-12-04;11;1620
12;2025-12-04;12;1898
12;2025-12-04;13;1962
12;2025-12-04;14;1887
12;2025-12-04;15;2051
12;2025-12-04;16;2625
12;2025-12-04;17;2847
12;2025-12-04;18;3133
12;2025-12-04;19;2443
12;2025-12-04;20;1525
12;2025-12-04;21;937
12;2025-12-04;22;499
12;2025-12-04;23;275
12;2025-12-05;0;47
12;2025-12-05;1;2
12;2025-12-05;2;0
12;2025-12-05;3;0
12;2025-12-05;4;5
12;2025-12-05;5;323
12;2025-12-05;6;1412
12;2025-12-05;7;2831
12;2025-12-05;8;3419
12;2025-12-05;9;2409
12;2025-12-05;10;1787
12;2025-12-05;11;1891
12;2025-12-05;12;2006
12;2025-12-05;13;2108
12;2025-12-05;14;1930
12;2025-12-05;15;2229
12;2025-12-05;16;2851
12;2025-12-05;17;2870
12;2025-12-05;18;2649
12;2025-12-05;19;2236
12;2025-12-05;20;1372
12;2025-12-05;21;1024
12;2025-12-05;22;521
12;2025-12-05;23;333
12;2025-12-06;0;66
12;2025-12-06;1;4
12;2025-12-06;2;0
12;2025-12-06;3;0
12;2025-12-06;4;2
12;2025-12-06;5;250
12;2025-12-06;6;891
12;2025-12-06;7;997
12;2025-12-06;8;1088
12;2025-12-06;9;1295
12;2025-12-06;10;1414
12;2025-12-06;11;1452
12;2025-12-06;12;1450
12;2025-12-06;13;1532
12;2025-12-06;14;1529
12;2025-12-06;15;1449
12;2025-12-06;16;1571
12;2025-12-06;17;1529
12;2025-12-06;18;1451
12;2025-12-06;19;1498
12;2025-12-06;20;974
12;2025-12-06;21;817
12;2025-12-06;22;446
12;2025-12-06;23;298
12;2025-12-07;0;77
12;2025-12-07;1;8
12;2025-12-07;2;0
12;2025-12-07;3;0
12;2025-12-07;4;4
12;2025-12-07;5;159
12;2025-12-07;6;551
12;2025-12-07;7;748
12;2025-12-07;8;734
12;2025-12-07;9;960
12;2025-12-07;10;1095
12;2025-12-07;11;1257
12;2025-12-07;12;1252
12;2025-12-07;13;1405
12;2025-12-07;14;1428
12;2025-12-07;15;1439
12;2025-12-07;16;1493
12;2025-12-07;17;1530
12;2025-12-07;18;1396
12;2025-12-07;19;1070
12;2025-12-07;20;794
12;2025-12-07;21;579
12;2025-12-07;22;383
12;2025-12-07;23;219
12;2025-12-08;0;56
12;2025-12-08;1;3
12;2025-12-08;2;0
12;2025-12-08;3;0
12;2025-12-08;4;7
12;2025-12-08;5;324
12;2025-12-08;6;1355
12;2025-12-08;7;2659
12;2025-12-08;8;3477
12;2025-12-08;9;2301
12;2025-12-08;10;1675
12;2025-12-08;11;1741
12;2025-12-08;12;1889
12;2025-12-08;13;1714
12;2025-12-08;14;1766
12;2025-12-08;15;2086
12;2025-12-08;16;2581
12;2025-12-08;17;2910
12;2025-12-08;18;3176
12;2025-12-08;19;2427
12;2025-12-08;20;1643
12;2025-12-08;21;959
12;2025-12-08;22;437
12;2025-12-08;23;232
12;2025-12-09;0;47
12;2025-12-09;1;0
12;2025-12-09;2;0
12;2025-12-09;3;0
12;2025-12-09;4;7
12;2025-12-09;5;345
12;2025-12-09;6;1433
12;2025-12-09;7;2873
12;2025-12-09;8;4030
12;2025-12-09;9;2556
12;2025-12-09;10;2060
12;2025-12-09;11;2006
12;2025-12-09;12;2014
12;2025-12-09;13;2111
12;2025-12-09;14;1931
12;2025-12-09;15;2140
12;2025-12-09;16;2616
12;2025-12-09;17;3065
12;2025-12-09;18;3305
12;2025-12-09;19;2402
12;2025-12-09;20;1490
12;2025-12-09;21;908
12;2025-12-09;22;459
12;2025-12-09;23;240
12;2025-12-10;0;65
12;2025-12-10;1;2
12;2025-12-10;2;0
12;2025-12-10;3;0
12;2025-12-10;4;5
12;2025-12-10;5;346
12;2025-12-10;6;1460
12;2025-12-10;7;2656
12;2025-12-10;8;3702
12;2025-12-10;9;2606
12;2025-12-10;10;2118
12;2025-12-10;11;1815
12;2025-12-10;12;1880
12;2025-12-10;13;1860
12;2025-12-10;14;1785
12;2025-12-10;15;2069
12;2025-12-10;16;2577
12;2025-12-10;17;3043
12;2025-12-10;18;3135
12;2025-12-10;19;2482
12;2025-12-10;20;1578
12;2025-12-10;21;991
12;2025-12-10;22;496
12;2025-12-10;23;256
12;2025-12-11;0;45
12;2025-12-11;1;2
12;2025-12-11;2;0
12;2025-12-11;3;0
12;2025-12-11;4;6
12;2025-12-11;5;323
12;2025-12-11;6;1398
12;2025-12-11;7;2736
12;2025-12-11;8;3750
12;2025-12-11;9;2567
12;2025-12-11;10;1853
12;2025-12-11;11;1619
12;2025-12-11;12;1898
12;2025-12-11;13;1962
12;2025-12-11;14;1887
12;2025-12-11;15;2051
12;2025-12-11;16;2624
12;2025-12-11;17;2846
12;2025-12-11;18;3133
12;2025-12-11;19;2442
12;2025-12-11;20;1524
12;2025-12-11;21;936
12;2025-12-11;22;499
12;2025-12-11;23;275
12;2025-12-12;0;47
12;2025-12-12;1;2
12;2025-12-12;2;0
12;2025-12-12;3;0
12;2025-12-12;4;5
12;2025-12-12;5;323
12;2025-12-12;6;1412
12;2025-12-12;7;2829
12;2025-12-12;8;3418
12;2025-12-12;9;2407
12;2025-12-12;10;1786
12;2025-12-12;11;1890
12;2025-12-12;12;2004
12;2025-12-12;13;2107
12;2025-12-12;14;1929
12;2025-12-12;15;2228
12;2025-12-12;16;2850
12;2025-12-12;17;2870
12;2025-12-12;18;2649
12;2025-12-12;19;2235
12;2025-12-12;20;1371
12;2025-12-12;21;1024
12;2025-12-12;22;521
12;2025-12-12;23;333
12;2025-12-13;0;66
12;2025-12-13;1;4
12;2025-12-13;2;0
12;2025-12-13;3;0
12;2025-12-13;4;2
12;2025-12-13;5;250
12;2025-12-13;6;890
12;2025-12-13;7;995
12;2025-12-13;8;1087
12;2025-12-13;9;1293
12;2025-12-13;10;1412
12;2025-12-13;11;1451
12;2025-12-13;12;1449
12;2025-12-13;13;1531
12;2025-12-13;14;1528
12;2025-12-13;15;1447
12;2025-12-13;16;1570
12;2025-12-13;17;1528
12;2025-12-13;18;1450
12;2025-12-13;19;1497
12;2025-12-13;20;973
12;2025-12-13;21;817
12;2025-12-13;22;446
12;2025-12-13;23;298
12;2025-12-14;0;77
12;2025-12-14;1;8
12;2025-12-14;2;0
12;2025-12-14;3;0
12;2025-12-14;4;4
12;2025-12-14;5;159
12;2025-12-14;6;551
12;2025-12-14;7;748
12;2025-12-14;8;734
12;2025-12-14;9;959
12;2025-12-14;10;1095
12;2025-12-14;11;1257
12;2025-12-14;12;1251
12;2025-12-14;13;1402
12;2025-12-14;14;1426
12;2025-12-14;15;1437
12;2025-12-14;16;1493
12;2025-12-14;17;1530
12;2025-12-14;18;1395
12;2025-12-14;19;1070
12;2025-12-14;20;794
12;2025-12-14;21;579
12;2025-12-14;22;383
12;2025-12-14;23;219
12;2025-12-15;0;56
12;2025-12-15;1;3
12;2025-12-15;2;0
12;2025-12-15;3;0
12;2025-12-15;4;7
12;2025-12-15;5;324
12;2025-12-15;6;1355
12;2025-12-15;7;2659
12;2025-12-15;8;3477
12;2025-12-15;9;2301
12;2025-12-15;10;1675
12;2025-12-15;11;1741
12;2025-12-15;12;1889
12;2025-12-15;13;1714
12;2025-12-15;14;1766
12;2025-12-15;15;2086
12;2025-12-15;16;2581
12;2025-12-15;17;2910
12;2025-12-15;18;3176
12;2025-12-15;19;2426
12;2025-12-15;20;1643
12;2025-12-15;21;959
12;2025-12-15;22;437
12;2025-12-15;23;232
12;2025-12-16;0;47
12;2025-12-16;1;0
12;2025-12-16;2;0
12;2025-12-16;3;0
12;2025-12-16;4;7
12;2025-12-16;5;345
12;2025-12-16;6;1433
12;2025-12-16;7;2873
12;2025-12-16;8;4030
12;2025-12-16;9;2555
12;2025-12-16;10;2060
12;2025-12-16;11;2006
12;2025-12-16;12;2014
12;2025-12-16;13;2110
12;2025-12-16;14;1931
12;2025-12-16;15;2140
12;2025-12-16;16;2616
12;2025-12-16;17;3065
12;2025-12-16;18;3304
12;2025-12-16;19;2402
12;2025-12-16;20;1490
12;2025-12-16;21;908
12;2025-12-16;22;459
12;2025-12-16;23;240
12;2025-12-17;0;65
12;2025-12-17;1;2
12;2025-12-17;2;0
12;2025-12-17;3;0
12;2025-12-17;4;5
12;2025-12-17;5;346
12;2025-12-17;6;1460
12;2025-12-17;7;2656
12;2025-12-17;8;3701
12;2025-12-17;9;2606
12;2025-12-17;10;2118
12;2025-12-17;11;1815
12;2025-12-17;12;1880
12;2025-12-17;13;1860
12;2025-12-17;14;1785
12;2025-12-17;15;2069
12;2025-12-17;16;2577
12;2025-12-17;17;3043
12;2025-12-17;18;3134
12;2025-12-17;19;2482
12;2025-12-17;20;1578
12;2025-12-17;21;991
12;2025-12-17;22;496
12;2025-12-17;23;256
12;2025-12-18;0;45
12;2025-12-18;1;2
12;2025-12-18;2;0
12;2025-12-18;3;0
12;2025-12-18;4;6
12;2025-12-18;5;323
12;2025-12-18;6;1398
12;2025-12-18;7;2736
12;2025-12-18;8;3750
12;2025-12-18;9;2568
12;2025-12-18;10;1855
12;2025-12-18;11;1620
12;2025-12-18;12;1898
12;2025-12-18;13;1962
12;2025-12-18;14;1887
12;2025-12-18;15;2051
12;2025-12-18;16;2625
12;2025-12-18;17;2847
12;2025-12-18;18;3133
12;2025-12-18;19;2443
12;2025-12-18;20;1525
12;2025-12-18;21;937
12;2025-12-18;22;499
12;2025-12-18;23;275
12;2025-12-19;0;47
12;2025-12-19;1;2
12;2025-12-19;2;0
12;2025-12-19;3;0
12;2025-12-19;4;5
12;2025-12-19;5;323
12;2025-12-19;6;1412
12;2025-12-19;7;2831
12;2025-12-19;8;3419
12;2025-12-19;9;2409
12;2025-12-19;10;1787
12;2025-12-19;11;1891
12;2025-12-19;12;2005
12;2025-12-19;13;2108
12;2025-12-19;14;1930
12;2025-12-19;15;2229
12;2025-12-19;16;2851
12;2025-12-19;17;2870
12;2025-12-19;18;2649
12;2025-12-19;19;2236
12;2025-12-19;20;1372
12;2025-12-19;21;1025
12;2025-12-19;22;521
12;2025-12-19;23;333
12;2025-12-20;0;66
12;2025-12-20;1;4
12;2025-12-20;2;0
12;2025-12-20;3;0
12;2025-12-20;4;2
12;2025-12-20;5;250
12;2025-12-20;6;891
12;2025-12-20;7;997
12;2025-12-20;8;1089
12;2025-12-20;9;1295
12;2025-12-20;10;1414
12;2025-12-20;11;1453
12;2025-12-20;12;1450
12;2025-12-20;13;1533
12;2025-12-20;14;1530
12;2025-12-20;15;1449
12;2025-12-20;16;1571
12;2025-12-20;17;1529
12;2025-12-20;18;1451
12;2025-12-20;19;1498
12;2025-12-20;20;974
12;2025-12-20;21;817
12;2025-12-20;22;446
12;2025-12-20;23;298
12;2025-12-21;0;77
12;2025-12-21;1;8
12;2025-12-21;2;0
12;2025-12-21;3;0
12;2025-12-21;4;4
12;2025-12-21;5;159
12;2025-12-21;6;551
12;2025-12-21;7;748
12;2025-12-21;8;734
12;2025-12-21;9;960
12;2025-12-21;10;1095
12;2025-12-21;11;1257
12;2025-12-21;12;1253
12;2025-12-21;13;1405
12;2025-12-21;14;1429
12;2025-12-21;15;1439
12;2025-12-21;16;1493
12;2025-12-21;17;1530
12;2025-12-21;18;1396
12;2025-12-21;19;1070
12;2025-12-21;20;794
12;2025-12-21;21;579
12;2025-12-21;22;383
12;2025-12-21;23;219
12;2025-12-22;0;56
12;2025-12-22;1;3
12;2025-12-22;2;0
12;2025-12-22;3;0
12;2025-12-22;4;7
12;2025-12-22;5;324
12;2025-12-22;6;1355
12;2025-12-22;7;2659
12;2025-12-22;8;3477
12;2025-12-22;9;2301
12;2025-12-22;10;1674
12;2025-12-22;11;1740
12;2025-12-22;12;1889
12;2025-12-22;13;1714
12;2025-12-22;14;1766
12;2025-12-22;15;2086
12;2025-12-22;16;2581
12;2025-12-22;17;2910
12;2025-12-22;18;3175
12;2025-12-22;19;2426
12;2025-12-22;20;1643
12;2025-12-22;21;959
12;2025-12-22;22;437
12;2025-12-22;23;232
12;2025-12-23;0;47
12;2025-12-23;1;0
12;2025-12-23;2;0
12;2025-12-23;3;0
12;2025-12-23;4;7
12;2025-12-23;5;345
12;2025-12-23;6;1433
12;2025-12-23;7;2873
12;2025-12-23;8;4030
12;2025-12-23;9;2555
12;2025-12-23;10;2059
12;2025-12-23;11;2006
12;2025-12-23;12;2014
12;2025-12-23;13;2111
12;2025-12-23;14;1931
12;2025-12-23;15;2140
12;2025-12-23;16;2616
12;2025-12-23;17;3065
12;2025-12-23;18;3304
12;2025-12-23;19;2402
12;2025-12-23;20;1490
12;2025-12-23;21;908
12;2025-12-23;22;459
12;2025-12-23;23;240
12;2025-12-24;0;65
12;2025-12-24;1;2
12;2025-12-24;2;0
12;2025-12-24;3;0
12;2025-12-24;4;5
12;2025-12-24;5;346
12;2025-12-24;6;1460
12;2025-12-24;7;2656
12;2025-12-24;8;3701
12;2025-12-24;9;2606
12;2025-12-24;10;2118
12;2025-12-24;11;1815
12;2025-12-24;12;1880
12;2025-12-24;13;1860
12;2025-12-24;14;1785
12;2025-12-24;15;2069
12;2025-12-24;16;2577
12;2025-12-24;17;3043
12;2025-12-24;18;3134
12;2025-12-24;19;2482
12;2025-12-24;20;1578
12;2025-12-24;21;991
12;2025-12-24;22;496
12;2025-12-24;23;256
12;2025-12-25;0;45
12;2025-12-25;1;2
12;2025-12-25;2;0
12;2025-12-25;3;0
12;2025-12-25;4;6
12;2025-12-25;5;323
12;2025-12-25;6;1398
12;2025-12-25;7;2736
12;2025-12-25;8;3750
12;2025-12-25;9;2568
12;2025-12-25;10;1855
12;2025-12-25;11;1620
12;2025-12-25;12;1898
12;2025-12-25;13;1962
12;2025-12-25;14;1887
12;2025-12-25;15;2051
12;2025-12-25;16;2625
12;2025-12-25;17;2847
12;2025-12-25;18;3132
12;2025-12-25;19;2443
12;2025-12-25;20;1525
12;2025-12-25;21;937
12;2025-12-25;22;499
12;2025-12-25;23;274
12;2025-12-26;0;47
12;2025-12-26;1;2
12;2025-12-26;2;0
12;2025-12-26;3;0
12;2025-12-26;4;5
12;2025-12-26;5;323
12;2025-12-26;6;1412
12;2025-12-26;7;2831
12;2025-12-26;8;3419
12;2025-12-26;9;2408
12;2025-12-26;10;1786
12;2025-12-26;11;1890
12;2025-12-26;12;2005
12;2025-12-26;13;2107
12;2025-12-26;14;1930
12;2025-12-26;15;2228
12;2025-12-26;16;2851
12;2025-12-26;17;2870
12;2025-12-26;18;2649
12;2025-12-26;19;2235
12;2025-12-26;20;1371
12;2025-12-26;21;1024
12;2025-12-26;22;521
12;2025-12-26;23;333
12;2025-12-27;0;66
12;2025-12-27;1;4
12;2025-12-27;2;0
12;2025-12-27;3;0
12;2025-12-27;4;2
12;2025-12-27;5;250
12;2025-12-27;6;891
12;2025-12-27;7;996
12;2025-12-27;8;1088
12;2025-12-27;9;1295
12;2025-12-27;10;1414
12;2025-12-27;11;1453
12;2025-12-27;12;1450
12;2025-12-27;13;1533
12;2025-12-27;14;1530
12;2025-12-27;15;1449
12;2025-12-27;16;1571
12;2025-12-27;17;1529
12;2025-12-27;18;1451
12;2025-12-27;19;1498
12;2025-12-27;20;974
12;2025-12-27;21;817
12;2025-12-27;22;446
12;2025-12-27;23;298
12;2025-12-28;0;77
12;2025-12-28;1;8
12;2025-12-28;2;0
12;2025-12-28;3;0
12;2025-12-28;4;4
12;2025-12-28;5;159
12;2025-12-28;6;551
12;2025-12-28;7;748
12;2025-12-28;8;734
12;2025-12-28;9;959
12;2025-12-28;10;1095
12;2025-12-28;11;1257
12;2025-12-28;12;1252
12;2025-12-28;13;1404
12;2025-12-28;14;1428
12;2025-12-28;15;1438
12;2025-12-28;16;1493
12;2025-12-28;17;1530
12;2025-12-28;18;1396
12;2025-12-28;19;1070
12;2025-12-28;20;794
12;2025-12-28;21;579
12;2025-12-28;22;383
12;2025-12-28;23;219
12;2025-12-29;0;56
12;2025-12-29;1;3
12;2025-12-29;2;0
12;2025-12-29;3;0
12;2025-12-29;4;7
12;2025-12-29;5;324
12;2025-12-29;6;1355
12;2025-12-29;7;2659
12;2025-12-29;8;3477
12;2025-12-29;9;2301
12;2025-12-29;10;1675
12;2025-12-29;11;1741
12;2025-12-29;12;1889
12;2025-12-29;13;1714
12;2025-12-29;14;1766
12;2025-12-29;15;2086
12;2025-12-29;16;2581
12;2025-12-29;17;2910
12;2025-12-29;18;3176
12;2025-12-29;19;2426
12;2025-12-29;20;1643
12;2025-12-29;21;959
12;2025-12-29;22;437
12;2025-12-29;23;232
12;2025-12-30;0;47
12;2025-12-30;1;0
12;2025-12-30;2;0
12;2025-12-30;3;0
12;2025-12-30;4;7
12;2025-12-30;5;345
12;2025-12-30;6;1433
12;2025-12-30;7;2873
12;2025-12-30;8;4030
12;2025-12-30;9;2555
12;2025-12-30;10;2059
12;2025-12-30;11;2006
12;2025-12-30;12;2014
12;2025-12-30;13;2111
12;2025-12-30;14;1931
12;2025-12-30;15;2140
12;2025-12-30;16;2616
12;2025-12-30;17;3065
12;2025-12-30;18;3304
12;2025-12-30;19;2402
12;2025-12-30;20;1490
12;2025-12-30;21;908
12;2025-12-30;22;459
12;2025-12-30;23;240
12;2025-12-31;0;65
12;2025-12-31;1;4
12;2025-12-31;2;0
12;2025-12-31;3;0
12;2025-12-31;4;2
12;2025-12-31;5;219
12;2025-12-31;6;628
12;2025-12-31;7;710
12;2025-12-31;8;774
12;2025-12-31;9;835
12;2025-12-31;10;906
12;2025-12-31;11;960
12;2025-12-31;12;1001
12;2025-12-31;13;1193
12;2025-12-31;14;1169
12;2025-12-31;15;1071
12;2025-12-31;16;998
12;2025-12-31;17;1005
12;2025-12-31;18;1110
12;2025-12-31;19;1043
12;2025-12-31;20;877
12;2025-12-31;21;680
12;2025-12-31;22;394
12;2025-12-31;23;235
17;2025-11-01;0;200
17;2025-11-01;1;25
17;2025-11-01;2;0
17;2025-11-01;3;0
17;2025-11-01;4;5
17;2025-11-01;5;121
17;2025-11-01;6;512
17;2025-11-01;7;1091
17;2025-11-01;8;1529
17;2025-11-01;9;1934
17;2025-11-01;10;2135
17;2025-11-01;11;2567
17;2025-11-01;12;2849
17;2025-11-01;13;3131
17;2025-11-01;14;3112
17;2025-11-01;15;3137
17;2025-11-01;16;3157
17;2025-11-01;17;2922
17;2025-11-01;18;2461
17;2025-11-01;19;1978
17;2025-11-01;20;1596
17;2025-11-01;21;1140
17;2025-11-01;22;676
17;2025-11-01;23;379
17;2025-11-02;0;153
17;2025-11-02;1;20
17;2025-11-02;2;0
17;2025-11-02;3;0
17;2025-11-02;4;3
17;2025-11-02;5;97
17;2025-11-02;6;368
17;2025-11-02;7;718
17;2025-11-02;8;1064
17;2025-11-02;9;1474
17;2025-11-02;10;1708
17;2025-11-02;11;2208
17;2025-11-02;12;2567
17;2025-11-02;13;2769
17;2025-11-02;14;2846
17;2025-11-02;15;2817
17;2025-11-02;16;2705
17;2025-11-02;17;2622
17;2025-11-02;18;2271
17;2025-11-02;19;1826
17;2025-11-02;20;1366
17;2025-11-02;21;981
17;2025-11-02;22;593
17;2025-11-02;23;282
17;2025-11-03;0;184
17;2025-11-03;1;20
17;2025-11-03;2;0
17;2025-11-03;3;0
17;2025-11-03;4;6
17;2025-11-03;5;124
17;2025-11-03;6;472
17;2025-11-03;7;978
17;2025-11-03;8;1337
17;2025-11-03;9;1622
17;2025-11-03;10;1642
17;2025-11-03;11;1936
17;2025-11-03;12;2201
17;2025-11-03;13;2411
17;2025-11-03;14;2502
17;2025-11-03;15;2540
17;2025-11-03;16;2536
17;2025-11-03;17;2477
17;2025-11-03;18;2425
17;2025-11-03;19;2155
17;2025-11-03;20;1834
17;2025-11-03;21;1453
17;2025-11-03;22;924
17;2025-11-03;23;432
17;2025-11-04;0;184
17;2025-11-04;1;20
17;2025-11-04;2;0
17;2025-11-04;3;0
17;2025-11-04;4;6
17;2025-11-04;5;124
17;2025-11-04;6;472
17;2025-11-04;7;978
17;2025-11-04;8;1337
17;2025-11-04;9;1622
17;2025-11-04;10;1642
17;2025-11-04;11;1936
17;2025-11-04;12;2201
17;2025-11-04;13;2411
17;2025-11-04;14;2502
17;2025-11-04;15;2540
17;2025-11-04;16;2536
17;2025-11-04;17;2477
17;2025-11-04;18;2425
17;2025-11-04;19;2155
17;2025-11-04;20;1834
17;2025-11-04;21;1453
17;2025-11-04;22;924
17;2025-11-04;23;432
17;2025-11-05;0;109
17;2025-11-05;1;9
17;2025-11-05;2;0
17;2025-11-05;3;0
17;2025-11-05;4;23
17;2025-11-05;5;308
17;2025-11-05;6;1542
17;2025-11-05;7;4312
17;2025-11-05;8;5323
17;2025-11-05;9;3526
17;2025-11-05;10;2920
17;2025-11-05;11;2941
17;2025-11-05;12;2981
17;2025-11-05;13;2987
17;2025-11-05;14;3119
17;2025-11-05;15;3309
17;2025-11-05;16;3622
17;2025-11-05;17;4518
17;2025-11-05;18;4850
17;2025-11-05;19;3358
17;2025-11-05;20;2319
17;2025-11-05;21;1452
17;2025-11-05;22;710
17;2025-11-05;23;357
17;2025-11-06;0;134
17;2025-11-06;1;11
17;2025-11-06;2;0
17;2025-11-06;3;0
17;2025-11-06;4;24
17;2025-11-06;5;320
17;2025-11-06;6;1570
17;2025-11-06;7;4384
17;2025-11-06;8;5516
17;2025-11-06;9;3886
17;2025-11-06;10;3141
17;2025-11-06;11;3031
17;2025-11-06;12;2971
17;2025-11-06;13;3054
17;2025-11-06;14;3130
17;2025-11-06;15;3354
17;2025-11-06;16;3803
17;2025-11-06;17;4490
17;2025-11-06;18;4752
17;2025-11-06;19;3371
17;2025-11-06;20;2400
17;2025-11-06;21;1492
17;2025-11-06;22;698
17;2025-11-06;23;386
17;2025-11-07;0;132
17;2025-11-07;1;15
17;2025-11-07;2;0
17;2025-11-07;3;0
17;2025-11-07;4;28
17;2025-11-07;5;310
17;2025-11-07;6;1548
17;2025-11-07;7;4307
17;2025-11-07;8;5389
17;2025-11-07;9;3802
17;2025-11-07;10;3024
17;2025-11-07;11;3157
17;2025-11-07;12;3110
17;2025-11-07;13;3206
17;2025-11-07;14;3351
17;2025-11-07;15;3662
17;2025-11-07;16;4355
17;2025-11-07;17;4906
17;2025-11-07;18;4562
17;2025-11-07;19;3427
17;2025-11-07;20;2403
17;2025-11-07;21;1673
17;2025-11-07;22;814
17;2025-11-07;23;486
17;2025-11-08;0;209
17;2025-11-08;1;27
17;2025-11-08;2;0
17;2025-11-08;3;0
17;2025-11-08;4;5
17;2025-11-08;5;131
17;2025-11-08;6;594
17;2025-11-08;7;1296
17;2025-11-08;8;1842
17;2025-11-08;9;2239
17;2025-11-08;10;2519
17;2025-11-08;11;2907
17;2025-11-08;12;3133
17;2025-11-08;13;3251
17;2025-11-08;14;3244
17;2025-11-08;15;3212
17;2025-11-08;16;3218
17;2025-11-08;17;3056
17;2025-11-08;18;2880
17;2025-11-08;19;2483
17;2025-11-08;20;1855
17;2025-11-08;21;1325
17;2025-11-08;22;841
17;2025-11-08;23;442
17;2025-11-09;0;203
17;2025-11-09;1;33
17;2025-11-09;2;2
17;2025-11-09;3;0
17;2025-11-09;4;4
17;2025-11-09;5;106
17;2025-11-09;6;454
17;2025-11-09;7;876
17;2025-11-09;8;1233
17;2025-11-09;9;1666
17;2025-11-09;10;1957
17;2025-11-09;11;2465
17;2025-11-09;12;2741
17;2025-11-09;13;3151
17;2025-11-09;14;3277
17;2025-11-09;15;3132
17;2025-11-09;16;3210
17;2025-11-09;17;3052
17;2025-11-09;18;2708
17;2025-11-09;19;2171
17;2025-11-09;20;1604
17;2025-11-09;21;1152
17;2025-11-09;22;710
17;2025-11-09;23;318
17;2025-11-10;0;111
17;2025-11-10;1;15
17;2025-11-10;2;0
17;2025-11-10;3;0
17;2025-11-10;4;29
17;2025-11-10;5;311
17;2025-11-10;6;1557
17;2025-11-10;7;4254
17;2025-11-10;8;5418
17;2025-11-10;9;3785
17;2025-11-10;10;2825
17;2025-11-10;11;2797
17;2025-11-10;12;2795
17;2025-11-10;13;2843
17;2025-11-10;14;2922
17;2025-11-10;15;3059
17;2025-11-10;16;3547
17;2025-11-10;17;4183
17;2025-11-10;18;4617
17;2025-11-10;19;3264
17;2025-11-10;20;2217
17;2025-11-10;21;1356
17;2025-11-10;22;651
17;2025-11-10;23;306
17;2025-11-11;0;103
17;2025-11-11;1;11
17;2025-11-11;2;0
17;2025-11-11;3;0
17;2025-11-11;4;25
17;2025-11-11;5;324
17;2025-11-11;6;1569
17;2025-11-11;7;4440
17;2025-11-11;8;5597
17;2025-11-11;9;3867
17;2025-11-11;10;2845
17;2025-11-11;11;2821
17;2025-11-11;12;2870
17;2025-11-11;13;2945
17;2025-11-11;14;3138
17;2025-11-11;15;3199
17;2025-11-11;16;3567
17;2025-11-11;17;4547
17;2025-11-11;18;4868
17;2025-11-11;19;3326
17;2025-11-11;20;2289
17;2025-11-11;21;1375
17;2025-11-11;22;651
17;2025-11-11;23;333
17;2025-11-12;0;109
17;2025-11-12;1;9
17;2025-11-12;2;0
17;2025-11-12;3;0
17;2025-11-12;4;23
17;2025-11-12;5;308
17;2025-11-12;6;1542
17;2025-11-12;7;4313
17;2025-11-12;8;5324
17;2025-11-12;9;3527
17;2025-11-12;10;2922
17;2025-11-12;11;2941
17;2025-11-12;12;2982
17;2025-11-12;13;2988
17;2025-11-12;14;3120
17;2025-11-12;15;3310
17;2025-11-12;16;3623
17;2025-11-12;17;4519
17;2025-11-12;18;4851
17;2025-11-12;19;3359
17;2025-11-12;20;2320
17;2025-11-12;21;1452
17;2025-11-12;22;711
17;2025-11-12;23;357
17;2025-11-13;0;134
17;2025-11-13;1;11
17;2025-11-13;2;0
17;2025-11-13;3;0
17;2025-11-13;4;24
17;2025-11-13;5;320
17;2025-11-13;6;1570
17;2025-11-13;7;4386
17;2025-11-13;8;5517
17;2025-11-13;9;3887
17;2025-11-13;10;3143
17;2025-11-13;11;3032
17;2025-11-13;12;2971
17;2025-11-13;13;3054
17;2025-11-13;14;3130
17;2025-11-13;15;3355
17;2025-11-13;16;3804
17;2025-11-13;17;4490
17;2025-11-13;18;4752
17;2025-11-13;19;3371
17;2025-11-13;20;2400
17;2025-11-13;21;1492
17;2025-11-13;22;698
17;2025-11-13;23;386
17;2025-11-14;0;132
17;2025-11-14;1;15
17;2025-11-14;2;0
17;2025-11-14;3;0
17;2025-11-14;4;28
17;2025-11-14;5;310
17;2025-11-14;6;1548
17;2025-11-14;7;4308
17;2025-11-14;8;5390
17;2025-11-14;9;3802
17;2025-11-14;10;3024
17;2025-11-14;11;3157
17;2025-11-14;12;3110
17;2025-11-14;13;3206
17;2025-11-14;14;3352
17;2025-11-14;15;3662
17;2025-11-14;16;4355
17;2025-11-14;17;4906
17;2025-11-14;18;4562
17;2025-11-14;19;3427
17;2025-11-14;20;2402
17;2025-11-14;21;1672
17;2025-11-14;22;814
17;2025-11-14;23;486
17;2025-11-15;0;198
17;2025-11-15;1;24
17;2025-11-15;2;0
17;2025-11-15;3;0
17;2025-11-15;4;5
17;2025-11-15;5;120
17;2025-11-15;6;510
17;2025-11-15;7;1089
17;2025-11-15;8;1527
17;2025-11-15;9;1931
17;2025-11-15;10;2131
17;2025-11-15;11;2564
17;2025-11-15;12;2845
17;2025-11-15;13;3128
17;2025-11-15;14;3109
17;2025-11-15;15;3135
17;2025-11-15;16;3155
17;2025-11-15;17;2920
17;2025-11-15;18;2457
17;2025-11-15;19;1976
17;2025-11-15;20;1594
17;2025-11-15;21;1139
17;2025-11-15;22;676
17;2025-11-15;23;379
17;2025-11-16;0;153
17;2025-11-16;1;19
17;2025-11-16;2;0
17;2025-11-16;3;0
17;2025-11-16;4;3
17;2025-11-16;5;97
17;2025-11-16;6;368
17;2025-11-16;7;718
17;2025-11-16;8;1063
17;2025-11-16;9;1474
17;2025-11-16;10;1707
17;2025-11-16;11;2206
17;2025-11-16;12;2564
17;2025-11-16;13;2768
17;2025-11-16;14;2845
17;2025-11-16;15;2814
17;2025-11-16;16;2702
17;2025-11-16;17;2620
17;2025-11-16;18;2269
17;2025-11-16;19;1824
17;2025-11-16;20;1364
17;2025-11-16;21;981
17;2025-11-16;22;593
17;2025-11-16;23;282
17;2025-11-17;0;103
17;2025-11-17;1;12
17;2025-11-17;2;0
17;2025-11-17;3;0
17;2025-11-17;4;21
17;2025-11-17;5;300
17;2025-11-17;6;1476
17;2025-11-17;7;3771
17;2025-11-17;8;5081
17;2025-11-17;9;3791
17;2025-11-17;10;2962
17;2025-11-17;11;2867
17;2025-11-17;12;2943
17;2025-11-17;13;3051
17;2025-11-17;14;2930
17;2025-11-17;15;3181
17;2025-11-17;16;3570
17;2025-11-17;17;4410
17;2025-11-17;18;4668
17;2025-11-17;19;2801
17;2025-11-17;20;2137
17;2025-11-17;21;1346
17;2025-11-17;22;685
17;2025-11-17;23;317
17;2025-11-18;0;110
17;2025-11-18;1;8
17;2025-11-18;2;0
17;2025-11-18;3;1
17;2025-11-18;4;25
17;2025-11-18;5;317
17;2025-11-18;6;1560
17;2025-11-18;7;4000
17;2025-11-18;8;5149
17;2025-11-18;9;3871
17;2025-11-18;10;3098
17;2025-11-18;11;2984
17;2025-11-18;12;2990
17;2025-11-18;13;3006
17;2025-11-18;14;3101
17;2025-11-18;15;3149
17;2025-11-18;16;3550
17;2025-11-18;17;4601
17;2025-11-18;18;4938
17;2025-11-18;19;3488
17;2025-11-18;20;2337
17;2025-11-18;21;1478
17;2025-11-18;22;733
17;2025-11-18;23;362
17;2025-11-19;0;127
17;2025-11-19;1;13
17;2025-11-19;2;0
17;2025-11-19;3;0
17;2025-11-19;4;27
17;2025-11-19;5;307
17;2025-11-19;6;1538
17;2025-11-19;7;4009
17;2025-11-19;8;5234
17;2025-11-19;9;3902
17;2025-11-19;10;3173
17;2025-11-19;11;3113
17;2025-11-19;12;3152
17;2025-11-19;13;3149
17;2025-11-19;14;3317
17;2025-11-19;15;3296
17;2025-11-19;16;3665
17;2025-11-19;17;4471
17;2025-11-19;18;4769
17;2025-11-19;19;3354
17;2025-11-19;20;2299
17;2025-11-19;21;1473
17;2025-11-19;22;784
17;2025-11-19;23;389
17;2025-11-20;0;125
17;2025-11-20;1;10
17;2025-11-20;2;0
17;2025-11-20;3;0
17;2025-11-20;4;25
17;2025-11-20;5;315
17;2025-11-20;6;1518
17;2025-11-20;7;3960
17;2025-11-20;8;5175
17;2025-11-20;9;3886
17;2025-11-20;10;3120
17;2025-11-20;11;3152
17;2025-11-20;12;3241
17;2025-11-20;13;3213
17;2025-11-20;14;3290
17;2025-11-20;15;3256
17;2025-11-20;16;3755
17;2025-11-20;17;4552
17;2025-11-20;18;4784
17;2025-11-20;19;3413
17;2025-11-20;20;2455
17;2025-11-20;21;1524
17;2025-11-20;22;844
17;2025-11-20;23;423
17;2025-11-21;0;154
17;2025-11-21;1;18
17;2025-11-21;2;0
17;2025-11-21;3;0
17;2025-11-21;4;21
17;2025-11-21;5;318
17;2025-11-21;6;1523
17;2025-11-21;7;3938
17;2025-11-21;8;5138
17;2025-11-21;9;3765
17;2025-11-21;10;3016
17;2025-11-21;11;2971
17;2025-11-21;12;2958
17;2025-11-21;13;3090
17;2025-11-21;14;3050
17;2025-11-21;15;3309
17;2025-11-21;16;4010
17;2025-11-21;17;4532
17;2025-11-21;18;4167
17;2025-11-21;19;3087
17;2025-11-21;20;2267
17;2025-11-21;21;1539
17;2025-11-21;22;832
17;2025-11-21;23;461
17;2025-11-22;0;199
17;2025-11-22;1;24
17;2025-11-22;2;0
17;2025-11-22;3;0
17;2025-11-22;4;5
17;2025-11-22;5;120
17;2025-11-22;6;511
17;2025-11-22;7;1089
17;2025-11-22;8;1527
17;2025-11-22;9;1932
17;2025-11-22;10;2132
17;2025-11-22;11;2565
17;2025-11-22;12;2846
17;2025-11-22;13;3128
17;2025-11-22;14;3109
17;2025-11-22;15;3135
17;2025-11-22;16;3155
17;2025-11-22;17;2920
17;2025-11-22;18;2458
17;2025-11-22;19;1976
17;2025-11-22;20;1594
17;2025-11-22;21;1139
17;2025-11-22;22;676
17;2025-11-22;23;379
17;2025-11-23;0;153
17;2025-11-23;1;19
17;2025-11-23;2;0
17;2025-11-23;3;0
17;2025-11-23;4;3
17;2025-11-23;5;97
17;2025-11-23;6;368
17;2025-11-23;7;718
17;2025-11-23;8;1063
17;2025-11-23;9;1474
17;2025-11-23;10;1707
17;2025-11-23;11;2206
17;2025-11-23;12;2564
17;2025-11-23;13;2768
17;2025-11-23;14;2845
17;2025-11-23;15;2814
17;2025-11-23;16;2702
17;2025-11-23;17;2620
17;2025-11-23;18;2269
17;2025-11-23;19;1824
17;2025-11-23;20;1364
17;2025-11-23;21;981
17;2025-11-23;22;593
17;2025-11-23;23;282
17;2025-11-24;0;111
17;2025-11-24;1;15
17;2025-11-24;2;0
17;2025-11-24;3;0
17;2025-11-24;4;29
17;2025-11-24;5;310
17;2025-11-24;6;1556
17;2025-11-24;7;4254
17;2025-11-24;8;5418
17;2025-11-24;9;3784
17;2025-11-24;10;2825
17;2025-11-24;11;2796
17;2025-11-24;12;2792
17;2025-11-24;13;2843
17;2025-11-24;14;2922
17;2025-11-24;15;3059
17;2025-11-24;16;3547
17;2025-11-24;17;4183
17;2025-11-24;18;4617
17;2025-11-24;19;3264
17;2025-11-24;20;2217
17;2025-11-24;21;1355
17;2025-11-24;22;650
17;2025-11-24;23;306
17;2025-11-25;0;103
17;2025-11-25;1;11
17;2025-11-25;2;0
17;2025-11-25;3;0
17;2025-11-25;4;25
17;2025-11-25;5;324
17;2025-11-25;6;1569
17;2025-11-25;7;4440
17;2025-11-25;8;5597
17;2025-11-25;9;3867
17;2025-11-25;10;2846
17;2025-11-25;11;2822
17;2025-11-25;12;2872
17;2025-11-25;13;2947
17;2025-11-25;14;3141
17;2025-11-25;15;3200
17;2025-11-25;16;3568
17;2025-11-25;17;4549
17;2025-11-25;18;4869
17;2025-11-25;19;3327
17;2025-11-25;20;2290
17;2025-11-25;21;1375
17;2025-11-25;22;651
17;2025-11-25;23;333
17;2025-11-26;0;109
17;2025-11-26;1;9
17;2025-11-26;2;0
17;2025-11-26;3;0
17;2025-11-26;4;23
17;2025-11-26;5;308
17;2025-11-26;6;1542
17;2025-11-26;7;4313
17;2025-11-26;8;5324
17;2025-11-26;9;3527
17;2025-11-26;10;2922
17;2025-11-26;11;2943
17;2025-11-26;12;2983
17;2025-11-26;13;2989
17;2025-11-26;14;3121
17;2025-11-26;15;3311
17;2025-11-26;16;3624
17;2025-11-26;17;4520
17;2025-11-26;18;4852
17;2025-11-26;19;3360
17;2025-11-26;20;2321
17;2025-11-26;21;1452
17;2025-11-26;22;711
17;2025-11-26;23;357
17;2025-11-27;0;134
17;2025-11-27;1;11
17;2025-11-27;2;0
17;2025-11-27;3;0
17;2025-11-27;4;24
17;2025-11-27;5;321
17;2025-11-27;6;1571
17;2025-11-27;7;4386
17;2025-11-27;8;5518
17;2025-11-27;9;3887
17;2025-11-27;10;3143
17;2025-11-27;11;3032
17;2025-11-27;12;2971
17;2025-11-27;13;3056
17;2025-11-27;14;3131
17;2025-11-27;15;3356
17;2025-11-27;16;3805
17;2025-11-27;17;4490
17;2025-11-27;18;4753
17;2025-11-27;19;3372
17;2025-11-27;20;2400
17;2025-11-27;21;1492
17;2025-11-27;22;697
17;2025-11-27;23;385
17;2025-11-28;0;132
17;2025-11-28;1;15
17;2025-11-28;2;0
17;2025-11-28;3;0
17;2025-11-28;4;27
17;2025-11-28;5;310
17;2025-11-28;6;1548
17;2025-11-28;7;4308
17;2025-11-28;8;5392
17;2025-11-28;9;3804
17;2025-11-28;10;3027
17;2025-11-28;11;3160
17;2025-11-28;12;3112
17;2025-11-28;13;3208
17;2025-11-28;14;3354
17;2025-11-28;15;3665
17;2025-11-28;16;4357
17;2025-11-28;17;4908
17;2025-11-28;18;4564
17;2025-11-28;19;3429
17;2025-11-28;20;2404
17;2025-11-28;21;1674
17;2025-11-28;22;814
17;2025-11-28;23;486
17;2025-11-29;0;210
17;2025-11-29;1;27
17;2025-11-29;2;0
17;2025-11-29;3;0
17;2025-11-29;4;5
17;2025-11-29;5;131
17;2025-11-29;6;594
17;2025-11-29;7;1297
17;2025-11-29;8;1844
17;2025-11-29;9;2240
17;2025-11-29;10;2520
17;2025-11-29;11;2910
17;2025-11-29;12;3136
17;2025-11-29;13;3254
17;2025-11-29;14;3248
17;2025-11-29;15;3215
17;2025-11-29;16;3220
17;2025-11-29;17;3058
17;2025-11-29;18;2882
17;2025-11-29;19;2485
17;2025-11-29;20;1856
17;2025-11-29;21;1326
17;2025-11-29;22;841
17;2025-11-29;23;442
17;2025-11-30;0;202
17;2025-11-30;1;33
17;2025-11-30;2;2
17;2025-11-30;3;0
17;2025-11-30;4;4
17;2025-11-30;5;106
17;2025-11-30;6;454
17;2025-11-30;7;876
17;2025-11-30;8;1234
17;2025-11-30;9;1668
17;2025-11-30;10;1959
17;2025-11-30;11;2466
17;2025-11-30;12;2743
17;2025-11-30;13;3153
17;2025-11-30;14;3279
17;2025-11-30;15;3134
17;2025-11-30;16;3212
17;2025-11-30;17;3054
17;2025-11-30;18;2709
17;2025-11-30;19;2172
17;2025-11-30;20;1605
17;2025-11-30;21;1153
17;2025-11-30;22;711
17;2025-11-30;23;319
17;2025-12-01;0;111
17;2025-12-01;1;15
17;2025-12-01;2;0
17;2025-12-01;3;0
17;2025-12-01;4;29
17;2025-12-01;5;311
17;2025-12-01;6;1557
17;2025-12-01;7;4254
17;2025-12-01;8;5418
17;2025-12-01;9;3785
17;2025-12-01;10;2825
17;2025-12-01;11;2797
17;2025-12-01;12;2795
17;2025-12-01;13;2844
17;2025-12-01;14;2923
17;2025-12-01;15;3060
17;2025-12-01;16;3548
17;2025-12-01;17;4183
17;2025-12-01;18;4617
17;2025-12-01;19;3265
17;2025-12-01;20;2217
17;2025-12-01;21;1356
17;2025-12-01;22;651
17;2025-12-01;23;306
17;2025-12-02;0;103
17;2025-12-02;1;11
17;2025-12-02;2;0
17;2025-12-02;3;0
17;2025-12-02;4;25
17;2025-12-02;5;324
17;2025-12-02;6;1569
17;2025-12-02;7;4440
17;2025-12-02;8;5597
17;2025-12-02;9;3867
17;2025-12-02;10;2846
17;2025-12-02;11;2822
17;2025-12-02;12;2872
17;2025-12-02;13;2947
17;2025-12-02;14;3141
17;2025-12-02;15;3200
17;2025-12-02;16;3568
17;2025-12-02;17;4549
17;2025-12-02;18;4869
17;2025-12-02;19;3327
17;2025-12-02;20;2290
17;2025-12-02;21;1375
17;2025-12-02;22;651
17;2025-12-02;23;333
17;2025-12-03;0;109
17;2025-12-03;1;9
17;2025-12-03;2;0
17;2025-12-03;3;0
17;2025-12-03;4;23
17;2025-12-03;5;308
17;2025-12-03;6;1542
17;2025-12-03;7;4313
17;2025-12-03;8;5324
17;2025-12-03;9;3527
17;2025-12-03;10;2923
17;2025-12-03;11;2943
17;2025-12-03;12;2983
17;2025-12-03;13;2989
17;2025-12-03;14;3121
17;2025-12-03;15;3311
17;2025-12-03;16;3624
17;2025-12-03;17;4520
17;2025-12-03;18;4852
17;2025-12-03;19;3360
17;2025-12-03;20;2321
17;2025-12-03;21;1452
17;2025-12-03;22;711
17;2025-12-03;23;357
17;2025-12-04;0;134
17;2025-12-04;1;11
17;2025-12-04;2;0
17;2025-12-04;3;0
17;2025-12-04;4;24
17;2025-12-04;5;321
17;2025-12-04;6;1571
17;2025-12-04;7;4386
17;2025-12-04;8;5518
17;2025-12-04;9;3888
17;2025-12-04;10;3144
17;2025-12-04;11;3033
17;2025-12-04;12;2973
17;2025-12-04;13;3057
17;2025-12-04;14;3132
17;2025-12-04;15;3357
17;2025-12-04;16;3806
17;2025-12-04;17;4492
17;2025-12-04;18;4754
17;2025-12-04;19;3373
17;2025-12-04;20;2401
17;2025-12-04;21;1493
17;2025-12-04;22;698
17;2025-12-04;23;386
17;2025-12-05;0;132
17;2025-12-05;1;15
17;2025-12-05;2;0
17;2025-12-05;3;0
17;2025-12-05;4;28
17;2025-12-05;5;310
17;2025-12-05;6;1548
17;2025-12-05;7;4309
17;2025-12-05;8;5392
17;2025-12-05;9;3804
17;2025-12-05;10;3027
17;2025-12-05;11;3160
17;2025-12-05;12;3112
17;2025-12-05;13;3209
17;2025-12-05;14;3354
17;2025-12-05;15;3665
17;2025-12-05;16;4357
17;2025-12-05;17;4908
17;2025-12-05;18;4564
17;2025-12-05;19;3429
17;2025-12-05;20;2404
17;2025-12-05;21;1674
17;2025-12-05;22;814
17;2025-12-05;23;486
17;2025-12-06;0;210
17;2025-12-06;1;27
17;2025-12-06;2;0
17;2025-12-06;3;0
17;2025-12-06;4;5
17;2025-12-06;5;131
17;2025-12-06;6;594
17;2025-12-06;7;1297
17;2025-12-06;8;1844
17;2025-12-06;9;2240
17;2025-12-06;10;2520
17;2025-12-06;11;2910
17;2025-12-06;12;3136
17;2025-12-06;13;3254
17;2025-12-06;14;3247
17;2025-12-06;15;3215
17;2025-12-06;16;3220
17;2025-12-06;17;3058
17;2025-12-06;18;2882
17;2025-12-06;19;2485
17;2025-12-06;20;1856
17;2025-12-06;21;1326
17;2025-12-06;22;841
17;2025-12-06;23;442
17;2025-12-07;0;203
17;2025-12-07;1;33
17;2025-12-07;2;2
17;2025-12-07;3;0
17;2025-12-07;4;4
17;2025-12-07;5;106
17;2025-12-07;6;454
17;2025-12-07;7;876
17;2025-12-07;8;1234
17;2025-12-07;9;1668
17;2025-12-07;10;1959
17;2025-12-07;11;2466
17;2025-12-07;12;2743
17;2025-12-07;13;3153
17;2025-12-07;14;3279
17;2025-12-07;15;3134
17;2025-12-07;16;3212
17;2025-12-07;17;3054
17;2025-12-07;18;2709
17;2025-12-07;19;2172
17;2025-12-07;20;1605
17;2025-12-07;21;1153
17;2025-12-07;22;711
17;2025-12-07;23;319
17;2025-12-08;0;111
17;2025-12-08;1;15
17;2025-12-08;2;0
17;2025-12-08;3;0
17;2025-12-08;4;29
17;2025-12-08;5;311
17;2025-12-08;6;1557
17;2025-12-08;7;4254
17;2025-12-08;8;5418
17;2025-12-08;9;3785
17;2025-12-08;10;2825
17;2025-12-08;11;2797
17;2025-12-08;12;2795
17;2025-12-08;13;2844
17;2025-12-08;14;2923
17;2025-12-08;15;3060
17;2025-12-08;16;3548
17;2025-12-08;17;4183
17;2025-12-08;18;4617
17;2025-12-08;19;3265
17;2025-12-08;20;2217
17;2025-12-08;21;1356
17;2025-12-08;22;651
17;2025-12-08;23;306
17;2025-12-09;0;103
17;2025-12-09;1;11
17;2025-12-09;2;0
17;2025-12-09;3;0
17;2025-12-09;4;25
17;2025-12-09;5;324
17;2025-12-09;6;1569
17;2025-12-09;7;4440
17;2025-12-09;8;5597
17;2025-12-09;9;3867
17;2025-12-09;10;2846
17;2025-12-09;11;2822
17;2025-12-09;12;2871
17;2025-12-09;13;2946
17;2025-12-09;14;3140
17;2025-12-09;15;3200
17;2025-12-09;16;3568
17;2025-12-09;17;4549
17;2025-12-09;18;4869
17;2025-12-09;19;3327
17;2025-12-09;20;2290
17;2025-12-09;21;1375
17;2025-12-09;22;651
17;2025-12-09;23;333
17;2025-12-10;0;109
17;2025-12-10;1;9
17;2025-12-10;2;0
17;2025-12-10;3;0
17;2025-12-10;4;23
17;2025-12-10;5;308
17;2025-12-10;6;1542
17;2025-12-10;7;4313
17;2025-12-10;8;5324
17;2025-12-10;9;3527
17;2025-12-10;10;2923
17;2025-12-10;11;2943
17;2025-12-10;12;2983
17;2025-12-10;13;2989
17;2025-12-10;14;3121
17;2025-12-10;15;3311
17;2025-12-10;16;3624
17;2025-12-10;17;4520
17;2025-12-10;18;4852
17;2025-12-10;19;3360
17;2025-12-10;20;2321
17;2025-12-10;21;1452
17;2025-12-10;22;710
17;2025-12-10;23;357
17;2025-12-11;0;134
17;2025-12-11;1;11
17;2025-12-11;2;0
17;2025-12-11;3;0
17;2025-12-11;4;24
17;2025-12-11;5;321
17;2025-12-11;6;1571
17;2025-12-11;7;4386
17;2025-12-11;8;5518
17;2025-12-11;9;3888
17;2025-12-11;10;3143
17;2025-12-11;11;3032
17;2025-12-11;12;2972
17;2025-12-11;13;3056
17;2025-12-11;14;3132
17;2025-12-11;15;3357
17;2025-12-11;16;3806
17;2025-12-11;17;4491
17;2025-12-11;18;4754
17;2025-12-11;19;3373
17;2025-12-11;20;2401
17;2025-12-11;21;1493
17;2025-12-11;22;698
17;2025-12-11;23;386
17;2025-12-12;0;132
17;2025-12-12;1;15
17;2025-12-12;2;0
17;2025-12-12;3;0
17;2025-12-12;4;28
17;2025-12-12;5;310
17;2025-12-12;6;1549
17;2025-12-12;7;4308
17;2025-12-12;8;5391
17;2025-12-12;9;3803
17;2025-12-12;10;3026
17;2025-12-12;11;3159
17;2025-12-12;12;3111
17;2025-12-12;13;3208
17;2025-12-12;14;3354
17;2025-12-12;15;3664
17;2025-12-12;16;4357
17;2025-12-12;17;4908
17;2025-12-12;18;4564
17;2025-12-12;19;3428
17;2025-12-12;20;2404
17;2025-12-12;21;1674
17;2025-12-12;22;814
17;2025-12-12;23;486
17;2025-12-13;0;209
17;2025-12-13;1;27
17;2025-12-13;2;0
17;2025-12-13;3;0
17;2025-12-13;4;5
17;2025-12-13;5;131
17;2025-12-13;6;594
17;2025-12-13;7;1295
17;2025-12-13;8;1843
17;2025-12-13;9;2238
17;2025-12-13;10;2518
17;2025-12-13;11;2908
17;2025-12-13;12;3134
17;2025-12-13;13;3253
17;2025-12-13;14;3246
17;2025-12-13;15;3213
17;2025-12-13;16;3219
17;2025-12-13;17;3057
17;2025-12-13;18;2881
17;2025-12-13;19;2483
17;2025-12-13;20;1856
17;2025-12-13;21;1326
17;2025-12-13;22;841
17;2025-12-13;23;442
17;2025-12-14;0;203
17;2025-12-14;1;33
17;2025-12-14;2;2
17;2025-12-14;3;0
17;2025-12-14;4;4
17;2025-12-14;5;106
17;2025-12-14;6;454
17;2025-12-14;7;876
17;2025-12-14;8;1234
17;2025-12-14;9;1668
17;2025-12-14;10;1959
17;2025-12-14;11;2466
17;2025-12-14;12;2741
17;2025-12-14;13;3151
17;2025-12-14;14;3277
17;2025-12-14;15;3132
17;2025-12-14;16;3212
17;2025-12-14;17;3054
17;2025-12-14;18;2709
17;2025-12-14;19;2172
17;2025-12-14;20;1605
17;2025-12-14;21;1153
17;2025-12-14;22;711
17;2025-12-14;23;319
17;2025-12-15;0;111
17;2025-12-15;1;15
17;2025-12-15;2;0
17;2025-12-15;3;0
17;2025-12-15;4;29
17;2025-12-15;5;311
17;2025-12-15;6;1557
17;2025-12-15;7;4254
17;2025-12-15;8;5418
17;2025-12-15;9;3785
17;2025-12-15;10;2825
17;2025-12-15;11;2797
17;2025-12-15;12;2795
17;2025-12-15;13;2844
17;2025-12-15;14;2923
17;2025-12-15;15;3060
17;2025-12-15;16;3548
17;2025-12-15;17;4183
17;2025-12-15;18;4617
17;2025-12-15;19;3264
17;2025-12-15;20;2217
17;2025-12-15;21;1356
17;2025-12-15;22;651
17;2025-12-15;23;306
17;2025-12-16;0;103
17;2025-12-16;1;11
17;2025-12-16;2;0
17;2025-12-16;3;0
17;2025-12-16;4;25
17;2025-12-16;5;324
17;2025-12-16;6;1569
17;2025-12-16;7;4440
17;2025-12-16;8;5597
17;2025-12-16;9;3867
17;2025-12-16;10;2846
17;2025-12-16;11;2822
17;2025-12-16;12;2871
17;2025-12-16;13;2946
17;2025-12-16;14;3140
17;2025-12-16;15;3200
17;2025-12-16;16;3568
17;2025-12-16;17;4548
17;2025-12-16;18;4869
17;2025-12-16;19;3327
17;2025-12-16;20;2290
17;2025-12-16;21;1376
17;2025-12-16;22;651
17;2025-12-16;23;333
17;2025-12-17;0;109
17;2025-12-17;1;9
17;2025-12-17;2;0
17;2025-12-17;3;0
17;2025-12-17;4;23
17;2025-12-17;5;308
17;2025-12-17;6;1542
17;2025-12-17;7;4313
17;2025-12-17;8;5324
17;2025-12-17;9;3527
17;2025-12-17;10;2922
17;2025-12-17;11;2943
17;2025-12-17;12;2983
17;2025-12-17;13;2989
17;2025-12-17;14;3121
17;2025-12-17;15;3311
17;2025-12-17;16;3624
17;2025-12-17;17;4520
17;2025-12-17;18;4851
17;2025-12-17;19;3360
17;2025-12-17;20;2321
17;2025-12-17;21;1452
17;2025-12-17;22;711
17;2025-12-17;23;357
17;2025-12-18;0;134
17;2025-12-18;1;11
17;2025-12-18;2;0
17;2025-12-18;3;0
17;2025-12-18;4;24
17;2025-12-18;5;321
17;2025-12-18;6;1571
17;2025-12-18;7;4386
17;2025-12-18;8;5518
17;2025-12-18;9;3888
17;2025-12-18;10;3144
17;2025-12-18;11;3033
17;2025-12-18;12;2973
17;2025-12-18;13;3056
17;2025-12-18;14;3132
17;2025-12-18;15;3357
17;2025-12-18;16;3806
17;2025-12-18;17;4492
17;2025-12-18;18;4754
17;2025-12-18;19;3373
17;2025-12-18;20;2401
17;2025-12-18;21;1493
17;2025-12-18;22;698
17;2025-12-18;23;386
17;2025-12-19;0;132
17;2025-12-19;1;15
17;2025-12-19;2;0
17;2025-12-19;3;0
17;2025-12-19;4;28
17;2025-12-19;5;310
17;2025-12-19;6;1548
17;2025-12-19;7;4309
17;2025-12-19;8;5392
17;2025-12-19;9;3804
17;2025-12-19;10;3027
17;2025-12-19;11;3160
17;2025-12-19;12;3112
17;2025-12-19;13;3208
17;2025-12-19;14;3354
17;2025-12-19;15;3665
17;2025-12-19;16;4357
17;2025-12-19;17;4908
17;2025-12-19;18;4564
17;2025-12-19;19;3429
17;2025-12-19;20;2404
17;2025-12-19;21;1674
17;2025-12-19;22;814
17;2025-12-19;23;486
17;2025-12-20;0;210
17;2025-12-20;1;27
17;2025-12-20;2;0
17;2025-12-20;3;0
17;2025-12-20;4;5
17;2025-12-20;5;131
17;2025-12-20;6;595
17;2025-12-20;7;1297
17;2025-12-20;8;1844
17;2025-12-20;9;2240
17;2025-12-20;10;2520
17;2025-12-20;11;2909
17;2025-12-20;12;3136
17;2025-12-20;13;3254
17;2025-12-20;14;3248
17;2025-12-20;15;3214
17;2025-12-20;16;3220
17;2025-12-20;17;3058
17;2025-12-20;18;2882
17;2025-12-20;19;2485
17;2025-12-20;20;1857
17;2025-12-20;21;1326
17;2025-12-20;22;841
17;2025-12-20;23;442
17;2025-12-21;0;203
17;2025-12-21;1;33
17;2025-12-21;2;2
17;2025-12-21;3;0
17;2025-12-21;4;4
17;2025-12-21;5;106
17;2025-12-21;6;455
17;2025-12-21;7;876
17;2025-12-21;8;1234
17;2025-12-21;9;1668
17;2025-12-21;10;1959
17;2025-12-21;11;2466
17;2025-12-21;12;2742
17;2025-12-21;13;3153
17;2025-12-21;14;3279
17;2025-12-21;15;3134
17;2025-12-21;16;3212
17;2025-12-21;17;3054
17;2025-12-21;18;2709
17;2025-12-21;19;2172
17;2025-12-21;20;1605
17;2025-12-21;21;1153
17;2025-12-21;22;711
17;2025-12-21;23;319
17;2025-12-22;0;111
17;2025-12-22;1;15
17;2025-12-22;2;0
17;2025-12-22;3;0
17;2025-12-22;4;29
17;2025-12-22;5;310
17;2025-12-22;6;1557
17;2025-12-22;7;4254
17;2025-12-22;8;5418
17;2025-12-22;9;3784
17;2025-12-22;10;2825
17;2025-12-22;11;2796
17;2025-12-22;12;2795
17;2025-12-22;13;2844
17;2025-12-22;14;2923
17;2025-12-22;15;3060
17;2025-12-22;16;3548
17;2025-12-22;17;4183
17;2025-12-22;18;4617
17;2025-12-22;19;3264
17;2025-12-22;20;2216
17;2025-12-22;21;1356
17;2025-12-22;22;651
17;2025-12-22;23;306
17;2025-12-23;0;103
17;2025-12-23;1;11
17;2025-12-23;2;0
17;2025-12-23;3;0
17;2025-12-23;4;25
17;2025-12-23;5;324
17;2025-12-23;6;1569
17;2025-12-23;7;4440
17;2025-12-23;8;5597
17;2025-12-23;9;3866
17;2025-12-23;10;2845
17;2025-12-23;11;2821
17;2025-12-23;12;2871
17;2025-12-23;13;2946
17;2025-12-23;14;3140
17;2025-12-23;15;3200
17;2025-12-23;16;3568
17;2025-12-23;17;4548
17;2025-12-23;18;4869
17;2025-12-23;19;3327
17;2025-12-23;20;2290
17;2025-12-23;21;1376
17;2025-12-23;22;651
17;2025-12-23;23;333
17;2025-12-24;0;109
17;2025-12-24;1;9
17;2025-12-24;2;0
17;2025-12-24;3;0
17;2025-12-24;4;23
17;2025-12-24;5;308
17;2025-12-24;6;1542
17;2025-12-24;7;4313
17;2025-12-24;8;5324
17;2025-12-24;9;3527
17;2025-12-24;10;2922
17;2025-12-24;11;2943
17;2025-12-24;12;2983
17;2025-12-24;13;2989
17;2025-12-24;14;3121
17;2025-12-24;15;3311
17;2025-12-24;16;3624
17;2025-12-24;17;4520
17;2025-12-24;18;4852
17;2025-12-24;19;3360
17;2025-12-24;20;2321
17;2025-12-24;21;1452
17;2025-12-24;22;711
17;2025-12-24;23;357
17;2025-12-25;0;134
17;2025-12-25;1;11
17;2025-12-25;2;0
17;2025-12-25;3;0
17;2025-12-25;4;24
17;2025-12-25;5;321
17;2025-12-25;6;1571
17;2025-12-25;7;4386
17;2025-12-25;8;5518
17;2025-12-25;9;3888
17;2025-12-25;10;3144
17;2025-12-25;11;3033
17;2025-12-25;12;2973
17;2025-12-25;13;3056
17;2025-12-25;14;3132
17;2025-12-25;15;3357
17;2025-12-25;16;3806
17;2025-12-25;17;4491
17;2025-12-25;18;4753
17;2025-12-25;19;3373
17;2025-12-25;20;2401
17;2025-12-25;21;1493
17;2025-12-25;22;698
17;2025-12-25;23;386
17;2025-12-26;0;132
17;2025-12-26;1;15
17;2025-12-26;2;0
17;2025-12-26;3;0
17;2025-12-26;4;28
17;2025-12-26;5;310
17;2025-12-26;6;1548
17;2025-12-26;7;4309
17;2025-12-26;8;5391
17;2025-12-26;9;3804
17;2025-12-26;10;3026
17;2025-12-26;11;3159
17;2025-12-26;12;3112
17;2025-12-26;13;3208
17;2025-12-26;14;3354
17;2025-12-26;15;3664
17;2025-12-26;16;4357
17;2025-12-26;17;4908
17;2025-12-26;18;4564
17;2025-12-26;19;3428
17;2025-12-26;20;2404
17;2025-12-26;21;1674
17;2025-12-26;22;814
17;2025-12-26;23;486
17;2025-12-27;0;210
17;2025-12-27;1;27
17;2025-12-27;2;0
17;2025-12-27;3;0
17;2025-12-27;4;5
17;2025-12-27;5;131
17;2025-12-27;6;595
17;2025-12-27;7;1295
17;2025-12-27;8;1844
17;2025-12-27;9;2240
17;2025-12-27;10;2520
17;2025-12-27;11;2909
17;2025-12-27;12;3136
17;2025-12-27;13;3254
17;2025-12-27;14;3248
17;2025-12-27;15;3214
17;2025-12-27;16;3220
17;2025-12-27;17;3058
17;2025-12-27;18;2882
17;2025-12-27;19;2485
17;2025-12-27;20;1857
17;2025-12-27;21;1326
17;2025-12-27;22;841
17;2025-12-27;23;442
17;2025-12-28;0;203
17;2025-12-28;1;33
17;2025-12-28;2;2
17;2025-12-28;3;0
17;2025-12-28;4;4
17;2025-12-28;5;106
17;2025-12-28;6;454
17;2025-12-28;7;876
17;2025-12-28;8;1234
17;2025-12-28;9;1667
17;2025-12-28;10;1959
17;2025-12-28;11;2466
17;2025-12-28;12;2742
17;2025-12-28;13;3153
17;2025-12-28;14;3278
17;2025-12-28;15;3133
17;2025-12-28;16;3212
17;2025-12-28;17;3054
17;2025-12-28;18;2709
17;2025-12-28;19;2172
17;2025-12-28;20;1605
17;2025-12-28;21;1153
17;2025-12-28;22;710
17;2025-12-28;23;319
17;2025-12-29;0;111
17;2025-12-29;1;15
17;2025-12-29;2;0
17;2025-12-29;3;0
17;2025-12-29;4;29
17;2025-12-29;5;311
17;2025-12-29;6;1557
17;2025-12-29;7;4254
17;2025-12-29;8;5418
17;2025-12-29;9;3785
17;2025-12-29;10;2825
17;2025-12-29;11;2797
17;2025-12-29;12;2795
17;2025-12-29;13;2844
17;2025-12-29;14;2923
17;2025-12-29;15;3060
17;2025-12-29;16;3548
17;2025-12-29;17;4183
17;2025-12-29;18;4617
17;2025-12-29;19;3265
17;2025-12-29;20;2217
17;2025-12-29;21;1356
17;2025-12-29;22;651
17;2025-12-29;23;306
17;2025-12-30;0;103
17;2025-12-30;1;11
17;2025-12-30;2;0
17;2025-12-30;3;0
17;2025-12-30;4;25
17;2025-12-30;5;324
17;2025-12-30;6;1569
17;2025-12-30;7;4440
17;2025-12-30;8;5598
17;2025-12-30;9;3867
17;2025-12-30;10;2846
17;2025-12-30;11;2822
17;2025-12-30;12;2872
17;2025-12-30;13;2947
17;2025-12-30;14;3140
17;2025-12-30;15;3200
17;2025-12-30;16;3568
17;2025-12-30;17;4548
17;2025-12-30;18;4869
17;2025-12-30;19;3327
17;2025-12-30;20;2290
17;2025-12-30;21;1376
17;2025-12-30;22;651
17;2025-12-30;23;333
17;2025-12-31;0;184
17;2025-12-31;1;20
17;2025-12-31;2;0
17;2025-12-31;3;0
17;2025-12-31;4;6
17;2025-12-31;5;124
17;2025-12-31;6;472
17;2025-12-31;7;978
17;2025-12-31;8;1337
17;2025-12-31;9;1622
17;2025-12-31;10;1642
17;2025-12-31;11;1936
17;2025-12-31;12;2201
17;2025-12-31;13;2411
17;2025-12-31;14;2502
17;2025-12-31;15;2540
17;2025-12-31;16;2536
17;2025-12-31;17;2477
17;2025-12-31;18;2425
17;2025-12-31;19;2155
17;2025-12-31;20;1834
17;2025-12-31;21;1453
17;2025-12-31;22;924
17;2025-12-31;23;432
25;2025-11-01;0;9
25;2025-11-01;1;0
25;2025-11-01;2;0
25;2025-11-01;3;0
25;2025-11-01;4;0
25;2025-11-01;5;19
25;2025-11-01;6;127
25;2025-11-01;7;146
25;2025-11-01;8;305
25;2025-11-01;9;274
25;2025-11-01;10;276
25;2025-11-01;11;399
25;2025-11-01;12;417
25;2025-11-01;13;661
25;2025-11-01;14;655
25;2025-11-01;15;784
25;2025-11-01;16;736
25;2025-11-01;17;595
25;2025-11-01;18;529
25;2025-11-01;19;458
25;2025-11-01;20;265
25;2025-11-01;21;211
25;2025-11-01;22;123
25;2025-11-01;23;44
25;2025-11-02;0;14
25;2025-11-02;1;1
25;2025-11-02;2;0
25;2025-11-02;3;0
25;2025-11-02;4;0
25;2025-11-02;5;12
25;2025-11-02;6;112
25;2025-11-02;7;113
25;2025-11-02;8;194
25;2025-11-02;9;229
25;2025-11-02;10;239
25;2025-11-02;11;322
25;2025-11-02;12;393
25;2025-11-02;13;497
25;2025-11-02;14;580
25;2025-11-02;15;681
25;2025-11-02;16;596
25;2025-11-02;17;587
25;2025-11-02;18;454
25;2025-11-02;19;332
25;2025-11-02;20;259
25;2025-11-02;21;157
25;2025-11-02;22;101
25;2025-11-02;23;35
25;2025-11-03;0;13
25;2025-11-03;1;0
25;2025-11-03;2;0
25;2025-11-03;3;0
25;2025-11-03;4;0
25;2025-11-03;5;2
25;2025-11-03;6;40
25;2025-11-03;7;99
25;2025-11-03;8;200
25;2025-11-03;9;190
25;2025-11-03;10;195
25;2025-11-03;11;229
25;2025-11-03;12;266
25;2025-11-03;13;342
25;2025-11-03;14;406
25;2025-11-03;15;489
25;2025-11-03;16;441
25;2025-11-03;17;372
25;2025-11-03;18;392
25;2025-11-03;19;324
25;2025-11-03;20;272
25;2025-11-03;21;227
25;2025-11-03;22;159
25;2025-11-03;23;50
25;2025-11-04;0;13
25;2025-11-04;1;0
25;2025-11-04;2;0
25;2025-11-04;3;0
25;2025-11-04;4;0
25;2025-11-04;5;2
25;2025-11-04;6;40
25;2025-11-04;7;99
25;2025-11-04;8;200
25;2025-11-04;9;190
25;2025-11-04;10;195
25;2025-11-04;11;229
25;2025-11-04;12;266
25;2025-11-04;13;342
25;2025-11-04;14;406
25;2025-11-04;15;489
25;2025-11-04;16;441
25;2025-11-04;17;372
25;2025-11-04;18;392
25;2025-11-04;19;324
25;2025-11-04;20;272
25;2025-11-04;21;227
25;2025-11-04;22;159
25;2025-11-04;23;50
25;2025-11-05;0;2
25;2025-11-05;1;1
25;2025-11-05;2;0
25;2025-11-05;3;0
25;2025-11-05;4;0
25;2025-11-05;5;14
25;2025-11-05;6;221
25;2025-11-05;7;550
25;2025-11-05;8;962
25;2025-11-05;9;494
25;2025-11-05;10;416
25;2025-11-05;11;448
25;2025-11-05;12;450
25;2025-11-05;13;602
25;2025-11-05;14;485
25;2025-11-05;15;594
25;2025-11-05;16;668
25;2025-11-05;17;836
25;2025-11-05;18;803
25;2025-11-05;19;640
25;2025-11-05;20;333
25;2025-11-05;21;248
25;2025-11-05;22;106
25;2025-11-05;23;5
25;2025-11-06;0;2
25;2025-11-06;1;0
25;2025-11-06;2;0
25;2025-11-06;3;0
25;2025-11-06;4;0
25;2025-11-06;5;19
25;2025-11-06;6;242
25;2025-11-06;7;568
25;2025-11-06;8;963
25;2025-11-06;9;440
25;2025-11-06;10;391
25;2025-11-06;11;433
25;2025-11-06;12;443
25;2025-11-06;13;593
25;2025-11-06;14;556
25;2025-11-06;15;616
25;2025-11-06;16;690
25;2025-11-06;17;678
25;2025-11-06;18;765
25;2025-11-06;19;529
25;2025-11-06;20;305
25;2025-11-06;21;213
25;2025-11-06;22;90
25;2025-11-06;23;3
25;2025-11-07;0;0
25;2025-11-07;1;0
25;2025-11-07;2;0
25;2025-11-07;3;0
25;2025-11-07;4;0
25;2025-11-07;5;14
25;2025-11-07;6;267
25;2025-11-07;7;575
25;2025-11-07;8;894
25;2025-11-07;9;438
25;2025-11-07;10;415
25;2025-11-07;11;458
25;2025-11-07;12;440
25;2025-11-07;13;604
25;2025-11-07;14;496
25;2025-11-07;15;706
25;2025-11-07;16;891
25;2025-11-07;17;831
25;2025-11-07;18;764
25;2025-11-07;19;656
25;2025-11-07;20;373
25;2025-11-07;21;245
25;2025-11-07;22;105
25;2025-11-07;23;12
25;2025-11-08;0;1
25;2025-11-08;1;0
25;2025-11-08;2;0
25;2025-11-08;3;0
25;2025-11-08;4;0
25;2025-11-08;5;10
25;2025-11-08;6;90
25;2025-11-08;7;135
25;2025-11-08;8;325
25;2025-11-08;9;321
25;2025-11-08;10;291
25;2025-11-08;11;347
25;2025-11-08;12;369
25;2025-11-08;13;533
25;2025-11-08;14;533
25;2025-11-08;15;615
25;2025-11-08;16;529
25;2025-11-08;17;475
25;2025-11-08;18;480
25;2025-11-08;19;416
25;2025-11-08;20;256
25;2025-11-08;21;192
25;2025-11-08;22;133
25;2025-11-08;23;46
25;2025-11-09;0;15
25;2025-11-09;1;0
25;2025-11-09;2;0
25;2025-11-09;3;0
25;2025-11-09;4;0
25;2025-11-09;5;4
25;2025-11-09;6;63
25;2025-11-09;7;111
25;2025-11-09;8;189
25;2025-11-09;9;219
25;2025-11-09;10;217
25;2025-11-09;11;291
25;2025-11-09;12;372
25;2025-11-09;13;470
25;2025-11-09;14;517
25;2025-11-09;15;645
25;2025-11-09;16;508
25;2025-11-09;17;509
25;2025-11-09;18;458
25;2025-11-09;19;321
25;2025-11-09;20;207
25;2025-11-09;21;174
25;2025-11-09;22;101
25;2025-11-09;23;35
25;2025-11-10;0;8
25;2025-11-10;1;0
25;2025-11-10;2;0
25;2025-11-10;3;0
25;2025-11-10;4;0
25;2025-11-10;5;12
25;2025-11-10;6;216
25;2025-11-10;7;550
25;2025-11-10;8;1025
25;2025-11-10;9;540
25;2025-11-10;10;332
25;2025-11-10;11;428
25;2025-11-10;12;386
25;2025-11-10;13;573
25;2025-11-10;14;460
25;2025-11-10;15;503
25;2025-11-10;16;730
25;2025-11-10;17;804
25;2025-11-10;18;820
25;2025-11-10;19;614
25;2025-11-10;20;338
25;2025-11-10;21;218
25;2025-11-10;22;107
25;2025-11-10;23;16
25;2025-11-11;0;7
25;2025-11-11;1;0
25;2025-11-11;2;0
25;2025-11-11;3;0
25;2025-11-11;4;0
25;2025-11-11;5;11
25;2025-11-11;6;214
25;2025-11-11;7;524
25;2025-11-11;8;984
25;2025-11-11;9;471
25;2025-11-11;10;377
25;2025-11-11;11;379
25;2025-11-11;12;389
25;2025-11-11;13;503
25;2025-11-11;14;447
25;2025-11-11;15;602
25;2025-11-11;16;650
25;2025-11-11;17;754
25;2025-11-11;18;718
25;2025-11-11;19;564
25;2025-11-11;20;363
25;2025-11-11;21;220
25;2025-11-11;22;98
25;2025-11-11;23;15
25;2025-11-12;0;2
25;2025-11-12;1;1
25;2025-11-12;2;0
25;2025-11-12;3;0
25;2025-11-12;4;0
25;2025-11-12;5;14
25;2025-11-12;6;222
25;2025-11-12;7;551
25;2025-11-12;8;963
25;2025-11-12;9;495
25;2025-11-12;10;416
25;2025-11-12;11;449
25;2025-11-12;12;451
25;2025-11-12;13;604
25;2025-11-12;14;486
25;2025-11-12;15;595
25;2025-11-12;16;669
25;2025-11-12;17;837
25;2025-11-12;18;804
25;2025-11-12;19;642
25;2025-11-12;20;334
25;2025-11-12;21;249
25;2025-11-12;22;106
25;2025-11-12;23;5
25;2025-11-13;0;2
25;2025-11-13;1;0
25;2025-11-13;2;0
25;2025-11-13;3;0
25;2025-11-13;4;0
25;2025-11-13;5;19
25;2025-11-13;6;243
25;2025-11-13;7;569
25;2025-11-13;8;965
25;2025-11-13;9;441
25;2025-11-13;10;393
25;2025-11-13;11;433
25;2025-11-13;12;443
25;2025-11-13;13;593
25;2025-11-13;14;556
25;2025-11-13;15;617
25;2025-11-13;16;691
25;2025-11-13;17;677
25;2025-11-13;18;765
25;2025-11-13;19;529
25;2025-11-13;20;305
25;2025-11-13;21;213
25;2025-11-13;22;90
25;2025-11-13;23;3
25;2025-11-14;0;0
25;2025-11-14;1;0
25;2025-11-14;2;0
25;2025-11-14;3;0
25;2025-11-14;4;0
25;2025-11-14;5;14
25;2025-11-14;6;267
25;2025-11-14;7;575
25;2025-11-14;8;895
25;2025-11-14;9;438
25;2025-11-14;10;415
25;2025-11-14;11;458
25;2025-11-14;12;440
25;2025-11-14;13;604
25;2025-11-14;14;496
25;2025-11-14;15;706
25;2025-11-14;16;892
25;2025-11-14;17;831
25;2025-11-14;18;764
25;2025-11-14;19;656
25;2025-11-14;20;374
25;2025-11-14;21;245
25;2025-11-14;22;105
25;2025-11-14;23;12
25;2025-11-15;0;9
25;2025-11-15;1;0
25;2025-11-15;2;0
25;2025-11-15;3;0
25;2025-11-15;4;0
25;2025-11-15;5;18
25;2025-11-15;6;126
25;2025-11-15;7;145
25;2025-11-15;8;304
25;2025-11-15;9;274
25;2025-11-15;10;275
25;2025-11-15;11;398
25;2025-11-15;12;416
25;2025-11-15;13;660
25;2025-11-15;14;655
25;2025-11-15;15;783
25;2025-11-15;16;735
25;2025-11-15;17;595
25;2025-11-15;18;529
25;2025-11-15;19;458
25;2025-11-15;20;265
25;2025-11-15;21;211
25;2025-11-15;22;123
25;2025-11-15;23;44
25;2025-11-16;0;14
25;2025-11-16;1;1
25;2025-11-16;2;0
25;2025-11-16;3;0
25;2025-11-16;4;0
25;2025-11-16;5;12
25;2025-11-16;6;112
25;2025-11-16;7;113
25;2025-11-16;8;194
25;2025-11-16;9;229
25;2025-11-16;10;239
25;2025-11-16;11;322
25;2025-11-16;12;393
25;2025-11-16;13;498
25;2025-11-16;14;581
25;2025-11-16;15;680
25;2025-11-16;16;595
25;2025-11-16;17;587
25;2025-11-16;18;454
25;2025-11-16;19;332
25;2025-11-16;20;259
25;2025-11-16;21;157
25;2025-11-16;22;101
25;2025-11-16;23;35
25;2025-11-17;0;10
25;2025-11-17;1;0
25;2025-11-17;2;0
25;2025-11-17;3;0
25;2025-11-17;4;0
25;2025-11-17;5;16
25;2025-11-17;6;228
25;2025-11-17;7;516
25;2025-11-17;8;833
25;2025-11-17;9;511
25;2025-11-17;10;390
25;2025-11-17;11;401
25;2025-11-17;12;449
25;2025-11-17;13;582
25;2025-11-17;14;475
25;2025-11-17;15;508
25;2025-11-17;16;645
25;2025-11-17;17;710
25;2025-11-17;18;724
25;2025-11-17;19;497
25;2025-11-17;20;295
25;2025-11-17;21;201
25;2025-11-17;22;85
25;2025-11-17;23;8
25;2025-11-18;0;0
25;2025-11-18;1;0
25;2025-11-18;2;0
25;2025-11-18;3;0
25;2025-11-18;4;0
25;2025-11-18;5;15
25;2025-11-18;6;222
25;2025-11-18;7;511
25;2025-11-18;8;883
25;2025-11-18;9;454
25;2025-11-18;10;379
25;2025-11-18;11;471
25;2025-11-18;12;373
25;2025-11-18;13;409
25;2025-11-18;14;433
25;2025-11-18;15;499
25;2025-11-18;16;650
25;2025-11-18;17;671
25;2025-11-18;18;689
25;2025-11-18;19;508
25;2025-11-18;20;284
25;2025-11-18;21;203
25;2025-11-18;22;86
25;2025-11-18;23;3
25;2025-11-19;0;0
25;2025-11-19;1;0
25;2025-11-19;2;0
25;2025-11-19;3;0
25;2025-11-19;4;0
25;2025-11-19;5;19
25;2025-11-19;6;251
25;2025-11-19;7;543
25;2025-11-19;8;890
25;2025-11-19;9;499
25;2025-11-19;10;380
25;2025-11-19;11;453
25;2025-11-19;12;447
25;2025-11-19;13;562
25;2025-11-19;14;324
25;2025-11-19;15;543
25;2025-11-19;16;636
25;2025-11-19;17;842
25;2025-11-19;18;912
25;2025-11-19;19;611
25;2025-11-19;20;378
25;2025-11-19;21;264
25;2025-11-19;22;115
25;2025-11-19;23;12
25;2025-11-20;0;2
25;2025-11-20;1;0
25;2025-11-20;2;0
25;2025-11-20;3;0
25;2025-11-20;4;0
25;2025-11-20;5;16
25;2025-11-20;6;227
25;2025-11-20;7;538
25;2025-11-20;8;873
25;2025-11-20;9;457
25;2025-11-20;10;427
25;2025-11-20;11;432
25;2025-11-20;12;403
25;2025-11-20;13;500
25;2025-11-20;14;496
25;2025-11-20;15;574
25;2025-11-20;16;678
25;2025-11-20;17;782
25;2025-11-20;18;763
25;2025-11-20;19;608
25;2025-11-20;20;305
25;2025-11-20;21;223
25;2025-11-20;22;96
25;2025-11-20;23;7
25;2025-11-21;0;0
25;2025-11-21;1;0
25;2025-11-21;2;0
25;2025-11-21;3;0
25;2025-11-21;4;0
25;2025-11-21;5;12
25;2025-11-21;6;205
25;2025-11-21;7;525
25;2025-11-21;8;802
25;2025-11-21;9;443
25;2025-11-21;10;342
25;2025-11-21;11;420
25;2025-11-21;12;391
25;2025-11-21;13;467
25;2025-11-21;14;442
25;2025-11-21;15;535
25;2025-11-21;16;699
25;2025-11-21;17;710
25;2025-11-21;18;609
25;2025-11-21;19;500
25;2025-11-21;20;294
25;2025-11-21;21;190
25;2025-11-21;22;127
25;2025-11-21;23;14
25;2025-11-22;0;9
25;2025-11-22;1;0
25;2025-11-22;2;0
25;2025-11-22;3;0
25;2025-11-22;4;0
25;2025-11-22;5;18
25;2025-11-22;6;126
25;2025-11-22;7;145
25;2025-11-22;8;304
25;2025-11-22;9;274
25;2025-11-22;10;276
25;2025-11-22;11;399
25;2025-11-22;12;416
25;2025-11-22;13;661
25;2025-11-22;14;655
25;2025-11-22;15;783
25;2025-11-22;16;735
25;2025-11-22;17;595
25;2025-11-22;18;529
25;2025-11-22;19;458
25;2025-11-22;20;265
25;2025-11-22;21;211
25;2025-11-22;22;123
25;2025-11-22;23;44
25;2025-11-23;0;14
25;2025-11-23;1;1
25;2025-11-23;2;0
25;2025-11-23;3;0
25;2025-11-23;4;0
25;2025-11-23;5;12
25;2025-11-23;6;112
25;2025-11-23;7;113
25;2025-11-23;8;194
25;2025-11-23;9;229
25;2025-11-23;10;239
25;2025-11-23;11;322
25;2025-11-23;12;393
25;2025-11-23;13;498
25;2025-11-23;14;581
25;2025-11-23;15;680
25;2025-11-23;16;595
25;2025-11-23;17;587
25;2025-11-23;18;454
25;2025-11-23;19;332
25;2025-11-23;20;259
25;2025-11-23;21;157
25;2025-11-23;22;101
25;2025-11-23;23;35
25;2025-11-24;0;8
25;2025-11-24;1;0
25;2025-11-24;2;0
25;2025-11-24;3;0
25;2025-11-24;4;0
25;2025-11-24;5;12
25;2025-11-24;6;215
25;2025-11-24;7;550
25;2025-11-24;8;1025
25;2025-11-24;9;539
25;2025-11-24;10;332
25;2025-11-24;11;427
25;2025-11-24;12;383
25;2025-11-24;13;572
25;2025-11-24;14;460
25;2025-11-24;15;502
25;2025-11-24;16;729
25;2025-11-24;17;804
25;2025-11-24;18;820
25;2025-11-24;19;614
25;2025-11-24;20;338
25;2025-11-24;21;218
25;2025-11-24;22;107
25;2025-11-24;23;16
25;2025-11-25;0;7
25;2025-11-25;1;0
25;2025-11-25;2;0
25;2025-11-25;3;0
25;2025-11-25;4;0
25;2025-11-25;5;11
25;2025-11-25;6;214
25;2025-11-25;7;524
25;2025-11-25;8;984
25;2025-11-25;9;471
25;2025-11-25;10;377
25;2025-11-25;11;379
25;2025-11-25;12;390
25;2025-11-25;13;505
25;2025-11-25;14;448
25;2025-11-25;15;602
25;2025-11-25;16;650
25;2025-11-25;17;754
25;2025-11-25;18;718
25;2025-11-25;19;564
25;2025-11-25;20;363
25;2025-11-25;21;220
25;2025-11-25;22;98
25;2025-11-25;23;15
25;2025-11-26;0;2
25;2025-11-26;1;1
25;2025-11-26;2;0
25;2025-11-26;3;0
25;2025-11-26;4;0
25;2025-11-26;5;14
25;2025-11-26;6;222
25;2025-11-26;7;550
25;2025-11-26;8;963
25;2025-11-26;9;495
25;2025-11-26;10;417
25;2025-11-26;11;450
25;2025-11-26;12;452
25;2025-11-26;13;605
25;2025-11-26;14;486
25;2025-11-26;15;595
25;2025-11-26;16;669
25;2025-11-26;17;838
25;2025-11-26;18;805
25;2025-11-26;19;642
25;2025-11-26;20;335
25;2025-11-26;21;249
25;2025-11-26;22;106
25;2025-11-26;23;5
25;2025-11-27;0;2
25;2025-11-27;1;0
25;2025-11-27;2;0
25;2025-11-27;3;0
25;2025-11-27;4;0
25;2025-11-27;5;19
25;2025-11-27;6;243
25;2025-11-27;7;569
25;2025-11-27;8;965
25;2025-11-27;9;441
25;2025-11-27;10;393
25;2025-11-27;11;433
25;2025-11-27;12;444
25;2025-11-27;13;594
25;2025-11-27;14;557
25;2025-11-27;15;618
25;2025-11-27;16;692
25;2025-11-27;17;678
25;2025-11-27;18;766
25;2025-11-27;19;529
25;2025-11-27;20;305
25;2025-11-27;21;214
25;2025-11-27;22;90
25;2025-11-27;23;3
25;2025-11-28;0;0
25;2025-11-28;1;0
25;2025-11-28;2;0
25;2025-11-28;3;0
25;2025-11-28;4;0
25;2025-11-28;5;14
25;2025-11-28;6;267
25;2025-11-28;7;575
25;2025-11-28;8;896
25;2025-11-28;9;440
25;2025-11-28;10;417
25;2025-11-28;11;460
25;2025-11-28;12;442
25;2025-11-28;13;606
25;2025-11-28;14;498
25;2025-11-28;15;708
25;2025-11-28;16;893
25;2025-11-28;17;833
25;2025-11-28;18;766
25;2025-11-28;19;658
25;2025-11-28;20;375
25;2025-11-28;21;246
25;2025-11-28;22;105
25;2025-11-28;23;12
25;2025-11-29;0;1
25;2025-11-29;1;0
25;2025-11-29;2;0
25;2025-11-29;3;0
25;2025-11-29;4;0
25;2025-11-29;5;10
25;2025-11-29;6;91
25;2025-11-29;7;136
25;2025-11-29;8;326
25;2025-11-29;9;322
25;2025-11-29;10;292
25;2025-11-29;11;349
25;2025-11-29;12;371
25;2025-11-29;13;535
25;2025-11-29;14;536
25;2025-11-29;15;617
25;2025-11-29;16;530
25;2025-11-29;17;476
25;2025-11-29;18;481
25;2025-11-29;19;418
25;2025-11-29;20;257
25;2025-11-29;21;193
25;2025-11-29;22;134
25;2025-11-29;23;46
25;2025-11-30;0;15
25;2025-11-30;1;0
25;2025-11-30;2;0
25;2025-11-30;3;0
25;2025-11-30;4;0
25;2025-11-30;5;4
25;2025-11-30;6;63
25;2025-11-30;7;111
25;2025-11-30;8;191
25;2025-11-30;9;220
25;2025-11-30;10;219
25;2025-11-30;11;292
25;2025-11-30;12;373
25;2025-11-30;13;472
25;2025-11-30;14;519
25;2025-11-30;15;646
25;2025-11-30;16;509
25;2025-11-30;17;511
25;2025-11-30;18;458
25;2025-11-30;19;321
25;2025-11-30;20;208
25;2025-11-30;21;174
25;2025-11-30;22;101
25;2025-11-30;23;35
25;2025-12-01;0;8
25;2025-12-01;1;0
25;2025-12-01;2;0
25;2025-12-01;3;0
25;2025-12-01;4;0
25;2025-12-01;5;12
25;2025-12-01;6;216
25;2025-12-01;7;550
25;2025-12-01;8;1025
25;2025-12-01;9;540
25;2025-12-01;10;332
25;2025-12-01;11;428
25;2025-12-01;12;386
25;2025-12-01;13;573
25;2025-12-01;14;461
25;2025-12-01;15;504
25;2025-12-01;16;730
25;2025-12-01;17;804
25;2025-12-01;18;820
25;2025-12-01;19;615
25;2025-12-01;20;338
25;2025-12-01;21;218
25;2025-12-01;22;107
25;2025-12-01;23;16
25;2025-12-02;0;7
25;2025-12-02;1;0
25;2025-12-02;2;0
25;2025-12-02;3;0
25;2025-12-02;4;0
25;2025-12-02;5;11
25;2025-12-02;6;214
25;2025-12-02;7;524
25;2025-12-02;8;984
25;2025-12-02;9;471
25;2025-12-02;10;377
25;2025-12-02;11;379
25;2025-12-02;12;390
25;2025-12-02;13;505
25;2025-12-02;14;448
25;2025-12-02;15;602
25;2025-12-02;16;650
25;2025-12-02;17;754
25;2025-12-02;18;718
25;2025-12-02;19;564
25;2025-12-02;20;363
25;2025-12-02;21;220
25;2025-12-02;22;98
25;2025-12-02;23;15
25;2025-12-03;0;2
25;2025-12-03;1;1
25;2025-12-03;2;0
25;2025-12-03;3;0
25;2025-12-03;4;0
25;2025-12-03;5;14
25;2025-12-03;6;222
25;2025-12-03;7;551
25;2025-12-03;8;963
25;2025-12-03;9;495
25;2025-12-03;10;417
25;2025-12-03;11;450
25;2025-12-03;12;452
25;2025-12-03;13;605
25;2025-12-03;14;486
25;2025-12-03;15;595
25;2025-12-03;16;670
25;2025-12-03;17;838
25;2025-12-03;18;805
25;2025-12-03;19;642
25;2025-12-03;20;335
25;2025-12-03;21;249
25;2025-12-03;22;106
25;2025-12-03;23;5
25;2025-12-04;0;2
25;2025-12-04;1;0
25;2025-12-04;2;0
25;2025-12-04;3;0
25;2025-12-04;4;0
25;2025-12-04;5;19
25;2025-12-04;6;243
25;2025-12-04;7;569
25;2025-12-04;8;965
25;2025-12-04;9;442
25;2025-12-04;10;393
25;2025-12-04;11;435
25;2025-12-04;12;445
25;2025-12-04;13;595
25;2025-12-04;14;558
25;2025-12-04;15;619
25;2025-12-04;16;693
25;2025-12-04;17;679
25;2025-12-04;18;767
25;2025-12-04;19;531
25;2025-12-04;20;306
25;2025-12-04;21;214
25;2025-12-04;22;90
25;2025-12-04;23;3
25;2025-12-05;0;0
25;2025-12-05;1;0
25;2025-12-05;2;0
25;2025-12-05;3;0
25;2025-12-05;4;0
25;2025-12-05;5;14
25;2025-12-05;6;267
25;2025-12-05;7;576
25;2025-12-05;8;897
25;2025-12-05;9;440
25;2025-12-05;10;417
25;2025-12-05;11;460
25;2025-12-05;12;442
25;2025-12-05;13;606
25;2025-12-05;14;498
25;2025-12-05;15;708
25;2025-12-05;16;893
25;2025-12-05;17;833
25;2025-12-05;18;766
25;2025-12-05;19;658
25;2025-12-05;20;375
25;2025-12-05;21;246
25;2025-12-05;22;105
25;2025-12-05;23;12
25;2025-12-06;0;1
25;2025-12-06;1;0
25;2025-12-06;2;0
25;2025-12-06;3;0
25;2025-12-06;4;0
25;2025-12-06;5;10
25;2025-12-06;6;91
25;2025-12-06;7;136
25;2025-12-06;8;326
25;2025-12-06;9;322
25;2025-12-06;10;292
25;2025-12-06;11;349
25;2025-12-06;12;371
25;2025-12-06;13;535
25;2025-12-06;14;535
25;2025-12-06;15;617
25;2025-12-06;16;530
25;2025-12-06;17;476
25;2025-12-06;18;481
25;2025-12-06;19;418
25;2025-12-06;20;257
25;2025-12-06;21;193
25;2025-12-06;22;134
25;2025-12-06;23;46
25;2025-12-07;0;15
25;2025-12-07;1;0
25;2025-12-07;2;0
25;2025-12-07;3;0
25;2025-12-07;4;0
25;2025-12-07;5;4
25;2025-12-07;6;63
25;2025-12-07;7;111
25;2025-12-07;8;191
25;2025-12-07;9;220
25;2025-12-07;10;219
25;2025-12-07;11;292
25;2025-12-07;12;373
25;2025-12-07;13;472
25;2025-12-07;14;519
25;2025-12-07;15;646
25;2025-12-07;16;509
25;2025-12-07;17;511
25;2025-12-07;18;458
25;2025-12-07;19;321
25;2025-12-07;20;208
25;2025-12-07;21;174
25;2025-12-07;22;101
25;2025-12-07;23;35
25;2025-12-08;0;8
25;2025-12-08;1;0
25;2025-12-08;2;0
25;2025-12-08;3;0
25;2025-12-08;4;0
25;2025-12-08;5;12
25;2025-12-08;6;216
25;2025-12-08;7;550
25;2025-12-08;8;1025
25;2025-12-08;9;540
25;2025-12-08;10;332
25;2025-12-08;11;428
25;2025-12-08;12;386
25;2025-12-08;13;573
25;2025-12-08;14;461
25;2025-12-08;15;504
25;2025-12-08;16;730
25;2025-12-08;17;804
25;2025-12-08;18;820
25;2025-12-08;19;615
25;2025-12-08;20;338
25;2025-12-08;21;218
25;2025-12-08;22;107
25;2025-12-08;23;16
25;2025-12-09;0;7
25;2025-12-09;1;0
25;2025-12-09;2;0
25;2025-12-09;3;0
25;2025-12-09;4;0
25;2025-12-09;5;11
25;2025-12-09;6;214
25;2025-12-09;7;524
25;2025-12-09;8;984
25;2025-12-09;9;471
25;2025-12-09;10;377
25;2025-12-09;11;379
25;2025-12-09;12;390
25;2025-12-09;13;504
25;2025-12-09;14;448
25;2025-12-09;15;602
25;2025-12-09;16;650
25;2025-12-09;17;754
25;2025-12-09;18;718
25;2025-12-09;19;564
25;2025-12-09;20;363
25;2025-12-09;21;220
25;2025-12-09;22;98
25;2025-12-09;23;15
25;2025-12-10;0;2
25;2025-12-10;1;1
25;2025-12-10;2;0
25;2025-12-10;3;0
25;2025-12-10;4;0
25;2025-12-10;5;14
25;2025-12-10;6;222
25;2025-12-10;7;550
25;2025-12-10;8;963
25;2025-12-10;9;495
25;2025-12-10;10;417
25;2025-12-10;11;450
25;2025-12-10;12;452
25;2025-12-10;13;605
25;2025-12-10;14;486
25;2025-12-10;15;595
25;2025-12-10;16;670
25;2025-12-10;17;838
25;2025-12-10;18;805
25;2025-12-10;19;642
25;2025-12-10;20;335
25;2025-12-10;21;249
25;2025-12-10;22;106
25;2025-12-10;23;5
25;2025-12-11;0;2
25;2025-12-11;1;0
25;2025-12-11;2;0
25;2025-12-11;3;0
25;2025-12-11;4;0
25;2025-12-11;5;19
25;2025-12-11;6;243
25;2025-12-11;7;569
25;2025-12-11;8;965
25;2025-12-11;9;441
25;2025-12-11;10;392
25;2025-12-11;11;434
25;2025-12-11;12;444
25;2025-12-11;13;594
25;2025-12-11;14;557
25;2025-12-11;15;618
25;2025-12-11;16;692
25;2025-12-11;17;679
25;2025-12-11;18;766
25;2025-12-11;19;530
25;2025-12-11;20;305
25;2025-12-11;21;214
25;2025-12-11;22;90
25;2025-12-11;23;3
25;2025-12-12;0;0
25;2025-12-12;1;0
25;2025-12-12;2;0
25;2025-12-12;3;0
25;2025-12-12;4;0
25;2025-12-12;5;14
25;2025-12-12;6;267
25;2025-12-12;7;575
25;2025-12-12;8;896
25;2025-12-12;9;440
25;2025-12-12;10;416
25;2025-12-12;11;460
25;2025-12-12;12;441
25;2025-12-12;13;606
25;2025-12-12;14;497
25;2025-12-12;15;707
25;2025-12-12;16;893
25;2025-12-12;17;833
25;2025-12-12;18;766
25;2025-12-12;19;657
25;2025-12-12;20;375
25;2025-12-12;21;246
25;2025-12-12;22;105
25;2025-12-12;23;12
25;2025-12-13;0;1
25;2025-12-13;1;0
25;2025-12-13;2;0
25;2025-12-13;3;0
25;2025-12-13;4;0
25;2025-12-13;5;10
25;2025-12-13;6;91
25;2025-12-13;7;135
25;2025-12-13;8;326
25;2025-12-13;9;322
25;2025-12-13;10;292
25;2025-12-13;11;348
25;2025-12-13;12;370
25;2025-12-13;13;535
25;2025-12-13;14;535
25;2025-12-13;15;616
25;2025-12-13;16;530
25;2025-12-13;17;476
25;2025-12-13;18;481
25;2025-12-13;19;417
25;2025-12-13;20;257
25;2025-12-13;21;193
25;2025-12-13;22;134
25;2025-12-13;23;46
25;2025-12-14;0;15
25;2025-12-14;1;0
25;2025-12-14;2;0
25;2025-12-14;3;0
25;2025-12-14;4;0
25;2025-12-14;5;4
25;2025-12-14;6;63
25;2025-12-14;7;111
25;2025-12-14;8;191
25;2025-12-14;9;220
25;2025-12-14;10;218
25;2025-12-14;11;292
25;2025-12-14;12;373
25;2025-12-14;13;471
25;2025-12-14;14;518
25;2025-12-14;15;645
25;2025-12-14;16;509
25;2025-12-14;17;511
25;2025-12-14;18;458
25;2025-12-14;19;321
25;2025-12-14;20;208
25;2025-12-14;21;174
25;2025-12-14;22;101
25;2025-12-14;23;35
25;2025-12-15;0;8
25;2025-12-15;1;0
25;2025-12-15;2;0
25;2025-12-15;3;0
25;2025-12-15;4;0
25;2025-12-15;5;12
25;2025-12-15;6;216
25;2025-12-15;7;550
25;2025-12-15;8;1026
25;2025-12-15;9;540
25;2025-12-15;10;332
25;2025-12-15;11;428
25;2025-12-15;12;386
25;2025-12-15;13;573
25;2025-12-15;14;461
25;2025-12-15;15;504
25;2025-12-15;16;730
25;2025-12-15;17;804
25;2025-12-15;18;820
25;2025-12-15;19;615
25;2025-12-15;20;338
25;2025-12-15;21;218
25;2025-12-15;22;107
25;2025-12-15;23;16
25;2025-12-16;0;7
25;2025-12-16;1;0
25;2025-12-16;2;0
25;2025-12-16;3;0
25;2025-12-16;4;0
25;2025-12-16;5;11
25;2025-12-16;6;214
25;2025-12-16;7;524
25;2025-12-16;8;984
25;2025-12-16;9;471
25;2025-12-16;10;377
25;2025-12-16;11;379
25;2025-12-16;12;389
25;2025-12-16;13;504
25;2025-12-16;14;448
25;2025-12-16;15;603
25;2025-12-16;16;651
25;2025-12-16;17;754
25;2025-12-16;18;718
25;2025-12-16;19;565
25;2025-12-16;20;363
25;2025-12-16;21;220
25;2025-12-16;22;98
25;2025-12-16;23;15
25;2025-12-17;0;2
25;2025-12-17;1;1
25;2025-12-17;2;0
25;2025-12-17;3;0
25;2025-12-17;4;0
25;2025-12-17;5;14
25;2025-12-17;6;222
25;2025-12-17;7;551
25;2025-12-17;8;963
25;2025-12-17;9;495
25;2025-12-17;10;417
25;2025-12-17;11;450
25;2025-12-17;12;452
25;2025-12-17;13;605
25;2025-12-17;14;486
25;2025-12-17;15;595
25;2025-12-17;16;670
25;2025-12-17;17;838
25;2025-12-17;18;805
25;2025-12-17;19;642
25;2025-12-17;20;335
25;2025-12-17;21;249
25;2025-12-17;22;106
25;2025-12-17;23;5
25;2025-12-18;0;2
25;2025-12-18;1;0
25;2025-12-18;2;0
25;2025-12-18;3;0
25;2025-12-18;4;0
25;2025-12-18;5;19
25;2025-12-18;6;243
25;2025-12-18;7;570
25;2025-12-18;8;966
25;2025-12-18;9;442
25;2025-12-18;10;393
25;2025-12-18;11;435
25;2025-12-18;12;445
25;2025-12-18;13;595
25;2025-12-18;14;558
25;2025-12-18;15;619
25;2025-12-18;16;693
25;2025-12-18;17;679
25;2025-12-18;18;767
25;2025-12-18;19;531
25;2025-12-18;20;306
25;2025-12-18;21;214
25;2025-12-18;22;90
25;2025-12-18;23;3
25;2025-12-19;0;0
25;2025-12-19;1;0
25;2025-12-19;2;0
25;2025-12-19;3;0
25;2025-12-19;4;0
25;2025-12-19;5;14
25;2025-12-19;6;267
25;2025-12-19;7;576
25;2025-12-19;8;897
25;2025-12-19;9;440
25;2025-12-19;10;417
25;2025-12-19;11;460
25;2025-12-19;12;442
25;2025-12-19;13;606
25;2025-12-19;14;498
25;2025-12-19;15;708
25;2025-12-19;16;893
25;2025-12-19;17;833
25;2025-12-19;18;766
25;2025-12-19;19;658
25;2025-12-19;20;375
25;2025-12-19;21;246
25;2025-12-19;22;105
25;2025-12-19;23;12
25;2025-12-20;0;1
25;2025-12-20;1;0
25;2025-12-20;2;0
25;2025-12-20;3;0
25;2025-12-20;4;0
25;2025-12-20;5;10
25;2025-12-20;6;91
25;2025-12-20;7;136
25;2025-12-20;8;326
25;2025-12-20;9;322
25;2025-12-20;10;292
25;2025-12-20;11;349
25;2025-12-20;12;371
25;2025-12-20;13;535
25;2025-12-20;14;536
25;2025-12-20;15;617
25;2025-12-20;16;531
25;2025-12-20;17;476
25;2025-12-20;18;481
25;2025-12-20;19;417
25;2025-12-20;20;257
25;2025-12-20;21;193
25;2025-12-20;22;134
25;2025-12-20;23;46
25;2025-12-21;0;15
25;2025-12-21;1;0
25;2025-12-21;2;0
25;2025-12-21;3;0
25;2025-12-21;4;0
25;2025-12-21;5;4
25;2025-12-21;6;63
25;2025-12-21;7;111
25;2025-12-21;8;191
25;2025-12-21;9;220
25;2025-12-21;10;219
25;2025-12-21;11;292
25;2025-12-21;12;373
25;2025-12-21;13;472
25;2025-12-21;14;519
25;2025-12-21;15;646
25;2025-12-21;16;509
25;2025-12-21;17;511
25;2025-12-21;18;458
25;2025-12-21;19;321
25;2025-12-21;20;208
25;2025-12-21;21;174
25;2025-12-21;22;101
25;2025-12-21;23;35
25;2025-12-22;0;8
25;2025-12-22;1;0
25;2025-12-22;2;0
25;2025-12-22;3;0
25;2025-12-22;4;0
25;2025-12-22;5;12
25;2025-12-22;6;216
25;2025-12-22;7;550
25;2025-12-22;8;1026
25;2025-12-22;9;539
25;2025-12-22;10;332
25;2025-12-22;11;427
25;2025-12-22;12;386
25;2025-12-22;13;573
25;2025-12-22;14;460
25;2025-12-22;15;504
25;2025-12-22;16;730
25;2025-12-22;17;804
25;2025-12-22;18;820
25;2025-12-22;19;614
25;2025-12-22;20;338
25;2025-12-22;21;218
25;2025-12-22;22;107
25;2025-12-22;23;16
25;2025-12-23;0;7
25;2025-12-23;1;0
25;2025-12-23;2;0
25;2025-12-23;3;0
25;2025-12-23;4;0
25;2025-12-23;5;11
25;2025-12-23;6;214
25;2025-12-23;7;524
25;2025-12-23;8;983
25;2025-12-23;9;470
25;2025-12-23;10;377
25;2025-12-23;11;379
25;2025-12-23;12;390
25;2025-12-23;13;505
25;2025-12-23;14;448
25;2025-12-23;15;602
25;2025-12-23;16;650
25;2025-12-23;17;754
25;2025-12-23;18;718
25;2025-12-23;19;565
25;2025-12-23;20;363
25;2025-12-23;21;220
25;2025-12-23;22;98
25;2025-12-23;23;15
25;2025-12-24;0;2
25;2025-12-24;1;1
25;2025-12-24;2;0
25;2025-12-24;3;0
25;2025-12-24;4;0
25;2025-12-24;5;14
25;2025-12-24;6;222
25;2025-12-24;7;551
25;2025-12-24;8;963
25;2025-12-24;9;495
25;2025-12-24;10;417
25;2025-12-24;11;450
25;2025-12-24;12;452
25;2025-12-24;13;605
25;2025-12-24;14;486
25;2025-12-24;15;595
25;2025-12-24;16;670
25;2025-12-24;17;838
25;2025-12-24;18;805
25;2025-12-24;19;642
25;2025-12-24;20;335
25;2025-12-24;21;249
25;2025-12-24;22;106
25;2025-12-24;23;5
25;2025-12-25;0;2
25;2025-12-25;1;0
25;2025-12-25;2;0
25;2025-12-25;3;0
25;2025-12-25;4;0
25;2025-12-25;5;19
25;2025-12-25;6;243
25;2025-12-25;7;570
25;2025-12-25;8;966
25;2025-12-25;9;442
25;2025-12-25;10;393
25;2025-12-25;11;435
25;2025-12-25;12;445
25;2025-12-25;13;595
25;2025-12-25;14;558
25;2025-12-25;15;619
25;2025-12-25;16;693
25;2025-12-25;17;679
25;2025-12-25;18;766
25;2025-12-25;19;530
25;2025-12-25;20;306
25;2025-12-25;21;214
25;2025-12-25;22;90
25;2025-12-25;23;3
25;2025-12-26;0;0
25;2025-12-26;1;0
25;2025-12-26;2;0
25;2025-12-26;3;0
25;2025-12-26;4;0
25;2025-12-26;5;14
25;2025-12-26;6;267
25;2025-12-26;7;576
25;2025-12-26;8;896
25;2025-12-26;9;440
25;2025-12-26;10;416
25;2025-12-26;11;459
25;2025-12-26;12;441
25;2025-12-26;13;606
25;2025-12-26;14;498
25;2025-12-26;15;708
25;2025-12-26;16;893
25;2025-12-26;17;833
25;2025-12-26;18;766
25;2025-12-26;19;657
25;2025-12-26;20;375
25;2025-12-26;21;246
25;2025-12-26;22;105
25;2025-12-26;23;12
25;2025-12-27;0;1
25;2025-12-27;1;0
25;2025-12-27;2;0
25;2025-12-27;3;0
25;2025-12-27;4;0
25;2025-12-27;5;10
25;2025-12-27;6;91
25;2025-12-27;7;136
25;2025-12-27;8;326
25;2025-12-27;9;322
25;2025-12-27;10;292
25;2025-12-27;11;349
25;2025-12-27;12;371
25;2025-12-27;13;535
25;2025-12-27;14;536
25;2025-12-27;15;617
25;2025-12-27;16;531
25;2025-12-27;17;476
25;2025-12-27;18;481
25;2025-12-27;19;417
25;2025-12-27;20;257
25;2025-12-27;21;193
25;2025-12-27;22;134
25;2025-12-27;23;46
25;2025-12-28;0;15
25;2025-12-28;1;0
25;2025-12-28;2;0
25;2025-12-28;3;0
25;2025-12-28;4;0
25;2025-12-28;5;4
25;2025-12-28;6;63
25;2025-12-28;7;111
25;2025-12-28;8;191
25;2025-12-28;9;220
25;2025-12-28;10;219
25;2025-12-28;11;292
25;2025-12-28;12;373
25;2025-12-28;13;472
25;2025-12-28;14;519
25;2025-12-28;15;646
25;2025-12-28;16;509
25;2025-12-28;17;511
25;2025-12-28;18;458
25;2025-12-28;19;321
25;2025-12-28;20;208
25;2025-12-28;21;174
25;2025-12-28;22;101
25;2025-12-28;23;35
25;2025-12-29;0;8
25;2025-12-29;1;0
25;2025-12-29;2;0
25;2025-12-29;3;0
25;2025-12-29;4;0
25;2025-12-29;5;12
25;2025-12-29;6;216
25;2025-12-29;7;550
25;2025-12-29;8;1026
25;2025-12-29;9;540
25;2025-12-29;10;332
25;2025-12-29;11;428
25;2025-12-29;12;386
25;2025-12-29;13;573
25;2025-12-29;14;461
25;2025-12-29;15;504
25;2025-12-29;16;730
25;2025-12-29;17;804
25;2025-12-29;18;820
25;2025-12-29;19;615
25;2025-12-29;20;338
25;2025-12-29;21;218
25;2025-12-29;22;107
25;2025-12-29;23;16
25;2025-12-30;0;7
25;2025-12-30;1;0
25;2025-12-30;2;0
25;2025-12-30;3;0
25;2025-12-30;4;0
25;2025-12-30;5;11
25;2025-12-30;6;214
25;2025-12-30;7;524
25;2025-12-30;8;984
25;2025-12-30;9;471
25;2025-12-30;10;377
25;2025-12-30;11;379
25;2025-12-30;12;390
25;2025-12-30;13;505
25;2025-12-30;14;448
25;2025-12-30;15;603
25;2025-12-30;16;651
25;2025-12-30;17;754
25;2025-12-30;18;718
25;2025-12-30;19;565
25;2025-12-30;20;363
25;2025-12-30;21;220
25;2025-12-30;22;98
25;2025-12-30;23;15
25;2025-12-31;0;13
25;2025-12-31;1;0
25;2025-12-31;2;0
25;2025-12-31;3;0
25;2025-12-31;4;0
25;2025-12-31;5;2
25;2025-12-31;6;40
25;2025-12-31;7;99
25;2025-12-31;8;200
25;2025-12-31;9;190
25;2025-12-31;10;195
25;2025-12-31;11;229
25;2025-12-31;12;266
25;2025-12-31;13;342
25;2025-12-31;14;406
25;2025-12-31;15;489
25;2025-12-31;16;441
25;2025-12-31;17;372
25;2025-12-31;18;392
25;2025-12-31;19;324
25;2025-12-31;20;272
25;2025-12-31;21;227
25;2025-12-31;22;159
25;2025-12-31;23;50
26;2025-11-01;0;52
26;2025-11-01;1;3
26;2025-11-01;2;0
26;2025-11-01;3;0
26;2025-11-01;4;2
26;2025-11-01;5;50
26;2025-11-01;6;232
26;2025-11-01;7;367
26;2025-11-01;8;591
26;2025-11-01;9;677
26;2025-11-01;10;834
26;2025-11-01;11;993
26;2025-11-01;12;1095
26;2025-11-01;13;1052
26;2025-11-01;14;1082
26;2025-11-01;15;1015
26;2025-11-01;16;1033
26;2025-11-01;17;976
26;2025-11-01;18;871
26;2025-11-01;19;808
26;2025-11-01;20;572
26;2025-11-01;21;364
26;2025-11-01;22;223
26;2025-11-01;23;153
26;2025-11-02;0;48
26;2025-11-02;1;4
26;2025-11-02;2;0
26;2025-11-02;3;0
26;2025-11-02;4;2
26;2025-11-02;5;25
26;2025-11-02;6;150
26;2025-11-02;7;265
26;2025-11-02;8;407
26;2025-11-02;9;548
26;2025-11-02;10;599
26;2025-11-02;11;853
26;2025-11-02;12;837
26;2025-11-02;13;917
26;2025-11-02;14;874
26;2025-11-02;15;819
26;2025-11-02;16;771
26;2025-11-02;17;810
26;2025-11-02;18;710
26;2025-11-02;19;543
26;2025-11-02;20;412
26;2025-11-02;21;281
26;2025-11-02;22;172
26;2025-11-02;23;109
26;2025-11-03;0;49
26;2025-11-03;1;5
26;2025-11-03;2;0
26;2025-11-03;3;0
26;2025-11-03;4;2
26;2025-11-03;5;43
26;2025-11-03;6;235
26;2025-11-03;7;313
26;2025-11-03;8;358
26;2025-11-03;9;464
26;2025-11-03;10;484
26;2025-11-03;11;575
26;2025-11-03;12;615
26;2025-11-03;13;660
26;2025-11-03;14;653
26;2025-11-03;15;575
26;2025-11-03;16;561
26;2025-11-03;17;583
26;2025-11-03;18;604
26;2025-11-03;19;639
26;2025-11-03;20;458
26;2025-11-03;21;347
26;2025-11-03;22;234
26;2025-11-03;23;144
26;2025-11-04;0;49
26;2025-11-04;1;5
26;2025-11-04;2;0
26;2025-11-04;3;0
26;2025-11-04;4;2
26;2025-11-04;5;43
26;2025-11-04;6;235
26;2025-11-04;7;313
26;2025-11-04;8;358
26;2025-11-04;9;464
26;2025-11-04;10;484
26;2025-11-04;11;575
26;2025-11-04;12;615
26;2025-11-04;13;660
26;2025-11-04;14;653
26;2025-11-04;15;575
26;2025-11-04;16;561
26;2025-11-04;17;583
26;2025-11-04;18;604
26;2025-11-04;19;639
26;2025-11-04;20;458
26;2025-11-04;21;347
26;2025-11-04;22;234
26;2025-11-04;23;144
26;2025-11-05;0;32
26;2025-11-05;1;0
26;2025-11-05;2;0
26;2025-11-05;3;0
26;2025-11-05;4;2
26;2025-11-05;5;103
26;2025-11-05;6;463
26;2025-11-05;7;1127
26;2025-11-05;8;2303
26;2025-11-05;9;1444
26;2025-11-05;10;1148
26;2025-11-05;11;988
26;2025-11-05;12;1127
26;2025-11-05;13;1165
26;2025-11-05;14;1338
26;2025-11-05;15;1418
26;2025-11-05;16;1459
26;2025-11-05;17;1672
26;2025-11-05;18;1833
26;2025-11-05;19;1256
26;2025-11-05;20;767
26;2025-11-05;21;566
26;2025-11-05;22;223
26;2025-11-05;23;133
26;2025-11-06;0;43
26;2025-11-06;1;0
26;2025-11-06;2;0
26;2025-11-06;3;0
26;2025-11-06;4;2
26;2025-11-06;5;88
26;2025-11-06;6;467
26;2025-11-06;7;1130
26;2025-11-06;8;2187
26;2025-11-06;9;1472
26;2025-11-06;10;1174
26;2025-11-06;11;1113
26;2025-11-06;12;1148
26;2025-11-06;13;1171
26;2025-11-06;14;1368
26;2025-11-06;15;1383
26;2025-11-06;16;1490
26;2025-11-06;17;1597
26;2025-11-06;18;1879
26;2025-11-06;19;1173
26;2025-11-06;20;758
26;2025-11-06;21;463
26;2025-11-06;22;224
26;2025-11-06;23;127
26;2025-11-07;0;30
26;2025-11-07;1;0
26;2025-11-07;2;0
26;2025-11-07;3;0
26;2025-11-07;4;1
26;2025-11-07;5;86
26;2025-11-07;6;488
26;2025-11-07;7;1095
26;2025-11-07;8;2154
26;2025-11-07;9;1385
26;2025-11-07;10;1225
26;2025-11-07;11;1120
26;2025-11-07;12;1117
26;2025-11-07;13;1229
26;2025-11-07;14;1421
26;2025-11-07;15;1360
26;2025-11-07;16;1604
26;2025-11-07;17;1715
26;2025-11-07;18;1382
26;2025-11-07;19;1007
26;2025-11-07;20;691
26;2025-11-07;21;478
26;2025-11-07;22;211
26;2025-11-07;23;148
26;2025-11-08;0;50
26;2025-11-08;1;2
26;2025-11-08;2;0
26;2025-11-08;3;0
26;2025-11-08;4;1
26;2025-11-08;5;57
26;2025-11-08;6;269
26;2025-11-08;7;417
26;2025-11-08;8;688
26;2025-11-08;9;678
26;2025-11-08;10;808
26;2025-11-08;11;1004
26;2025-11-08;12;977
26;2025-11-08;13;1009
26;2025-11-08;14;1027
26;2025-11-08;15;930
26;2025-11-08;16;993
26;2025-11-08;17;928
26;2025-11-08;18;890
26;2025-11-08;19;772
26;2025-11-08;20;522
26;2025-11-08;21;361
26;2025-11-08;22;203
26;2025-11-08;23;161
26;2025-11-09;0;60
26;2025-11-09;1;5
26;2025-11-09;2;0
26;2025-11-09;3;0
26;2025-11-09;4;1
26;2025-11-09;5;22
26;2025-11-09;6;151
26;2025-11-09;7;280
26;2025-11-09;8;361
26;2025-11-09;9;530
26;2025-11-09;10;585
26;2025-11-09;11;768
26;2025-11-09;12;821
26;2025-11-09;13;865
26;2025-11-09;14;891
26;2025-11-09;15;767
26;2025-11-09;16;806
26;2025-11-09;17;803
26;2025-11-09;18;775
26;2025-11-09;19;557
26;2025-11-09;20;434
26;2025-11-09;21;298
26;2025-11-09;22;196
26;2025-11-09;23;122
26;2025-11-10;0;32
26;2025-11-10;1;1
26;2025-11-10;2;0
26;2025-11-10;3;0
26;2025-11-10;4;2
26;2025-11-10;5;92
26;2025-11-10;6;459
26;2025-11-10;7;1179
26;2025-11-10;8;2219
26;2025-11-10;9;1460
26;2025-11-10;10;1191
26;2025-11-10;11;963
26;2025-11-10;12;1023
26;2025-11-10;13;1093
26;2025-11-10;14;1228
26;2025-11-10;15;1307
26;2025-11-10;16;1424
26;2025-11-10;17;1656
26;2025-11-10;18;1861
26;2025-11-10;19;1209
26;2025-11-10;20;739
26;2025-11-10;21;446
26;2025-11-10;22;216
26;2025-11-10;23;109
26;2025-11-11;0;34
26;2025-11-11;1;1
26;2025-11-11;2;0
26;2025-11-11;3;0
26;2025-11-11;4;0
26;2025-11-11;5;90
26;2025-11-11;6;474
26;2025-11-11;7;1161
26;2025-11-11;8;2376
26;2025-11-11;9;1465
26;2025-11-11;10;1285
26;2025-11-11;11;1210
26;2025-11-11;12;1162
26;2025-11-11;13;1131
26;2025-11-11;14;1232
26;2025-11-11;15;1398
26;2025-11-11;16;1551
26;2025-11-11;17;1841
26;2025-11-11;18;1974
26;2025-11-11;19;1350
26;2025-11-11;20;730
26;2025-11-11;21;479
26;2025-11-11;22;226
26;2025-11-11;23;117
26;2025-11-12;0;32
26;2025-11-12;1;0
26;2025-11-12;2;0
26;2025-11-12;3;0
26;2025-11-12;4;2
26;2025-11-12;5;103
26;2025-11-12;6;464
26;2025-11-12;7;1128
26;2025-11-12;8;2305
26;2025-11-12;9;1444
26;2025-11-12;10;1149
26;2025-11-12;11;989
26;2025-11-12;12;1129
26;2025-11-12;13;1166
26;2025-11-12;14;1339
26;2025-11-12;15;1420
26;2025-11-12;16;1461
26;2025-11-12;17;1673
26;2025-11-12;18;1835
26;2025-11-12;19;1258
26;2025-11-12;20;768
26;2025-11-12;21;567
26;2025-11-12;22;225
26;2025-11-12;23;133
26;2025-11-13;0;43
26;2025-11-13;1;0
26;2025-11-13;2;0
26;2025-11-13;3;0
26;2025-11-13;4;2
26;2025-11-13;5;88
26;2025-11-13;6;468
26;2025-11-13;7;1132
26;2025-11-13;8;2189
26;2025-11-13;9;1473
26;2025-11-13;10;1176
26;2025-11-13;11;1115
26;2025-11-13;12;1149
26;2025-11-13;13;1172
26;2025-11-13;14;1369
26;2025-11-13;15;1384
26;2025-11-13;16;1490
26;2025-11-13;17;1597
26;2025-11-13;18;1879
26;2025-11-13;19;1173
26;2025-11-13;20;759
26;2025-11-13;21;464
26;2025-11-13;22;225
26;2025-11-13;23;128
26;2025-11-14;0;31
26;2025-11-14;1;0
26;2025-11-14;2;0
26;2025-11-14;3;0
26;2025-11-14;4;1
26;2025-11-14;5;86
26;2025-11-14;6;489
26;2025-11-14;7;1096
26;2025-11-14;8;2157
26;2025-11-14;9;1387
26;2025-11-14;10;1225
26;2025-11-14;11;1120
26;2025-11-14;12;1117
26;2025-11-14;13;1229
26;2025-11-14;14;1422
26;2025-11-14;15;1360
26;2025-11-14;16;1604
26;2025-11-14;17;1715
26;2025-11-14;18;1382
26;2025-11-14;19;1007
26;2025-11-14;20;690
26;2025-11-14;21;477
26;2025-11-14;22;211
26;2025-11-14;23;148
26;2025-11-15;0;51
26;2025-11-15;1;3
26;2025-11-15;2;0
26;2025-11-15;3;0
26;2025-11-15;4;2
26;2025-11-15;5;50
26;2025-11-15;6;232
26;2025-11-15;7;367
26;2025-11-15;8;591
26;2025-11-15;9;676
26;2025-11-15;10;834
26;2025-11-15;11;993
26;2025-11-15;12;1095
26;2025-11-15;13;1052
26;2025-11-15;14;1082
26;2025-11-15;15;1015
26;2025-11-15;16;1033
26;2025-11-15;17;976
26;2025-11-15;18;871
26;2025-11-15;19;809
26;2025-11-15;20;572
26;2025-11-15;21;365
26;2025-11-15;22;223
26;2025-11-15;23;153
26;2025-11-16;0;48
26;2025-11-16;1;4
26;2025-11-16;2;0
26;2025-11-16;3;0
26;2025-11-16;4;2
26;2025-11-16;5;25
26;2025-11-16;6;150
26;2025-11-16;7;265
26;2025-11-16;8;407
26;2025-11-16;9;548
26;2025-11-16;10;599
26;2025-11-16;11;853
26;2025-11-16;12;838
26;2025-11-16;13;918
26;2025-11-16;14;875
26;2025-11-16;15;819
26;2025-11-16;16;771
26;2025-11-16;17;810
26;2025-11-16;18;710
26;2025-11-16;19;543
26;2025-11-16;20;412
26;2025-11-16;21;281
26;2025-11-16;22;172
26;2025-11-16;23;108
26;2025-11-17;0;21
26;2025-11-17;1;2
26;2025-11-17;2;0
26;2025-11-17;3;0
26;2025-11-17;4;3
26;2025-11-17;5;85
26;2025-11-17;6;557
26;2025-11-17;7;1188
26;2025-11-17;8;2414
26;2025-11-17;9;1551
26;2025-11-17;10;1353
26;2025-11-17;11;1189
26;2025-11-17;12;1263
26;2025-11-17;13;1344
26;2025-11-17;14;1363
26;2025-11-17;15;1433
26;2025-11-17;16;1505
26;2025-11-17;17;1775
26;2025-11-17;18;1992
26;2025-11-17;19;1311
26;2025-11-17;20;836
26;2025-11-17;21;510
26;2025-11-17;22;240
26;2025-11-17;23;117
26;2025-11-18;0;30
26;2025-11-18;1;0
26;2025-11-18;2;3
26;2025-11-18;3;26
26;2025-11-18;4;13
26;2025-11-18;5;102
26;2025-11-18;6;537
26;2025-11-18;7;1084
26;2025-11-18;8;2276
26;2025-11-18;9;1477
26;2025-11-18;10;1261
26;2025-11-18;11;1130
26;2025-11-18;12;1181
26;2025-11-18;13;1184
26;2025-11-18;14;1249
26;2025-11-18;15;1339
26;2025-11-18;16;1460
26;2025-11-18;17;1755
26;2025-11-18;18;1982
26;2025-11-18;19;1321
26;2025-11-18;20;770
26;2025-11-18;21;438
26;2025-11-18;22;200
26;2025-11-18;23;115
26;2025-11-19;0;34
26;2025-11-19;1;2
26;2025-11-19;2;0
26;2025-11-19;3;0
26;2025-11-19;4;4
26;2025-11-19;5;91
26;2025-11-19;6;518
26;2025-11-19;7;1151
26;2025-11-19;8;2336
26;2025-11-19;9;1561
26;2025-11-19;10;1368
26;2025-11-19;11;1171
26;2025-11-19;12;1312
26;2025-11-19;13;1325
26;2025-11-19;14;1422
26;2025-11-19;15;1423
26;2025-11-19;16;1556
26;2025-11-19;17;1743
26;2025-11-19;18;1957
26;2025-11-19;19;1315
26;2025-11-19;20;851
26;2025-11-19;21;519
26;2025-11-19;22;238
26;2025-11-19;23;135
26;2025-11-20;0;37
26;2025-11-20;1;1
26;2025-11-20;2;0
26;2025-11-20;3;0
26;2025-11-20;4;1
26;2025-11-20;5;96
26;2025-11-20;6;507
26;2025-11-20;7;1050
26;2025-11-20;8;2265
26;2025-11-20;9;1513
26;2025-11-20;10;1207
26;2025-11-20;11;1157
26;2025-11-20;12;1171
26;2025-11-20;13;1199
26;2025-11-20;14;1327
26;2025-11-20;15;1378
26;2025-11-20;16;1521
26;2025-11-20;17;1838
26;2025-11-20;18;1940
26;2025-11-20;19;1321
26;2025-11-20;20;738
26;2025-11-20;21;498
26;2025-11-20;22;213
26;2025-11-20;23;135
26;2025-11-21;0;33
26;2025-11-21;1;2
26;2025-11-21;2;0
26;2025-11-21;3;0
26;2025-11-21;4;2
26;2025-11-21;5;77
26;2025-11-21;6;530
26;2025-11-21;7;988
26;2025-11-21;8;2128
26;2025-11-21;9;1409
26;2025-11-21;10;1286
26;2025-11-21;11;1090
26;2025-11-21;12;1116
26;2025-11-21;13;1106
26;2025-11-21;14;1264
26;2025-11-21;15;1369
26;2025-11-21;16;1667
26;2025-11-21;17;1805
26;2025-11-21;18;1336
26;2025-11-21;19;1109
26;2025-11-21;20;690
26;2025-11-21;21;505
26;2025-11-21;22;242
26;2025-11-21;23;168
26;2025-11-22;0;52
26;2025-11-22;1;3
26;2025-11-22;2;0
26;2025-11-22;3;0
26;2025-11-22;4;2
26;2025-11-22;5;49
26;2025-11-22;6;232
26;2025-11-22;7;367
26;2025-11-22;8;591
26;2025-11-22;9;676
26;2025-11-22;10;835
26;2025-11-22;11;994
26;2025-11-22;12;1096
26;2025-11-22;13;1052
26;2025-11-22;14;1082
26;2025-11-22;15;1015
26;2025-11-22;16;1033
26;2025-11-22;17;976
26;2025-11-22;18;872
26;2025-11-22;19;809
26;2025-11-22;20;572
26;2025-11-22;21;365
26;2025-11-22;22;223
26;2025-11-22;23;153
26;2025-11-23;0;48
26;2025-11-23;1;4
26;2025-11-23;2;0
26;2025-11-23;3;0
26;2025-11-23;4;2
26;2025-11-23;5;25
26;2025-11-23;6;150
26;2025-11-23;7;265
26;2025-11-23;8;407
26;2025-11-23;9;548
26;2025-11-23;10;599
26;2025-11-23;11;853
26;2025-11-23;12;838
26;2025-11-23;13;918
26;2025-11-23;14;875
26;2025-11-23;15;819
26;2025-11-23;16;771
26;2025-11-23;17;810
26;2025-11-23;18;710
26;2025-11-23;19;543
26;2025-11-23;20;412
26;2025-11-23;21;281
26;2025-11-23;22;172
26;2025-11-23;23;108
26;2025-11-24;0;32
26;2025-11-24;1;1
26;2025-11-24;2;0
26;2025-11-24;3;0
26;2025-11-24;4;2
26;2025-11-24;5;92
26;2025-11-24;6;459
26;2025-11-24;7;1178
26;2025-11-24;8;2219
26;2025-11-24;9;1459
26;2025-11-24;10;1190
26;2025-11-24;11;960
26;2025-11-24;12;1021
26;2025-11-24;13;1091
26;2025-11-24;14;1227
26;2025-11-24;15;1305
26;2025-11-24;16;1423
26;2025-11-24;17;1655
26;2025-11-24;18;1861
26;2025-11-24;19;1209
26;2025-11-24;20;739
26;2025-11-24;21;446
26;2025-11-24;22;216
26;2025-11-24;23;109
26;2025-11-25;0;34
26;2025-11-25;1;1
26;2025-11-25;2;0
26;2025-11-25;3;0
26;2025-11-25;4;0
26;2025-11-25;5;90
26;2025-11-25;6;474
26;2025-11-25;7;1161
26;2025-11-25;8;2376
26;2025-11-25;9;1465
26;2025-11-25;10;1286
26;2025-11-25;11;1211
26;2025-11-25;12;1164
26;2025-11-25;13;1133
26;2025-11-25;14;1235
26;2025-11-25;15;1399
26;2025-11-25;16;1552
26;2025-11-25;17;1843
26;2025-11-25;18;1976
26;2025-11-25;19;1351
26;2025-11-25;20;730
26;2025-11-25;21;479
26;2025-11-25;22;226
26;2025-11-25;23;117
26;2025-11-26;0;32
26;2025-11-26;1;0
26;2025-11-26;2;0
26;2025-11-26;3;0
26;2025-11-26;4;2
26;2025-11-26;5;103
26;2025-11-26;6;463
26;2025-11-26;7;1128
26;2025-11-26;8;2305
26;2025-11-26;9;1445
26;2025-11-26;10;1150
26;2025-11-26;11;990
26;2025-11-26;12;1130
26;2025-11-26;13;1168
26;2025-11-26;14;1341
26;2025-11-26;15;1421
26;2025-11-26;16;1462
26;2025-11-26;17;1675
26;2025-11-26;18;1836
26;2025-11-26;19;1258
26;2025-11-26;20;769
26;2025-11-26;21;567
26;2025-11-26;22;225
26;2025-11-26;23;133
26;2025-11-27;0;43
26;2025-11-27;1;0
26;2025-11-27;2;0
26;2025-11-27;3;0
26;2025-11-27;4;2
26;2025-11-27;5;88
26;2025-11-27;6;469
26;2025-11-27;7;1133
26;2025-11-27;8;2189
26;2025-11-27;9;1473
26;2025-11-27;10;1176
26;2025-11-27;11;1116
26;2025-11-27;12;1150
26;2025-11-27;13;1173
26;2025-11-27;14;1371
26;2025-11-27;15;1385
26;2025-11-27;16;1491
26;2025-11-27;17;1599
26;2025-11-27;18;1880
26;2025-11-27;19;1174
26;2025-11-27;20;759
26;2025-11-27;21;464
26;2025-11-27;22;224
26;2025-11-27;23;127
26;2025-11-28;0;30
26;2025-11-28;1;0
26;2025-11-28;2;0
26;2025-11-28;3;0
26;2025-11-28;4;1
26;2025-11-28;5;86
26;2025-11-28;6;488
26;2025-11-28;7;1097
26;2025-11-28;8;2158
26;2025-11-28;9;1389
26;2025-11-28;10;1227
26;2025-11-28;11;1122
26;2025-11-28;12;1119
26;2025-11-28;13;1232
26;2025-11-28;14;1425
26;2025-11-28;15;1363
26;2025-11-28;16;1607
26;2025-11-28;17;1718
26;2025-11-28;18;1384
26;2025-11-28;19;1010
26;2025-11-28;20;693
26;2025-11-28;21;480
26;2025-11-28;22;212
26;2025-11-28;23;148
26;2025-11-29;0;50
26;2025-11-29;1;2
26;2025-11-29;2;0
26;2025-11-29;3;0
26;2025-11-29;4;1
26;2025-11-29;5;57
26;2025-11-29;6;271
26;2025-11-29;7;419
26;2025-11-29;8;691
26;2025-11-29;9;682
26;2025-11-29;10;813
26;2025-11-29;11;1009
26;2025-11-29;12;982
26;2025-11-29;13;1012
26;2025-11-29;14;1031
26;2025-11-29;15;933
26;2025-11-29;16;996
26;2025-11-29;17;931
26;2025-11-29;18;893
26;2025-11-29;19;775
26;2025-11-29;20;524
26;2025-11-29;21;363
26;2025-11-29;22;205
26;2025-11-29;23;161
26;2025-11-30;0;60
26;2025-11-30;1;5
26;2025-11-30;2;0
26;2025-11-30;3;0
26;2025-11-30;4;1
26;2025-11-30;5;22
26;2025-11-30;6;151
26;2025-11-30;7;281
26;2025-11-30;8;364
26;2025-11-30;9;532
26;2025-11-30;10;587
26;2025-11-30;11;771
26;2025-11-30;12;824
26;2025-11-30;13;866
26;2025-11-30;14;894
26;2025-11-30;15;769
26;2025-11-30;16;808
26;2025-11-30;17;804
26;2025-11-30;18;776
26;2025-11-30;19;558
26;2025-11-30;20;435
26;2025-11-30;21;299
26;2025-11-30;22;196
26;2025-11-30;23;122
26;2025-12-01;0;32
26;2025-12-01;1;1
26;2025-12-01;2;0
26;2025-12-01;3;0
26;2025-12-01;4;2
26;2025-12-01;5;92
26;2025-12-01;6;459
26;2025-12-01;7;1179
26;2025-12-01;8;2219
26;2025-12-01;9;1460
26;2025-12-01;10;1191
26;2025-12-01;11;963
26;2025-12-01;12;1023
26;2025-12-01;13;1093
26;2025-12-01;14;1229
26;2025-12-01;15;1307
26;2025-12-01;16;1424
26;2025-12-01;17;1656
26;2025-12-01;18;1861
26;2025-12-01;19;1209
26;2025-12-01;20;739
26;2025-12-01;21;446
26;2025-12-01;22;216
26;2025-12-01;23;109
26;2025-12-02;0;34
26;2025-12-02;1;1
26;2025-12-02;2;0
26;2025-12-02;3;0
26;2025-12-02;4;0
26;2025-12-02;5;90
26;2025-12-02;6;474
26;2025-12-02;7;1161
26;2025-12-02;8;2376
26;2025-12-02;9;1465
26;2025-12-02;10;1286
26;2025-12-02;11;1211
26;2025-12-02;12;1164
26;2025-12-02;13;1133
26;2025-12-02;14;1235
26;2025-12-02;15;1399
26;2025-12-02;16;1552
26;2025-12-02;17;1843
26;2025-12-02;18;1976
26;2025-12-02;19;1351
26;2025-12-02;20;730
26;2025-12-02;21;479
26;2025-12-02;22;226
26;2025-12-02;23;117
26;2025-12-03;0;32
26;2025-12-03;1;0
26;2025-12-03;2;0
26;2025-12-03;3;0
26;2025-12-03;4;2
26;2025-12-03;5;103
26;2025-12-03;6;464
26;2025-12-03;7;1128
26;2025-12-03;8;2305
26;2025-12-03;9;1445
26;2025-12-03;10;1150
26;2025-12-03;11;991
26;2025-12-03;12;1130
26;2025-12-03;13;1168
26;2025-12-03;14;1341
26;2025-12-03;15;1421
26;2025-12-03;16;1462
26;2025-12-03;17;1675
26;2025-12-03;18;1837
26;2025-12-03;19;1259
26;2025-12-03;20;770
26;2025-12-03;21;568
26;2025-12-03;22;225
26;2025-12-03;23;133
26;2025-12-04;0;43
26;2025-12-04;1;0
26;2025-12-04;2;0
26;2025-12-04;3;0
26;2025-12-04;4;2
26;2025-12-04;5;88
26;2025-12-04;6;469
26;2025-12-04;7;1133
26;2025-12-04;8;2191
26;2025-12-04;9;1475
26;2025-12-04;10;1177
26;2025-12-04;11;1118
26;2025-12-04;12;1152
26;2025-12-04;13;1174
26;2025-12-04;14;1372
26;2025-12-04;15;1387
26;2025-12-04;16;1492
26;2025-12-04;17;1600
26;2025-12-04;18;1882
26;2025-12-04;19;1176
26;2025-12-04;20;761
26;2025-12-04;21;466
26;2025-12-04;22;226
26;2025-12-04;23;128
26;2025-12-05;0;31
26;2025-12-05;1;0
26;2025-12-05;2;0
26;2025-12-05;3;0
26;2025-12-05;4;1
26;2025-12-05;5;86
26;2025-12-05;6;490
26;2025-12-05;7;1098
26;2025-12-05;8;2159
26;2025-12-05;9;1390
26;2025-12-05;10;1228
26;2025-12-05;11;1123
26;2025-12-05;12;1119
26;2025-12-05;13;1232
26;2025-12-05;14;1425
26;2025-12-05;15;1363
26;2025-12-05;16;1607
26;2025-12-05;17;1718
26;2025-12-05;18;1384
26;2025-12-05;19;1010
26;2025-12-05;20;693
26;2025-12-05;21;480
26;2025-12-05;22;212
26;2025-12-05;23;148
26;2025-12-06;0;50
26;2025-12-06;1;2
26;2025-12-06;2;0
26;2025-12-06;3;0
26;2025-12-06;4;1
26;2025-12-06;5;57
26;2025-12-06;6;271
26;2025-12-06;7;419
26;2025-12-06;8;691
26;2025-12-06;9;682
26;2025-12-06;10;813
26;2025-12-06;11;1009
26;2025-12-06;12;982
26;2025-12-06;13;1011
26;2025-12-06;14;1030
26;2025-12-06;15;933
26;2025-12-06;16;996
26;2025-12-06;17;931
26;2025-12-06;18;893
26;2025-12-06;19;775
26;2025-12-06;20;524
26;2025-12-06;21;363
26;2025-12-06;22;205
26;2025-12-06;23;161
26;2025-12-07;0;60
26;2025-12-07;1;5
26;2025-12-07;2;0
26;2025-12-07;3;0
26;2025-12-07;4;1
26;2025-12-07;5;22
26;2025-12-07;6;151
26;2025-12-07;7;281
26;2025-12-07;8;364
26;2025-12-07;9;532
26;2025-12-07;10;587
26;2025-12-07;11;771
26;2025-12-07;12;824
26;2025-12-07;13;867
26;2025-12-07;14;894
26;2025-12-07;15;769
26;2025-12-07;16;808
26;2025-12-07;17;804
26;2025-12-07;18;776
26;2025-12-07;19;558
26;2025-12-07;20;435
26;2025-12-07;21;299
26;2025-12-07;22;196
26;2025-12-07;23;122
26;2025-12-08;0;32
26;2025-12-08;1;1
26;2025-12-08;2;0
26;2025-12-08;3;0
26;2025-12-08;4;2
26;2025-12-08;5;92
26;2025-12-08;6;459
26;2025-12-08;7;1179
26;2025-12-08;8;2219
26;2025-12-08;9;1460
26;2025-12-08;10;1191
26;2025-12-08;11;963
26;2025-12-08;12;1023
26;2025-12-08;13;1093
26;2025-12-08;14;1229
26;2025-12-08;15;1307
26;2025-12-08;16;1424
26;2025-12-08;17;1656
26;2025-12-08;18;1861
26;2025-12-08;19;1209
26;2025-12-08;20;739
26;2025-12-08;21;446
26;2025-12-08;22;216
26;2025-12-08;23;109
26;2025-12-09;0;34
26;2025-12-09;1;1
26;2025-12-09;2;0
26;2025-12-09;3;0
26;2025-12-09;4;0
26;2025-12-09;5;90
26;2025-12-09;6;474
26;2025-12-09;7;1160
26;2025-12-09;8;2376
26;2025-12-09;9;1465
26;2025-12-09;10;1285
26;2025-12-09;11;1211
26;2025-12-09;12;1164
26;2025-12-09;13;1133
26;2025-12-09;14;1234
26;2025-12-09;15;1399
26;2025-12-09;16;1552
26;2025-12-09;17;1843
26;2025-12-09;18;1976
26;2025-12-09;19;1351
26;2025-12-09;20;730
26;2025-12-09;21;479
26;2025-12-09;22;226
26;2025-12-09;23;117
26;2025-12-10;0;32
26;2025-12-10;1;0
26;2025-12-10;2;0
26;2025-12-10;3;0
26;2025-12-10;4;2
26;2025-12-10;5;103
26;2025-12-10;6;464
26;2025-12-10;7;1128
26;2025-12-10;8;2305
26;2025-12-10;9;1445
26;2025-12-10;10;1150
26;2025-12-10;11;991
26;2025-12-10;12;1130
26;2025-12-10;13;1168
26;2025-12-10;14;1341
26;2025-12-10;15;1421
26;2025-12-10;16;1462
26;2025-12-10;17;1675
26;2025-12-10;18;1837
26;2025-12-10;19;1259
26;2025-12-10;20;770
26;2025-12-10;21;568
26;2025-12-10;22;225
26;2025-12-10;23;133
26;2025-12-11;0;43
26;2025-12-11;1;0
26;2025-12-11;2;0
26;2025-12-11;3;0
26;2025-12-11;4;2
26;2025-12-11;5;88
26;2025-12-11;6;469
26;2025-12-11;7;1133
26;2025-12-11;8;2190
26;2025-12-11;9;1473
26;2025-12-11;10;1175
26;2025-12-11;11;1117
26;2025-12-11;12;1151
26;2025-12-11;13;1174
26;2025-12-11;14;1372
26;2025-12-11;15;1386
26;2025-12-11;16;1492
26;2025-12-11;17;1600
26;2025-12-11;18;1882
26;2025-12-11;19;1175
26;2025-12-11;20;760
26;2025-12-11;21;466
26;2025-12-11;22;226
26;2025-12-11;23;128
26;2025-12-12;0;31
26;2025-12-12;1;0
26;2025-12-12;2;0
26;2025-12-12;3;0
26;2025-12-12;4;1
26;2025-12-12;5;86
26;2025-12-12;6;490
26;2025-12-12;7;1097
26;2025-12-12;8;2157
26;2025-12-12;9;1388
26;2025-12-12;10;1226
26;2025-12-12;11;1121
26;2025-12-12;12;1118
26;2025-12-12;13;1230
26;2025-12-12;14;1423
26;2025-12-12;15;1362
26;2025-12-12;16;1606
26;2025-12-12;17;1718
26;2025-12-12;18;1384
26;2025-12-12;19;1010
26;2025-12-12;20;693
26;2025-12-12;21;480
26;2025-12-12;22;212
26;2025-12-12;23;148
26;2025-12-13;0;50
26;2025-12-13;1;2
26;2025-12-13;2;0
26;2025-12-13;3;0
26;2025-12-13;4;1
26;2025-12-13;5;57
26;2025-12-13;6;271
26;2025-12-13;7;419
26;2025-12-13;8;691
26;2025-12-13;9;681
26;2025-12-13;10;812
26;2025-12-13;11;1008
26;2025-12-13;12;981
26;2025-12-13;13;1011
26;2025-12-13;14;1030
26;2025-12-13;15;932
26;2025-12-13;16;995
26;2025-12-13;17;929
26;2025-12-13;18;891
26;2025-12-13;19;773
26;2025-12-13;20;524
26;2025-12-13;21;363
26;2025-12-13;22;205
26;2025-12-13;23;161
26;2025-12-14;0;60
26;2025-12-14;1;4
26;2025-12-14;2;0
26;2025-12-14;3;0
26;2025-12-14;4;1
26;2025-12-14;5;22
26;2025-12-14;6;151
26;2025-12-14;7;281
26;2025-12-14;8;364
26;2025-12-14;9;532
26;2025-12-14;10;587
26;2025-12-14;11;771
26;2025-12-14;12;822
26;2025-12-14;13;866
26;2025-12-14;14;892
26;2025-12-14;15;768
26;2025-12-14;16;809
26;2025-12-14;17;804
26;2025-12-14;18;776
26;2025-12-14;19;558
26;2025-12-14;20;435
26;2025-12-14;21;299
26;2025-12-14;22;196
26;2025-12-14;23;122
26;2025-12-15;0;32
26;2025-12-15;1;1
26;2025-12-15;2;0
26;2025-12-15;3;0
26;2025-12-15;4;2
26;2025-12-15;5;92
26;2025-12-15;6;459
26;2025-12-15;7;1179
26;2025-12-15;8;2220
26;2025-12-15;9;1461
26;2025-12-15;10;1191
26;2025-12-15;11;963
26;2025-12-15;12;1023
26;2025-12-15;13;1093
26;2025-12-15;14;1229
26;2025-12-15;15;1307
26;2025-12-15;16;1424
26;2025-12-15;17;1656
26;2025-12-15;18;1861
26;2025-12-15;19;1209
26;2025-12-15;20;739
26;2025-12-15;21;446
26;2025-12-15;22;216
26;2025-12-15;23;109
26;2025-12-16;0;34
26;2025-12-16;1;1
26;2025-12-16;2;0
26;2025-12-16;3;0
26;2025-12-16;4;0
26;2025-12-16;5;90
26;2025-12-16;6;474
26;2025-12-16;7;1161
26;2025-12-16;8;2376
26;2025-12-16;9;1465
26;2025-12-16;10;1286
26;2025-12-16;11;1212
26;2025-12-16;12;1163
26;2025-12-16;13;1133
26;2025-12-16;14;1235
26;2025-12-16;15;1399
26;2025-12-16;16;1552
26;2025-12-16;17;1843
26;2025-12-16;18;1976
26;2025-12-16;19;1351
26;2025-12-16;20;730
26;2025-12-16;21;479
26;2025-12-16;22;226
26;2025-12-16;23;117
26;2025-12-17;0;32
26;2025-12-17;1;0
26;2025-12-17;2;0
26;2025-12-17;3;0
26;2025-12-17;4;2
26;2025-12-17;5;103
26;2025-12-17;6;464
26;2025-12-17;7;1128
26;2025-12-17;8;2305
26;2025-12-17;9;1445
26;2025-12-17;10;1151
26;2025-12-17;11;991
26;2025-12-17;12;1130
26;2025-12-17;13;1168
26;2025-12-17;14;1341
26;2025-12-17;15;1421
26;2025-12-17;16;1462
26;2025-12-17;17;1675
26;2025-12-17;18;1837
26;2025-12-17;19;1259
26;2025-12-17;20;770
26;2025-12-17;21;568
26;2025-12-17;22;225
26;2025-12-17;23;133
26;2025-12-18;0;43
26;2025-12-18;1;0
26;2025-12-18;2;0
26;2025-12-18;3;0
26;2025-12-18;4;2
26;2025-12-18;5;88
26;2025-12-18;6;469
26;2025-12-18;7;1133
26;2025-12-18;8;2191
26;2025-12-18;9;1475
26;2025-12-18;10;1177
26;2025-12-18;11;1118
26;2025-12-18;12;1152
26;2025-12-18;13;1174
26;2025-12-18;14;1372
26;2025-12-18;15;1387
26;2025-12-18;16;1492
26;2025-12-18;17;1600
26;2025-12-18;18;1882
26;2025-12-18;19;1176
26;2025-12-18;20;761
26;2025-12-18;21;466
26;2025-12-18;22;226
26;2025-12-18;23;128
26;2025-12-19;0;31
26;2025-12-19;1;0
26;2025-12-19;2;0
26;2025-12-19;3;0
26;2025-12-19;4;1
26;2025-12-19;5;86
26;2025-12-19;6;490
26;2025-12-19;7;1098
26;2025-12-19;8;2159
26;2025-12-19;9;1390
26;2025-12-19;10;1228
26;2025-12-19;11;1123
26;2025-12-19;12;1119
26;2025-12-19;13;1232
26;2025-12-19;14;1425
26;2025-12-19;15;1363
26;2025-12-19;16;1607
26;2025-12-19;17;1718
26;2025-12-19;18;1384
26;2025-12-19;19;1010
26;2025-12-19;20;693
26;2025-12-19;21;480
26;2025-12-19;22;212
26;2025-12-19;23;148
26;2025-12-20;0;50
26;2025-12-20;1;2
26;2025-12-20;2;0
26;2025-12-20;3;0
26;2025-12-20;4;1
26;2025-12-20;5;57
26;2025-12-20;6;271
26;2025-12-20;7;419
26;2025-12-20;8;691
26;2025-12-20;9;682
26;2025-12-20;10;813
26;2025-12-20;11;1010
26;2025-12-20;12;982
26;2025-12-20;13;1012
26;2025-12-20;14;1031
26;2025-12-20;15;933
26;2025-12-20;16;996
26;2025-12-20;17;931
26;2025-12-20;18;893
26;2025-12-20;19;775
26;2025-12-20;20;524
26;2025-12-20;21;363
26;2025-12-20;22;205
26;2025-12-20;23;161
26;2025-12-21;0;60
26;2025-12-21;1;5
26;2025-12-21;2;0
26;2025-12-21;3;0
26;2025-12-21;4;1
26;2025-12-21;5;22
26;2025-12-21;6;151
26;2025-12-21;7;281
26;2025-12-21;8;364
26;2025-12-21;9;532
26;2025-12-21;10;587
26;2025-12-21;11;771
26;2025-12-21;12;824
26;2025-12-21;13;867
26;2025-12-21;14;894
26;2025-12-21;15;769
26;2025-12-21;16;809
26;2025-12-21;17;804
26;2025-12-21;18;776
26;2025-12-21;19;558
26;2025-12-21;20;435
26;2025-12-21;21;299
26;2025-12-21;22;196
26;2025-12-21;23;122
26;2025-12-22;0;32
26;2025-12-22;1;1
26;2025-12-22;2;0
26;2025-12-22;3;0
26;2025-12-22;4;2
26;2025-12-22;5;92
26;2025-12-22;6;459
26;2025-12-22;7;1179
26;2025-12-22;8;2220
26;2025-12-22;9;1461
26;2025-12-22;10;1191
26;2025-12-22;11;962
26;2025-12-22;12;1023
26;2025-12-22;13;1093
26;2025-12-22;14;1229
26;2025-12-22;15;1307
26;2025-12-22;16;1424
26;2025-12-22;17;1655
26;2025-12-22;18;1861
26;2025-12-22;19;1209
26;2025-12-22;20;739
26;2025-12-22;21;446
26;2025-12-22;22;216
26;2025-12-22;23;109
26;2025-12-23;0;34
26;2025-12-23;1;1
26;2025-12-23;2;0
26;2025-12-23;3;0
26;2025-12-23;4;0
26;2025-12-23;5;90
26;2025-12-23;6;474
26;2025-12-23;7;1161
26;2025-12-23;8;2376
26;2025-12-23;9;1464
26;2025-12-23;10;1286
26;2025-12-23;11;1211
26;2025-12-23;12;1164
26;2025-12-23;13;1133
26;2025-12-23;14;1235
26;2025-12-23;15;1399
26;2025-12-23;16;1552
26;2025-12-23;17;1843
26;2025-12-23;18;1976
26;2025-12-23;19;1351
26;2025-12-23;20;730
26;2025-12-23;21;479
26;2025-12-23;22;226
26;2025-12-23;23;117
26;2025-12-24;0;32
26;2025-12-24;1;0
26;2025-12-24;2;0
26;2025-12-24;3;0
26;2025-12-24;4;2
26;2025-12-24;5;103
26;2025-12-24;6;464
26;2025-12-24;7;1128
26;2025-12-24;8;2305
26;2025-12-24;9;1445
26;2025-12-24;10;1151
26;2025-12-24;11;991
26;2025-12-24;12;1130
26;2025-12-24;13;1168
26;2025-12-24;14;1341
26;2025-12-24;15;1421
26;2025-12-24;16;1462
26;2025-12-24;17;1675
26;2025-12-24;18;1837
26;2025-12-24;19;1259
26;2025-12-24;20;769
26;2025-12-24;21;568
26;2025-12-24;22;225
26;2025-12-24;23;133
26;2025-12-25;0;43
26;2025-12-25;1;0
26;2025-12-25;2;0
26;2025-12-25;3;0
26;2025-12-25;4;2
26;2025-12-25;5;88
26;2025-12-25;6;469
26;2025-12-25;7;1133
26;2025-12-25;8;2191
26;2025-12-25;9;1475
26;2025-12-25;10;1177
26;2025-12-25;11;1118
26;2025-12-25;12;1152
26;2025-12-25;13;1174
26;2025-12-25;14;1372
26;2025-12-25;15;1386
26;2025-12-25;16;1492
26;2025-12-25;17;1600
26;2025-12-25;18;1882
26;2025-12-25;19;1176
26;2025-12-25;20;761
26;2025-12-25;21;466
26;2025-12-25;22;226
26;2025-12-25;23;127
26;2025-12-26;0;30
26;2025-12-26;1;0
26;2025-12-26;2;0
26;2025-12-26;3;0
26;2025-12-26;4;1
26;2025-12-26;5;86
26;2025-12-26;6;490
26;2025-12-26;7;1098
26;2025-12-26;8;2159
26;2025-12-26;9;1389
26;2025-12-26;10;1228
26;2025-12-26;11;1122
26;2025-12-26;12;1119
26;2025-12-26;13;1232
26;2025-12-26;14;1424
26;2025-12-26;15;1362
26;2025-12-26;16;1607
26;2025-12-26;17;1718
26;2025-12-26;18;1384
26;2025-12-26;19;1010
26;2025-12-26;20;693
26;2025-12-26;21;480
26;2025-12-26;22;212
26;2025-12-26;23;148
26;2025-12-27;0;50
26;2025-12-27;1;2
26;2025-12-27;2;0
26;2025-12-27;3;0
26;2025-12-27;4;1
26;2025-12-27;5;57
26;2025-12-27;6;271
26;2025-12-27;7;419
26;2025-12-27;8;691
26;2025-12-27;9;681
26;2025-12-27;10;813
26;2025-12-27;11;1010
26;2025-12-27;12;982
26;2025-12-27;13;1012
26;2025-12-27;14;1031
26;2025-12-27;15;933
26;2025-12-27;16;996
26;2025-12-27;17;931
26;2025-12-27;18;893
26;2025-12-27;19;775
26;2025-12-27;20;524
26;2025-12-27;21;363
26;2025-12-27;22;205
26;2025-12-27;23;161
26;2025-12-28;0;60
26;2025-12-28;1;5
26;2025-12-28;2;0
26;2025-12-28;3;0
26;2025-12-28;4;1
26;2025-12-28;5;22
26;2025-12-28;6;151
26;2025-12-28;7;281
26;2025-12-28;8;364
26;2025-12-28;9;532
26;2025-12-28;10;587
26;2025-12-28;11;771
26;2025-12-28;12;823
26;2025-12-28;13;867
26;2025-12-28;14;893
26;2025-12-28;15;769
26;2025-12-28;16;809
26;2025-12-28;17;804
26;2025-12-28;18;776
26;2025-12-28;19;558
26;2025-12-28;20;435
26;2025-12-28;21;299
26;2025-12-28;22;196
26;2025-12-28;23;122
26;2025-12-29;0;32
26;2025-12-29;1;1
26;2025-12-29;2;0
26;2025-12-29;3;0
26;2025-12-29;4;2
26;2025-12-29;5;92
26;2025-12-29;6;459
26;2025-12-29;7;1179
26;2025-12-29;8;2220
26;2025-12-29;9;1461
26;2025-12-29;10;1191
26;2025-12-29;11;963
26;2025-12-29;12;1023
26;2025-12-29;13;1093
26;2025-12-29;14;1229
26;2025-12-29;15;1307
26;2025-12-29;16;1424
26;2025-12-29;17;1656
26;2025-12-29;18;1861
26;2025-12-29;19;1209
26;2025-12-29;20;739
26;2025-12-29;21;446
26;2025-12-29;22;216
26;2025-12-29;23;109
26;2025-12-30;0;34
26;2025-12-30;1;1
26;2025-12-30;2;0
26;2025-12-30;3;0
26;2025-12-30;4;0
26;2025-12-30;5;90
26;2025-12-30;6;474
26;2025-12-30;7;1161
26;2025-12-30;8;2376
26;2025-12-30;9;1465
26;2025-12-30;10;1285
26;2025-12-30;11;1211
26;2025-12-30;12;1164
26;2025-12-30;13;1134
26;2025-12-30;14;1235
26;2025-12-30;15;1399
26;2025-12-30;16;1552
26;2025-12-30;17;1843
26;2025-12-30;18;1976
26;2025-12-30;19;1351
26;2025-12-30;20;730
26;2025-12-30;21;479
26;2025-12-30;22;226
26;2025-12-30;23;117
26;2025-12-31;0;49
26;2025-12-31;1;5
26;2025-12-31;2;0
26;2025-12-31;3;0
26;2025-12-31;4;2
26;2025-12-31;5;43
26;2025-12-31;6;235
26;2025-12-31;7;313
26;2025-12-31;8;358
26;2025-12-31;9;464
26;2025-12-31;10;484
26;2025-12-31;11;575
26;2025-12-31;12;615
26;2025-12-31;13;660
26;2025-12-31;14;653
26;2025-12-31;15;575
26;2025-12-31;16;561
26;2025-12-31;17;583
26;2025-12-31;18;604
26;2025-12-31;19;639
26;2025-12-31;20;458
26;2025-12-31;21;347
26;2025-12-31;22;234
26;2025-12-31;23;144
28;2025-11-01;0;3
28;2025-11-01;1;0
28;2025-11-01;2;0
28;2025-11-01;3;0
28;2025-11-01;4;1
28;2025-11-01;5;38
28;2025-11-01;6;110
28;2025-11-01;7;220
28;2025-11-01;8;374
28;2025-11-01;9;446
28;2025-11-01;10;492
28;2025-11-01;11;514
28;2025-11-01;12;599
28;2025-11-01;13;641
28;2025-11-01;14;557
28;2025-11-01;15;593
28;2025-11-01;16;646
28;2025-11-01;17;589
28;2025-11-01;18;517
28;2025-11-01;19;396
28;2025-11-01;20;299
28;2025-11-01;21;268
28;2025-11-01;22;127
28;2025-11-01;23;11
28;2025-11-02;0;3
28;2025-11-02;1;0
28;2025-11-02;2;0
28;2025-11-02;3;0
28;2025-11-02;4;0
28;2025-11-02;5;29
28;2025-11-02;6;77
28;2025-11-02;7;164
28;2025-11-02;8;264
28;2025-11-02;9;355
28;2025-11-02;10;383
28;2025-11-02;11;432
28;2025-11-02;12;459
28;2025-11-02;13;540
28;2025-11-02;14;539
28;2025-11-02;15;494
28;2025-11-02;16;459
28;2025-11-02;17;450
28;2025-11-02;18;418
28;2025-11-02;19;350
28;2025-11-02;20;285
28;2025-11-02;21;226
28;2025-11-02;22;111
28;2025-11-02;23;8
28;2025-11-03;0;0
28;2025-11-03;1;1
28;2025-11-03;2;0
28;2025-11-03;3;0
28;2025-11-03;4;1
28;2025-11-03;5;36
28;2025-11-03;6;89
28;2025-11-03;7;171
28;2025-11-03;8;234
28;2025-11-03;9;300
28;2025-11-03;10;288
28;2025-11-03;11;291
28;2025-11-03;12;373
28;2025-11-03;13;377
28;2025-11-03;14;366
28;2025-11-03;15;344
28;2025-11-03;16;339
28;2025-11-03;17;361
28;2025-11-03;18;326
28;2025-11-03;19;298
28;2025-11-03;20;266
28;2025-11-03;21;238
28;2025-11-03;22;105
28;2025-11-03;23;14
28;2025-11-04;0;0
28;2025-11-04;1;0
28;2025-11-04;2;0
28;2025-11-04;3;0
28;2025-11-04;4;1
28;2025-11-04;5;36
28;2025-11-04;6;89
28;2025-11-04;7;171
28;2025-11-04;8;234
28;2025-11-04;9;300
28;2025-11-04;10;288
28;2025-11-04;11;291
28;2025-11-04;12;373
28;2025-11-04;13;377
28;2025-11-04;14;366
28;2025-11-04;15;344
28;2025-11-04;16;339
28;2025-11-04;17;361
28;2025-11-04;18;326
28;2025-11-04;19;298
28;2025-11-04;20;266
28;2025-11-04;21;238
28;2025-11-04;22;105
28;2025-11-04;23;14
28;2025-11-05;0;0
28;2025-11-05;1;0
28;2025-11-05;2;0
28;2025-11-05;3;0
28;2025-11-05;4;2
28;2025-11-05;5;66
28;2025-11-05;6;219
28;2025-11-05;7;727
28;2025-11-05;8;1226
28;2025-11-05;9;854
28;2025-11-05;10;603
28;2025-11-05;11;591
28;2025-11-05;12;766
28;2025-11-05;13;695
28;2025-11-05;14;646
28;2025-11-05;15;660
28;2025-11-05;16;878
28;2025-11-05;17;1002
28;2025-11-05;18;908
28;2025-11-05;19;744
28;2025-11-05;20;469
28;2025-11-05;21;268
28;2025-11-05;22;113
28;2025-11-05;23;9
28;2025-11-06;0;0
28;2025-11-06;1;0
28;2025-11-06;2;0
28;2025-11-06;3;0
28;2025-11-06;4;2
28;2025-11-06;5;77
28;2025-11-06;6;260
28;2025-11-06;7;838
28;2025-11-06;8;1297
28;2025-11-06;9;942
28;2025-11-06;10;626
28;2025-11-06;11;574
28;2025-11-06;12;709
28;2025-11-06;13;702
28;2025-11-06;14;683
28;2025-11-06;15;685
28;2025-11-06;16;947
28;2025-11-06;17;1058
28;2025-11-06;18;1075
28;2025-11-06;19;744
28;2025-11-06;20;523
28;2025-11-06;21;338
28;2025-11-06;22;130
28;2025-11-06;23;12
28;2025-11-07;0;0
28;2025-11-07;1;0
28;2025-11-07;2;0
28;2025-11-07;3;0
28;2025-11-07;4;2
28;2025-11-07;5;75
28;2025-11-07;6;272
28;2025-11-07;7;873
28;2025-11-07;8;1341
28;2025-11-07;9;802
28;2025-11-07;10;613
28;2025-11-07;11;574
28;2025-11-07;12;763
28;2025-11-07;13;704
28;2025-11-07;14;657
28;2025-11-07;15;731
28;2025-11-07;16;944
28;2025-11-07;17;1082
28;2025-11-07;18;890
28;2025-11-07;19;692
28;2025-11-07;20;441
28;2025-11-07;21;338
28;2025-11-07;22;119
28;2025-11-07;23;23
28;2025-11-08;0;3
28;2025-11-08;1;2
28;2025-11-08;2;0
28;2025-11-08;3;0
28;2025-11-08;4;1
28;2025-11-08;5;34
28;2025-11-08;6;95
28;2025-11-08;7;239
28;2025-11-08;8;427
28;2025-11-08;9;462
28;2025-11-08;10;479
28;2025-11-08;11;438
28;2025-11-08;12;538
28;2025-11-08;13;522
28;2025-11-08;14;563
28;2025-11-08;15;604
28;2025-11-08;16;490
28;2025-11-08;17;527
28;2025-11-08;18;451
28;2025-11-08;19;394
28;2025-11-08;20;299
28;2025-11-08;21;252
28;2025-11-08;22;121
28;2025-11-08;23;31
28;2025-11-09;0;6
28;2025-11-09;1;3
28;2025-11-09;2;2
28;2025-11-09;3;0
28;2025-11-09;4;1
28;2025-11-09;5;30
28;2025-11-09;6;82
28;2025-11-09;7;158
28;2025-11-09;8;241
28;2025-11-09;9;318
28;2025-11-09;10;380
28;2025-11-09;11;414
28;2025-11-09;12;444
28;2025-11-09;13;500
28;2025-11-09;14;476
28;2025-11-09;15;522
28;2025-11-09;16;458
28;2025-11-09;17;542
28;2025-11-09;18;426
28;2025-11-09;19;413
28;2025-11-09;20;279
28;2025-11-09;21;256
28;2025-11-09;22;111
28;2025-11-09;23;14
28;2025-11-10;0;1
28;2025-11-10;1;1
28;2025-11-10;2;0
28;2025-11-10;3;0
28;2025-11-10;4;2
28;2025-11-10;5;65
28;2025-11-10;6;217
28;2025-11-10;7;723
28;2025-11-10;8;1150
28;2025-11-10;9;723
28;2025-11-10;10;553
28;2025-11-10;11;469
28;2025-11-10;12;596
28;2025-11-10;13;598
28;2025-11-10;14;592
28;2025-11-10;15;624
28;2025-11-10;16;896
28;2025-11-10;17;932
28;2025-11-10;18;917
28;2025-11-10;19;644
28;2025-11-10;20;455
28;2025-11-10;21;279
28;2025-11-10;22;95
28;2025-11-10;23;6
28;2025-11-11;0;0
28;2025-11-11;1;0
28;2025-11-11;2;0
28;2025-11-11;3;0
28;2025-11-11;4;1
28;2025-11-11;5;67
28;2025-11-11;6;221
28;2025-11-11;7;747
28;2025-11-11;8;1264
28;2025-11-11;9;720
28;2025-11-11;10;567
28;2025-11-11;11;523
28;2025-11-11;12;617
28;2025-11-11;13;617
28;2025-11-11;14;589
28;2025-11-11;15;646
28;2025-11-11;16;715
28;2025-11-11;17;786
28;2025-11-11;18;808
28;2025-11-11;19;637
28;2025-11-11;20;429
28;2025-11-11;21;246
28;2025-11-11;22;98
28;2025-11-11;23;10
28;2025-11-12;0;0
28;2025-11-12;1;0
28;2025-11-12;2;0
28;2025-11-12;3;0
28;2025-11-12;4;2
28;2025-11-12;5;66
28;2025-11-12;6;219
28;2025-11-12;7;728
28;2025-11-12;8;1228
28;2025-11-12;9;855
28;2025-11-12;10;603
28;2025-11-12;11;591
28;2025-11-12;12;766
28;2025-11-12;13;696
28;2025-11-12;14;647
28;2025-11-12;15;661
28;2025-11-12;16;879
28;2025-11-12;17;1003
28;2025-11-12;18;908
28;2025-11-12;19;745
28;2025-11-12;20;469
28;2025-11-12;21;268
28;2025-11-12;22;113
28;2025-11-12;23;9
28;2025-11-13;0;0
28;2025-11-13;1;0
28;2025-11-13;2;0
28;2025-11-13;3;0
28;2025-11-13;4;2
28;2025-11-13;5;77
28;2025-11-13;6;261
28;2025-11-13;7;839
28;2025-11-13;8;1297
28;2025-11-13;9;942
28;2025-11-13;10;626
28;2025-11-13;11;574
28;2025-11-13;12;709
28;2025-11-13;13;702
28;2025-11-13;14;684
28;2025-11-13;15;686
28;2025-11-13;16;948
28;2025-11-13;17;1058
28;2025-11-13;18;1075
28;2025-11-13;19;744
28;2025-11-13;20;524
28;2025-11-13;21;338
28;2025-11-13;22;130
28;2025-11-13;23;12
28;2025-11-14;0;0
28;2025-11-14;1;0
28;2025-11-14;2;0
28;2025-11-14;3;0
28;2025-11-14;4;2
28;2025-11-14;5;75
28;2025-11-14;6;272
28;2025-11-14;7;873
28;2025-11-14;8;1342
28;2025-11-14;9;802
28;2025-11-14;10;613
28;2025-11-14;11;574
28;2025-11-14;12;764
28;2025-11-14;13;705
28;2025-11-14;14;657
28;2025-11-14;15;732
28;2025-11-14;16;945
28;2025-11-14;17;1082
28;2025-11-14;18;891
28;2025-11-14;19;692
28;2025-11-14;20;441
28;2025-11-14;21;338
28;2025-11-14;22;119
28;2025-11-14;23;23
28;2025-11-15;0;2
28;2025-11-15;1;0
28;2025-11-15;2;0
28;2025-11-15;3;0
28;2025-11-15;4;1
28;2025-11-15;5;38
28;2025-11-15;6;110
28;2025-11-15;7;219
28;2025-11-15;8;374
28;2025-11-15;9;445
28;2025-11-15;10;492
28;2025-11-15;11;514
28;2025-11-15;12;598
28;2025-11-15;13;640
28;2025-11-15;14;556
28;2025-11-15;15;593
28;2025-11-15;16;646
28;2025-11-15;17;589
28;2025-11-15;18;516
28;2025-11-15;19;396
28;2025-11-15;20;299
28;2025-11-15;21;268
28;2025-11-15;22;127
28;2025-11-15;23;11
28;2025-11-16;0;3
28;2025-11-16;1;0
28;2025-11-16;2;0
28;2025-11-16;3;0
28;2025-11-16;4;0
28;2025-11-16;5;29
28;2025-11-16;6;77
28;2025-11-16;7;164
28;2025-11-16;8;264
28;2025-11-16;9;355
28;2025-11-16;10;383
28;2025-11-16;11;432
28;2025-11-16;12;459
28;2025-11-16;13;541
28;2025-11-16;14;539
28;2025-11-16;15;493
28;2025-11-16;16;459
28;2025-11-16;17;450
28;2025-11-16;18;417
28;2025-11-16;19;350
28;2025-11-16;20;285
28;2025-11-16;21;226
28;2025-11-16;22;111
28;2025-11-16;23;8
28;2025-11-17;0;2
28;2025-11-17;1;0
28;2025-11-17;2;0
28;2025-11-17;3;0
28;2025-11-17;4;1
28;2025-11-17;5;81
28;2025-11-17;6;279
28;2025-11-17;7;743
28;2025-11-17;8;1246
28;2025-11-17;9;903
28;2025-11-17;10;612
28;2025-11-17;11;554
28;2025-11-17;12;708
28;2025-11-17;13;658
28;2025-11-17;14;594
28;2025-11-17;15;607
28;2025-11-17;16;813
28;2025-11-17;17;987
28;2025-11-17;18;904
28;2025-11-17;19;743
28;2025-11-17;20;454
28;2025-11-17;21;290
28;2025-11-17;22;123
28;2025-11-17;23;8
28;2025-11-18;0;0
28;2025-11-18;1;0
28;2025-11-18;2;0
28;2025-11-18;3;0
28;2025-11-18;4;2
28;2025-11-18;5;78
28;2025-11-18;6;264
28;2025-11-18;7;786
28;2025-11-18;8;1263
28;2025-11-18;9;913
28;2025-11-18;10;714
28;2025-11-18;11;599
28;2025-11-18;12;753
28;2025-11-18;13;710
28;2025-11-18;14;649
28;2025-11-18;15;653
28;2025-11-18;16;772
28;2025-11-18;17;1037
28;2025-11-18;18;1008
28;2025-11-18;19;709
28;2025-11-18;20;502
28;2025-11-18;21;355
28;2025-11-18;22;123
28;2025-11-18;23;17
28;2025-11-19;0;0
28;2025-11-19;1;0
28;2025-11-19;2;0
28;2025-11-19;3;0
28;2025-11-19;4;1
28;2025-11-19;5;91
28;2025-11-19;6;275
28;2025-11-19;7;766
28;2025-11-19;8;1203
28;2025-11-19;9;840
28;2025-11-19;10;628
28;2025-11-19;11;599
28;2025-11-19;12;760
28;2025-11-19;13;792
28;2025-11-19;14;679
28;2025-11-19;15;682
28;2025-11-19;16;927
28;2025-11-19;17;1018
28;2025-11-19;18;1041
28;2025-11-19;19;738
28;2025-11-19;20;576
28;2025-11-19;21;360
28;2025-11-19;22;137
28;2025-11-19;23;23
28;2025-11-20;0;11
28;2025-11-20;1;2
28;2025-11-20;2;0
28;2025-11-20;3;0
28;2025-11-20;4;2
28;2025-11-20;5;80
28;2025-11-20;6;257
28;2025-11-20;7;750
28;2025-11-20;8;1160
28;2025-11-20;9;735
28;2025-11-20;10;557
28;2025-11-20;11;562
28;2025-11-20;12;689
28;2025-11-20;13;776
28;2025-11-20;14;694
28;2025-11-20;15;783
28;2025-11-20;16;872
28;2025-11-20;17;1118
28;2025-11-20;18;1039
28;2025-11-20;19;751
28;2025-11-20;20;538
28;2025-11-20;21;328
28;2025-11-20;22;128
28;2025-11-20;23;15
28;2025-11-21;0;2
28;2025-11-21;1;0
28;2025-11-21;2;0
28;2025-11-21;3;0
28;2025-11-21;4;2
28;2025-11-21;5;73
28;2025-11-21;6;267
28;2025-11-21;7;764
28;2025-11-21;8;1101
28;2025-11-21;9;801
28;2025-11-21;10;642
28;2025-11-21;11;577
28;2025-11-21;12;768
28;2025-11-21;13;728
28;2025-11-21;14;690
28;2025-11-21;15;669
28;2025-11-21;16;923
28;2025-11-21;17;977
28;2025-11-21;18;837
28;2025-11-21;19;609
28;2025-11-21;20;423
28;2025-11-21;21;303
28;2025-11-21;22;147
28;2025-11-21;23;13
28;2025-11-22;0;3
28;2025-11-22;1;0
28;2025-11-22;2;0
28;2025-11-22;3;0
28;2025-11-22;4;1
28;2025-11-22;5;38
28;2025-11-22;6;110
28;2025-11-22;7;219
28;2025-11-22;8;374
28;2025-11-22;9;446
28;2025-11-22;10;492
28;2025-11-22;11;514
28;2025-11-22;12;599
28;2025-11-22;13;640
28;2025-11-22;14;556
28;2025-11-22;15;593
28;2025-11-22;16;646
28;2025-11-22;17;589
28;2025-11-22;18;516
28;2025-11-22;19;396
28;2025-11-22;20;299
28;2025-11-22;21;268
28;2025-11-22;22;127
28;2025-11-22;23;11
28;2025-11-23;0;3
28;2025-11-23;1;0
28;2025-11-23;2;0
28;2025-11-23;3;0
28;2025-11-23;4;0
28;2025-11-23;5;29
28;2025-11-23;6;77
28;2025-11-23;7;164
28;2025-11-23;8;264
28;2025-11-23;9;355
28;2025-11-23;10;383
28;2025-11-23;11;432
28;2025-11-23;12;459
28;2025-11-23;13;541
28;2025-11-23;14;539
28;2025-11-23;15;493
28;2025-11-23;16;459
28;2025-11-23;17;450
28;2025-11-23;18;417
28;2025-11-23;19;350
28;2025-11-23;20;285
28;2025-11-23;21;226
28;2025-11-23;22;111
28;2025-11-23;23;8
28;2025-11-24;0;1
28;2025-11-24;1;1
28;2025-11-24;2;0
28;2025-11-24;3;0
28;2025-11-24;4;2
28;2025-11-24;5;64
28;2025-11-24;6;217
28;2025-11-24;7;723
28;2025-11-24;8;1150
28;2025-11-24;9;723
28;2025-11-24;10;553
28;2025-11-24;11;469
28;2025-11-24;12;594
28;2025-11-24;13;598
28;2025-11-24;14;592
28;2025-11-24;15;624
28;2025-11-24;16;896
28;2025-11-24;17;932
28;2025-11-24;18;917
28;2025-11-24;19;644
28;2025-11-24;20;456
28;2025-11-24;21;279
28;2025-11-24;22;95
28;2025-11-24;23;6
28;2025-11-25;0;0
28;2025-11-25;1;0
28;2025-11-25;2;0
28;2025-11-25;3;0
28;2025-11-25;4;1
28;2025-11-25;5;67
28;2025-11-25;6;221
28;2025-11-25;7;747
28;2025-11-25;8;1264
28;2025-11-25;9;720
28;2025-11-25;10;568
28;2025-11-25;11;524
28;2025-11-25;12;618
28;2025-11-25;13;618
28;2025-11-25;14;590
28;2025-11-25;15;647
28;2025-11-25;16;716
28;2025-11-25;17;786
28;2025-11-25;18;809
28;2025-11-25;19;638
28;2025-11-25;20;430
28;2025-11-25;21;246
28;2025-11-25;22;98
28;2025-11-25;23;10
28;2025-11-26;0;0
28;2025-11-26;1;0
28;2025-11-26;2;0
28;2025-11-26;3;0
28;2025-11-26;4;2
28;2025-11-26;5;66
28;2025-11-26;6;219
28;2025-11-26;7;728
28;2025-11-26;8;1228
28;2025-11-26;9;855
28;2025-11-26;10;604
28;2025-11-26;11;592
28;2025-11-26;12;767
28;2025-11-26;13;697
28;2025-11-26;14;648
28;2025-11-26;15;662
28;2025-11-26;16;879
28;2025-11-26;17;1004
28;2025-11-26;18;909
28;2025-11-26;19;746
28;2025-11-26;20;470
28;2025-11-26;21;269
28;2025-11-26;22;112
28;2025-11-26;23;9
28;2025-11-27;0;0
28;2025-11-27;1;0
28;2025-11-27;2;0
28;2025-11-27;3;0
28;2025-11-27;4;2
28;2025-11-27;5;77
28;2025-11-27;6;261
28;2025-11-27;7;839
28;2025-11-27;8;1298
28;2025-11-27;9;942
28;2025-11-27;10;626
28;2025-11-27;11;574
28;2025-11-27;12;709
28;2025-11-27;13;702
28;2025-11-27;14;684
28;2025-11-27;15;687
28;2025-11-27;16;949
28;2025-11-27;17;1058
28;2025-11-27;18;1075
28;2025-11-27;19;744
28;2025-11-27;20;524
28;2025-11-27;21;338
28;2025-11-27;22;129
28;2025-11-27;23;12
28;2025-11-28;0;0
28;2025-11-28;1;0
28;2025-11-28;2;0
28;2025-11-28;3;0
28;2025-11-28;4;2
28;2025-11-28;5;75
28;2025-11-28;6;272
28;2025-11-28;7;873
28;2025-11-28;8;1343
28;2025-11-28;9;804
28;2025-11-28;10;614
28;2025-11-28;11;575
28;2025-11-28;12;765
28;2025-11-28;13;706
28;2025-11-28;14;658
28;2025-11-28;15;733
28;2025-11-28;16;946
28;2025-11-28;17;1084
28;2025-11-28;18;892
28;2025-11-28;19;694
28;2025-11-28;20;442
28;2025-11-28;21;339
28;2025-11-28;22;119
28;2025-11-28;23;23
28;2025-11-29;0;3
28;2025-11-29;1;2
28;2025-11-29;2;0
28;2025-11-29;3;0
28;2025-11-29;4;1
28;2025-11-29;5;34
28;2025-11-29;6;96
28;2025-11-29;7;239
28;2025-11-29;8;428
28;2025-11-29;9;463
28;2025-11-29;10;480
28;2025-11-29;11;439
28;2025-11-29;12;540
28;2025-11-29;13;523
28;2025-11-29;14;565
28;2025-11-29;15;605
28;2025-11-29;16;491
28;2025-11-29;17;528
28;2025-11-29;18;452
28;2025-11-29;19;395
28;2025-11-29;20;300
28;2025-11-29;21;253
28;2025-11-29;22;122
28;2025-11-29;23;31
28;2025-11-30;0;6
28;2025-11-30;1;3
28;2025-11-30;2;2
28;2025-11-30;3;0
28;2025-11-30;4;1
28;2025-11-30;5;30
28;2025-11-30;6;82
28;2025-11-30;7;158
28;2025-11-30;8;242
28;2025-11-30;9;319
28;2025-11-30;10;380
28;2025-11-30;11;415
28;2025-11-30;12;445
28;2025-11-30;13;501
28;2025-11-30;14;477
28;2025-11-30;15;523
28;2025-11-30;16;459
28;2025-11-30;17;543
28;2025-11-30;18;427
28;2025-11-30;19;413
28;2025-11-30;20;280
28;2025-11-30;21;256
28;2025-11-30;22;111
28;2025-11-30;23;14
28;2025-12-01;0;1
28;2025-12-01;1;1
28;2025-12-01;2;0
28;2025-12-01;3;0
28;2025-12-01;4;2
28;2025-12-01;5;65
28;2025-12-01;6;217
28;2025-12-01;7;723
28;2025-12-01;8;1150
28;2025-12-01;9;723
28;2025-12-01;10;553
28;2025-12-01;11;469
28;2025-12-01;12;596
28;2025-12-01;13;599
28;2025-12-01;14;593
28;2025-12-01;15;625
28;2025-12-01;16;897
28;2025-12-01;17;933
28;2025-12-01;18;918
28;2025-12-01;19;644
28;2025-12-01;20;456
28;2025-12-01;21;279
28;2025-12-01;22;95
28;2025-12-01;23;6
28;2025-12-02;0;0
28;2025-12-02;1;0
28;2025-12-02;2;0
28;2025-12-02;3;0
28;2025-12-02;4;1
28;2025-12-02;5;67
28;2025-12-02;6;221
28;2025-12-02;7;747
28;2025-12-02;8;1264
28;2025-12-02;9;720
28;2025-12-02;10;568
28;2025-12-02;11;524
28;2025-12-02;12;618
28;2025-12-02;13;618
28;2025-12-02;14;590
28;2025-12-02;15;647
28;2025-12-02;16;716
28;2025-12-02;17;786
28;2025-12-02;18;809
28;2025-12-02;19;638
28;2025-12-02;20;430
28;2025-12-02;21;246
28;2025-12-02;22;98
28;2025-12-02;23;10
28;2025-12-03;0;0
28;2025-12-03;1;0
28;2025-12-03;2;0
28;2025-12-03;3;0
28;2025-12-03;4;2
28;2025-12-03;5;66
28;2025-12-03;6;219
28;2025-12-03;7;728
28;2025-12-03;8;1228
28;2025-12-03;9;855
28;2025-12-03;10;604
28;2025-12-03;11;593
28;2025-12-03;12;767
28;2025-12-03;13;697
28;2025-12-03;14;648
28;2025-12-03;15;662
28;2025-12-03;16;879
28;2025-12-03;17;1004
28;2025-12-03;18;909
28;2025-12-03;19;746
28;2025-12-03;20;470
28;2025-12-03;21;269
28;2025-12-03;22;113
28;2025-12-03;23;9
28;2025-12-04;0;0
28;2025-12-04;1;0
28;2025-12-04;2;0
28;2025-12-04;3;0
28;2025-12-04;4;2
28;2025-12-04;5;77
28;2025-12-04;6;261
28;2025-12-04;7;839
28;2025-12-04;8;1298
28;2025-12-04;9;943
28;2025-12-04;10;627
28;2025-12-04;11;575
28;2025-12-04;12;710
28;2025-12-04;13;703
28;2025-12-04;14;685
28;2025-12-04;15;687
28;2025-12-04;16;949
28;2025-12-04;17;1059
28;2025-12-04;18;1076
28;2025-12-04;19;746
28;2025-12-04;20;525
28;2025-12-04;21;339
28;2025-12-04;22;130
28;2025-12-04;23;12
28;2025-12-05;0;0
28;2025-12-05;1;0
28;2025-12-05;2;0
28;2025-12-05;3;0
28;2025-12-05;4;2
28;2025-12-05;5;75
28;2025-12-05;6;273
28;2025-12-05;7;874
28;2025-12-05;8;1343
28;2025-12-05;9;804
28;2025-12-05;10;614
28;2025-12-05;11;575
28;2025-12-05;12;765
28;2025-12-05;13;706
28;2025-12-05;14;659
28;2025-12-05;15;733
28;2025-12-05;16;946
28;2025-12-05;17;1084
28;2025-12-05;18;892
28;2025-12-05;19;694
28;2025-12-05;20;442
28;2025-12-05;21;339
28;2025-12-05;22;119
28;2025-12-05;23;23
28;2025-12-06;0;3
28;2025-12-06;1;2
28;2025-12-06;2;0
28;2025-12-06;3;0
28;2025-12-06;4;1
28;2025-12-06;5;34
28;2025-12-06;6;96
28;2025-12-06;7;239
28;2025-12-06;8;428
28;2025-12-06;9;463
28;2025-12-06;10;480
28;2025-12-06;11;439
28;2025-12-06;12;540
28;2025-12-06;13;523
28;2025-12-06;14;564
28;2025-12-06;15;605
28;2025-12-06;16;491
28;2025-12-06;17;528
28;2025-12-06;18;452
28;2025-12-06;19;395
28;2025-12-06;20;300
28;2025-12-06;21;253
28;2025-12-06;22;122
28;2025-12-06;23;31
28;2025-12-07;0;6
28;2025-12-07;1;3
28;2025-12-07;2;2
28;2025-12-07;3;0
28;2025-12-07;4;1
28;2025-12-07;5;30
28;2025-12-07;6;82
28;2025-12-07;7;158
28;2025-12-07;8;242
28;2025-12-07;9;319
28;2025-12-07;10;381
28;2025-12-07;11;415
28;2025-12-07;12;445
28;2025-12-07;13;501
28;2025-12-07;14;477
28;2025-12-07;15;523
28;2025-12-07;16;459
28;2025-12-07;17;543
28;2025-12-07;18;427
28;2025-12-07;19;413
28;2025-12-07;20;280
28;2025-12-07;21;256
28;2025-12-07;22;111
28;2025-12-07;23;14
28;2025-12-08;0;1
28;2025-12-08;1;1
28;2025-12-08;2;0
28;2025-12-08;3;0
28;2025-12-08;4;2
28;2025-12-08;5;65
28;2025-12-08;6;217
28;2025-12-08;7;723
28;2025-12-08;8;1150
28;2025-12-08;9;723
28;2025-12-08;10;553
28;2025-12-08;11;469
28;2025-12-08;12;596
28;2025-12-08;13;599
28;2025-12-08;14;593
28;2025-12-08;15;625
28;2025-12-08;16;897
28;2025-12-08;17;933
28;2025-12-08;18;918
28;2025-12-08;19;644
28;2025-12-08;20;456
28;2025-12-08;21;279
28;2025-12-08;22;95
28;2025-12-08;23;6
28;2025-12-09;0;0
28;2025-12-09;1;0
28;2025-12-09;2;0
28;2025-12-09;3;0
28;2025-12-09;4;1
28;2025-12-09;5;67
28;2025-12-09;6;221
28;2025-12-09;7;747
28;2025-12-09;8;1264
28;2025-12-09;9;720
28;2025-12-09;10;568
28;2025-12-09;11;524
28;2025-12-09;12;618
28;2025-12-09;13;618
28;2025-12-09;14;590
28;2025-12-09;15;647
28;2025-12-09;16;716
28;2025-12-09;17;786
28;2025-12-09;18;809
28;2025-12-09;19;638
28;2025-12-09;20;430
28;2025-12-09;21;246
28;2025-12-09;22;98
28;2025-12-09;23;10
28;2025-12-10;0;0
28;2025-12-10;1;0
28;2025-12-10;2;0
28;2025-12-10;3;0
28;2025-12-10;4;2
28;2025-12-10;5;66
28;2025-12-10;6;219
28;2025-12-10;7;728
28;2025-12-10;8;1228
28;2025-12-10;9;855
28;2025-12-10;10;604
28;2025-12-10;11;593
28;2025-12-10;12;767
28;2025-12-10;13;697
28;2025-12-10;14;648
28;2025-12-10;15;662
28;2025-12-10;16;879
28;2025-12-10;17;1004
28;2025-12-10;18;909
28;2025-12-10;19;746
28;2025-12-10;20;470
28;2025-12-10;21;269
28;2025-12-10;22;113
28;2025-12-10;23;9
28;2025-12-11;0;0
28;2025-12-11;1;0
28;2025-12-11;2;0
28;2025-12-11;3;0
28;2025-12-11;4;2
28;2025-12-11;5;77
28;2025-12-11;6;261
28;2025-12-11;7;839
28;2025-12-11;8;1298
28;2025-12-11;9;942
28;2025-12-11;10;626
28;2025-12-11;11;574
28;2025-12-11;12;710
28;2025-12-11;13;703
28;2025-12-11;14;685
28;2025-12-11;15;687
28;2025-12-11;16;949
28;2025-12-11;17;1059
28;2025-12-11;18;1076
28;2025-12-11;19;745
28;2025-12-11;20;524
28;2025-12-11;21;338
28;2025-12-11;22;130
28;2025-12-11;23;12
28;2025-12-12;0;0
28;2025-12-12;1;0
28;2025-12-12;2;0
28;2025-12-12;3;0
28;2025-12-12;4;2
28;2025-12-12;5;75
28;2025-12-12;6;273
28;2025-12-12;7;873
28;2025-12-12;8;1343
28;2025-12-12;9;803
28;2025-12-12;10;614
28;2025-12-12;11;575
28;2025-12-12;12;764
28;2025-12-12;13;706
28;2025-12-12;14;658
28;2025-12-12;15;732
28;2025-12-12;16;946
28;2025-12-12;17;1084
28;2025-12-12;18;892
28;2025-12-12;19;693
28;2025-12-12;20;442
28;2025-12-12;21;339
28;2025-12-12;22;119
28;2025-12-12;23;23
28;2025-12-13;0;3
28;2025-12-13;1;2
28;2025-12-13;2;0
28;2025-12-13;3;0
28;2025-12-13;4;1
28;2025-12-13;5;34
28;2025-12-13;6;96
28;2025-12-13;7;239
28;2025-12-13;8;428
28;2025-12-13;9;463
28;2025-12-13;10;480
28;2025-12-13;11;439
28;2025-12-13;12;540
28;2025-12-13;13;523
28;2025-12-13;14;565
28;2025-12-13;15;605
28;2025-12-13;16;491
28;2025-12-13;17;528
28;2025-12-13;18;452
28;2025-12-13;19;395
28;2025-12-13;20;300
28;2025-12-13;21;253
28;2025-12-13;22;122
28;2025-12-13;23;31
28;2025-12-14;0;6
28;2025-12-14;1;3
28;2025-12-14;2;2
28;2025-12-14;3;0
28;2025-12-14;4;1
28;2025-12-14;5;30
28;2025-12-14;6;82
28;2025-12-14;7;158
28;2025-12-14;8;242
28;2025-12-14;9;318
28;2025-12-14;10;381
28;2025-12-14;11;415
28;2025-12-14;12;445
28;2025-12-14;13;501
28;2025-12-14;14;477
28;2025-12-14;15;523
28;2025-12-14;16;459
28;2025-12-14;17;543
28;2025-12-14;18;427
28;2025-12-14;19;413
28;2025-12-14;20;280
28;2025-12-14;21;256
28;2025-12-14;22;111
28;2025-12-14;23;14
28;2025-12-15;0;1
28;2025-12-15;1;1
28;2025-12-15;2;0
28;2025-12-15;3;0
28;2025-12-15;4;2
28;2025-12-15;5;65
28;2025-12-15;6;217
28;2025-12-15;7;724
28;2025-12-15;8;1150
28;2025-12-15;9;723
28;2025-12-15;10;553
28;2025-12-15;11;469
28;2025-12-15;12;596
28;2025-12-15;13;599
28;2025-12-15;14;593
28;2025-12-15;15;625
28;2025-12-15;16;897
28;2025-12-15;17;933
28;2025-12-15;18;918
28;2025-12-15;19;644
28;2025-12-15;20;456
28;2025-12-15;21;279
28;2025-12-15;22;95
28;2025-12-15;23;6
28;2025-12-16;0;0
28;2025-12-16;1;0
28;2025-12-16;2;0
28;2025-12-16;3;0
28;2025-12-16;4;1
28;2025-12-16;5;67
28;2025-12-16;6;221
28;2025-12-16;7;747
28;2025-12-16;8;1264
28;2025-12-16;9;720
28;2025-12-16;10;568
28;2025-12-16;11;524
28;2025-12-16;12;618
28;2025-12-16;13;618
28;2025-12-16;14;590
28;2025-12-16;15;647
28;2025-12-16;16;716
28;2025-12-16;17;787
28;2025-12-16;18;809
28;2025-12-16;19;638
28;2025-12-16;20;430
28;2025-12-16;21;246
28;2025-12-16;22;98
28;2025-12-16;23;10
28;2025-12-17;0;0
28;2025-12-17;1;0
28;2025-12-17;2;0
28;2025-12-17;3;0
28;2025-12-17;4;2
28;2025-12-17;5;66
28;2025-12-17;6;219
28;2025-12-17;7;728
28;2025-12-17;8;1228
28;2025-12-17;9;855
28;2025-12-17;10;604
28;2025-12-17;11;593
28;2025-12-17;12;767
28;2025-12-17;13;697
28;2025-12-17;14;648
28;2025-12-17;15;662
28;2025-12-17;16;879
28;2025-12-17;17;1004
28;2025-12-17;18;909
28;2025-12-17;19;746
28;2025-12-17;20;470
28;2025-12-17;21;269
28;2025-12-17;22;113
28;2025-12-17;23;9
28;2025-12-18;0;0
28;2025-12-18;1;0
28;2025-12-18;2;0
28;2025-12-18;3;0
28;2025-12-18;4;2
28;2025-12-18;5;77
28;2025-12-18;6;261
28;2025-12-18;7;839
28;2025-12-18;8;1298
28;2025-12-18;9;943
28;2025-12-18;10;627
28;2025-12-18;11;575
28;2025-12-18;12;710
28;2025-12-18;13;703
28;2025-12-18;14;685
28;2025-12-18;15;688
28;2025-12-18;16;950
28;2025-12-18;17;1060
28;2025-12-18;18;1077
28;2025-12-18;19;746
28;2025-12-18;20;525
28;2025-12-18;21;339
28;2025-12-18;22;130
28;2025-12-18;23;12
28;2025-12-19;0;0
28;2025-12-19;1;0
28;2025-12-19;2;0
28;2025-12-19;3;0
28;2025-12-19;4;2
28;2025-12-19;5;75
28;2025-12-19;6;273
28;2025-12-19;7;874
28;2025-12-19;8;1343
28;2025-12-19;9;804
28;2025-12-19;10;615
28;2025-12-19;11;575
28;2025-12-19;12;765
28;2025-12-19;13;706
28;2025-12-19;14;659
28;2025-12-19;15;733
28;2025-12-19;16;946
28;2025-12-19;17;1084
28;2025-12-19;18;892
28;2025-12-19;19;694
28;2025-12-19;20;442
28;2025-12-19;21;339
28;2025-12-19;22;119
28;2025-12-19;23;23
28;2025-12-20;0;3
28;2025-12-20;1;2
28;2025-12-20;2;0
28;2025-12-20;3;0
28;2025-12-20;4;1
28;2025-12-20;5;34
28;2025-12-20;6;96
28;2025-12-20;7;239
28;2025-12-20;8;428
28;2025-12-20;9;463
28;2025-12-20;10;480
28;2025-12-20;11;439
28;2025-12-20;12;540
28;2025-12-20;13;523
28;2025-12-20;14;565
28;2025-12-20;15;605
28;2025-12-20;16;491
28;2025-12-20;17;528
28;2025-12-20;18;452
28;2025-12-20;19;395
28;2025-12-20;20;300
28;2025-12-20;21;253
28;2025-12-20;22;122
28;2025-12-20;23;31
28;2025-12-21;0;6
28;2025-12-21;1;3
28;2025-12-21;2;2
28;2025-12-21;3;0
28;2025-12-21;4;1
28;2025-12-21;5;30
28;2025-12-21;6;82
28;2025-12-21;7;158
28;2025-12-21;8;242
28;2025-12-21;9;318
28;2025-12-21;10;381
28;2025-12-21;11;415
28;2025-12-21;12;445
28;2025-12-21;13;502
28;2025-12-21;14;477
28;2025-12-21;15;523
28;2025-12-21;16;459
28;2025-12-21;17;543
28;2025-12-21;18;427
28;2025-12-21;19;413
28;2025-12-21;20;279
28;2025-12-21;21;256
28;2025-12-21;22;111
28;2025-12-21;23;14
28;2025-12-22;0;1
28;2025-12-22;1;1
28;2025-12-22;2;0
28;2025-12-22;3;0
28;2025-12-22;4;2
28;2025-12-22;5;65
28;2025-12-22;6;217
28;2025-12-22;7;724
28;2025-12-22;8;1150
28;2025-12-22;9;723
28;2025-12-22;10;553
28;2025-12-22;11;469
28;2025-12-22;12;596
28;2025-12-22;13;599
28;2025-12-22;14;593
28;2025-12-22;15;625
28;2025-12-22;16;897
28;2025-12-22;17;933
28;2025-12-22;18;917
28;2025-12-22;19;644
28;2025-12-22;20;455
28;2025-12-22;21;279
28;2025-12-22;22;95
28;2025-12-22;23;6
28;2025-12-23;0;0
28;2025-12-23;1;0
28;2025-12-23;2;0
28;2025-12-23;3;0
28;2025-12-23;4;1
28;2025-12-23;5;67
28;2025-12-23;6;221
28;2025-12-23;7;747
28;2025-12-23;8;1264
28;2025-12-23;9;720
28;2025-12-23;10;568
28;2025-12-23;11;524
28;2025-12-23;12;618
28;2025-12-23;13;619
28;2025-12-23;14;590
28;2025-12-23;15;647
28;2025-12-23;16;716
28;2025-12-23;17;786
28;2025-12-23;18;809
28;2025-12-23;19;638
28;2025-12-23;20;430
28;2025-12-23;21;246
28;2025-12-23;22;98
28;2025-12-23;23;10
28;2025-12-24;0;0
28;2025-12-24;1;0
28;2025-12-24;2;0
28;2025-12-24;3;0
28;2025-12-24;4;2
28;2025-12-24;5;66
28;2025-12-24;6;219
28;2025-12-24;7;728
28;2025-12-24;8;1228
28;2025-12-24;9;855
28;2025-12-24;10;604
28;2025-12-24;11;593
28;2025-12-24;12;767
28;2025-12-24;13;697
28;2025-12-24;14;648
28;2025-12-24;15;662
28;2025-12-24;16;879
28;2025-12-24;17;1004
28;2025-12-24;18;909
28;2025-12-24;19;746
28;2025-12-24;20;470
28;2025-12-24;21;269
28;2025-12-24;22;113
28;2025-12-24;23;9
28;2025-12-25;0;0
28;2025-12-25;1;0
28;2025-12-25;2;0
28;2025-12-25;3;0
28;2025-12-25;4;2
28;2025-12-25;5;77
28;2025-12-25;6;261
28;2025-12-25;7;839
28;2025-12-25;8;1298
28;2025-12-25;9;943
28;2025-12-25;10;627
28;2025-12-25;11;575
28;2025-12-25;12;710
28;2025-12-25;13;703
28;2025-12-25;14;685
28;2025-12-25;15;688
28;2025-12-25;16;950
28;2025-12-25;17;1059
28;2025-12-25;18;1076
28;2025-12-25;19;745
28;2025-12-25;20;525
28;2025-12-25;21;339
28;2025-12-25;22;130
28;2025-12-25;23;12
28;2025-12-26;0;0
28;2025-12-26;1;0
28;2025-12-26;2;0
28;2025-12-26;3;0
28;2025-12-26;4;2
28;2025-12-26;5;75
28;2025-12-26;6;273
28;2025-12-26;7;874
28;2025-12-26;8;1343
28;2025-12-26;9;804
28;2025-12-26;10;614
28;2025-12-26;11;575
28;2025-12-26;12;765
28;2025-12-26;13;706
28;2025-12-26;14;659
28;2025-12-26;15;733
28;2025-12-26;16;946
28;2025-12-26;17;1084
28;2025-12-26;18;892
28;2025-12-26;19;693
28;2025-12-26;20;442
28;2025-12-26;21;339
28;2025-12-26;22;119
28;2025-12-26;23;23
28;2025-12-27;0;3
28;2025-12-27;1;2
28;2025-12-27;2;0
28;2025-12-27;3;0
28;2025-12-27;4;1
28;2025-12-27;5;34
28;2025-12-27;6;96
28;2025-12-27;7;239
28;2025-12-27;8;428
28;2025-12-27;9;463
28;2025-12-27;10;480
28;2025-12-27;11;439
28;2025-12-27;12;540
28;2025-12-27;13;523
28;2025-12-27;14;565
28;2025-12-27;15;605
28;2025-12-27;16;491
28;2025-12-27;17;528
28;2025-12-27;18;452
28;2025-12-27;19;395
28;2025-12-27;20;300
28;2025-12-27;21;253
28;2025-12-27;22;122
28;2025-12-27;23;31
28;2025-12-28;0;6
28;2025-12-28;1;3
28;2025-12-28;2;2
28;2025-12-28;3;0
28;2025-12-28;4;1
28;2025-12-28;5;30
28;2025-12-28;6;82
28;2025-12-28;7;158
28;2025-12-28;8;242
28;2025-12-28;9;318
28;2025-12-28;10;381
28;2025-12-28;11;415
28;2025-12-28;12;445
28;2025-12-28;13;502
28;2025-12-28;14;477
28;2025-12-28;15;523
28;2025-12-28;16;459
28;2025-12-28;17;543
28;2025-12-28;18;427
28;2025-12-28;19;413
28;2025-12-28;20;280
28;2025-12-28;21;256
28;2025-12-28;22;111
28;2025-12-28;23;14
28;2025-12-29;0;1
28;2025-12-29;1;1
28;2025-12-29;2;0
28;2025-12-29;3;0
28;2025-12-29;4;2
28;2025-12-29;5;65
28;2025-12-29;6;217
28;2025-12-29;7;724
28;2025-12-29;8;1150
28;2025-12-29;9;723
28;2025-12-29;10;553
28;2025-12-29;11;469
28;2025-12-29;12;596
28;2025-12-29;13;599
28;2025-12-29;14;593
28;2025-12-29;15;625
28;2025-12-29;16;897
28;2025-12-29;17;933
28;2025-12-29;18;918
28;2025-12-29;19;644
28;2025-12-29;20;456
28;2025-12-29;21;279
28;2025-12-29;22;95
28;2025-12-29;23;6
28;2025-12-30;0;0
28;2025-12-30;1;0
28;2025-12-30;2;0
28;2025-12-30;3;0
28;2025-12-30;4;1
28;2025-12-30;5;67
28;2025-12-30;6;221
28;2025-12-30;7;747
28;2025-12-30;8;1264
28;2025-12-30;9;720
28;2025-12-30;10;568
28;2025-12-30;11;524
28;2025-12-30;12;618
28;2025-12-30;13;619
28;2025-12-30;14;590
28;2025-12-30;15;647
28;2025-12-30;16;716
28;2025-12-30;17;787
28;2025-12-30;18;809
28;2025-12-30;19;638
28;2025-12-30;20;430
28;2025-12-30;21;246
28;2025-12-30;22;98
28;2025-12-30;23;10
28;2025-12-31;0;0
28;2025-12-31;1;0
28;2025-12-31;2;0
28;2025-12-31;3;0
28;2025-12-31;4;1
28;2025-12-31;5;36
28;2025-12-31;6;89
28;2025-12-31;7;171
28;2025-12-31;8;234
28;2025-12-31;9;300
28;2025-12-31;10;288
28;2025-12-31;11;291
28;2025-12-31;12;373
28;2025-12-31;13;377
28;2025-12-31;14;366
28;2025-12-31;15;344
28;2025-12-31;16;339
28;2025-12-31;17;361
28;2025-12-31;18;326
28;2025-12-31;19;298
28;2025-12-31;20;266
28;2025-12-31;21;238
28;2025-12-31;22;105
28;2025-12-31;23;14
50;2025-11-01;0;48
50;2025-11-01;1;7
50;2025-11-01;2;0
50;2025-11-01;3;0
50;2025-11-01;4;0
50;2025-11-01;5;5
50;2025-11-01;6;35
50;2025-11-01;7;67
50;2025-11-01;8;116
50;2025-11-01;9;126
50;2025-11-01;10;121
50;2025-11-01;11;136
50;2025-11-01;12;163
50;2025-11-01;13;191
50;2025-11-01;14;151
50;2025-11-01;15;170
50;2025-11-01;16;157
50;2025-11-01;17;180
50;2025-11-01;18;154
50;2025-11-01;19;138
50;2025-11-01;20;82
50;2025-11-01;21;85
50;2025-11-01;22;46
50;2025-11-01;23;25
50;2025-11-02;0;11
50;2025-11-02;1;1
50;2025-11-02;2;0
50;2025-11-02;3;0
50;2025-11-02;4;0
50;2025-11-02;5;5
50;2025-11-02;6;30
50;2025-11-02;7;49
50;2025-11-02;8;84
50;2025-11-02;9;106
50;2025-11-02;10;93
50;2025-11-02;11;110
50;2025-11-02;12;130
50;2025-11-02;13;122
50;2025-11-02;14;178
50;2025-11-02;15;154
50;2025-11-02;16;188
50;2025-11-02;17;181
50;2025-11-02;18;143
50;2025-11-02;19;132
50;2025-11-02;20;104
50;2025-11-02;21;75
50;2025-11-02;22;51
50;2025-11-02;23;20
50;2025-11-03;0;43
50;2025-11-03;1;3
50;2025-11-03;2;1
50;2025-11-03;3;0
50;2025-11-03;4;1
50;2025-11-03;5;31
50;2025-11-03;6;157
50;2025-11-03;7;286
50;2025-11-03;8;438
50;2025-11-03;9;471
50;2025-11-03;10;506
50;2025-11-03;11;614
50;2025-11-03;12;618
50;2025-11-03;13;737
50;2025-11-03;14;682
50;2025-11-03;15;592
50;2025-11-03;16;597
50;2025-11-03;17;613
50;2025-11-03;18;616
50;2025-11-03;19;628
50;2025-11-03;20;451
50;2025-11-03;21;377
50;2025-11-03;22;224
50;2025-11-03;23;145
50;2025-11-04;0;43
50;2025-11-04;1;3
50;2025-11-04;2;0
50;2025-11-04;3;0
50;2025-11-04;4;1
50;2025-11-04;5;31
50;2025-11-04;6;157
50;2025-11-04;7;286
50;2025-11-04;8;438
50;2025-11-04;9;471
50;2025-11-04;10;506
50;2025-11-04;11;614
50;2025-11-04;12;618
50;2025-11-04;13;737
50;2025-11-04;14;682
50;2025-11-04;15;592
50;2025-11-04;16;597
50;2025-11-04;17;613
50;2025-11-04;18;616
50;2025-11-04;19;628
50;2025-11-04;20;451
50;2025-11-04;21;377
50;2025-11-04;22;224
50;2025-11-04;23;145
50;2025-11-05;0;20
50;2025-11-05;1;3
50;2025-11-05;2;0
50;2025-11-05;3;0
50;2025-11-05;4;3
50;2025-11-05;5;82
50;2025-11-05;6;622
50;2025-11-05;7;1953
50;2025-11-05;8;3219
50;2025-11-05;9;2244
50;2025-11-05;10;1852
50;2025-11-05;11;1756
50;2025-11-05;12;1594
50;2025-11-05;13;1689
50;2025-11-05;14;1606
50;2025-11-05;15;2023
50;2025-11-05;16;1935
50;2025-11-05;17;2602
50;2025-11-05;18;2740
50;2025-11-05;19;1611
50;2025-11-05;20;1031
50;2025-11-05;21;635
50;2025-11-05;22;276
50;2025-11-05;23;174
50;2025-11-06;0;46
50;2025-11-06;1;2
50;2025-11-06;2;0
50;2025-11-06;3;0
50;2025-11-06;4;2
50;2025-11-06;5;60
50;2025-11-06;6;511
50;2025-11-06;7;1636
50;2025-11-06;8;2851
50;2025-11-06;9;2169
50;2025-11-06;10;1642
50;2025-11-06;11;1460
50;2025-11-06;12;1482
50;2025-11-06;13;1458
50;2025-11-06;14;1457
50;2025-11-06;15;1580
50;2025-11-06;16;1651
50;2025-11-06;17;2306
50;2025-11-06;18;2358
50;2025-11-06;19;1395
50;2025-11-06;20;920
50;2025-11-06;21;694
50;2025-11-06;22;251
50;2025-11-06;23;154
50;2025-11-07;0;41
50;2025-11-07;1;1
50;2025-11-07;2;0
50;2025-11-07;3;0
50;2025-11-07;4;4
50;2025-11-07;5;66
50;2025-11-07;6;511
50;2025-11-07;7;1777
50;2025-11-07;8;2772
50;2025-11-07;9;2009
50;2025-11-07;10;1477
50;2025-11-07;11;1497
50;2025-11-07;12;1466
50;2025-11-07;13;1493
50;2025-11-07;14;1483
50;2025-11-07;15;1671
50;2025-11-07;16;2187
50;2025-11-07;17;2154
50;2025-11-07;18;1688
50;2025-11-07;19;1284
50;2025-11-07;20;863
50;2025-11-07;21;576
50;2025-11-07;22;264
50;2025-11-07;23;164
50;2025-11-08;0;40
50;2025-11-08;1;1
50;2025-11-08;2;0
50;2025-11-08;3;3
50;2025-11-08;4;0
50;2025-11-08;5;13
50;2025-11-08;6;39
50;2025-11-08;7;88
50;2025-11-08;8;148
50;2025-11-08;9;158
50;2025-11-08;10;92
50;2025-11-08;11;65
50;2025-11-08;12;85
50;2025-11-08;13;57
50;2025-11-08;14;79
50;2025-11-08;15;92
50;2025-11-08;16;58
50;2025-11-08;17;67
50;2025-11-08;18;13
50;2025-11-08;19;8
50;2025-11-08;20;14
50;2025-11-08;21;6
50;2025-11-08;22;3
50;2025-11-08;23;5
50;2025-11-09;0;2
50;2025-11-09;1;0
50;2025-11-09;2;0
50;2025-11-09;3;0
50;2025-11-09;4;0
50;2025-11-09;5;0
50;2025-11-09;6;5
50;2025-11-09;7;3
50;2025-11-09;8;5
50;2025-11-09;9;1
50;2025-11-09;10;25
50;2025-11-09;11;101
50;2025-11-09;12;85
50;2025-11-09;13;93
50;2025-11-09;14;131
50;2025-11-09;15;101
50;2025-11-09;16;93
50;2025-11-09;17;93
50;2025-11-09;18;62
50;2025-11-09;19;74
50;2025-11-09;20;50
50;2025-11-09;21;30
50;2025-11-09;22;30
50;2025-11-09;23;12
50;2025-11-10;0;7
50;2025-11-10;1;1
50;2025-11-10;2;0
50;2025-11-10;3;0
50;2025-11-10;4;3
50;2025-11-10;5;55
50;2025-11-10;6;474
50;2025-11-10;7;1690
50;2025-11-10;8;2746
50;2025-11-10;9;2226
50;2025-11-10;10;1603
50;2025-11-10;11;1377
50;2025-11-10;12;1254
50;2025-11-10;13;1388
50;2025-11-10;14;1295
50;2025-11-10;15;1617
50;2025-11-10;16;1595
50;2025-11-10;17;2129
50;2025-11-10;18;2337
50;2025-11-10;19;1326
50;2025-11-10;20;844
50;2025-11-10;21;594
50;2025-11-10;22;248
50;2025-11-10;23;136
50;2025-11-11;0;19
50;2025-11-11;1;2
50;2025-11-11;2;0
50;2025-11-11;3;0
50;2025-11-11;4;2
50;2025-11-11;5;65
50;2025-11-11;6;511
50;2025-11-11;7;1787
50;2025-11-11;8;2870
50;2025-11-11;9;2159
50;2025-11-11;10;1636
50;2025-11-11;11;1525
50;2025-11-11;12;1346
50;2025-11-11;13;1458
50;2025-11-11;14;1330
50;2025-11-11;15;1637
50;2025-11-11;16;1599
50;2025-11-11;17;2314
50;2025-11-11;18;2257
50;2025-11-11;19;1364
50;2025-11-11;20;918
50;2025-11-11;21;622
50;2025-11-11;22;240
50;2025-11-11;23;136
50;2025-11-12;0;20
50;2025-11-12;1;3
50;2025-11-12;2;0
50;2025-11-12;3;0
50;2025-11-12;4;3
50;2025-11-12;5;82
50;2025-11-12;6;624
50;2025-11-12;7;1955
50;2025-11-12;8;3220
50;2025-11-12;9;2245
50;2025-11-12;10;1854
50;2025-11-12;11;1757
50;2025-11-12;12;1596
50;2025-11-12;13;1692
50;2025-11-12;14;1609
50;2025-11-12;15;2026
50;2025-11-12;16;1937
50;2025-11-12;17;2604
50;2025-11-12;18;2742
50;2025-11-12;19;1613
50;2025-11-12;20;1033
50;2025-11-12;21;636
50;2025-11-12;22;277
50;2025-11-12;23;175
50;2025-11-13;0;47
50;2025-11-13;1;2
50;2025-11-13;2;0
50;2025-11-13;3;0
50;2025-11-13;4;2
50;2025-11-13;5;60
50;2025-11-13;6;512
50;2025-11-13;7;1638
50;2025-11-13;8;2853
50;2025-11-13;9;2171
50;2025-11-13;10;1644
50;2025-11-13;11;1460
50;2025-11-13;12;1483
50;2025-11-13;13;1458
50;2025-11-13;14;1458
50;2025-11-13;15;1581
50;2025-11-13;16;1651
50;2025-11-13;17;2307
50;2025-11-13;18;2358
50;2025-11-13;19;1395
50;2025-11-13;20;921
50;2025-11-13;21;694
50;2025-11-13;22;252
50;2025-11-13;23;155
50;2025-11-14;0;42
50;2025-11-14;1;2
50;2025-11-14;2;0
50;2025-11-14;3;0
50;2025-11-14;4;4
50;2025-11-14;5;66
50;2025-11-14;6;512
50;2025-11-14;7;1779
50;2025-11-14;8;2774
50;2025-11-14;9;2010
50;2025-11-14;10;1477
50;2025-11-14;11;1498
50;2025-11-14;12;1467
50;2025-11-14;13;1494
50;2025-11-14;14;1484
50;2025-11-14;15;1671
50;2025-11-14;16;2187
50;2025-11-14;17;2154
50;2025-11-14;18;1688
50;2025-11-14;19;1284
50;2025-11-14;20;864
50;2025-11-14;21;576
50;2025-11-14;22;264
50;2025-11-14;23;164
50;2025-11-15;0;46
50;2025-11-15;1;7
50;2025-11-15;2;0
50;2025-11-15;3;0
50;2025-11-15;4;0
50;2025-11-15;5;4
50;2025-11-15;6;35
50;2025-11-15;7;67
50;2025-11-15;8;116
50;2025-11-15;9;126
50;2025-11-15;10;122
50;2025-11-15;11;136
50;2025-11-15;12;163
50;2025-11-15;13;192
50;2025-11-15;14;151
50;2025-11-15;15;170
50;2025-11-15;16;157
50;2025-11-15;17;180
50;2025-11-15;18;155
50;2025-11-15;19;139
50;2025-11-15;20;82
50;2025-11-15;21;86
50;2025-11-15;22;46
50;2025-11-15;23;25
50;2025-11-16;0;11
50;2025-11-16;1;1
50;2025-11-16;2;0
50;2025-11-16;3;0
50;2025-11-16;4;0
50;2025-11-16;5;5
50;2025-11-16;6;31
50;2025-11-16;7;49
50;2025-11-16;8;84
50;2025-11-16;9;106
50;2025-11-16;10;93
50;2025-11-16;11;110
50;2025-11-16;12;130
50;2025-11-16;13;123
50;2025-11-16;14;178
50;2025-11-16;15;154
50;2025-11-16;16;188
50;2025-11-16;17;182
50;2025-11-16;18;143
50;2025-11-16;19;132
50;2025-11-16;20;104
50;2025-11-16;21;75
50;2025-11-16;22;51
50;2025-11-16;23;20
50;2025-11-17;0;16
50;2025-11-17;1;5
50;2025-11-17;2;2
50;2025-11-17;3;0
50;2025-11-17;4;3
50;2025-11-17;5;74
50;2025-11-17;6;552
50;2025-11-17;7;1663
50;2025-11-17;8;2835
50;2025-11-17;9;2228
50;2025-11-17;10;1667
50;2025-11-17;11;1543
50;2025-11-17;12;1382
50;2025-11-17;13;1503
50;2025-11-17;14;1427
50;2025-11-17;15;1606
50;2025-11-17;16;1631
50;2025-11-17;17;2254
50;2025-11-17;18;2534
50;2025-11-17;19;1417
50;2025-11-17;20;924
50;2025-11-17;21;625
50;2025-11-17;22;221
50;2025-11-17;23;126
50;2025-11-18;0;36
50;2025-11-18;1;2
50;2025-11-18;2;0
50;2025-11-18;3;0
50;2025-11-18;4;4
50;2025-11-18;5;79
50;2025-11-18;6;583
50;2025-11-18;7;1831
50;2025-11-18;8;2808
50;2025-11-18;9;2314
50;2025-11-18;10;1812
50;2025-11-18;11;1515
50;2025-11-18;12;1441
50;2025-11-18;13;1537
50;2025-11-18;14;1529
50;2025-11-18;15;1715
50;2025-11-18;16;1766
50;2025-11-18;17;2537
50;2025-11-18;18;2713
50;2025-11-18;19;1594
50;2025-11-18;20;1001
50;2025-11-18;21;615
50;2025-11-18;22;281
50;2025-11-18;23;147
50;2025-11-19;0;28
50;2025-11-19;1;5
50;2025-11-19;2;0
50;2025-11-19;3;0
50;2025-11-19;4;3
50;2025-11-19;5;77
50;2025-11-19;6;506
50;2025-11-19;7;1697
50;2025-11-19;8;2708
50;2025-11-19;9;2198
50;2025-11-19;10;1705
50;2025-11-19;11;1565
50;2025-11-19;12;1568
50;2025-11-19;13;1436
50;2025-11-19;14;1429
50;2025-11-19;15;1427
50;2025-11-19;16;1657
50;2025-11-19;17;2340
50;2025-11-19;18;2331
50;2025-11-19;19;1512
50;2025-11-19;20;895
50;2025-11-19;21;674
50;2025-11-19;22;276
50;2025-11-19;23;127
50;2025-11-20;0;34
50;2025-11-20;1;2
50;2025-11-20;2;0
50;2025-11-20;3;0
50;2025-11-20;4;4
50;2025-11-20;5;85
50;2025-11-20;6;481
50;2025-11-20;7;1710
50;2025-11-20;8;2559
50;2025-11-20;9;2210
50;2025-11-20;10;1807
50;2025-11-20;11;1577
50;2025-11-20;12;1499
50;2025-11-20;13;1577
50;2025-11-20;14;1463
50;2025-11-20;15;1665
50;2025-11-20;16;1656
50;2025-11-20;17;2397
50;2025-11-20;18;2689
50;2025-11-20;19;1476
50;2025-11-20;20;1042
50;2025-11-20;21;676
50;2025-11-20;22;316
50;2025-11-20;23;166
50;2025-11-21;0;31
50;2025-11-21;1;1
50;2025-11-21;2;0
50;2025-11-21;3;0
50;2025-11-21;4;2
50;2025-11-21;5;70
50;2025-11-21;6;538
50;2025-11-21;7;1658
50;2025-11-21;8;2690
50;2025-11-21;9;2253
50;2025-11-21;10;1546
50;2025-11-21;11;1534
50;2025-11-21;12;1403
50;2025-11-21;13;1473
50;2025-11-21;14;1453
50;2025-11-21;15;1841
50;2025-11-21;16;2222
50;2025-11-21;17;2148
50;2025-11-21;18;1716
50;2025-11-21;19;1152
50;2025-11-21;20;836
50;2025-11-21;21;536
50;2025-11-21;22;298
50;2025-11-21;23;161
50;2025-11-22;0;47
50;2025-11-22;1;7
50;2025-11-22;2;0
50;2025-11-22;3;0
50;2025-11-22;4;0
50;2025-11-22;5;4
50;2025-11-22;6;35
50;2025-11-22;7;68
50;2025-11-22;8;116
50;2025-11-22;9;127
50;2025-11-22;10;122
50;2025-11-22;11;136
50;2025-11-22;12;163
50;2025-11-22;13;192
50;2025-11-22;14;151
50;2025-11-22;15;170
50;2025-11-22;16;157
50;2025-11-22;17;180
50;2025-11-22;18;155
50;2025-11-22;19;139
50;2025-11-22;20;82
50;2025-11-22;21;86
50;2025-11-22;22;46
50;2025-11-22;23;25
50;2025-11-23;0;11
50;2025-11-23;1;1
50;2025-11-23;2;0
50;2025-11-23;3;0
50;2025-11-23;4;0
50;2025-11-23;5;5
50;2025-11-23;6;31
50;2025-11-23;7;49
50;2025-11-23;8;84
50;2025-11-23;9;106
50;2025-11-23;10;93
50;2025-11-23;11;110
50;2025-11-23;12;130
50;2025-11-23;13;123
50;2025-11-23;14;178
50;2025-11-23;15;154
50;2025-11-23;16;188
50;2025-11-23;17;182
50;2025-11-23;18;143
50;2025-11-23;19;132
50;2025-11-23;20;104
50;2025-11-23;21;75
50;2025-11-23;22;51
50;2025-11-23;23;20
50;2025-11-24;0;7
50;2025-11-24;1;1
50;2025-11-24;2;0
50;2025-11-24;3;0
50;2025-11-24;4;3
50;2025-11-24;5;54
50;2025-11-24;6;474
50;2025-11-24;7;1690
50;2025-11-24;8;2746
50;2025-11-24;9;2225
50;2025-11-24;10;1602
50;2025-11-24;11;1375
50;2025-11-24;12;1252
50;2025-11-24;13;1388
50;2025-11-24;14;1295
50;2025-11-24;15;1615
50;2025-11-24;16;1594
50;2025-11-24;17;2129
50;2025-11-24;18;2337
50;2025-11-24;19;1325
50;2025-11-24;20;844
50;2025-11-24;21;594
50;2025-11-24;22;248
50;2025-11-24;23;136
50;2025-11-25;0;19
50;2025-11-25;1;2
50;2025-11-25;2;0
50;2025-11-25;3;0
50;2025-11-25;4;2
50;2025-11-25;5;65
50;2025-11-25;6;511
50;2025-11-25;7;1787
50;2025-11-25;8;2870
50;2025-11-25;9;2159
50;2025-11-25;10;1637
50;2025-11-25;11;1526
50;2025-11-25;12;1347
50;2025-11-25;13;1461
50;2025-11-25;14;1332
50;2025-11-25;15;1639
50;2025-11-25;16;1600
50;2025-11-25;17;2315
50;2025-11-25;18;2258
50;2025-11-25;19;1365
50;2025-11-25;20;918
50;2025-11-25;21;622
50;2025-11-25;22;240
50;2025-11-25;23;136
50;2025-11-26;0;20
50;2025-11-26;1;3
50;2025-11-26;2;0
50;2025-11-26;3;0
50;2025-11-26;4;3
50;2025-11-26;5;82
50;2025-11-26;6;624
50;2025-11-26;7;1955
50;2025-11-26;8;3220
50;2025-11-26;9;2245
50;2025-11-26;10;1855
50;2025-11-26;11;1759
50;2025-11-26;12;1597
50;2025-11-26;13;1693
50;2025-11-26;14;1610
50;2025-11-26;15;2027
50;2025-11-26;16;1938
50;2025-11-26;17;2605
50;2025-11-26;18;2743
50;2025-11-26;19;1614
50;2025-11-26;20;1033
50;2025-11-26;21;637
50;2025-11-26;22;277
50;2025-11-26;23;175
50;2025-11-27;0;47
50;2025-11-27;1;3
50;2025-11-27;2;0
50;2025-11-27;3;0
50;2025-11-27;4;2
50;2025-11-27;5;60
50;2025-11-27;6;512
50;2025-11-27;7;1638
50;2025-11-27;8;2853
50;2025-11-27;9;2171
50;2025-11-27;10;1644
50;2025-11-27;11;1461
50;2025-11-27;12;1484
50;2025-11-27;13;1460
50;2025-11-27;14;1460
50;2025-11-27;15;1583
50;2025-11-27;16;1653
50;2025-11-27;17;2308
50;2025-11-27;18;2360
50;2025-11-27;19;1396
50;2025-11-27;20;922
50;2025-11-27;21;694
50;2025-11-27;22;251
50;2025-11-27;23;154
50;2025-11-28;0;41
50;2025-11-28;1;1
50;2025-11-28;2;0
50;2025-11-28;3;0
50;2025-11-28;4;4
50;2025-11-28;5;66
50;2025-11-28;6;511
50;2025-11-28;7;1779
50;2025-11-28;8;2774
50;2025-11-28;9;2014
50;2025-11-28;10;1479
50;2025-11-28;11;1500
50;2025-11-28;12;1470
50;2025-11-28;13;1497
50;2025-11-28;14;1486
50;2025-11-28;15;1674
50;2025-11-28;16;2190
50;2025-11-28;17;2157
50;2025-11-28;18;1692
50;2025-11-28;19;1287
50;2025-11-28;20;867
50;2025-11-28;21;578
50;2025-11-28;22;265
50;2025-11-28;23;165
50;2025-11-29;0;41
50;2025-11-29;1;1
50;2025-11-29;2;0
50;2025-11-29;3;3
50;2025-11-29;4;0
50;2025-11-29;5;13
50;2025-11-29;6;40
50;2025-11-29;7;89
50;2025-11-29;8;150
50;2025-11-29;9;160
50;2025-11-29;10;94
50;2025-11-29;11;67
50;2025-11-29;12;87
50;2025-11-29;13;59
50;2025-11-29;14;81
50;2025-11-29;15;94
50;2025-11-29;16;59
50;2025-11-29;17;69
50;2025-11-29;18;15
50;2025-11-29;19;10
50;2025-11-29;20;15
50;2025-11-29;21;7
50;2025-11-29;22;4
50;2025-11-29;23;6
50;2025-11-30;0;2
50;2025-11-30;1;0
50;2025-11-30;2;0
50;2025-11-30;3;0
50;2025-11-30;4;0
50;2025-11-30;5;0
50;2025-11-30;6;6
50;2025-11-30;7;3
50;2025-11-30;8;5
50;2025-11-30;9;2
50;2025-11-30;10;26
50;2025-11-30;11;102
50;2025-11-30;12;86
50;2025-11-30;13;95
50;2025-11-30;14;132
50;2025-11-30;15;102
50;2025-11-30;16;94
50;2025-11-30;17;94
50;2025-11-30;18;63
50;2025-11-30;19;75
50;2025-11-30;20;50
50;2025-11-30;21;30
50;2025-11-30;22;30
50;2025-11-30;23;12
50;2025-12-01;0;7
50;2025-12-01;1;1
50;2025-12-01;2;0
50;2025-12-01;3;0
50;2025-12-01;4;3
50;2025-12-01;5;55
50;2025-12-01;6;474
50;2025-12-01;7;1690
50;2025-12-01;8;2746
50;2025-12-01;9;2226
50;2025-12-01;10;1603
50;2025-12-01;11;1377
50;2025-12-01;12;1255
50;2025-12-01;13;1389
50;2025-12-01;14;1296
50;2025-12-01;15;1618
50;2025-12-01;16;1595
50;2025-12-01;17;2129
50;2025-12-01;18;2337
50;2025-12-01;19;1326
50;2025-12-01;20;844
50;2025-12-01;21;594
50;2025-12-01;22;248
50;2025-12-01;23;136
50;2025-12-02;0;19
50;2025-12-02;1;2
50;2025-12-02;2;0
50;2025-12-02;3;0
50;2025-12-02;4;2
50;2025-12-02;5;65
50;2025-12-02;6;511
50;2025-12-02;7;1787
50;2025-12-02;8;2870
50;2025-12-02;9;2159
50;2025-12-02;10;1637
50;2025-12-02;11;1526
50;2025-12-02;12;1347
50;2025-12-02;13;1461
50;2025-12-02;14;1332
50;2025-12-02;15;1639
50;2025-12-02;16;1600
50;2025-12-02;17;2315
50;2025-12-02;18;2258
50;2025-12-02;19;1365
50;2025-12-02;20;918
50;2025-12-02;21;622
50;2025-12-02;22;240
50;2025-12-02;23;136
50;2025-12-03;0;20
50;2025-12-03;1;3
50;2025-12-03;2;0
50;2025-12-03;3;0
50;2025-12-03;4;3
50;2025-12-03;5;82
50;2025-12-03;6;624
50;2025-12-03;7;1955
50;2025-12-03;8;3220
50;2025-12-03;9;2245
50;2025-12-03;10;1855
50;2025-12-03;11;1759
50;2025-12-03;12;1597
50;2025-12-03;13;1693
50;2025-12-03;14;1610
50;2025-12-03;15;2027
50;2025-12-03;16;1938
50;2025-12-03;17;2605
50;2025-12-03;18;2744
50;2025-12-03;19;1614
50;2025-12-03;20;1034
50;2025-12-03;21;637
50;2025-12-03;22;277
50;2025-12-03;23;175
50;2025-12-04;0;47
50;2025-12-04;1;3
50;2025-12-04;2;0
50;2025-12-04;3;0
50;2025-12-04;4;2
50;2025-12-04;5;60
50;2025-12-04;6;513
50;2025-12-04;7;1639
50;2025-12-04;8;2855
50;2025-12-04;9;2172
50;2025-12-04;10;1646
50;2025-12-04;11;1463
50;2025-12-04;12;1485
50;2025-12-04;13;1461
50;2025-12-04;14;1461
50;2025-12-04;15;1583
50;2025-12-04;16;1654
50;2025-12-04;17;2310
50;2025-12-04;18;2361
50;2025-12-04;19;1398
50;2025-12-04;20;923
50;2025-12-04;21;696
50;2025-12-04;22;252
50;2025-12-04;23;155
50;2025-12-05;0;42
50;2025-12-05;1;2
50;2025-12-05;2;0
50;2025-12-05;3;0
50;2025-12-05;4;4
50;2025-12-05;5;66
50;2025-12-05;6;513
50;2025-12-05;7;1780
50;2025-12-05;8;2775
50;2025-12-05;9;2014
50;2025-12-05;10;1480
50;2025-12-05;11;1500
50;2025-12-05;12;1470
50;2025-12-05;13;1497
50;2025-12-05;14;1486
50;2025-12-05;15;1674
50;2025-12-05;16;2190
50;2025-12-05;17;2157
50;2025-12-05;18;1692
50;2025-12-05;19;1287
50;2025-12-05;20;867
50;2025-12-05;21;578
50;2025-12-05;22;265
50;2025-12-05;23;165
50;2025-12-06;0;41
50;2025-12-06;1;1
50;2025-12-06;2;0
50;2025-12-06;3;3
50;2025-12-06;4;0
50;2025-12-06;5;13
50;2025-12-06;6;40
50;2025-12-06;7;89
50;2025-12-06;8;150
50;2025-12-06;9;160
50;2025-12-06;10;94
50;2025-12-06;11;67
50;2025-12-06;12;87
50;2025-12-06;13;58
50;2025-12-06;14;81
50;2025-12-06;15;94
50;2025-12-06;16;59
50;2025-12-06;17;69
50;2025-12-06;18;15
50;2025-12-06;19;10
50;2025-12-06;20;15
50;2025-12-06;21;7
50;2025-12-06;22;4
50;2025-12-06;23;6
50;2025-12-07;0;2
50;2025-12-07;1;0
50;2025-12-07;2;0
50;2025-12-07;3;0
50;2025-12-07;4;0
50;2025-12-07;5;0
50;2025-12-07;6;6
50;2025-12-07;7;3
50;2025-12-07;8;5
50;2025-12-07;9;2
50;2025-12-07;10;26
50;2025-12-07;11;102
50;2025-12-07;12;86
50;2025-12-07;13;95
50;2025-12-07;14;132
50;2025-12-07;15;102
50;2025-12-07;16;94
50;2025-12-07;17;94
50;2025-12-07;18;63
50;2025-12-07;19;75
50;2025-12-07;20;50
50;2025-12-07;21;30
50;2025-12-07;22;30
50;2025-12-07;23;12
50;2025-12-08;0;7
50;2025-12-08;1;1
50;2025-12-08;2;0
50;2025-12-08;3;0
50;2025-12-08;4;3
50;2025-12-08;5;55
50;2025-12-08;6;474
50;2025-12-08;7;1690
50;2025-12-08;8;2746
50;2025-12-08;9;2226
50;2025-12-08;10;1603
50;2025-12-08;11;1377
50;2025-12-08;12;1255
50;2025-12-08;13;1389
50;2025-12-08;14;1296
50;2025-12-08;15;1618
50;2025-12-08;16;1595
50;2025-12-08;17;2129
50;2025-12-08;18;2337
50;2025-12-08;19;1326
50;2025-12-08;20;844
50;2025-12-08;21;594
50;2025-12-08;22;248
50;2025-12-08;23;136
50;2025-12-09;0;19
50;2025-12-09;1;2
50;2025-12-09;2;0
50;2025-12-09;3;0
50;2025-12-09;4;2
50;2025-12-09;5;65
50;2025-12-09;6;511
50;2025-12-09;7;1787
50;2025-12-09;8;2870
50;2025-12-09;9;2159
50;2025-12-09;10;1637
50;2025-12-09;11;1526
50;2025-12-09;12;1347
50;2025-12-09;13;1460
50;2025-12-09;14;1332
50;2025-12-09;15;1639
50;2025-12-09;16;1600
50;2025-12-09;17;2315
50;2025-12-09;18;2258
50;2025-12-09;19;1365
50;2025-12-09;20;918
50;2025-12-09;21;622
50;2025-12-09;22;240
50;2025-12-09;23;136
50;2025-12-10;0;20
50;2025-12-10;1;3
50;2025-12-10;2;0
50;2025-12-10;3;0
50;2025-12-10;4;3
50;2025-12-10;5;82
50;2025-12-10;6;624
50;2025-12-10;7;1955
50;2025-12-10;8;3220
50;2025-12-10;9;2245
50;2025-12-10;10;1855
50;2025-12-10;11;1759
50;2025-12-10;12;1597
50;2025-12-10;13;1693
50;2025-12-10;14;1610
50;2025-12-10;15;2027
50;2025-12-10;16;1938
50;2025-12-10;17;2605
50;2025-12-10;18;2744
50;2025-12-10;19;1614
50;2025-12-10;20;1034
50;2025-12-10;21;637
50;2025-12-10;22;277
50;2025-12-10;23;175
50;2025-12-11;0;47
50;2025-12-11;1;3
50;2025-12-11;2;0
50;2025-12-11;3;0
50;2025-12-11;4;2
50;2025-12-11;5;60
50;2025-12-11;6;513
50;2025-12-11;7;1639
50;2025-12-11;8;2854
50;2025-12-11;9;2172
50;2025-12-11;10;1645
50;2025-12-11;11;1462
50;2025-12-11;12;1485
50;2025-12-11;13;1460
50;2025-12-11;14;1461
50;2025-12-11;15;1583
50;2025-12-11;16;1654
50;2025-12-11;17;2310
50;2025-12-11;18;2361
50;2025-12-11;19;1397
50;2025-12-11;20;923
50;2025-12-11;21;696
50;2025-12-11;22;252
50;2025-12-11;23;155
50;2025-12-12;0;42
50;2025-12-12;1;2
50;2025-12-12;2;0
50;2025-12-12;3;0
50;2025-12-12;4;4
50;2025-12-12;5;66
50;2025-12-12;6;513
50;2025-12-12;7;1779
50;2025-12-12;8;2774
50;2025-12-12;9;2012
50;2025-12-12;10;1478
50;2025-12-12;11;1499
50;2025-12-12;12;1469
50;2025-12-12;13;1496
50;2025-12-12;14;1486
50;2025-12-12;15;1674
50;2025-12-12;16;2190
50;2025-12-12;17;2157
50;2025-12-12;18;1691
50;2025-12-12;19;1286
50;2025-12-12;20;866
50;2025-12-12;21;578
50;2025-12-12;22;265
50;2025-12-12;23;165
50;2025-12-13;0;41
50;2025-12-13;1;1
50;2025-12-13;2;0
50;2025-12-13;3;3
50;2025-12-13;4;0
50;2025-12-13;5;13
50;2025-12-13;6;40
50;2025-12-13;7;89
50;2025-12-13;8;150
50;2025-12-13;9;160
50;2025-12-13;10;93
50;2025-12-13;11;66
50;2025-12-13;12;87
50;2025-12-13;13;59
50;2025-12-13;14;81
50;2025-12-13;15;94
50;2025-12-13;16;59
50;2025-12-13;17;68
50;2025-12-13;18;14
50;2025-12-13;19;10
50;2025-12-13;20;15
50;2025-12-13;21;7
50;2025-12-13;22;4
50;2025-12-13;23;6
50;2025-12-14;0;2
50;2025-12-14;1;0
50;2025-12-14;2;0
50;2025-12-14;3;0
50;2025-12-14;4;0
50;2025-12-14;5;0
50;2025-12-14;6;6
50;2025-12-14;7;3
50;2025-12-14;8;5
50;2025-12-14;9;2
50;2025-12-14;10;26
50;2025-12-14;11;102
50;2025-12-14;12;86
50;2025-12-14;13;94
50;2025-12-14;14;132
50;2025-12-14;15;102
50;2025-12-14;16;94
50;2025-12-14;17;94
50;2025-12-14;18;63
50;2025-12-14;19;75
50;2025-12-14;20;50
50;2025-12-14;21;30
50;2025-12-14;22;30
50;2025-12-14;23;12
50;2025-12-15;0;7
50;2025-12-15;1;1
50;2025-12-15;2;0
50;2025-12-15;3;0
50;2025-12-15;4;3
50;2025-12-15;5;55
50;2025-12-15;6;474
50;2025-12-15;7;1690
50;2025-12-15;8;2746
50;2025-12-15;9;2226
50;2025-12-15;10;1603
50;2025-12-15;11;1378
50;2025-12-15;12;1255
50;2025-12-15;13;1389
50;2025-12-15;14;1296
50;2025-12-15;15;1618
50;2025-12-15;16;1595
50;2025-12-15;17;2129
50;2025-12-15;18;2337
50;2025-12-15;19;1326
50;2025-12-15;20;845
50;2025-12-15;21;594
50;2025-12-15;22;248
50;2025-12-15;23;136
50;2025-12-16;0;19
50;2025-12-16;1;2
50;2025-12-16;2;0
50;2025-12-16;3;0
50;2025-12-16;4;2
50;2025-12-16;5;65
50;2025-12-16;6;511
50;2025-12-16;7;1787
50;2025-12-16;8;2870
50;2025-12-16;9;2159
50;2025-12-16;10;1637
50;2025-12-16;11;1526
50;2025-12-16;12;1347
50;2025-12-16;13;1461
50;2025-12-16;14;1332
50;2025-12-16;15;1639
50;2025-12-16;16;1600
50;2025-12-16;17;2315
50;2025-12-16;18;2258
50;2025-12-16;19;1365
50;2025-12-16;20;918
50;2025-12-16;21;623
50;2025-12-16;22;240
50;2025-12-16;23;136
50;2025-12-17;0;20
50;2025-12-17;1;3
50;2025-12-17;2;0
50;2025-12-17;3;0
50;2025-12-17;4;3
50;2025-12-17;5;82
50;2025-12-17;6;624
50;2025-12-17;7;1955
50;2025-12-17;8;3220
50;2025-12-17;9;2245
50;2025-12-17;10;1855
50;2025-12-17;11;1759
50;2025-12-17;12;1597
50;2025-12-17;13;1693
50;2025-12-17;14;1610
50;2025-12-17;15;2027
50;2025-12-17;16;1938
50;2025-12-17;17;2605
50;2025-12-17;18;2743
50;2025-12-17;19;1615
50;2025-12-17;20;1034
50;2025-12-17;21;637
50;2025-12-17;22;277
50;2025-12-17;23;175
50;2025-12-18;0;47
50;2025-12-18;1;3
50;2025-12-18;2;0
50;2025-12-18;3;0
50;2025-12-18;4;2
50;2025-12-18;5;60
50;2025-12-18;6;513
50;2025-12-18;7;1639
50;2025-12-18;8;2855
50;2025-12-18;9;2172
50;2025-12-18;10;1646
50;2025-12-18;11;1463
50;2025-12-18;12;1485
50;2025-12-18;13;1461
50;2025-12-18;14;1461
50;2025-12-18;15;1584
50;2025-12-18;16;1654
50;2025-12-18;17;2310
50;2025-12-18;18;2361
50;2025-12-18;19;1398
50;2025-12-18;20;923
50;2025-12-18;21;696
50;2025-12-18;22;252
50;2025-12-18;23;155
50;2025-12-19;0;42
50;2025-12-19;1;2
50;2025-12-19;2;0
50;2025-12-19;3;0
50;2025-12-19;4;4
50;2025-12-19;5;66
50;2025-12-19;6;513
50;2025-12-19;7;1780
50;2025-12-19;8;2775
50;2025-12-19;9;2014
50;2025-12-19;10;1480
50;2025-12-19;11;1500
50;2025-12-19;12;1470
50;2025-12-19;13;1497
50;2025-12-19;14;1486
50;2025-12-19;15;1675
50;2025-12-19;16;2190
50;2025-12-19;17;2157
50;2025-12-19;18;1692
50;2025-12-19;19;1287
50;2025-12-19;20;867
50;2025-12-19;21;578
50;2025-12-19;22;265
50;2025-12-19;23;165
50;2025-12-20;0;41
50;2025-12-20;1;1
50;2025-12-20;2;0
50;2025-12-20;3;3
50;2025-12-20;4;0
50;2025-12-20;5;13
50;2025-12-20;6;40
50;2025-12-20;7;89
50;2025-12-20;8;150
50;2025-12-20;9;160
50;2025-12-20;10;94
50;2025-12-20;11;67
50;2025-12-20;12;87
50;2025-12-20;13;59
50;2025-12-20;14;81
50;2025-12-20;15;94
50;2025-12-20;16;59
50;2025-12-20;17;69
50;2025-12-20;18;14
50;2025-12-20;19;10
50;2025-12-20;20;15
50;2025-12-20;21;7
50;2025-12-20;22;4
50;2025-12-20;23;6
50;2025-12-21;0;2
50;2025-12-21;1;0
50;2025-12-21;2;0
50;2025-12-21;3;0
50;2025-12-21;4;0
50;2025-12-21;5;0
50;2025-12-21;6;6
50;2025-12-21;7;3
50;2025-12-21;8;5
50;2025-12-21;9;2
50;2025-12-21;10;26
50;2025-12-21;11;102
50;2025-12-21;12;86
50;2025-12-21;13;95
50;2025-12-21;14;132
50;2025-12-21;15;102
50;2025-12-21;16;94
50;2025-12-21;17;94
50;2025-12-21;18;63
50;2025-12-21;19;75
50;2025-12-21;20;50
50;2025-12-21;21;30
50;2025-12-21;22;30
50;2025-12-21;23;12
50;2025-12-22;0;7
50;2025-12-22;1;1
50;2025-12-22;2;0
50;2025-12-22;3;0
50;2025-12-22;4;3
50;2025-12-22;5;55
50;2025-12-22;6;474
50;2025-12-22;7;1690
50;2025-12-22;8;2746
50;2025-12-22;9;2226
50;2025-12-22;10;1602
50;2025-12-22;11;1377
50;2025-12-22;12;1255
50;2025-12-22;13;1389
50;2025-12-22;14;1296
50;2025-12-22;15;1618
50;2025-12-22;16;1595
50;2025-12-22;17;2129
50;2025-12-22;18;2337
50;2025-12-22;19;1325
50;2025-12-22;20;844
50;2025-12-22;21;594
50;2025-12-22;22;248
50;2025-12-22;23;136
50;2025-12-23;0;19
50;2025-12-23;1;2
50;2025-12-23;2;0
50;2025-12-23;3;0
50;2025-12-23;4;2
50;2025-12-23;5;65
50;2025-12-23;6;511
50;2025-12-23;7;1787
50;2025-12-23;8;2870
50;2025-12-23;9;2159
50;2025-12-23;10;1637
50;2025-12-23;11;1526
50;2025-12-23;12;1347
50;2025-12-23;13;1461
50;2025-12-23;14;1332
50;2025-12-23;15;1639
50;2025-12-23;16;1600
50;2025-12-23;17;2315
50;2025-12-23;18;2258
50;2025-12-23;19;1365
50;2025-12-23;20;918
50;2025-12-23;21;623
50;2025-12-23;22;240
50;2025-12-23;23;136
50;2025-12-24;0;20
50;2025-12-24;1;3
50;2025-12-24;2;0
50;2025-12-24;3;0
50;2025-12-24;4;3
50;2025-12-24;5;82
50;2025-12-24;6;624
50;2025-12-24;7;1955
50;2025-12-24;8;3220
50;2025-12-24;9;2245
50;2025-12-24;10;1855
50;2025-12-24;11;1759
50;2025-12-24;12;1597
50;2025-12-24;13;1693
50;2025-12-24;14;1610
50;2025-12-24;15;2027
50;2025-12-24;16;1938
50;2025-12-24;17;2605
50;2025-12-24;18;2743
50;2025-12-24;19;1615
50;2025-12-24;20;1034
50;2025-12-24;21;637
50;2025-12-24;22;277
50;2025-12-24;23;175
50;2025-12-25;0;47
50;2025-12-25;1;3
50;2025-12-25;2;0
50;2025-12-25;3;0
50;2025-12-25;4;2
50;2025-12-25;5;60
50;2025-12-25;6;513
50;2025-12-25;7;1639
50;2025-12-25;8;2855
50;2025-12-25;9;2172
50;2025-12-25;10;1646
50;2025-12-25;11;1463
50;2025-12-25;12;1485
50;2025-12-25;13;1461
50;2025-12-25;14;1461
50;2025-12-25;15;1584
50;2025-12-25;16;1654
50;2025-12-25;17;2310
50;2025-12-25;18;2361
50;2025-12-25;19;1397
50;2025-12-25;20;923
50;2025-12-25;21;696
50;2025-12-25;22;252
50;2025-12-25;23;155
50;2025-12-26;0;42
50;2025-12-26;1;2
50;2025-12-26;2;0
50;2025-12-26;3;0
50;2025-12-26;4;4
50;2025-12-26;5;66
50;2025-12-26;6;513
50;2025-12-26;7;1780
50;2025-12-26;8;2775
50;2025-12-26;9;2014
50;2025-12-26;10;1480
50;2025-12-26;11;1500
50;2025-12-26;12;1469
50;2025-12-26;13;1497
50;2025-12-26;14;1486
50;2025-12-26;15;1674
50;2025-12-26;16;2190
50;2025-12-26;17;2157
50;2025-12-26;18;1691
50;2025-12-26;19;1287
50;2025-12-26;20;866
50;2025-12-26;21;578
50;2025-12-26;22;265
50;2025-12-26;23;165
50;2025-12-27;0;41
50;2025-12-27;1;1
50;2025-12-27;2;0
50;2025-12-27;3;3
50;2025-12-27;4;0
50;2025-12-27;5;13
50;2025-12-27;6;40
50;2025-12-27;7;89
50;2025-12-27;8;150
50;2025-12-27;9;160
50;2025-12-27;10;94
50;2025-12-27;11;67
50;2025-12-27;12;87
50;2025-12-27;13;59
50;2025-12-27;14;81
50;2025-12-27;15;94
50;2025-12-27;16;59
50;2025-12-27;17;69
50;2025-12-27;18;14
50;2025-12-27;19;10
50;2025-12-27;20;15
50;2025-12-27;21;7
50;2025-12-27;22;4
50;2025-12-27;23;6
50;2025-12-28;0;2
50;2025-12-28;1;0
50;2025-12-28;2;0
50;2025-12-28;3;0
50;2025-12-28;4;0
50;2025-12-28;5;0
50;2025-12-28;6;6
50;2025-12-28;7;3
50;2025-12-28;8;5
50;2025-12-28;9;2
50;2025-12-28;10;26
50;2025-12-28;11;102
50;2025-12-28;12;86
50;2025-12-28;13;95
50;2025-12-28;14;132
50;2025-12-28;15;102
50;2025-12-28;16;94
50;2025-12-28;17;94
50;2025-12-28;18;63
50;2025-12-28;19;75
50;2025-12-28;20;50
50;2025-12-28;21;30
50;2025-12-28;22;30
50;2025-12-28;23;12
50;2025-12-29;0;7
50;2025-12-29;1;1
50;2025-12-29;2;0
50;2025-12-29;3;0
50;2025-12-29;4;3
50;2025-12-29;5;55
50;2025-12-29;6;474
50;2025-12-29;7;1690
50;2025-12-29;8;2746
50;2025-12-29;9;2226
50;2025-12-29;10;1603
50;2025-12-29;11;1378
50;2025-12-29;12;1255
50;2025-12-29;13;1389
50;2025-12-29;14;1296
50;2025-12-29;15;1618
50;2025-12-29;16;1596
50;2025-12-29;17;2129
50;2025-12-29;18;2337
50;2025-12-29;19;1326
50;2025-12-29;20;845
50;2025-12-29;21;594
50;2025-12-29;22;248
50;2025-12-29;23;136
50;2025-12-30;0;19
50;2025-12-30;1;2
50;2025-12-30;2;0
50;2025-12-30;3;0
50;2025-12-30;4;2
50;2025-12-30;5;65
50;2025-12-30;6;511
50;2025-12-30;7;1788
50;2025-12-30;8;2870
50;2025-12-30;9;2159
50;2025-12-30;10;1637
50;2025-12-30;11;1526
50;2025-12-30;12;1347
50;2025-12-30;13;1461
50;2025-12-30;14;1332
50;2025-12-30;15;1639
50;2025-12-30;16;1600
50;2025-12-30;17;2315
50;2025-12-30;18;2258
50;2025-12-30;19;1365
50;2025-12-30;20;918
50;2025-12-30;21;623
50;2025-12-30;22;240
50;2025-12-30;23;136
50;2025-12-31;0;43
50;2025-12-31;1;3
50;2025-12-31;2;0
50;2025-12-31;3;0
50;2025-12-31;4;1
50;2025-12-31;5;31
50;2025-12-31;6;157
50;2025-12-31;7;286
50;2025-12-31;8;438
50;2025-12-31;9;471
50;2025-12-31;10;506
50;2025-12-31;11;614
50;2025-12-31;12;618
50;2025-12-31;13;737
50;2025-12-31;14;682
50;2025-12-31;15;592
50;2025-12-31;16;597
50;2025-12-31;17;613
50;2025-12-31;18;616
50;2025-12-31;19;628
50;2025-12-31;20;451
50;2025-12-31;21;377
50;2025-12-31;22;224
50;2025-12-31;23;145
