route;date;hour;prediction
1;2025-11-01;0;4
1;2025-11-01;1;0
1;2025-11-01;2;0
1;2025-11-01;3;0
1;2025-11-01;4;1
1;2025-11-01;5;33
1;2025-11-01;6;155
1;2025-11-01;7;368
1;2025-11-01;8;509
1;2025-11-01;9;772
1;2025-11-01;10;939
1;2025-11-01;11;933
1;2025-11-01;12;1121
1;2025-11-01;13;1164
1;2025-11-01;14;1089
1;2025-11-01;15;951
1;2025-11-01;16;801
1;2025-11-01;17;752
1;2025-11-01;18;663
1;2025-11-01;19;584
1;2025-11-01;20;439
1;2025-11-01;21;298
1;2025-11-01;22;115
1;2025-11-01;23;23
1;2025-11-02;0;0
1;2025-11-02;1;0
1;2025-11-02;2;0
1;2025-11-02;3;0
1;2025-11-02;4;0
1;2025-11-02;5;22
1;2025-11-02;6;114
1;2025-11-02;7;260
1;2025-11-02;8;352
1;2025-11-02;9;606
1;2025-11-02;10;681
1;2025-11-02;11;737
1;2025-11-02;12;836
1;2025-11-02;13;865
1;2025-11-02;14;821
1;2025-11-02;15;727
1;2025-11-02;16;662
1;2025-11-02;17;592
1;2025-11-02;18;502
1;2025-11-02;19;439
1;2025-11-02;20;330
1;2025-11-02;21;273
1;2025-11-02;22;99
1;2025-11-02;23;28
1;2025-11-03;0;2
1;2025-11-03;1;0
1;2025-11-03;2;0
1;2025-11-03;3;0
1;2025-11-03;4;1
1;2025-11-03;5;31
1;2025-11-03;6;161
1;2025-11-03;7;290
1;2025-11-03;8;392
1;2025-11-03;9;592
1;2025-11-03;10;620
1;2025-11-03;11;578
1;2025-11-03;12;750
1;2025-11-03;13;724
1;2025-11-03;14;690
1;2025-11-03;15;574
1;2025-11-03;16;546
1;2025-11-03;17;540
1;2025-11-03;18;554
1;2025-11-03;19;452
1;2025-11-03;20;366
1;2025-11-03;21;286
1;2025-11-03;22;126
1;2025-11-03;23;44
1;2025-11-04;0;2
1;2025-11-04;1;0
1;2025-11-04;2;0
1;2025-11-04;3;0
1;2025-11-04;4;1
1;2025-11-04;5;31
1;2025-11-04;6;161
1;2025-11-04;7;290
1;2025-11-04;8;392
1;2025-11-04;9;592
1;2025-11-04;10;620
1;2025-11-04;11;578
1;2025-11-04;12;750
1;2025-11-04;13;724
1;2025-11-04;14;690
1;2025-11-04;15;574
1;2025-11-04;16;546
1;2025-11-04;17;540
1;2025-11-04;18;554
1;2025-11-04;19;452
1;2025-11-04;20;366
1;2025-11-04;21;286
1;2025-11-04;22;126
1;2025-11-04;23;44
1;2025-11-05;0;3
1;2025-11-05;1;0
1;2025-11-05;2;0
1;2025-11-05;3;0
1;2025-11-05;4;8
1;2025-11-05;5;133
1;2025-11-05;6;556
1;2025-11-05;7;1409
1;2025-11-05;8;1982
1;2025-11-05;9;1464
1;2025-11-05;10;1379
1;2025-11-05;11;1340
1;2025-11-05;12;1415
1;2025-11-05;13;1524
1;2025-11-05;14;1398
1;2025-11-05;15;1551
1;2025-11-05;16;1518
1;2025-11-05;17;1793
1;2025-11-05;18;1786
1;2025-11-05;19;1338
1;2025-11-05;20;887
1;2025-11-05;21;490
1;2025-11-05;22;210
1;2025-11-05;23;31
1;2025-11-06;0;6
1;2025-11-06;1;0
1;2025-11-06;2;0
1;2025-11-06;3;0
1;2025-11-06;4;10
1;2025-11-06;5;112
1;2025-11-06;6;463
1;2025-11-06;7;1468
1;2025-11-06;8;1936
1;2025-11-06;9;1469
1;2025-11-06;10;1380
1;2025-11-06;11;1371
1;2025-11-06;12;1429
1;2025-11-06;13;1463
1;2025-11-06;14;1384
1;2025-11-06;15;1526
1;2025-11-06;16;1536
1;2025-11-06;17;1760
1;2025-11-06;18;1819
1;2025-11-06;19;1284
1;2025-11-06;20;902
1;2025-11-06;21;451
1;2025-11-06;22;169
1;2025-11-06;23;36
1;2025-11-07;0;4
1;2025-11-07;1;0
1;2025-11-07;2;0
1;2025-11-07;3;0
1;2025-11-07;4;7
1;2025-11-07;5;135
1;2025-11-07;6;478
1;2025-11-07;7;1505
1;2025-11-07;8;1823
1;2025-11-07;9;1452
1;2025-11-07;10;1276
1;2025-11-07;11;1359
1;2025-11-07;12;1365
1;2025-11-07;13;1385
1;2025-11-07;14;1285
1;2025-11-07;15;1447
1;2025-11-07;16;1587
1;2025-11-07;17;1846
1;2025-11-07;18;1484
1;2025-11-07;19;1255
1;2025-11-07;20;799
1;2025-11-07;21;488
1;2025-11-07;22;181
1;2025-11-07;23;42
1;2025-11-08;0;4
1;2025-11-08;1;0
1;2025-11-08;2;0
1;2025-11-08;3;0
1;2025-11-08;4;1
1;2025-11-08;5;33
1;2025-11-08;6;155
1;2025-11-08;7;368
1;2025-11-08;8;509
1;2025-11-08;9;772
1;2025-11-08;10;939
1;2025-11-08;11;933
1;2025-11-08;12;1121
1;2025-11-08;13;1164
1;2025-11-08;14;1089
1;2025-11-08;15;951
1;2025-11-08;16;801
1;2025-11-08;17;752
1;2025-11-08;18;663
1;2025-11-08;19;584
1;2025-11-08;20;439
1;2025-11-08;21;298
1;2025-11-08;22;115
1;2025-11-08;23;23
1;2025-11-09;0;0
1;2025-11-09;1;0
1;2025-11-09;2;0
1;2025-11-09;3;0
1;2025-11-09;4;0
1;2025-11-09;5;22
1;2025-11-09;6;114
1;2025-11-09;7;260
1;2025-11-09;8;352
1;2025-11-09;9;606
1;2025-11-09;10;681
1;2025-11-09;11;737
1;2025-11-09;12;836
1;2025-11-09;13;865
1;2025-11-09;14;821
1;2025-11-09;15;727
1;2025-11-09;16;662
1;2025-11-09;17;592
1;2025-11-09;18;502
1;2025-11-09;19;439
1;2025-11-09;20;330
1;2025-11-09;21;273
1;2025-11-09;22;99
1;2025-11-09;23;28
1;2025-11-10;0;0
1;2025-11-10;1;0
1;2025-11-10;2;0
1;2025-11-10;3;0
1;2025-11-10;4;10
1;2025-11-10;5;138
1;2025-11-10;6;486
1;2025-11-10;7;1409
1;2025-11-10;8;1937
1;2025-11-10;9;1476
1;2025-11-10;10;1271
1;2025-11-10;11;1278
1;2025-11-10;12;1406
1;2025-11-10;13;1457
1;2025-11-10;14;1479
1;2025-11-10;15;1559
1;2025-11-10;16;1635
1;2025-11-10;17;1870
1;2025-11-10;18;2017
1;2025-11-10;19;1444
1;2025-11-10;20;909
1;2025-11-10;21;441
1;2025-11-10;22;161
1;2025-11-10;23;45
1;2025-11-11;0;7
1;2025-11-11;1;0
1;2025-11-11;2;0
1;2025-11-11;3;0
1;2025-11-11;4;12
1;2025-11-11;5;104
1;2025-11-11;6;506
1;2025-11-11;7;1566
1;2025-11-11;8;1963
1;2025-11-11;9;1520
1;2025-11-11;10;1376
1;2025-11-11;11;1346
1;2025-11-11;12;1380
1;2025-11-11;13;1436
1;2025-11-11;14;1280
1;2025-11-11;15;1380
1;2025-11-11;16;1488
1;2025-11-11;17;1799
1;2025-11-11;18;1817
1;2025-11-11;19;1431
1;2025-11-11;20;869
1;2025-11-11;21;484
1;2025-11-11;22;173
1;2025-11-11;23;39
1;2025-11-12;0;3
1;2025-11-12;1;0
1;2025-11-12;2;0
1;2025-11-12;3;0
1;2025-11-12;4;8
1;2025-11-12;5;133
1;2025-11-12;6;556
1;2025-11-12;7;1409
1;2025-11-12;8;1982
1;2025-11-12;9;1464
1;2025-11-12;10;1379
1;2025-11-12;11;1340
1;2025-11-12;12;1415
1;2025-11-12;13;1524
1;2025-11-12;14;1398
1;2025-11-12;15;1551
1;2025-11-12;16;1518
1;2025-11-12;17;1793
1;2025-11-12;18;1786
1;2025-11-12;19;1338
1;2025-11-12;20;887
1;2025-11-12;21;490
1;2025-11-12;22;210
1;2025-11-12;23;31
1;2025-11-13;0;6
1;2025-11-13;1;0
1;2025-11-13;2;0
1;2025-11-13;3;0
1;2025-11-13;4;10
1;2025-11-13;5;112
1;2025-11-13;6;463
1;2025-11-13;7;1468
1;2025-11-13;8;1936
1;2025-11-13;9;1469
1;2025-11-13;10;1380
1;2025-11-13;11;1371
1;2025-11-13;12;1429
1;2025-11-13;13;1463
1;2025-11-13;14;1384
1;2025-11-13;15;1526
1;2025-11-13;16;1536
1;2025-11-13;17;1760
1;2025-11-13;18;1819
1;2025-11-13;19;1284
1;2025-11-13;20;902
1;2025-11-13;21;451
1;2025-11-13;22;169
1;2025-11-13;23;36
1;2025-11-14;0;4
1;2025-11-14;1;0
1;2025-11-14;2;0
1;2025-11-14;3;0
1;2025-11-14;4;7
1;2025-11-14;5;135
1;2025-11-14;6;478
1;2025-11-14;7;1505
1;2025-11-14;8;1823
1;2025-11-14;9;1452
1;2025-11-14;10;1276
1;2025-11-14;11;1359
1;2025-11-14;12;1365
1;2025-11-14;13;1385
1;2025-11-14;14;1285
1;2025-11-14;15;1447
1;2025-11-14;16;1587
1;2025-11-14;17;1846
1;2025-11-14;18;1484
1;2025-11-14;19;1255
1;2025-11-14;20;799
1;2025-11-14;21;488
1;2025-11-14;22;181
1;2025-11-14;23;42
1;2025-11-15;0;4
1;2025-11-15;1;0
1;2025-11-15;2;0
1;2025-11-15;3;0
1;2025-11-15;4;1
1;2025-11-15;5;33
1;2025-11-15;6;155
1;2025-11-15;7;368
1;2025-11-15;8;509
1;2025-11-15;9;772
1;2025-11-15;10;939
1;2025-11-15;11;933
1;2025-11-15;12;1121
1;2025-11-15;13;1164
1;2025-11-15;14;1089
1;2025-11-15;15;951
1;2025-11-15;16;801
1;2025-11-15;17;752
1;2025-11-15;18;663
1;2025-11-15;19;584
1;2025-11-15;20;439
1;2025-11-15;21;298
1;2025-11-15;22;115
1;2025-11-15;23;23
1;2025-11-16;0;0
1;2025-11-16;1;0
1;2025-11-16;2;0
1;2025-11-16;3;0
1;2025-11-16;4;0
1;2025-11-16;5;22
1;2025-11-16;6;114
1;2025-11-16;7;260
1;2025-11-16;8;352
1;2025-11-16;9;606
1;2025-11-16;10;681
1;2025-11-16;11;737
1;2025-11-16;12;836
1;2025-11-16;13;865
1;2025-11-16;14;821
1;2025-11-16;15;727
1;2025-11-16;16;662
1;2025-11-16;17;592
1;2025-11-16;18;502
1;2025-11-16;19;439
1;2025-11-16;20;330
1;2025-11-16;21;273
1;2025-11-16;22;99
1;2025-11-16;23;28
1;2025-11-17;0;0
1;2025-11-17;1;0
1;2025-11-17;2;0
1;2025-11-17;3;0
1;2025-11-17;4;10
1;2025-11-17;5;138
1;2025-11-17;6;486
1;2025-11-17;7;1409
1;2025-11-17;8;1937
1;2025-11-17;9;1476
1;2025-11-17;10;1271
1;2025-11-17;11;1278
1;2025-11-17;12;1406
1;2025-11-17;13;1457
1;2025-11-17;14;1479
1;2025-11-17;15;1559
1;2025-11-17;16;1635
1;2025-11-17;17;1870
1;2025-11-17;18;2017
1;2025-11-17;19;1444
1;2025-11-17;20;909
1;2025-11-17;21;441
1;2025-11-17;22;161
1;2025-11-17;23;45
1;2025-11-18;0;7
1;2025-11-18;1;0
1;2025-11-18;2;0
1;2025-11-18;3;0
1;2025-11-18;4;12
1;2025-11-18;5;104
1;2025-11-18;6;506
1;2025-11-18;7;1566
1;2025-11-18;8;1963
1;2025-11-18;9;1520
1;2025-11-18;10;1376
1;2025-11-18;11;1346
1;2025-11-18;12;1380
1;2025-11-18;13;1436
1;2025-11-18;14;1280
1;2025-11-18;15;1380
1;2025-11-18;16;1488
1;2025-11-18;17;1799
1;2025-11-18;18;1817
1;2025-11-18;19;1431
1;2025-11-18;20;869
1;2025-11-18;21;484
1;2025-11-18;22;173
1;2025-11-18;23;39
1;2025-11-19;0;3
1;2025-11-19;1;0
1;2025-11-19;2;0
1;2025-11-19;3;0
1;2025-11-19;4;8
1;2025-11-19;5;133
1;2025-11-19;6;556
1;2025-11-19;7;1409
1;2025-11-19;8;1982
1;2025-11-19;9;1464
1;2025-11-19;10;1379
1;2025-11-19;11;1340
1;2025-11-19;12;1415
1;2025-11-19;13;1524
1;2025-11-19;14;1398
1;2025-11-19;15;1551
1;2025-11-19;16;1518
1;2025-11-19;17;1793
1;2025-11-19;18;1786
1;2025-11-19;19;1338
1;2025-11-19;20;887
1;2025-11-19;21;490
1;2025-11-19;22;210
1;2025-11-19;23;31
1;2025-11-20;0;6
1;2025-11-20;1;0
1;2025-11-20;2;0
1;2025-11-20;3;0
1;2025-11-20;4;10
1;2025-11-20;5;112
1;2025-11-20;6;463
1;2025-11-20;7;1468
1;2025-11-20;8;1936
1;2025-11-20;9;1469
1;2025-11-20;10;1380
1;2025-11-20;11;1371
1;2025-11-20;12;1429
1;2025-11-20;13;1463
1;2025-11-20;14;1384
1;2025-11-20;15;1526
1;2025-11-20;16;1536
1;2025-11-20;17;1760
1;2025-11-20;18;1819
1;2025-11-20;19;1284
1;2025-11-20;20;902
1;2025-11-20;21;451
1;2025-11-20;22;169
1;2025-11-20;23;36
1;2025-11-21;0;4
1;2025-11-21;1;0
1;2025-11-21;2;0
1;2025-11-21;3;0
1;2025-11-21;4;7
1;2025-11-21;5;135
1;2025-11-21;6;478
1;2025-11-21;7;1505
1;2025-11-21;8;1823
1;2025-11-21;9;1452
1;2025-11-21;10;1276
1;2025-11-21;11;1359
1;2025-11-21;12;1365
1;2025-11-21;13;1385
1;2025-11-21;14;1285
1;2025-11-21;15;1447
1;2025-11-21;16;1587
1;2025-11-21;17;1846
1;2025-11-21;18;1484
1;2025-11-21;19;1255
1;2025-11-21;20;799
1;2025-11-21;21;488
1;2025-11-21;22;181
1;2025-11-21;23;42
1;2025-11-22;0;4
1;2025-11-22;1;0
1;2025-11-22;2;0
1;2025-11-22;3;0
1;2025-11-22;4;1
1;2025-11-22;5;33
1;2025-11-22;6;155
1;2025-11-22;7;368
1;2025-11-22;8;509
1;2025-11-22;9;772
1;2025-11-22;10;939
1;2025-11-22;11;933
1;2025-11-22;12;1121
1;2025-11-22;13;1164
1;2025-11-22;14;1089
1;2025-11-22;15;951
1;2025-11-22;16;801
1;2025-11-22;17;752
1;2025-11-22;18;663
1;2025-11-22;19;584
1;2025-11-22;20;439
1;2025-11-22;21;298
1;2025-11-22;22;115
1;2025-11-22;23;23
1;2025-11-23;0;0
1;2025-11-23;1;0
1;2025-11-23;2;0
1;2025-11-23;3;0
1;2025-11-23;4;0
1;2025-11-23;5;22
1;2025-11-23;6;114
1;2025-11-23;7;260
1;2025-11-23;8;352
1;2025-11-23;9;606
1;2025-11-23;10;681
1;2025-11-23;11;737
1;2025-11-23;12;836
1;2025-11-23;13;865
1;2025-11-23;14;821
1;2025-11-23;15;727
1;2025-11-23;16;662
1;2025-11-23;17;592
1;2025-11-23;18;502
1;2025-11-23;19;439
1;2025-11-23;20;330
1;2025-11-23;21;273
1;2025-11-23;22;99
1;2025-11-23;23;28
1;2025-11-24;0;0
1;2025-11-24;1;0
1;2025-11-24;2;0
1;2025-11-24;3;0
1;2025-11-24;4;10
1;2025-11-24;5;138
1;2025-11-24;6;486
1;2025-11-24;7;1409
1;2025-11-24;8;1937
1;2025-11-24;9;1476
1;2025-11-24;10;1271
1;2025-11-24;11;1278
1;2025-11-24;12;1406
1;2025-11-24;13;1457
1;2025-11-24;14;1479
1;2025-11-24;15;1559
1;2025-11-24;16;1635
1;2025-11-24;17;1870
1;2025-11-24;18;2017
1;2025-11-24;19;1444
1;2025-11-24;20;909
1;2025-11-24;21;441
1;2025-11-24;22;161
1;2025-11-24;23;45
1;2025-11-25;0;7
1;2025-11-25;1;0
1;2025-11-25;2;0
1;2025-11-25;3;0
1;2025-11-25;4;12
1;2025-11-25;5;104
1;2025-11-25;6;506
1;2025-11-25;7;1566
1;2025-11-25;8;1963
1;2025-11-25;9;1520
1;2025-11-25;10;1376
1;2025-11-25;11;1346
1;2025-11-25;12;1380
1;2025-11-25;13;1436
1;2025-11-25;14;1280
1;2025-11-25;15;1380
1;2025-11-25;16;1488
1;2025-11-25;17;1799
1;2025-11-25;18;1817
1;2025-11-25;19;1431
1;2025-11-25;20;869
1;2025-11-25;21;484
1;2025-11-25;22;173
1;2025-11-25;23;39
1;2025-11-26;0;3
1;2025-11-26;1;0
1;2025-11-26;2;0
1;2025-11-26;3;0
1;2025-11-26;4;8
1;2025-11-26;5;133
1;2025-11-26;6;556
1;2025-11-26;7;1409
1;2025-11-26;8;1982
1;2025-11-26;9;1464
1;2025-11-26;10;1379
1;2025-11-26;11;1340
1;2025-11-26;12;1415
1;2025-11-26;13;1524
1;2025-11-26;14;1398
1;2025-11-26;15;1551
1;2025-11-26;16;1518
1;2025-11-26;17;1793
1;2025-11-26;18;1786
1;2025-11-26;19;1338
1;2025-11-26;20;887
1;2025-11-26;21;490
1;2025-11-26;22;210
1;2025-11-26;23;31
1;2025-11-27;0;6
1;2025-11-27;1;0
1;2025-11-27;2;0
1;2025-11-27;3;0
1;2025-11-27;4;10
1;2025-11-27;5;112
1;2025-11-27;6;463
1;2025-11-27;7;1468
1;2025-11-27;8;1936
1;2025-11-27;9;1469
1;2025-11-27;10;1380
1;2025-11-27;11;1371
1;2025-11-27;12;1429
1;2025-11-27;13;1463
1;2025-11-27;14;1384
1;2025-11-27;15;1526
1;2025-11-27;16;1536
1;2025-11-27;17;1760
1;2025-11-27;18;1819
1;2025-11-27;19;1284
1;2025-11-27;20;902
1;2025-11-27;21;451
1;2025-11-27;22;169
1;2025-11-27;23;36
1;2025-11-28;0;4
1;2025-11-28;1;0
1;2025-11-28;2;0
1;2025-11-28;3;0
1;2025-11-28;4;7
1;2025-11-28;5;135
1;2025-11-28;6;478
1;2025-11-28;7;1505
1;2025-11-28;8;1823
1;2025-11-28;9;1452
1;2025-11-28;10;1276
1;2025-11-28;11;1359
1;2025-11-28;12;1365
1;2025-11-28;13;1385
1;2025-11-28;14;1285
1;2025-11-28;15;1447
1;2025-11-28;16;1587
1;2025-11-28;17;1846
1;2025-11-28;18;1484
1;2025-11-28;19;1255
1;2025-11-28;20;799
1;2025-11-28;21;488
1;2025-11-28;22;181
1;2025-11-28;23;42
1;2025-11-29;0;4
1;2025-11-29;1;0
1;2025-11-29;2;0
1;2025-11-29;3;0
1;2025-11-29;4;1
1;2025-11-29;5;33
1;2025-11-29;6;155
1;2025-11-29;7;368
1;2025-11-29;8;509
1;2025-11-29;9;772
1;2025-11-29;10;939
1;2025-11-29;11;933
1;2025-11-29;12;1121
1;2025-11-29;13;1164
1;2025-11-29;14;1089
1;2025-11-29;15;951
1;2025-11-29;16;801
1;2025-11-29;17;752
1;2025-11-29;18;663
1;2025-11-29;19;584
1;2025-11-29;20;439
1;2025-11-29;21;298
1;2025-11-29;22;115
1;2025-11-29;23;23
1;2025-11-30;0;0
1;2025-11-30;1;0
1;2025-11-30;2;0
1;2025-11-30;3;0
1;2025-11-30;4;0
1;2025-11-30;5;22
1;2025-11-30;6;114
1;2025-11-30;7;260
1;2025-11-30;8;352
1;2025-11-30;9;606
1;2025-11-30;10;681
1;2025-11-30;11;737
1;2025-11-30;12;836
1;2025-11-30;13;865
1;2025-11-30;14;821
1;2025-11-30;15;727
1;2025-11-30;16;662
1;2025-11-30;17;592
1;2025-11-30;18;502
1;2025-11-30;19;439
1;2025-11-30;20;330
1;2025-11-30;21;273
1;2025-11-30;22;99
1;2025-11-30;23;28
1;2025-12-01;0;0
1;2025-12-01;1;0
1;2025-12-01;2;0
1;2025-12-01;3;0
1;2025-12-01;4;10
1;2025-12-01;5;138
1;2025-12-01;6;486
1;2025-12-01;7;1409
1;2025-12-01;8;1937
1;2025-12-01;9;1476
1;2025-12-01;10;1271
1;2025-12-01;11;1278
1;2025-12-01;12;1406
1;2025-12-01;13;1457
1;2025-12-01;14;1479
1;2025-12-01;15;1559
1;2025-12-01;16;1635
1;2025-12-01;17;1870
1;2025-12-01;18;2017
1;2025-12-01;19;1444
1;2025-12-01;20;909
1;2025-12-01;21;441
1;2025-12-01;22;161
1;2025-12-01;23;45
1;2025-12-02;0;7
1;2025-12-02;1;0
1;2025-12-02;2;0
1;2025-12-02;3;0
1;2025-12-02;4;12
1;2025-12-02;5;104
1;2025-12-02;6;506
1;2025-12-02;7;1566
1;2025-12-02;8;1963
1;2025-12-02;9;1520
1;2025-12-02;10;1376
1;2025-12-02;11;1346
1;2025-12-02;12;1380
1;2025-12-02;13;1436
1;2025-12-02;14;1280
1;2025-12-02;15;1380
1;2025-12-02;16;1488
1;2025-12-02;17;1799
1;2025-12-02;18;1817
1;2025-12-02;19;1431
1;2025-12-02;20;869
1;2025-12-02;21;484
1;2025-12-02;22;173
1;2025-12-02;23;39
1;2025-12-03;0;3
1;2025-12-03;1;0
1;2025-12-03;2;0
1;2025-12-03;3;0
1;2025-12-03;4;8
1;2025-12-03;5;133
1;2025-12-03;6;556
1;2025-12-03;7;1409
1;2025-12-03;8;1982
1;2025-12-03;9;1464
1;2025-12-03;10;1379
1;2025-12-03;11;1340
1;2025-12-03;12;1415
1;2025-12-03;13;1524
1;2025-12-03;14;1398
1;2025-12-03;15;1551
1;2025-12-03;16;1518
1;2025-12-03;17;1793
1;2025-12-03;18;1786
1;2025-12-03;19;1338
1;2025-12-03;20;887
1;2025-12-03;21;490
1;2025-12-03;22;210
1;2025-12-03;23;31
1;2025-12-04;0;6
1;2025-12-04;1;0
1;2025-12-04;2;0
1;2025-12-04;3;0
1;2025-12-04;4;10
1;2025-12-04;5;112
1;2025-12-04;6;463
1;2025-12-04;7;1468
1;2025-12-04;8;1936
1;2025-12-04;9;1469
1;2025-12-04;10;1380
1;2025-12-04;11;1371
1;2025-12-04;12;1429
1;2025-12-04;13;1463
1;2025-12-04;14;1384
1;2025-12-04;15;1526
1;2025-12-04;16;1536
1;2025-12-04;17;1760
1;2025-12-04;18;1819
1;2025-12-04;19;1284
1;2025-12-04;20;902
1;2025-12-04;21;451
1;2025-12-04;22;169
1;2025-12-04;23;36
1;2025-12-05;0;4
1;2025-12-05;1;0
1;2025-12-05;2;0
1;2025-12-05;3;0
1;2025-12-05;4;7
1;2025-12-05;5;135
1;2025-12-05;6;478
1;2025-12-05;7;1505
1;2025-12-05;8;1823
1;2025-12-05;9;1452
1;2025-12-05;10;1276
1;2025-12-05;11;1359
1;2025-12-05;12;1365
1;2025-12-05;13;1385
1;2025-12-05;14;1285
1;2025-12-05;15;1447
1;2025-12-05;16;1587
1;2025-12-05;17;1846
1;2025-12-05;18;1484
1;2025-12-05;19;1255
1;2025-12-05;20;799
1;2025-12-05;21;488
1;2025-12-05;22;181
1;2025-12-05;23;42
1;2025-12-06;0;4
1;2025-12-06;1;0
1;2025-12-06;2;0
1;2025-12-06;3;0
1;2025-12-06;4;1
1;2025-12-06;5;33
1;2025-12-06;6;155
1;2025-12-06;7;368
1;2025-12-06;8;509
1;2025-12-06;9;772
1;2025-12-06;10;939
1;2025-12-06;11;933
1;2025-12-06;12;1121
1;2025-12-06;13;1164
1;2025-12-06;14;1089
1;2025-12-06;15;951
1;2025-12-06;16;801
1;2025-12-06;17;752
1;2025-12-06;18;663
1;2025-12-06;19;584
1;2025-12-06;20;439
1;2025-12-06;21;298
1;2025-12-06;22;115
1;2025-12-06;23;23
1;2025-12-07;0;0
1;2025-12-07;1;0
1;2025-12-07;2;0
1;2025-12-07;3;0
1;2025-12-07;4;0
1;2025-12-07;5;22
1;2025-12-07;6;114
1;2025-12-07;7;260
1;2025-12-07;8;352
1;2025-12-07;9;606
1;2025-12-07;10;681
1;2025-12-07;11;737
1;2025-12-07;12;836
1;2025-12-07;13;865
1;2025-12-07;14;821
1;2025-12-07;15;727
1;2025-12-07;16;662
1;2025-12-07;17;592
1;2025-12-07;18;502
1;2025-12-07;19;439
1;2025-12-07;20;330
1;2025-12-07;21;273
1;2025-12-07;22;99
1;2025-12-07;23;28
1;2025-12-08;0;0
1;2025-12-08;1;0
1;2025-12-08;2;0
1;2025-12-08;3;0
1;2025-12-08;4;10
1;2025-12-08;5;138
1;2025-12-08;6;486
1;2025-12-08;7;1409
1;2025-12-08;8;1937
1;2025-12-08;9;1476
1;2025-12-08;10;1271
1;2025-12-08;11;1278
1;2025-12-08;12;1406
1;2025-12-08;13;1457
1;2025-12-08;14;1479
1;2025-12-08;15;1559
1;2025-12-08;16;1635
1;2025-12-08;17;1870
1;2025-12-08;18;2017
1;2025-12-08;19;1444
1;2025-12-08;20;909
1;2025-12-08;21;441
1;2025-12-08;22;161
1;2025-12-08;23;45
1;2025-12-09;0;7
1;2025-12-09;1;0
1;2025-12-09;2;0
1;2025-12-09;3;0
1;2025-12-09;4;12
1;2025-12-09;5;104
1;2025-12-09;6;506
1;2025-12-09;7;1566
1;2025-12-09;8;1963
1;2025-12-09;9;1520
1;2025-12-09;10;1376
1;2025-12-09;11;1346
1;2025-12-09;12;1380
1;2025-12-09;13;1436
1;2025-12-09;14;1280
1;2025-12-09;15;1380
1;2025-12-09;16;1488
1;2025-12-09;17;1799
1;2025-12-09;18;1817
1;2025-12-09;19;1431
1;2025-12-09;20;869
1;2025-12-09;21;484
1;2025-12-09;22;173
1;2025-12-09;23;39
1;2025-12-10;0;3
1;2025-12-10;1;0
1;2025-12-10;2;0
1;2025-12-10;3;0
1;2025-12-10;4;8
1;2025-12-10;5;133
1;2025-12-10;6;556
1;2025-12-10;7;1409
1;2025-12-10;8;1982
1;2025-12-10;9;1464
1;2025-12-10;10;1379
1;2025-12-10;11;1340
1;2025-12-10;12;1415
1;2025-12-10;13;1524
1;2025-12-10;14;1398
1;2025-12-10;15;1551
1;2025-12-10;16;1518
1;2025-12-10;17;1793
1;2025-12-10;18;1786
1;2025-12-10;19;1338
1;2025-12-10;20;887
1;2025-12-10;21;490
1;2025-12-10;22;210
1;2025-12-10;23;31
1;2025-12-11;0;6
1;2025-12-11;1;0
1;2025-12-11;2;0
1;2025-12-11;3;0
1;2025-12-11;4;10
1;2025-12-11;5;112
1;2025-12-11;6;463
1;2025-12-11;7;1468
1;2025-12-11;8;1936
1;2025-12-11;9;1469
1;2025-12-11;10;1380
1;2025-12-11;11;1371
1;2025-12-11;12;1429
1;2025-12-11;13;1463
1;2025-12-11;14;1384
1;2025-12-11;15;1526
1;2025-12-11;16;1536
1;2025-12-11;17;1760
1;2025-12-11;18;1819
1;2025-12-11;19;1284
1;2025-12-11;20;902
1;2025-12-11;21;451
1;2025-12-11;22;169
1;2025-12-11;23;36
1;2025-12-12;0;4
1;2025-12-12;1;0
1;2025-12-12;2;0
1;2025-12-12;3;0
1;2025-12-12;4;7
1;2025-12-12;5;135
1;2025-12-12;6;478
1;2025-12-12;7;1505
1;2025-12-12;8;1823
1;2025-12-12;9;1452
1;2025-12-12;10;1276
1;2025-12-12;11;1359
1;2025-12-12;12;1365
1;2025-12-12;13;1385
1;2025-12-12;14;1285
1;2025-12-12;15;1447
1;2025-12-12;16;1587
1;2025-12-12;17;1846
1;2025-12-12;18;1484
1;2025-12-12;19;1255
1;2025-12-12;20;799
1;2025-12-12;21;488
1;2025-12-12;22;181
1;2025-12-12;23;42
1;2025-12-13;0;4
1;2025-12-13;1;0
1;2025-12-13;2;0
1;2025-12-13;3;0
1;2025-12-13;4;1
1;2025-12-13;5;33
1;2025-12-13;6;155
1;2025-12-13;7;368
1;2025-12-13;8;509
1;2025-12-13;9;772
1;2025-12-13;10;939
1;2025-12-13;11;933
1;2025-12-13;12;1121
1;2025-12-13;13;1164
1;2025-12-13;14;1089
1;2025-12-13;15;951
1;2025-12-13;16;801
1;2025-12-13;17;752
1;2025-12-13;18;663
1;2025-12-13;19;584
1;2025-12-13;20;439
1;2025-12-13;21;298
1;2025-12-13;22;115
1;2025-12-13;23;23
1;2025-12-14;0;0
1;2025-12-14;1;0
1;2025-12-14;2;0
1;2025-12-14;3;0
1;2025-12-14;4;0
1;2025-12-14;5;22
1;2025-12-14;6;114
1;2025-12-14;7;260
1;2025-12-14;8;352
1;2025-12-14;9;606
1;2025-12-14;10;681
1;2025-12-14;11;737
1;2025-12-14;12;836
1;2025-12-14;13;865
1;2025-12-14;14;821
1;2025-12-14;15;727
1;2025-12-14;16;662
1;2025-12-14;17;592
1;2025-12-14;18;502
1;2025-12-14;19;439
1;2025-12-14;20;330
1;2025-12-14;21;273
1;2025-12-14;22;99
1;2025-12-14;23;28
1;2025-12-15;0;0
1;2025-12-15;1;0
1;2025-12-15;2;0
1;2025-12-15;3;0
1;2025-12-15;4;10
1;2025-12-15;5;138
1;2025-12-15;6;486
1;2025-12-15;7;1409
1;2025-12-15;8;1937
1;2025-12-15;9;1476
1;2025-12-15;10;1271
1;2025-12-15;11;1278
1;2025-12-15;12;1406
1;2025-12-15;13;1457
1;2025-12-15;14;1479
1;2025-12-15;15;1559
1;2025-12-15;16;1635
1;2025-12-15;17;1870
1;2025-12-15;18;2017
1;2025-12-15;19;1444
1;2025-12-15;20;909
1;2025-12-15;21;441
1;2025-12-15;22;161
1;2025-12-15;23;45
1;2025-12-16;0;7
1;2025-12-16;1;0
1;2025-12-16;2;0
1;2025-12-16;3;0
1;2025-12-16;4;12
1;2025-12-16;5;104
1;2025-12-16;6;506
1;2025-12-16;7;1566
1;2025-12-16;8;1963
1;2025-12-16;9;1520
1;2025-12-16;10;1376
1;2025-12-16;11;1346
1;2025-12-16;12;1380
1;2025-12-16;13;1436
1;2025-12-16;14;1280
1;2025-12-16;15;1380
1;2025-12-16;16;1488
1;2025-12-16;17;1799
1;2025-12-16;18;1817
1;2025-12-16;19;1431
1;2025-12-16;20;869
1;2025-12-16;21;484
1;2025-12-16;22;173
1;2025-12-16;23;39
1;2025-12-17;0;3
1;2025-12-17;1;0
1;2025-12-17;2;0
1;2025-12-17;3;0
1;2025-12-17;4;8
1;2025-12-17;5;133
1;2025-12-17;6;556
1;2025-12-17;7;1409
1;2025-12-17;8;1982
1;2025-12-17;9;1464
1;2025-12-17;10;1379
1;2025-12-17;11;1340
1;2025-12-17;12;1415
1;2025-12-17;13;1524
1;2025-12-17;14;1398
1;2025-12-17;15;1551
1;2025-12-17;16;1518
1;2025-12-17;17;1793
1;2025-12-17;18;1786
1;2025-12-17;19;1338
1;2025-12-17;20;887
1;2025-12-17;21;490
1;2025-12-17;22;210
1;2025-12-17;23;31
1;2025-12-18;0;6
1;2025-12-18;1;0
1;2025-12-18;2;0
1;2025-12-18;3;0
1;2025-12-18;4;10
1;2025-12-18;5;112
1;2025-12-18;6;463
1;2025-12-18;7;1468
1;2025-12-18;8;1936
1;2025-12-18;9;1469
1;2025-12-18;10;1380
1;2025-12-18;11;1371
1;2025-12-18;12;1429
1;2025-12-18;13;1463
1;2025-12-18;14;1384
1;2025-12-18;15;1526
1;2025-12-18;16;1536
1;2025-12-18;17;1760
1;2025-12-18;18;1819
1;2025-12-18;19;1284
1;2025-12-18;20;902
1;2025-12-18;21;451
1;2025-12-18;22;169
1;2025-12-18;23;36
1;2025-12-19;0;4
1;2025-12-19;1;0
1;2025-12-19;2;0
1;2025-12-19;3;0
1;2025-12-19;4;7
1;2025-12-19;5;135
1;2025-12-19;6;478
1;2025-12-19;7;1505
1;2025-12-19;8;1823
1;2025-12-19;9;1452
1;2025-12-19;10;1276
1;2025-12-19;11;1359
1;2025-12-19;12;1365
1;2025-12-19;13;1385
1;2025-12-19;14;1285
1;2025-12-19;15;1447
1;2025-12-19;16;1587
1;2025-12-19;17;1846
1;2025-12-19;18;1484
1;2025-12-19;19;1255
1;2025-12-19;20;799
1;2025-12-19;21;488
1;2025-12-19;22;181
1;2025-12-19;23;42
1;2025-12-20;0;4
1;2025-12-20;1;0
1;2025-12-20;2;0
1;2025-12-20;3;0
1;2025-12-20;4;1
1;2025-12-20;5;33
1;2025-12-20;6;155
1;2025-12-20;7;368
1;2025-12-20;8;509
1;2025-12-20;9;772
1;2025-12-20;10;939
1;2025-12-20;11;933
1;2025-12-20;12;1121
1;2025-12-20;13;1164
1;2025-12-20;14;1089
1;2025-12-20;15;951
1;2025-12-20;16;801
1;2025-12-20;17;752
1;2025-12-20;18;663
1;2025-12-20;19;584
1;2025-12-20;20;439
1;2025-12-20;21;298
1;2025-12-20;22;115
1;2025-12-20;23;23
1;2025-12-21;0;0
1;2025-12-21;1;0
1;2025-12-21;2;0
1;2025-12-21;3;0
1;2025-12-21;4;0
1;2025-12-21;5;22
1;2025-12-21;6;114
1;2025-12-21;7;260
1;2025-12-21;8;352
1;2025-12-21;9;606
1;2025-12-21;10;681
1;2025-12-21;11;737
1;2025-12-21;12;836
1;2025-12-21;13;865
1;2025-12-21;14;821
1;2025-12-21;15;727
1;2025-12-21;16;662
1;2025-12-21;17;592
1;2025-12-21;18;502
1;2025-12-21;19;439
1;2025-12-21;20;330
1;2025-12-21;21;273
1;2025-12-21;22;99
1;2025-12-21;23;28
1;2025-12-22;0;0
1;2025-12-22;1;0
1;2025-12-22;2;0
1;2025-12-22;3;0
1;2025-12-22;4;10
1;2025-12-22;5;138
1;2025-12-22;6;486
1;2025-12-22;7;1409
1;2025-12-22;8;1937
1;2025-12-22;9;1476
1;2025-12-22;10;1271
1;2025-12-22;11;1278
1;2025-12-22;12;1406
1;2025-12-22;13;1457
1;2025-12-22;14;1479
1;2025-12-22;15;1559
1;2025-12-22;16;1635
1;2025-12-22;17;1870
1;2025-12-22;18;2017
1;2025-12-22;19;1444
1;2025-12-22;20;909
1;2025-12-22;21;441
1;2025-12-22;22;161
1;2025-12-22;23;45
1;2025-12-23;0;7
1;2025-12-23;1;0
1;2025-12-23;2;0
1;2025-12-23;3;0
1;2025-12-23;4;12
1;2025-12-23;5;104
1;2025-12-23;6;506
1;2025-12-23;7;1566
1;2025-12-23;8;1963
1;2025-12-23;9;1520
1;2025-12-23;10;1376
1;2025-12-23;11;1346
1;2025-12-23;12;1380
1;2025-12-23;13;1436
1;2025-12-23;14;1280
1;2025-12-23;15;1380
1;2025-12-23;16;1488
1;2025-12-23;17;1799
1;2025-12-23;18;1817
1;2025-12-23;19;1431
1;2025-12-23;20;869
1;2025-12-23;21;484
1;2025-12-23;22;173
1;2025-12-23;23;39
1;2025-12-24;0;3
1;2025-12-24;1;0
1;2025-12-24;2;0
1;2025-12-24;3;0
1;2025-12-24;4;8
1;2025-12-24;5;133
1;2025-12-24;6;556
1;2025-12-24;7;1409
1;2025-12-24;8;1982
1;2025-12-24;9;1464
1;2025-12-24;10;1379
1;2025-12-24;11;1340
1;2025-12-24;12;1415
1;2025-12-24;13;1524
1;2025-12-24;14;1398
1;2025-12-24;15;1551
1;2025-12-24;16;1518
1;2025-12-24;17;1793
1;2025-12-24;18;1786
1;2025-12-24;19;1338
1;2025-12-24;20;887
1;2025-12-24;21;490
1;2025-12-24;22;210
1;2025-12-24;23;31
1;2025-12-25;0;6
1;2025-12-25;1;0
1;2025-12-25;2;0
1;2025-12-25;3;0
1;2025-12-25;4;10
1;2025-12-25;5;112
1;2025-12-25;6;463
1;2025-12-25;7;1468
1;2025-12-25;8;1936
1;2025-12-25;9;1469
1;2025-12-25;10;1380
1;2025-12-25;11;1371
1;2025-12-25;12;1429
1;2025-12-25;13;1463
1;2025-12-25;14;1384
1;2025-12-25;15;1526
1;2025-12-25;16;1536
1;2025-12-25;17;1760
1;2025-12-25;18;1819
1;2025-12-25;19;1284
1;2025-12-25;20;902
1;2025-12-25;21;451
1;2025-12-25;22;169
1;2025-12-25;23;36
1;2025-12-26;0;4
1;2025-12-26;1;0
1;2025-12-26;2;0
1;2025-12-26;3;0
1;2025-12-26;4;7
1;2025-12-26;5;135
1;2025-12-26;6;478
1;2025-12-26;7;1505
1;2025-12-26;8;1823
1;2025-12-26;9;1452
1;2025-12-26;10;1276
1;2025-12-26;11;1359
1;2025-12-26;12;1365
1;2025-12-26;13;1385
1;2025-12-26;14;1285
1;2025-12-26;15;1447
1;2025-12-26;16;1587
1;2025-12-26;17;1846
1;2025-12-26;18;1484
1;2025-12-26;19;1255
1;2025-12-26;20;799
1;2025-12-26;21;488
1;2025-12-26;22;181
1;2025-12-26;23;42
1;2025-12-27;0;4
1;2025-12-27;1;0
1;2025-12-27;2;0
1;2025-12-27;3;0
1;2025-12-27;4;1
1;2025-12-27;5;33
1;2025-12-27;6;155
1;2025-12-27;7;368
1;2025-12-27;8;509
1;2025-12-27;9;772
1;2025-12-27;10;939
1;2025-12-27;11;933
1;2025-12-27;12;1121
1;2025-12-27;13;1164
1;2025-12-27;14;1089
1;2025-12-27;15;951
1;2025-12-27;16;801
1;2025-12-27;17;752
1;2025-12-27;18;663
1;2025-12-27;19;584
1;2025-12-27;20;439
1;2025-12-27;21;298
1;2025-12-27;22;115
1;2025-12-27;23;23
1;2025-12-28;0;0
1;2025-12-28;1;0
1;2025-12-28;2;0
1;2025-12-28;3;0
1;2025-12-28;4;0
1;2025-12-28;5;22
1;2025-12-28;6;114
1;2025-12-28;7;260
1;2025-12-28;8;352
1;2025-12-28;9;606
1;2025-12-28;10;681
1;2025-12-28;11;737
1;2025-12-28;12;836
1;2025-12-28;13;865
1;2025-12-28;14;821
1;2025-12-28;15;727
1;2025-12-28;16;662
1;2025-12-28;17;592
1;2025-12-28;18;502
1;2025-12-28;19;439
1;2025-12-28;20;330
1;2025-12-28;21;273
1;2025-12-28;22;99
1;2025-12-28;23;28
1;2025-12-29;0;0
1;2025-12-29;1;0
1;2025-12-29;2;0
1;2025-12-29;3;0
1;2025-12-29;4;10
1;2025-12-29;5;138
1;2025-12-29;6;486
1;2025-12-29;7;1409
1;2025-12-29;8;1937
1;2025-12-29;9;1476
1;2025-12-29;10;1271
1;2025-12-29;11;1278
1;2025-12-29;12;1406
1;2025-12-29;13;1457
1;2025-12-29;14;1479
1;2025-12-29;15;1559
1;2025-12-29;16;1635
1;2025-12-29;17;1870
1;2025-12-29;18;2017
1;2025-12-29;19;1444
1;2025-12-29;20;909
1;2025-12-29;21;441
1;2025-12-29;22;161
1;2025-12-29;23;45
1;2025-12-30;0;7
1;2025-12-30;1;0
1;2025-12-30;2;0
1;2025-12-30;3;0
1;2025-12-30;4;12
1;2025-12-30;5;104
1;2025-12-30;6;506
1;2025-12-30;7;1566
1;2025-12-30;8;1963
1;2025-12-30;9;1520
1;2025-12-30;10;1376
1;2025-12-30;11;1346
1;2025-12-30;12;1380
1;2025-12-30;13;1436
1;2025-12-30;14;1280
1;2025-12-30;15;1380
1;2025-12-30;16;1488
1;2025-12-30;17;1799
1;2025-12-30;18;1817
1;2025-12-30;19;1431
1;2025-12-30;20;869
1;2025-12-30;21;484
1;2025-12-30;22;173
1;2025-12-30;23;39
1;2025-12-31;0;2
1;2025-12-31;1;0
1;2025-12-31;2;0
1;2025-12-31;3;0
1;2025-12-31;4;1
1;2025-12-31;5;31
1;2025-12-31;6;161
1;2025-12-31;7;290
1;2025-12-31;8;392
1;2025-12-31;9;592
1;2025-12-31;10;620
1;2025-12-31;11;578
1;2025-12-31;12;750
1;2025-12-31;13;724
1;2025-12-31;14;690
1;2025-12-31;15;574
1;2025-12-31;16;546
1;2025-12-31;17;540
1;2025-12-31;18;554
1;2025-12-31;19;452
1;2025-12-31;20;366
1;2025-12-31;21;286
1;2025-12-31;22;126
1;2025-12-31;23;44
5;2025-11-01;0;0
5;2025-11-01;1;0
5;2025-11-01;2;0
5;2025-11-01;3;0
5;2025-11-01;4;0
5;2025-11-01;5;0
5;2025-11-01;6;0
5;2025-11-01;7;0
5;2025-11-01;8;0
5;2025-11-01;9;0
5;2025-11-01;10;0
5;2025-11-01;11;0
5;2025-11-01;12;0
5;2025-11-01;13;0
5;2025-11-01;14;0
5;2025-11-01;15;0
5;2025-11-01;16;0
5;2025-11-01;17;0
5;2025-11-01;18;0
5;2025-11-01;19;0
5;2025-11-01;20;0
5;2025-11-01;21;0
5;2025-11-01;22;0
5;2025-11-01;23;0
5;2025-11-02;0;0
5;2025-11-02;1;0
5;2025-11-02;2;0
5;2025-11-02;3;0
5;2025-11-02;4;0
5;2025-11-02;5;0
5;2025-11-02;6;0
5;2025-11-02;7;0
5;2025-11-02;8;0
5;2025-11-02;9;0
5;2025-11-02;10;0
5;2025-11-02;11;0
5;2025-11-02;12;0
5;2025-11-02;13;0
5;2025-11-02;14;0
5;2025-11-02;15;0
5;2025-11-02;16;0
5;2025-11-02;17;0
5;2025-11-02;18;0
5;2025-11-02;19;0
5;2025-11-02;20;0
5;2025-11-02;21;0
5;2025-11-02;22;0
5;2025-11-02;23;0
5;2025-11-03;0;0
5;2025-11-03;1;0
5;2025-11-03;2;0
5;2025-11-03;3;0
5;2025-11-03;4;0
5;2025-11-03;5;0
5;2025-11-03;6;0
5;2025-11-03;7;0
5;2025-11-03;8;0
5;2025-11-03;9;0
5;2025-11-03;10;0
5;2025-11-03;11;0
5;2025-11-03;12;0
5;2025-11-03;13;0
5;2025-11-03;14;0
5;2025-11-03;15;0
5;2025-11-03;16;0
5;2025-11-03;17;0
5;2025-11-03;18;0
5;2025-11-03;19;0
5;2025-11-03;20;0
5;2025-11-03;21;0
5;2025-11-03;22;0
5;2025-11-03;23;0
5;2025-11-04;0;0
5;2025-11-04;1;0
5;2025-11-04;2;0
5;2025-11-04;3;0
5;2025-11-04;4;0
5;2025-11-04;5;0
5;2025-11-04;6;0
5;2025-11-04;7;0
5;2025-11-04;8;0
5;2025-11-04;9;0
5;2025-11-04;10;0
5;2025-11-04;11;0
5;2025-11-04;12;0
5;2025-11-04;13;0
5;2025-11-04;14;0
5;2025-11-04;15;0
5;2025-11-04;16;0
5;2025-11-04;17;0
5;2025-11-04;18;0
5;2025-11-04;19;0
5;2025-11-04;20;0
5;2025-11-04;21;0
5;2025-11-04;22;0
5;2025-11-04;23;0
5;2025-11-05;0;0
5;2025-11-05;1;0
5;2025-11-05;2;0
5;2025-11-05;3;0
5;2025-11-05;4;0
5;2025-11-05;5;0
5;2025-11-05;6;0
5;2025-11-05;7;0
5;2025-11-05;8;0
5;2025-11-05;9;0
5;2025-11-05;10;0
5;2025-11-05;11;0
5;2025-11-05;12;0
5;2025-11-05;13;0
5;2025-11-05;14;0
5;2025-11-05;15;0
5;2025-11-05;16;0
5;2025-11-05;17;0
5;2025-11-05;18;0
5;2025-11-05;19;0
5;2025-11-05;20;0
5;2025-11-05;21;0
5;2025-11-05;22;0
5;2025-11-05;23;0
5;2025-11-06;0;0
5;2025-11-06;1;0
5;2025-11-06;2;0
5;2025-11-06;3;0
5;2025-11-06;4;0
5;2025-11-06;5;0
5;2025-11-06;6;0
5;2025-11-06;7;0
5;2025-11-06;8;0
5;2025-11-06;9;0
5;2025-11-06;10;0
5;2025-11-06;11;0
5;2025-11-06;12;0
5;2025-11-06;13;0
5;2025-11-06;14;0
5;2025-11-06;15;0
5;2025-11-06;16;0
5;2025-11-06;17;0
5;2025-11-06;18;0
5;2025-11-06;19;0
5;2025-11-06;20;0
5;2025-11-06;21;0
5;2025-11-06;22;0
5;2025-11-06;23;0
5;2025-11-07;0;0
5;2025-11-07;1;0
5;2025-11-07;2;0
5;2025-11-07;3;0
5;2025-11-07;4;0
5;2025-11-07;5;0
5;2025-11-07;6;0
5;2025-11-07;7;0
5;2025-11-07;8;0
5;2025-11-07;9;0
5;2025-11-07;10;0
5;2025-11-07;11;0
5;2025-11-07;12;0
5;2025-11-07;13;0
5;2025-11-07;14;0
5;2025-11-07;15;0
5;2025-11-07;16;0
5;2025-11-07;17;0
5;2025-11-07;18;0
5;2025-11-07;19;0
5;2025-11-07;20;0
5;2025-11-07;21;0
5;2025-11-07;22;0
5;2025-11-07;23;0
5;2025-11-08;0;0
5;2025-11-08;1;0
5;2025-11-08;2;0
5;2025-11-08;3;0
5;2025-11-08;4;0
5;2025-11-08;5;0
5;2025-11-08;6;0
5;2025-11-08;7;0
5;2025-11-08;8;0
5;2025-11-08;9;0
5;2025-11-08;10;0
5;2025-11-08;11;0
5;2025-11-08;12;0
5;2025-11-08;13;0
5;2025-11-08;14;0
5;2025-11-08;15;0
5;2025-11-08;16;0
5;2025-11-08;17;0
5;2025-11-08;18;0
5;2025-11-08;19;0
5;2025-11-08;20;0
5;2025-11-08;21;0
5;2025-11-08;22;0
5;2025-11-08;23;0
5;2025-11-09;0;0
5;2025-11-09;1;0
5;2025-11-09;2;0
5;2025-11-09;3;0
5;2025-11-09;4;0
5;2025-11-09;5;0
5;2025-11-09;6;0
5;2025-11-09;7;0
5;2025-11-09;8;0
5;2025-11-09;9;0
5;2025-11-09;10;0
5;2025-11-09;11;0
5;2025-11-09;12;0
5;2025-11-09;13;0
5;2025-11-09;14;0
5;2025-11-09;15;0
5;2025-11-09;16;0
5;2025-11-09;17;0
5;2025-11-09;18;0
5;2025-11-09;19;0
5;2025-11-09;20;0
5;2025-11-09;21;0
5;2025-11-09;22;0
5;2025-11-09;23;0
5;2025-11-10;0;0
5;2025-11-10;1;0
5;2025-11-10;2;0
5;2025-11-10;3;0
5;2025-11-10;4;0
5;2025-11-10;5;0
5;2025-11-10;6;0
5;2025-11-10;7;0
5;2025-11-10;8;0
5;2025-11-10;9;0
5;2025-11-10;10;0
5;2025-11-10;11;0
5;2025-11-10;12;0
5;2025-11-10;13;0
5;2025-11-10;14;0
5;2025-11-10;15;0
5;2025-11-10;16;0
5;2025-11-10;17;0
5;2025-11-10;18;0
5;2025-11-10;19;0
5;2025-11-10;20;0
5;2025-11-10;21;0
5;2025-11-10;22;0
5;2025-11-10;23;0
5;2025-11-11;0;0
5;2025-11-11;1;0
5;2025-11-11;2;0
5;2025-11-11;3;0
5;2025-11-11;4;0
5;2025-11-11;5;0
5;2025-11-11;6;0
5;2025-11-11;7;0
5;2025-11-11;8;0
5;2025-11-11;9;0
5;2025-11-11;10;0
5;2025-11-11;11;0
5;2025-11-11;12;0
5;2025-11-11;13;0
5;2025-11-11;14;0
5;2025-11-11;15;0
5;2025-11-11;16;0
5;2025-11-11;17;0
5;2025-11-11;18;0
5;2025-11-11;19;0
5;2025-11-11;20;0
5;2025-11-11;21;0
5;2025-11-11;22;0
5;2025-11-11;23;0
5;2025-11-12;0;0
5;2025-11-12;1;0
5;2025-11-12;2;0
5;2025-11-12;3;0
5;2025-11-12;4;0
5;2025-11-12;5;0
5;2025-11-12;6;0
5;2025-11-12;7;0
5;2025-11-12;8;0
5;2025-11-12;9;0
5;2025-11-12;10;0
5;2025-11-12;11;0
5;2025-11-12;12;0
5;2025-11-12;13;0
5;2025-11-12;14;0
5;2025-11-12;15;0
5;2025-11-12;16;0
5;2025-11-12;17;0
5;2025-11-12;18;0
5;2025-11-12;19;0
5;2025-11-12;20;0
5;2025-11-12;21;0
5;2025-11-12;22;0
5;2025-11-12;23;0
5;2025-11-13;0;0
5;2025-11-13;1;0
5;2025-11-13;2;0
5;2025-11-13;3;0
5;2025-11-13;4;0
5;2025-11-13;5;0
5;2025-11-13;6;0
5;2025-11-13;7;0
5;2025-11-13;8;0
5;2025-11-13;9;0
5;2025-11-13;10;0
5;2025-11-13;11;0
5;2025-11-13;12;0
5;2025-11-13;13;0
5;2025-11-13;14;0
5;2025-11-13;15;0
5;2025-11-13;16;0
5;2025-11-13;17;0
5;2025-11-13;18;0
5;2025-11-13;19;0
5;2025-11-13;20;0
5;2025-11-13;21;0
5;2025-11-13;22;0
5;2025-11-13;23;0
5;2025-11-14;0;0
5;2025-11-14;1;0
5;2025-11-14;2;0
5;2025-11-14;3;0
5;2025-11-14;4;0
5;2025-11-14;5;0
5;2025-11-14;6;0
5;2025-11-14;7;0
5;2025-11-14;8;0
5;2025-11-14;9;0
5;2025-11-14;10;0
5;2025-11-14;11;0
5;2025-11-14;12;0
5;2025-11-14;13;0
5;2025-11-14;14;0
5;2025-11-14;15;0
5;2025-11-14;16;0
5;2025-11-14;17;0
5;2025-11-14;18;0
5;2025-11-14;19;0
5;2025-11-14;20;0
5;2025-11-14;21;0
5;2025-11-14;22;0
5;2025-11-14;23;0
5;2025-11-15;0;0
5;2025-11-15;1;0
5;2025-11-15;2;0
5;2025-11-15;3;0
5;2025-11-15;4;0
5;2025-11-15;5;0
5;2025-11-15;6;0
5;2025-11-15;7;0
5;2025-11-15;8;0
5;2025-11-15;9;0
5;2025-11-15;10;0
5;2025-11-15;11;0
5;2025-11-15;12;0
5;2025-11-15;13;0
5;2025-11-15;14;0
5;2025-11-15;15;0
5;2025-11-15;16;0
5;2025-11-15;17;0
5;2025-11-15;18;0
5;2025-11-15;19;0
5;2025-11-15;20;0
5;2025-11-15;21;0
5;2025-11-15;22;0
5;2025-11-15;23;0
5;2025-11-16;0;0
5;2025-11-16;1;0
5;2025-11-16;2;0
5;2025-11-16;3;0
5;2025-11-16;4;0
5;2025-11-16;5;0
5;2025-11-16;6;0
5;2025-11-16;7;0
5;2025-11-16;8;0
5;2025-11-16;9;0
5;2025-11-16;10;0
5;2025-11-16;11;0
5;2025-11-16;12;0
5;2025-11-16;13;0
5;2025-11-16;14;0
5;2025-11-16;15;0
5;2025-11-16;16;0
5;2025-11-16;17;0
5;2025-11-16;18;0
5;2025-11-16;19;0
5;2025-11-16;20;0
5;2025-11-16;21;0
5;2025-11-16;22;0
5;2025-11-16;23;0
5;2025-11-17;0;0
5;2025-11-17;1;0
5;2025-11-17;2;0
5;2025-11-17;3;0
5;2025-11-17;4;0
5;2025-11-17;5;0
5;2025-11-17;6;0
5;2025-11-17;7;0
5;2025-11-17;8;0
5;2025-11-17;9;0
5;2025-11-17;10;0
5;2025-11-17;11;0
5;2025-11-17;12;0
5;2025-11-17;13;0
5;2025-11-17;14;0
5;2025-11-17;15;0
5;2025-11-17;16;0
5;2025-11-17;17;0
5;2025-11-17;18;0
5;2025-11-17;19;0
5;2025-11-17;20;0
5;2025-11-17;21;0
5;2025-11-17;22;0
5;2025-11-17;23;0
5;2025-11-18;0;0
5;2025-11-18;1;0
5;2025-11-18;2;0
5;2025-11-18;3;0
5;2025-11-18;4;0
5;2025-11-18;5;0
5;2025-11-18;6;0
5;2025-11-18;7;0
5;2025-11-18;8;0
5;2025-11-18;9;0
5;2025-11-18;10;0
5;2025-11-18;11;0
5;2025-11-18;12;0
5;2025-11-18;13;0
5;2025-11-18;14;0
5;2025-11-18;15;0
5;2025-11-18;16;0
5;2025-11-18;17;0
5;2025-11-18;18;0
5;2025-11-18;19;0
5;2025-11-18;20;0
5;2025-11-18;21;0
5;2025-11-18;22;0
5;2025-11-18;23;0
5;2025-11-19;0;0
5;2025-11-19;1;0
5;2025-11-19;2;0
5;2025-11-19;3;0
5;2025-11-19;4;0
5;2025-11-19;5;0
5;2025-11-19;6;0
5;2025-11-19;7;0
5;2025-11-19;8;0
5;2025-11-19;9;0
5;2025-11-19;10;0
5;2025-11-19;11;0
5;2025-11-19;12;0
5;2025-11-19;13;0
5;2025-11-19;14;0
5;2025-11-19;15;0
5;2025-11-19;16;0
5;2025-11-19;17;0
5;2025-11-19;18;0
5;2025-11-19;19;0
5;2025-11-19;20;0
5;2025-11-19;21;0
5;2025-11-19;22;0
5;2025-11-19;23;0
5;2025-11-20;0;0
5;2025-11-20;1;0
5;2025-11-20;2;0
5;2025-11-20;3;0
5;2025-11-20;4;0
5;2025-11-20;5;0
5;2025-11-20;6;0
5;2025-11-20;7;0
5;2025-11-20;8;0
5;2025-11-20;9;0
5;2025-11-20;10;0
5;2025-11-20;11;0
5;2025-11-20;12;0
5;2025-11-20;13;0
5;2025-11-20;14;0
5;2025-11-20;15;0
5;2025-11-20;16;0
5;2025-11-20;17;0
5;2025-11-20;18;0
5;2025-11-20;19;0
5;2025-11-20;20;0
5;2025-11-20;21;0
5;2025-11-20;22;0
5;2025-11-20;23;0
5;2025-11-21;0;0
5;2025-11-21;1;0
5;2025-11-21;2;0
5;2025-11-21;3;0
5;2025-11-21;4;0
5;2025-11-21;5;0
5;2025-11-21;6;0
5;2025-11-21;7;0
5;2025-11-21;8;0
5;2025-11-21;9;0
5;2025-11-21;10;0
5;2025-11-21;11;0
5;2025-11-21;12;0
5;2025-11-21;13;0
5;2025-11-21;14;0
5;2025-11-21;15;0
5;2025-11-21;16;0
5;2025-11-21;17;0
5;2025-11-21;18;0
5;2025-11-21;19;0
5;2025-11-21;20;0
5;2025-11-21;21;0
5;2025-11-21;22;0
5;2025-11-21;23;0
5;2025-11-22;0;0
5;2025-11-22;1;0
5;2025-11-22;2;0
5;2025-11-22;3;0
5;2025-11-22;4;0
5;2025-11-22;5;0
5;2025-11-22;6;0
5;2025-11-22;7;0
5;2025-11-22;8;0
5;2025-11-22;9;0
5;2025-11-22;10;0
5;2025-11-22;11;0
5;2025-11-22;12;0
5;2025-11-22;13;0
5;2025-11-22;14;0
5;2025-11-22;15;0
5;2025-11-22;16;0
5;2025-11-22;17;0
5;2025-11-22;18;0
5;2025-11-22;19;0
5;2025-11-22;20;0
5;2025-11-22;21;0
5;2025-11-22;22;0
5;2025-11-22;23;0
5;2025-11-23;0;0
5;2025-11-23;1;0
5;2025-11-23;2;0
5;2025-11-23;3;0
5;2025-11-23;4;0
5;2025-11-23;5;0
5;2025-11-23;6;0
5;2025-11-23;7;0
5;2025-11-23;8;0
5;2025-11-23;9;0
5;2025-11-23;10;0
5;2025-11-23;11;0
5;2025-11-23;12;0
5;2025-11-23;13;0
5;2025-11-23;14;0
5;2025-11-23;15;0
5;2025-11-23;16;0
5;2025-11-23;17;0
5;2025-11-23;18;0
5;2025-11-23;19;0
5;2025-11-23;20;0
5;2025-11-23;21;0
5;2025-11-23;22;0
5;2025-11-23;23;0
5;2025-11-24;0;0
5;2025-11-24;1;0
5;2025-11-24;2;0
5;2025-11-24;3;0
5;2025-11-24;4;0
5;2025-11-24;5;0
5;2025-11-24;6;0
5;2025-11-24;7;0
5;2025-11-24;8;0
5;2025-11-24;9;0
5;2025-11-24;10;0
5;2025-11-24;11;0
5;2025-11-24;12;0
5;2025-11-24;13;0
5;2025-11-24;14;0
5;2025-11-24;15;0
5;2025-11-24;16;0
5;2025-11-24;17;0
5;2025-11-24;18;0
5;2025-11-24;19;0
5;2025-11-24;20;0
5;2025-11-24;21;0
5;2025-11-24;22;0
5;2025-11-24;23;0
5;2025-11-25;0;0
5;2025-11-25;1;0
5;2025-11-25;2;0
5;2025-11-25;3;0
5;2025-11-25;4;0
5;2025-11-25;5;0
5;2025-11-25;6;0
5;2025-11-25;7;0
5;2025-11-25;8;0
5;2025-11-25;9;0
5;2025-11-25;10;0
5;2025-11-25;11;0
5;2025-11-25;12;0
5;2025-11-25;13;0
5;2025-11-25;14;0
5;2025-11-25;15;0
5;2025-11-25;16;0
5;2025-11-25;17;0
5;2025-11-25;18;0
5;2025-11-25;19;0
5;2025-11-25;20;0
5;2025-11-25;21;0
5;2025-11-25;22;0
5;2025-11-25;23;0
5;2025-11-26;0;0
5;2025-11-26;1;0
5;2025-11-26;2;0
5;2025-11-26;3;0
5;2025-11-26;4;0
5;2025-11-26;5;0
5;2025-11-26;6;0
5;2025-11-26;7;0
5;2025-11-26;8;0
5;2025-11-26;9;0
5;2025-11-26;10;0
5;2025-11-26;11;0
5;2025-11-26;12;0
5;2025-11-26;13;0
5;2025-11-26;14;0
5;2025-11-26;15;0
5;2025-11-26;16;0
5;2025-11-26;17;0
5;2025-11-26;18;0
5;2025-11-26;19;0
5;2025-11-26;20;0
5;2025-11-26;21;0
5;2025-11-26;22;0
5;2025-11-26;23;0
5;2025-11-27;0;0
5;2025-11-27;1;0
5;2025-11-27;2;0
5;2025-11-27;3;0
5;2025-11-27;4;0
5;2025-11-27;5;0
5;2025-11-27;6;0
5;2025-11-27;7;0
5;2025-11-27;8;0
5;2025-11-27;9;0
5;2025-11-27;10;0
5;2025-11-27;11;0
5;2025-11-27;12;0
5;2025-11-27;13;0
5;2025-11-27;14;0
5;2025-11-27;15;0
5;2025-11-27;16;0
5;2025-11-27;17;0
5;2025-11-27;18;0
5;2025-11-27;19;0
5;2025-11-27;20;0
5;2025-11-27;21;0
5;2025-11-27;22;0
5;2025-11-27;23;0
5;2025-11-28;0;0
5;2025-11-28;1;0
5;2025-11-28;2;0
5;2025-11-28;3;0
5;2025-11-28;4;0
5;2025-11-28;5;0
5;2025-11-28;6;0
5;2025-11-28;7;0
5;2025-11-28;8;0
5;2025-11-28;9;0
5;2025-11-28;10;0
5;2025-11-28;11;0
5;2025-11-28;12;0
5;2025-11-28;13;0
5;2025-11-28;14;0
5;2025-11-28;15;0
5;2025-11-28;16;0
5;2025-11-28;17;0
5;2025-11-28;18;0
5;2025-11-28;19;0
5;2025-11-28;20;0
5;2025-11-28;21;0
5;2025-11-28;22;0
5;2025-11-28;23;0
5;2025-11-29;0;0
5;2025-11-29;1;0
5;2025-11-29;2;0
5;2025-11-29;3;0
5;2025-11-29;4;0
5;2025-11-29;5;0
5;2025-11-29;6;0
5;2025-11-29;7;0
5;2025-11-29;8;0
5;2025-11-29;9;0
5;2025-11-29;10;0
5;2025-11-29;11;0
5;2025-11-29;12;0
5;2025-11-29;13;0
5;2025-11-29;14;0
5;2025-11-29;15;0
5;2025-11-29;16;0
5;2025-11-29;17;0
5;2025-11-29;18;0
5;2025-11-29;19;0
5;2025-11-29;20;0
5;2025-11-29;21;0
5;2025-11-29;22;0
5;2025-11-29;23;0
5;2025-11-30;0;0
5;2025-11-30;1;0
5;2025-11-30;2;0
5;2025-11-30;3;0
5;2025-11-30;4;0
5;2025-11-30;5;0
5;2025-11-30;6;0
5;2025-11-30;7;0
5;2025-11-30;8;0
5;2025-11-30;9;0
5;2025-11-30;10;0
5;2025-11-30;11;0
5;2025-11-30;12;0
5;2025-11-30;13;0
5;2025-11-30;14;0
5;2025-11-30;15;0
5;2025-11-30;16;0
5;2025-11-30;17;0
5;2025-11-30;18;0
5;2025-11-30;19;0
5;2025-11-30;20;0
5;2025-11-30;21;0
5;2025-11-30;22;0
5;2025-11-30;23;0
5;2025-12-01;0;0
5;2025-12-01;1;0
5;2025-12-01;2;0
5;2025-12-01;3;0
5;2025-12-01;4;0
5;2025-12-01;5;0
5;2025-12-01;6;0
5;2025-12-01;7;0
5;2025-12-01;8;0
5;2025-12-01;9;0
5;2025-12-01;10;0
5;2025-12-01;11;0
5;2025-12-01;12;0
5;2025-12-01;13;0
5;2025-12-01;14;0
5;2025-12-01;15;0
5;2025-12-01;16;0
5;2025-12-01;17;0
5;2025-12-01;18;0
5;2025-12-01;19;0
5;2025-12-01;20;0
5;2025-12-01;21;0
5;2025-12-01;22;0
5;2025-12-01;23;0
5;2025-12-02;0;0
5;2025-12-02;1;0
5;2025-12-02;2;0
5;2025-12-02;3;0
5;2025-12-02;4;0
5;2025-12-02;5;0
5;2025-12-02;6;0
5;2025-12-02;7;0
5;2025-12-02;8;0
5;2025-12-02;9;0
5;2025-12-02;10;0
5;2025-12-02;11;0
5;2025-12-02;12;0
5;2025-12-02;13;0
5;2025-12-02;14;0
5;2025-12-02;15;0
5;2025-12-02;16;0
5;2025-12-02;17;0
5;2025-12-02;18;0
5;2025-12-02;19;0
5;2025-12-02;20;0
5;2025-12-02;21;0
5;2025-12-02;22;0
5;2025-12-02;23;0
5;2025-12-03;0;0
5;2025-12-03;1;0
5;2025-12-03;2;0
5;2025-12-03;3;0
5;2025-12-03;4;0
5;2025-12-03;5;0
5;2025-12-03;6;0
5;2025-12-03;7;0
5;2025-12-03;8;0
5;2025-12-03;9;0
5;2025-12-03;10;0
5;2025-12-03;11;0
5;2025-12-03;12;0
5;2025-12-03;13;0
5;2025-12-03;14;0
5;2025-12-03;15;0
5;2025-12-03;16;0
5;2025-12-03;17;0
5;2025-12-03;18;0
5;2025-12-03;19;0
5;2025-12-03;20;0
5;2025-12-03;21;0
5;2025-12-03;22;0
5;2025-12-03;23;0
5;2025-12-04;0;0
5;2025-12-04;1;0
5;2025-12-04;2;0
5;2025-12-04;3;0
5;2025-12-04;4;0
5;2025-12-04;5;0
5;2025-12-04;6;0
5;2025-12-04;7;0
5;2025-12-04;8;0
5;2025-12-04;9;0
5;2025-12-04;10;0
5;2025-12-04;11;0
5;2025-12-04;12;0
5;2025-12-04;13;0
5;2025-12-04;14;0
5;2025-12-04;15;0
5;2025-12-04;16;0
5;2025-12-04;17;0
5;2025-12-04;18;0
5;2025-12-04;19;0
5;2025-12-04;20;0
5;2025-12-04;21;0
5;2025-12-04;22;0
5;2025-12-04;23;0
5;2025-12-05;0;0
5;2025-12-05;1;0
5;2025-12-05;2;0
5;2025-12-05;3;0
5;2025-12-05;4;0
5;2025-12-05;5;0
5;2025-12-05;6;0
5;2025-12-05;7;0
5;2025-12-05;8;0
5;2025-12-05;9;0
5;2025-12-05;10;0
5;2025-12-05;11;0
5;2025-12-05;12;0
5;2025-12-05;13;0
5;2025-12-05;14;0
5;2025-12-05;15;0
5;2025-12-05;16;0
5;2025-12-05;17;0
5;2025-12-05;18;0
5;2025-12-05;19;0
5;2025-12-05;20;0
5;2025-12-05;21;0
5;2025-12-05;22;0
5;2025-12-05;23;0
5;2025-12-06;0;0
5;2025-12-06;1;0
5;2025-12-06;2;0
5;2025-12-06;3;0
5;2025-12-06;4;0
5;2025-12-06;5;0
5;2025-12-06;6;0
5;2025-12-06;7;0
5;2025-12-06;8;0
5;2025-12-06;9;0
5;2025-12-06;10;0
5;2025-12-06;11;0
5;2025-12-06;12;0
5;2025-12-06;13;0
5;2025-12-06;14;0
5;2025-12-06;15;0
5;2025-12-06;16;0
5;2025-12-06;17;0
5;2025-12-06;18;0
5;2025-12-06;19;0
5;2025-12-06;20;0
5;2025-12-06;21;0
5;2025-12-06;22;0
5;2025-12-06;23;0
5;2025-12-07;0;0
5;2025-12-07;1;0
5;2025-12-07;2;0
5;2025-12-07;3;0
5;2025-12-07;4;0
5;2025-12-07;5;0
5;2025-12-07;6;0
5;2025-12-07;7;0
5;2025-12-07;8;0
5;2025-12-07;9;0
5;2025-12-07;10;0
5;2025-12-07;11;0
5;2025-12-07;12;0
5;2025-12-07;13;0
5;2025-12-07;14;0
5;2025-12-07;15;0
5;2025-12-07;16;0
5;2025-12-07;17;0
5;2025-12-07;18;0
5;2025-12-07;19;0
5;2025-12-07;20;0
5;2025-12-07;21;0
5;2025-12-07;22;0
5;2025-12-07;23;0
5;2025-12-08;0;0
5;2025-12-08;1;0
5;2025-12-08;2;0
5;2025-12-08;3;0
5;2025-12-08;4;0
5;2025-12-08;5;0
5;2025-12-08;6;0
5;2025-12-08;7;0
5;2025-12-08;8;0
5;2025-12-08;9;0
5;2025-12-08;10;0
5;2025-12-08;11;0
5;2025-12-08;12;0
5;2025-12-08;13;0
5;2025-12-08;14;0
5;2025-12-08;15;0
5;2025-12-08;16;0
5;2025-12-08;17;0
5;2025-12-08;18;0
5;2025-12-08;19;0
5;2025-12-08;20;0
5;2025-12-08;21;0
5;2025-12-08;22;0
5;2025-12-08;23;0
5;2025-12-09;0;0
5;2025-12-09;1;0
5;2025-12-09;2;0
5;2025-12-09;3;0
5;2025-12-09;4;0
5;2025-12-09;5;0
5;2025-12-09;6;0
5;2025-12-09;7;0
5;2025-12-09;8;0
5;2025-12-09;9;0
5;2025-12-09;10;0
5;2025-12-09;11;0
5;2025-12-09;12;0
5;2025-12-09;13;0
5;2025-12-09;14;0
5;2025-12-09;15;0
5;2025-12-09;16;0
5;2025-12-09;17;0
5;2025-12-09;18;0
5;2025-12-09;19;0
5;2025-12-09;20;0
5;2025-12-09;21;0
5;2025-12-09;22;0
5;2025-12-09;23;0
5;2025-12-10;0;0
5;2025-12-10;1;0
5;2025-12-10;2;0
5;2025-12-10;3;0
5;2025-12-10;4;0
5;2025-12-10;5;0
5;2025-12-10;6;0
5;2025-12-10;7;0
5;2025-12-10;8;0
5;2025-12-10;9;0
5;2025-12-10;10;0
5;2025-12-10;11;0
5;2025-12-10;12;0
5;2025-12-10;13;0
5;2025-12-10;14;0
5;2025-12-10;15;0
5;2025-12-10;16;0
5;2025-12-10;17;0
5;2025-12-10;18;0
5;2025-12-10;19;0
5;2025-12-10;20;0
5;2025-12-10;21;0
5;2025-12-10;22;0
5;2025-12-10;23;0
5;2025-12-11;0;0
5;2025-12-11;1;0
5;2025-12-11;2;0
5;2025-12-11;3;0
5;2025-12-11;4;0
5;2025-12-11;5;0
5;2025-12-11;6;0
5;2025-12-11;7;0
5;2025-12-11;8;0
5;2025-12-11;9;0
5;2025-12-11;10;0
5;2025-12-11;11;0
5;2025-12-11;12;0
5;2025-12-11;13;0
5;2025-12-11;14;0
5;2025-12-11;15;0
5;2025-12-11;16;0
5;2025-12-11;17;0
5;2025-12-11;18;0
5;2025-12-11;19;0
5;2025-12-11;20;0
5;2025-12-11;21;0
5;2025-12-11;22;0
5;2025-12-11;23;0
5;2025-12-12;0;0
5;2025-12-12;1;0
5;2025-12-12;2;0
5;2025-12-12;3;0
5;2025-12-12;4;0
5;2025-12-12;5;0
5;2025-12-12;6;0
5;2025-12-12;7;0
5;2025-12-12;8;0
5;2025-12-12;9;0
5;2025-12-12;10;0
5;2025-12-12;11;0
5;2025-12-12;12;0
5;2025-12-12;13;0
5;2025-12-12;14;0
5;2025-12-12;15;0
5;2025-12-12;16;0
5;2025-12-12;17;0
5;2025-12-12;18;0
5;2025-12-12;19;0
5;2025-12-12;20;0
5;2025-12-12;21;0
5;2025-12-12;22;0
5;2025-12-12;23;0
5;2025-12-13;0;0
5;2025-12-13;1;0
5;2025-12-13;2;0
5;2025-12-13;3;0
5;2025-12-13;4;0
5;2025-12-13;5;0
5;2025-12-13;6;0
5;2025-12-13;7;0
5;2025-12-13;8;0
5;2025-12-13;9;0
5;2025-12-13;10;0
5;2025-12-13;11;0
5;2025-12-13;12;0
5;2025-12-13;13;0
5;2025-12-13;14;0
5;2025-12-13;15;0
5;2025-12-13;16;0
5;2025-12-13;17;0
5;2025-12-13;18;0
5;2025-12-13;19;0
5;2025-12-13;20;0
5;2025-12-13;21;0
5;2025-12-13;22;0
5;2025-12-13;23;0
5;2025-12-14;0;0
5;2025-12-14;1;0
5;2025-12-14;2;0
5;2025-12-14;3;0
5;2025-12-14;4;0
5;2025-12-14;5;0
5;2025-12-14;6;0
5;2025-12-14;7;0
5;2025-12-14;8;0
5;2025-12-14;9;0
5;2025-12-14;10;0
5;2025-12-14;11;0
5;2025-12-14;12;0
5;2025-12-14;13;0
5;2025-12-14;14;0
5;2025-12-14;15;0
5;2025-12-14;16;0
5;2025-12-14;17;0
5;2025-12-14;18;0
5;2025-12-14;19;0
5;2025-12-14;20;0
5;2025-12-14;21;0
5;2025-12-14;22;0
5;2025-12-14;23;0
5;2025-12-15;0;0
5;2025-12-15;1;0
5;2025-12-15;2;0
5;2025-12-15;3;0
5;2025-12-15;4;0
5;2025-12-15;5;0
5;2025-12-15;6;0
5;2025-12-15;7;0
5;2025-12-15;8;0
5;2025-12-15;9;0
5;2025-12-15;10;0
5;2025-12-15;11;0
5;2025-12-15;12;0
5;2025-12-15;13;0
5;2025-12-15;14;0
5;2025-12-15;15;0
5;2025-12-15;16;0
5;2025-12-15;17;0
5;2025-12-15;18;0
5;2025-12-15;19;0
5;2025-12-15;20;0
5;2025-12-15;21;0
5;2025-12-15;22;0
5;2025-12-15;23;0
5;2025-12-16;0;0
5;2025-12-16;1;0
5;2025-12-16;2;0
5;2025-12-16;3;0
5;2025-12-16;4;0
5;2025-12-16;5;0
5;2025-12-16;6;0
5;2025-12-16;7;0
5;2025-12-16;8;0
5;2025-12-16;9;0
5;2025-12-16;10;0
5;2025-12-16;11;0
5;2025-12-16;12;0
5;2025-12-16;13;0
5;2025-12-16;14;0
5;2025-12-16;15;0
5;2025-12-16;16;0
5;2025-12-16;17;0
5;2025-12-16;18;0
5;2025-12-16;19;0
5;2025-12-16;20;0
5;2025-12-16;21;0
5;2025-12-16;22;0
5;2025-12-16;23;0
5;2025-12-17;0;0
5;2025-12-17;1;0
5;2025-12-17;2;0
5;2025-12-17;3;0
5;2025-12-17;4;0
5;2025-12-17;5;0
5;2025-12-17;6;0
5;2025-12-17;7;0
5;2025-12-17;8;0
5;2025-12-17;9;0
5;2025-12-17;10;0
5;2025-12-17;11;0
5;2025-12-17;12;0
5;2025-12-17;13;0
5;2025-12-17;14;0
5;2025-12-17;15;0
5;2025-12-17;16;0
5;2025-12-17;17;0
5;2025-12-17;18;0
5;2025-12-17;19;0
5;2025-12-17;20;0
5;2025-12-17;21;0
5;2025-12-17;22;0
5;2025-12-17;23;0
5;2025-12-18;0;0
5;2025-12-18;1;0
5;2025-12-18;2;0
5;2025-12-18;3;0
5;2025-12-18;4;0
5;2025-12-18;5;0
5;2025-12-18;6;0
5;2025-12-18;7;0
5;2025-12-18;8;0
5;2025-12-18;9;0
5;2025-12-18;10;0
5;2025-12-18;11;0
5;2025-12-18;12;0
5;2025-12-18;13;0
5;2025-12-18;14;0
5;2025-12-18;15;0
5;2025-12-18;16;0
5;2025-12-18;17;0
5;2025-12-18;18;0
5;2025-12-18;19;0
5;2025-12-18;20;0
5;2025-12-18;21;0
5;2025-12-18;22;0
5;2025-12-18;23;0
5;2025-12-19;0;0
5;2025-12-19;1;0
5;2025-12-19;2;0
5;2025-12-19;3;0
5;2025-12-19;4;0
5;2025-12-19;5;0
5;2025-12-19;6;0
5;2025-12-19;7;0
5;2025-12-19;8;0
5;2025-12-19;9;0
5;2025-12-19;10;0
5;2025-12-19;11;0
5;2025-12-19;12;0
5;2025-12-19;13;0
5;2025-12-19;14;0
5;2025-12-19;15;0
5;2025-12-19;16;0
5;2025-12-19;17;0
5;2025-12-19;18;0
5;2025-12-19;19;0
5;2025-12-19;20;0
5;2025-12-19;21;0
5;2025-12-19;22;0
5;2025-12-19;23;0
5;2025-12-20;0;0
5;2025-12-20;1;0
5;2025-12-20;2;0
5;2025-12-20;3;0
5;2025-12-20;4;0
5;2025-12-20;5;0
5;2025-12-20;6;0
5;2025-12-20;7;0
5;2025-12-20;8;0
5;2025-12-20;9;0
5;2025-12-20;10;0
5;2025-12-20;11;0
5;2025-12-20;12;0
5;2025-12-20;13;0
5;2025-12-20;14;0
5;2025-12-20;15;0
5;2025-12-20;16;0
5;2025-12-20;17;0
5;2025-12-20;18;0
5;2025-12-20;19;0
5;2025-12-20;20;0
5;2025-12-20;21;0
5;2025-12-20;22;0
5;2025-12-20;23;0
5;2025-12-21;0;0
5;2025-12-21;1;0
5;2025-12-21;2;0
5;2025-12-21;3;0
5;2025-12-21;4;0
5;2025-12-21;5;0
5;2025-12-21;6;0
5;2025-12-21;7;0
5;2025-12-21;8;0
5;2025-12-21;9;0
5;2025-12-21;10;0
5;2025-12-21;11;0
5;2025-12-21;12;0
5;2025-12-21;13;0
5;2025-12-21;14;0
5;2025-12-21;15;0
5;2025-12-21;16;0
5;2025-12-21;17;0
5;2025-12-21;18;0
5;2025-12-21;19;0
5;2025-12-21;20;0
5;2025-12-21;21;0
5;2025-12-21;22;0
5;2025-12-21;23;0
5;2025-12-22;0;0
5;2025-12-22;1;0
5;2025-12-22;2;0
5;2025-12-22;3;0
5;2025-12-22;4;0
5;2025-12-22;5;0
5;2025-12-22;6;0
5;2025-12-22;7;0
5;2025-12-22;8;0
5;2025-12-22;9;0
5;2025-12-22;10;0
5;2025-12-22;11;0
5;2025-12-22;12;0
5;2025-12-22;13;0
5;2025-12-22;14;0
5;2025-12-22;15;0
5;2025-12-22;16;0
5;2025-12-22;17;0
5;2025-12-22;18;0
5;2025-12-22;19;0
5;2025-12-22;20;0
5;2025-12-22;21;0
5;2025-12-22;22;0
5;2025-12-22;23;0
5;2025-12-23;0;0
5;2025-12-23;1;0
5;2025-12-23;2;0
5;2025-12-23;3;0
5;2025-12-23;4;0
5;2025-12-23;5;0
5;2025-12-23;6;0
5;2025-12-23;7;0
5;2025-12-23;8;0
5;2025-12-23;9;0
5;2025-12-23;10;0
5;2025-12-23;11;0
5;2025-12-23;12;0
5;2025-12-23;13;0
5;2025-12-23;14;0
5;2025-12-23;15;0
5;2025-12-23;16;0
5;2025-12-23;17;0
5;2025-12-23;18;0
5;2025-12-23;19;0
5;2025-12-23;20;0
5;2025-12-23;21;0
5;2025-12-23;22;0
5;2025-12-23;23;0
5;2025-12-24;0;0
5;2025-12-24;1;0
5;2025-12-24;2;0
5;2025-12-24;3;0
5;2025-12-24;4;0
5;2025-12-24;5;0
5;2025-12-24;6;0
5;2025-12-24;7;0
5;2025-12-24;8;0
5;2025-12-24;9;0
5;2025-12-24;10;0
5;2025-12-24;11;0
5;2025-12-24;12;0
5;2025-12-24;13;0
5;2025-12-24;14;0
5;2025-12-24;15;0
5;2025-12-24;16;0
5;2025-12-24;17;0
5;2025-12-24;18;0
5;2025-12-24;19;0
5;2025-12-24;20;0
5;2025-12-24;21;0
5;2025-12-24;22;0
5;2025-12-24;23;0
5;2025-12-25;0;0
5;2025-12-25;1;0
5;2025-12-25;2;0
5;2025-12-25;3;0
5;2025-12-25;4;0
5;2025-12-25;5;0
5;2025-12-25;6;0
5;2025-12-25;7;0
5;2025-12-25;8;0
5;2025-12-25;9;0
5;2025-12-25;10;0
5;2025-12-25;11;0
5;2025-12-25;12;0
5;2025-12-25;13;0
5;2025-12-25;14;0
5;2025-12-25;15;0
5;2025-12-25;16;0
5;2025-12-25;17;0
5;2025-12-25;18;0
5;2025-12-25;19;0
5;2025-12-25;20;0
5;2025-12-25;21;0
5;2025-12-25;22;0
5;2025-12-25;23;0
5;2025-12-26;0;0
5;2025-12-26;1;0
5;2025-12-26;2;0
5;2025-12-26;3;0
5;2025-12-26;4;0
5;2025-12-26;5;0
5;2025-12-26;6;0
5;2025-12-26;7;0
5;2025-12-26;8;0
5;2025-12-26;9;0
5;2025-12-26;10;0
5;2025-12-26;11;0
5;2025-12-26;12;0
5;2025-12-26;13;0
5;2025-12-26;14;0
5;2025-12-26;15;0
5;2025-12-26;16;0
5;2025-12-26;17;0
5;2025-12-26;18;0
5;2025-12-26;19;0
5;2025-12-26;20;0
5;2025-12-26;21;0
5;2025-12-26;22;0
5;2025-12-26;23;0
5;2025-12-27;0;0
5;2025-12-27;1;0
5;2025-12-27;2;0
5;2025-12-27;3;0
5;2025-12-27;4;0
5;2025-12-27;5;0
5;2025-12-27;6;0
5;2025-12-27;7;0
5;2025-12-27;8;0
5;2025-12-27;9;0
5;2025-12-27;10;0
5;2025-12-27;11;0
5;2025-12-27;12;0
5;2025-12-27;13;0
5;2025-12-27;14;0
5;2025-12-27;15;0
5;2025-12-27;16;0
5;2025-12-27;17;0
5;2025-12-27;18;0
5;2025-12-27;19;0
5;2025-12-27;20;0
5;2025-12-27;21;0
5;2025-12-27;22;0
5;2025-12-27;23;0
5;2025-12-28;0;0
5;2025-12-28;1;0
5;2025-12-28;2;0
5;2025-12-28;3;0
5;2025-12-28;4;0
5;2025-12-28;5;0
5;2025-12-28;6;0
5;2025-12-28;7;0
5;2025-12-28;8;0
5;2025-12-28;9;0
5;2025-12-28;10;0
5;2025-12-28;11;0
5;2025-12-28;12;0
5;2025-12-28;13;0
5;2025-12-28;14;0
5;2025-12-28;15;0
5;2025-12-28;16;0
5;2025-12-28;17;0
5;2025-12-28;18;0
5;2025-12-28;19;0
5;2025-12-28;20;0
5;2025-12-28;21;0
5;2025-12-28;22;0
5;2025-12-28;23;0
5;2025-12-29;0;0
5;2025-12-29;1;0
5;2025-12-29;2;0
5;2025-12-29;3;0
5;2025-12-29;4;0
5;2025-12-29;5;0
5;2025-12-29;6;0
5;2025-12-29;7;0
5;2025-12-29;8;0
5;2025-12-29;9;0
5;2025-12-29;10;0
5;2025-12-29;11;0
5;2025-12-29;12;0
5;2025-12-29;13;0
5;2025-12-29;14;0
5;2025-12-29;15;0
5;2025-12-29;16;0
5;2025-12-29;17;0
5;2025-12-29;18;0
5;2025-12-29;19;0
5;2025-12-29;20;0
5;2025-12-29;21;0
5;2025-12-29;22;0
5;2025-12-29;23;0
5;2025-12-30;0;0
5;2025-12-30;1;0
5;2025-12-30;2;0
5;2025-12-30;3;0
5;2025-12-30;4;0
5;2025-12-30;5;0
5;2025-12-30;6;0
5;2025-12-30;7;0
5;2025-12-30;8;0
5;2025-12-30;9;0
5;2025-12-30;10;0
5;2025-12-30;11;0
5;2025-12-30;12;0
5;2025-12-30;13;0
5;2025-12-30;14;0
5;2025-12-30;15;0
5;2025-12-30;16;0
5;2025-12-30;17;0
5;2025-12-30;18;0
5;2025-12-30;19;0
5;2025-12-30;20;0
5;2025-12-30;21;0
5;2025-12-30;22;0
5;2025-12-30;23;0
5;2025-12-31;0;0
5;2025-12-31;1;0
5;2025-12-31;2;0
5;2025-12-31;3;0
5;2025-12-31;4;0
5;2025-12-31;5;0
5;2025-12-31;6;0
5;2025-12-31;7;0
5;2025-12-31;8;0
5;2025-12-31;9;0
5;2025-12-31;10;0
5;2025-12-31;11;0
5;2025-12-31;12;0
5;2025-12-31;13;0
5;2025-12-31;14;0
5;2025-12-31;15;0
5;2025-12-31;16;0
5;2025-12-31;17;0
5;2025-12-31;18;0
5;2025-12-31;19;0
5;2025-12-31;20;0
5;2025-12-31;21;0
5;2025-12-31;22;0
5;2025-12-31;23;0
7;2025-11-01;0;122
7;2025-11-01;1;26
7;2025-11-01;2;0
7;2025-11-01;3;0
7;2025-11-01;4;2
7;2025-11-01;5;50
7;2025-11-01;6;277
7;2025-11-01;7;308
7;2025-11-01;8;713
7;2025-11-01;9;566
7;2025-11-01;10;623
7;2025-11-01;11;707
7;2025-11-01;12;972
7;2025-11-01;13;916
7;2025-11-01;14;855
7;2025-11-01;15;847
7;2025-11-01;16;844
7;2025-11-01;17;842
7;2025-11-01;18;764
7;2025-11-01;19;636
7;2025-11-01;20;564
7;2025-11-01;21;390
7;2025-11-01;22;224
7;2025-11-01;23;184
7;2025-11-02;0;104
7;2025-11-02;1;23
7;2025-11-02;2;0
7;2025-11-02;3;0
7;2025-11-02;4;1
7;2025-11-02;5;28
7;2025-11-02;6;129
7;2025-11-02;7;169
7;2025-11-02;8;391
7;2025-11-02;9;499
7;2025-11-02;10;398
7;2025-11-02;11;566
7;2025-11-02;12;630
7;2025-11-02;13;632
7;2025-11-02;14;664
7;2025-11-02;15;717
7;2025-11-02;16;607
7;2025-11-02;17;631
7;2025-11-02;18;651
7;2025-11-02;19;476
7;2025-11-02;20;393
7;2025-11-02;21;297
7;2025-11-02;22;145
7;2025-11-02;23;124
7;2025-11-03;0;95
7;2025-11-03;1;22
7;2025-11-03;2;0
7;2025-11-03;3;0
7;2025-11-03;4;1
7;2025-11-03;5;67
7;2025-11-03;6;256
7;2025-11-03;7;460
7;2025-11-03;8;697
7;2025-11-03;9;756
7;2025-11-03;10;736
7;2025-11-03;11;940
7;2025-11-03;12;1059
7;2025-11-03;13;1111
7;2025-11-03;14;1087
7;2025-11-03;15;957
7;2025-11-03;16;892
7;2025-11-03;17;826
7;2025-11-03;18;915
7;2025-11-03;19;916
7;2025-11-03;20;746
7;2025-11-03;21;553
7;2025-11-03;22;359
7;2025-11-03;23;203
7;2025-11-04;0;95
7;2025-11-04;1;22
7;2025-11-04;2;0
7;2025-11-04;3;0
7;2025-11-04;4;1
7;2025-11-04;5;67
7;2025-11-04;6;256
7;2025-11-04;7;460
7;2025-11-04;8;697
7;2025-11-04;9;756
7;2025-11-04;10;736
7;2025-11-04;11;940
7;2025-11-04;12;1059
7;2025-11-04;13;1111
7;2025-11-04;14;1087
7;2025-11-04;15;957
7;2025-11-04;16;892
7;2025-11-04;17;826
7;2025-11-04;18;915
7;2025-11-04;19;916
7;2025-11-04;20;746
7;2025-11-04;21;553
7;2025-11-04;22;359
7;2025-11-04;23;203
7;2025-11-05;0;58
7;2025-11-05;1;9
7;2025-11-05;2;0
7;2025-11-05;3;0
7;2025-11-05;4;2
7;2025-11-05;5;192
7;2025-11-05;6;606
7;2025-11-05;7;1533
7;2025-11-05;8;2423
7;2025-11-05;9;1907
7;2025-11-05;10;1766
7;2025-11-05;11;1573
7;2025-11-05;12;1818
7;2025-11-05;13;1569
7;2025-11-05;14;1595
7;2025-11-05;15;1783
7;2025-11-05;16;1899
7;2025-11-05;17;2486
7;2025-11-05;18;2516
7;2025-11-05;19;1591
7;2025-11-05;20;1025
7;2025-11-05;21;622
7;2025-11-05;22;275
7;2025-11-05;23;180
7;2025-11-06;0;60
7;2025-11-06;1;15
7;2025-11-06;2;0
7;2025-11-06;3;0
7;2025-11-06;4;1
7;2025-11-06;5;180
7;2025-11-06;6;605
7;2025-11-06;7;1557
7;2025-11-06;8;2474
7;2025-11-06;9;1824
7;2025-11-06;10;1584
7;2025-11-06;11;1552
7;2025-11-06;12;1748
7;2025-11-06;13;1531
7;2025-11-06;14;1761
7;2025-11-06;15;1747
7;2025-11-06;16;1887
7;2025-11-06;17;2268
7;2025-11-06;18;2651
7;2025-11-06;19;1605
7;2025-11-06;20;1051
7;2025-11-06;21;620
7;2025-11-06;22;293
7;2025-11-06;23;221
7;2025-11-07;0;76
7;2025-11-07;1;12
7;2025-11-07;2;0
7;2025-11-07;3;0
7;2025-11-07;4;2
7;2025-11-07;5;170
7;2025-11-07;6;589
7;2025-11-07;7;1454
7;2025-11-07;8;2209
7;2025-11-07;9;1678
7;2025-11-07;10;1725
7;2025-11-07;11;1559
7;2025-11-07;12;1634
7;2025-11-07;13;1675
7;2025-11-07;14;1674
7;2025-11-07;15;1820
7;2025-11-07;16;2038
7;2025-11-07;17;2331
7;2025-11-07;18;1955
7;2025-11-07;19;1335
7;2025-11-07;20;960
7;2025-11-07;21;580
7;2025-11-07;22;305
7;2025-11-07;23;242
7;2025-11-08;0;122
7;2025-11-08;1;26
7;2025-11-08;2;0
7;2025-11-08;3;0
7;2025-11-08;4;2
7;2025-11-08;5;50
7;2025-11-08;6;277
7;2025-11-08;7;308
7;2025-11-08;8;713
7;2025-11-08;9;566
7;2025-11-08;10;623
7;2025-11-08;11;707
7;2025-11-08;12;972
7;2025-11-08;13;916
7;2025-11-08;14;855
7;2025-11-08;15;847
7;2025-11-08;16;844
7;2025-11-08;17;842
7;2025-11-08;18;764
7;2025-11-08;19;636
7;2025-11-08;20;564
7;2025-11-08;21;390
7;2025-11-08;22;224
7;2025-11-08;23;184
7;2025-11-09;0;104
7;2025-11-09;1;23
7;2025-11-09;2;0
7;2025-11-09;3;0
7;2025-11-09;4;1
7;2025-11-09;5;28
7;2025-11-09;6;129
7;2025-11-09;7;169
7;2025-11-09;8;391
7;2025-11-09;9;499
7;2025-11-09;10;398
7;2025-11-09;11;566
7;2025-11-09;12;630
7;2025-11-09;13;632
7;2025-11-09;14;664
7;2025-11-09;15;717
7;2025-11-09;16;607
7;2025-11-09;17;631
7;2025-11-09;18;651
7;2025-11-09;19;476
7;2025-11-09;20;393
7;2025-11-09;21;297
7;2025-11-09;22;145
7;2025-11-09;23;124
7;2025-11-10;0;59
7;2025-11-10;1;11
7;2025-11-10;2;0
7;2025-11-10;3;0
7;2025-11-10;4;1
7;2025-11-10;5;183
7;2025-11-10;6;563
7;2025-11-10;7;1581
7;2025-11-10;8;2542
7;2025-11-10;9;1789
7;2025-11-10;10;1626
7;2025-11-10;11;1545
7;2025-11-10;12;1529
7;2025-11-10;13;1585
7;2025-11-10;14;1611
7;2025-11-10;15;1734
7;2025-11-10;16;1780
7;2025-11-10;17;2446
7;2025-11-10;18;2551
7;2025-11-10;19;1735
7;2025-11-10;20;1048
7;2025-11-10;21;604
7;2025-11-10;22;285
7;2025-11-10;23;147
7;2025-11-11;0;57
7;2025-11-11;1;13
7;2025-11-11;2;0
7;2025-11-11;3;0
7;2025-11-11;4;2
7;2025-11-11;5;187
7;2025-11-11;6;587
7;2025-11-11;7;1668
7;2025-11-11;8;2368
7;2025-11-11;9;1928
7;2025-11-11;10;1723
7;2025-11-11;11;1613
7;2025-11-11;12;1713
7;2025-11-11;13;1598
7;2025-11-11;14;1443
7;2025-11-11;15;1757
7;2025-11-11;16;1786
7;2025-11-11;17;2369
7;2025-11-11;18;2611
7;2025-11-11;19;1767
7;2025-11-11;20;1174
7;2025-11-11;21;685
7;2025-11-11;22;318
7;2025-11-11;23;214
7;2025-11-12;0;58
7;2025-11-12;1;9
7;2025-11-12;2;0
7;2025-11-12;3;0
7;2025-11-12;4;2
7;2025-11-12;5;192
7;2025-11-12;6;606
7;2025-11-12;7;1533
7;2025-11-12;8;2423
7;2025-11-12;9;1907
7;2025-11-12;10;1766
7;2025-11-12;11;1573
7;2025-11-12;12;1818
7;2025-11-12;13;1569
7;2025-11-12;14;1595
7;2025-11-12;15;1783
7;2025-11-12;16;1899
7;2025-11-12;17;2486
7;2025-11-12;18;2516
7;2025-11-12;19;1591
7;2025-11-12;20;1025
7;2025-11-12;21;622
7;2025-11-12;22;275
7;2025-11-12;23;180
7;2025-11-13;0;60
7;2025-11-13;1;15
7;2025-11-13;2;0
7;2025-11-13;3;0
7;2025-11-13;4;1
7;2025-11-13;5;180
7;2025-11-13;6;605
7;2025-11-13;7;1557
7;2025-11-13;8;2474
7;2025-11-13;9;1824
7;2025-11-13;10;1584
7;2025-11-13;11;1552
7;2025-11-13;12;1748
7;2025-11-13;13;1531
7;2025-11-13;14;1761
7;2025-11-13;15;1747
7;2025-11-13;16;1887
7;2025-11-13;17;2268
7;2025-11-13;18;2651
7;2025-11-13;19;1605
7;2025-11-13;20;1051
7;2025-11-13;21;620
7;2025-11-13;22;293
7;2025-11-13;23;221
7;2025-11-14;0;76
7;2025-11-14;1;12
7;2025-11-14;2;0
7;2025-11-14;3;0
7;2025-11-14;4;2
7;2025-11-14;5;170
7;2025-11-14;6;589
7;2025-11-14;7;1454
7;2025-11-14;8;2209
7;2025-11-14;9;1678
7;2025-11-14;10;1725
7;2025-11-14;11;1559
7;2025-11-14;12;1634
7;2025-11-14;13;1675
7;2025-11-14;14;1674
7;2025-11-14;15;1820
7;2025-11-14;16;2038
7;2025-11-14;17;2331
7;2025-11-14;18;1955
7;2025-11-14;19;1335
7;2025-11-14;20;960
7;2025-11-14;21;580
7;2025-11-14;22;305
7;2025-11-14;23;242
7;2025-11-15;0;122
7;2025-11-15;1;26
7;2025-11-15;2;0
7;2025-11-15;3;0
7;2025-11-15;4;2
7;2025-11-15;5;50
7;2025-11-15;6;277
7;2025-11-15;7;308
7;2025-11-15;8;713
7;2025-11-15;9;566
7;2025-11-15;10;623
7;2025-11-15;11;707
7;2025-11-15;12;972
7;2025-11-15;13;916
7;2025-11-15;14;855
7;2025-11-15;15;847
7;2025-11-15;16;844
7;2025-11-15;17;842
7;2025-11-15;18;764
7;2025-11-15;19;636
7;2025-11-15;20;564
7;2025-11-15;21;390
7;2025-11-15;22;224
7;2025-11-15;23;184
7;2025-11-16;0;104
7;2025-11-16;1;23
7;2025-11-16;2;0
7;2025-11-16;3;0
7;2025-11-16;4;1
7;2025-11-16;5;28
7;2025-11-16;6;129
7;2025-11-16;7;169
7;2025-11-16;8;391
7;2025-11-16;9;499
7;2025-11-16;10;398
7;2025-11-16;11;566
7;2025-11-16;12;630
7;2025-11-16;13;632
7;2025-11-16;14;664
7;2025-11-16;15;717
7;2025-11-16;16;607
7;2025-11-16;17;631
7;2025-11-16;18;651
7;2025-11-16;19;476
7;2025-11-16;20;393
7;2025-11-16;21;297
7;2025-11-16;22;145
7;2025-11-16;23;124
7;2025-11-17;0;59
7;2025-11-17;1;11
7;2025-11-17;2;0
7;2025-11-17;3;0
7;2025-11-17;4;1
7;2025-11-17;5;183
7;2025-11-17;6;563
7;2025-11-17;7;1581
7;2025-11-17;8;2542
7;2025-11-17;9;1789
7;2025-11-17;10;1626
7;2025-11-17;11;1545
7;2025-11-17;12;1529
7;2025-11-17;13;1585
7;2025-11-17;14;1611
7;2025-11-17;15;1734
7;2025-11-17;16;1780
7;2025-11-17;17;2446
7;2025-11-17;18;2551
7;2025-11-17;19;1735
7;2025-11-17;20;1048
7;2025-11-17;21;604
7;2025-11-17;22;285
7;2025-11-17;23;147
7;2025-11-18;0;57
7;2025-11-18;1;13
7;2025-11-18;2;0
7;2025-11-18;3;0
7;2025-11-18;4;2
7;2025-11-18;5;187
7;2025-11-18;6;587
7;2025-11-18;7;1668
7;2025-11-18;8;2368
7;2025-11-18;9;1928
7;2025-11-18;10;1723
7;2025-11-18;11;1613
7;2025-11-18;12;1713
7;2025-11-18;13;1598
7;2025-11-18;14;1443
7;2025-11-18;15;1757
7;2025-11-18;16;1786
7;2025-11-18;17;2369
7;2025-11-18;18;2611
7;2025-11-18;19;1767
7;2025-11-18;20;1174
7;2025-11-18;21;685
7;2025-11-18;22;318
7;2025-11-18;23;214
7;2025-11-19;0;58
7;2025-11-19;1;9
7;2025-11-19;2;0
7;2025-11-19;3;0
7;2025-11-19;4;2
7;2025-11-19;5;192
7;2025-11-19;6;606
7;2025-11-19;7;1533
7;2025-11-19;8;2423
7;2025-11-19;9;1907
7;2025-11-19;10;1766
7;2025-11-19;11;1573
7;2025-11-19;12;1818
7;2025-11-19;13;1569
7;2025-11-19;14;1595
7;2025-11-19;15;1783
7;2025-11-19;16;1899
7;2025-11-19;17;2486
7;2025-11-19;18;2516
7;2025-11-19;19;1591
7;2025-11-19;20;1025
7;2025-11-19;21;622
7;2025-11-19;22;275
7;2025-11-19;23;180
7;2025-11-20;0;60
7;2025-11-20;1;15
7;2025-11-20;2;0
7;2025-11-20;3;0
7;2025-11-20;4;1
7;2025-11-20;5;180
7;2025-11-20;6;605
7;2025-11-20;7;1557
7;2025-11-20;8;2474
7;2025-11-20;9;1824
7;2025-11-20;10;1584
7;2025-11-20;11;1552
7;2025-11-20;12;1748
7;2025-11-20;13;1531
7;2025-11-20;14;1761
7;2025-11-20;15;1747
7;2025-11-20;16;1887
7;2025-11-20;17;2268
7;2025-11-20;18;2651
7;2025-11-20;19;1605
7;2025-11-20;20;1051
7;2025-11-20;21;620
7;2025-11-20;22;293
7;2025-11-20;23;221
7;2025-11-21;0;76
7;2025-11-21;1;12
7;2025-11-21;2;0
7;2025-11-21;3;0
7;2025-11-21;4;2
7;2025-11-21;5;170
7;2025-11-21;6;589
7;2025-11-21;7;1454
7;2025-11-21;8;2209
7;2025-11-21;9;1678
7;2025-11-21;10;1725
7;2025-11-21;11;1559
7;2025-11-21;12;1634
7;2025-11-21;13;1675
7;2025-11-21;14;1674
7;2025-11-21;15;1820
7;2025-11-21;16;2038
7;2025-11-21;17;2331
7;2025-11-21;18;1955
7;2025-11-21;19;1335
7;2025-11-21;20;960
7;2025-11-21;21;580
7;2025-11-21;22;305
7;2025-11-21;23;242
7;2025-11-22;0;122
7;2025-11-22;1;26
7;2025-11-22;2;0
7;2025-11-22;3;0
7;2025-11-22;4;2
7;2025-11-22;5;50
7;2025-11-22;6;277
7;2025-11-22;7;308
7;2025-11-22;8;713
7;2025-11-22;9;566
7;2025-11-22;10;623
7;2025-11-22;11;707
7;2025-11-22;12;972
7;2025-11-22;13;916
7;2025-11-22;14;855
7;2025-11-22;15;847
7;2025-11-22;16;844
7;2025-11-22;17;842
7;2025-11-22;18;764
7;2025-11-22;19;636
7;2025-11-22;20;564
7;2025-11-22;21;390
7;2025-11-22;22;224
7;2025-11-22;23;184
7;2025-11-23;0;104
7;2025-11-23;1;23
7;2025-11-23;2;0
7;2025-11-23;3;0
7;2025-11-23;4;1
7;2025-11-23;5;28
7;2025-11-23;6;129
7;2025-11-23;7;169
7;2025-11-23;8;391
7;2025-11-23;9;499
7;2025-11-23;10;398
7;2025-11-23;11;566
7;2025-11-23;12;630
7;2025-11-23;13;632
7;2025-11-23;14;664
7;2025-11-23;15;717
7;2025-11-23;16;607
7;2025-11-23;17;631
7;2025-11-23;18;651
7;2025-11-23;19;476
7;2025-11-23;20;393
7;2025-11-23;21;297
7;2025-11-23;22;145
7;2025-11-23;23;124
7;2025-11-24;0;59
7;2025-11-24;1;11
7;2025-11-24;2;0
7;2025-11-24;3;0
7;2025-11-24;4;1
7;2025-11-24;5;183
7;2025-11-24;6;563
7;2025-11-24;7;1581
7;2025-11-24;8;2542
7;2025-11-24;9;1789
7;2025-11-24;10;1626
7;2025-11-24;11;1545
7;2025-11-24;12;1529
7;2025-11-24;13;1585
7;2025-11-24;14;1611
7;2025-11-24;15;1734
7;2025-11-24;16;1780
7;2025-11-24;17;2446
7;2025-11-24;18;2551
7;2025-11-24;19;1735
7;2025-11-24;20;1048
7;2025-11-24;21;604
7;2025-11-24;22;285
7;2025-11-24;23;147
7;2025-11-25;0;57
7;2025-11-25;1;13
7;2025-11-25;2;0
7;2025-11-25;3;0
7;2025-11-25;4;2
7;2025-11-25;5;187
7;2025-11-25;6;587
7;2025-11-25;7;1668
7;2025-11-25;8;2368
7;2025-11-25;9;1928
7;2025-11-25;10;1723
7;2025-11-25;11;1613
7;2025-11-25;12;1713
7;2025-11-25;13;1598
7;2025-11-25;14;1443
7;2025-11-25;15;1757
7;2025-11-25;16;1786
7;2025-11-25;17;2369
7;2025-11-25;18;2611
7;2025-11-25;19;1767
7;2025-11-25;20;1174
7;2025-11-25;21;685
7;2025-11-25;22;318
7;2025-11-25;23;214
7;2025-11-26;0;58
7;2025-11-26;1;9
7;2025-11-26;2;0
7;2025-11-26;3;0
7;2025-11-26;4;2
7;2025-11-26;5;192
7;2025-11-26;6;606
7;2025-11-26;7;1533
7;2025-11-26;8;2423
7;2025-11-26;9;1907
7;2025-11-26;10;1766
7;2025-11-26;11;1573
7;2025-11-26;12;1818
7;2025-11-26;13;1569
7;2025-11-26;14;1595
7;2025-11-26;15;1783
7;2025-11-26;16;1899
7;2025-11-26;17;2486
7;2025-11-26;18;2516
7;2025-11-26;19;1591
7;2025-11-26;20;1025
7;2025-11-26;21;622
7;2025-11-26;22;275
7;2025-11-26;23;180
7;2025-11-27;0;60
7;2025-11-27;1;15
7;2025-11-27;2;0
7;2025-11-27;3;0
7;2025-11-27;4;1
7;2025-11-27;5;180
7;2025-11-27;6;605
7;2025-11-27;7;1557
7;2025-11-27;8;2474
7;2025-11-27;9;1824
7;2025-11-27;10;1584
7;2025-11-27;11;1552
7;2025-11-27;12;1748
7;2025-11-27;13;1531
7;2025-11-27;14;1761
7;2025-11-27;15;1747
7;2025-11-27;16;1887
7;2025-11-27;17;2268
7;2025-11-27;18;2651
7;2025-11-27;19;1605
7;2025-11-27;20;1051
7;2025-11-27;21;620
7;2025-11-27;22;293
7;2025-11-27;23;221
7;2025-11-28;0;76
7;2025-11-28;1;12
7;2025-11-28;2;0
7;2025-11-28;3;0
7;2025-11-28;4;2
7;2025-11-28;5;170
7;2025-11-28;6;589
7;2025-11-28;7;1454
7;2025-11-28;8;2209
7;2025-11-28;9;1678
7;2025-11-28;10;1725
7;2025-11-28;11;1559
7;2025-11-28;12;1634
7;2025-11-28;13;1675
7;2025-11-28;14;1674
7;2025-11-28;15;1820
7;2025-11-28;16;2038
7;2025-11-28;17;2331
7;2025-11-28;18;1955
7;2025-11-28;19;1335
7;2025-11-28;20;960
7;2025-11-28;21;580
7;2025-11-28;22;305
7;2025-11-28;23;242
7;2025-11-29;0;122
7;2025-11-29;1;26
7;2025-11-29;2;0
7;2025-11-29;3;0
7;2025-11-29;4;2
7;2025-11-29;5;50
7;2025-11-29;6;277
7;2025-11-29;7;308
7;2025-11-29;8;713
7;2025-11-29;9;566
7;2025-11-29;10;623
7;2025-11-29;11;707
7;2025-11-29;12;972
7;2025-11-29;13;916
7;2025-11-29;14;855
7;2025-11-29;15;847
7;2025-11-29;16;844
7;2025-11-29;17;842
7;2025-11-29;18;764
7;2025-11-29;19;636
7;2025-11-29;20;564
7;2025-11-29;21;390
7;2025-11-29;22;224
7;2025-11-29;23;184
7;2025-11-30;0;104
7;2025-11-30;1;23
7;2025-11-30;2;0
7;2025-11-30;3;0
7;2025-11-30;4;1
7;2025-11-30;5;28
7;2025-11-30;6;129
7;2025-11-30;7;169
7;2025-11-30;8;391
7;2025-11-30;9;499
7;2025-11-30;10;398
7;2025-11-30;11;566
7;2025-11-30;12;630
7;2025-11-30;13;632
7;2025-11-30;14;664
7;2025-11-30;15;717
7;2025-11-30;16;607
7;2025-11-30;17;631
7;2025-11-30;18;651
7;2025-11-30;19;476
7;2025-11-30;20;393
7;2025-11-30;21;297
7;2025-11-30;22;145
7;2025-11-30;23;124
7;2025-12-01;0;59
7;2025-12-01;1;11
7;2025-12-01;2;0
7;2025-12-01;3;0
7;2025-12-01;4;1
7;2025-12-01;5;183
7;2025-12-01;6;563
7;2025-12-01;7;1581
7;2025-12-01;8;2542
7;2025-12-01;9;1789
7;2025-12-01;10;1626
7;2025-12-01;11;1545
7;2025-12-01;12;1529
7;2025-12-01;13;1585
7;2025-12-01;14;1611
7;2025-12-01;15;1734
7;2025-12-01;16;1780
7;2025-12-01;17;2446
7;2025-12-01;18;2551
7;2025-12-01;19;1735
7;2025-12-01;20;1048
7;2025-12-01;21;604
7;2025-12-01;22;285
7;2025-12-01;23;147
7;2025-12-02;0;57
7;2025-12-02;1;13
7;2025-12-02;2;0
7;2025-12-02;3;0
7;2025-12-02;4;2
7;2025-12-02;5;187
7;2025-12-02;6;587
7;2025-12-02;7;1668
7;2025-12-02;8;2368
7;2025-12-02;9;1928
7;2025-12-02;10;1723
7;2025-12-02;11;1613
7;2025-12-02;12;1713
7;2025-12-02;13;1598
7;2025-12-02;14;1443
7;2025-12-02;15;1757
7;2025-12-02;16;1786
7;2025-12-02;17;2369
7;2025-12-02;18;2611
7;2025-12-02;19;1767
7;2025-12-02;20;1174
7;2025-12-02;21;685
7;2025-12-02;22;318
7;2025-12-02;23;214
7;2025-12-03;0;58
7;2025-12-03;1;9
7;2025-12-03;2;0
7;2025-12-03;3;0
7;2025-12-03;4;2
7;2025-12-03;5;192
7;2025-12-03;6;606
7;2025-12-03;7;1533
7;2025-12-03;8;2423
7;2025-12-03;9;1907
7;2025-12-03;10;1766
7;2025-12-03;11;1573
7;2025-12-03;12;1818
7;2025-12-03;13;1569
7;2025-12-03;14;1595
7;2025-12-03;15;1783
7;2025-12-03;16;1899
7;2025-12-03;17;2486
7;2025-12-03;18;2516
7;2025-12-03;19;1591
7;2025-12-03;20;1025
7;2025-12-03;21;622
7;2025-12-03;22;275
7;2025-12-03;23;180
7;2025-12-04;0;60
7;2025-12-04;1;15
7;2025-12-04;2;0
7;2025-12-04;3;0
7;2025-12-04;4;1
7;2025-12-04;5;180
7;2025-12-04;6;605
7;2025-12-04;7;1557
7;2025-12-04;8;2474
7;2025-12-04;9;1824
7;2025-12-04;10;1584
7;2025-12-04;11;1552
7;2025-12-04;12;1748
7;2025-12-04;13;1531
7;2025-12-04;14;1761
7;2025-12-04;15;1747
7;2025-12-04;16;1887
7;2025-12-04;17;2268
7;2025-12-04;18;2651
7;2025-12-04;19;1605
7;2025-12-04;20;1051
7;2025-12-04;21;620
7;2025-12-04;22;293
7;2025-12-04;23;221
7;2025-12-05;0;76
7;2025-12-05;1;12
7;2025-12-05;2;0
7;2025-12-05;3;0
7;2025-12-05;4;2
7;2025-12-05;5;170
7;2025-12-05;6;589
7;2025-12-05;7;1454
7;2025-12-05;8;2209
7;2025-12-05;9;1678
7;2025-12-05;10;1725
7;2025-12-05;11;1559
7;2025-12-05;12;1634
7;2025-12-05;13;1675
7;2025-12-05;14;1674
7;2025-12-05;15;1820
7;2025-12-05;16;2038
7;2025-12-05;17;2331
7;2025-12-05;18;1955
7;2025-12-05;19;1335
7;2025-12-05;20;960
7;2025-12-05;21;580
7;2025-12-05;22;305
7;2025-12-05;23;242
7;2025-12-06;0;122
7;2025-12-06;1;26
7;2025-12-06;2;0
7;2025-12-06;3;0
7;2025-12-06;4;2
7;2025-12-06;5;50
7;2025-12-06;6;277
7;2025-12-06;7;308
7;2025-12-06;8;713
7;2025-12-06;9;566
7;2025-12-06;10;623
7;2025-12-06;11;707
7;2025-12-06;12;972
7;2025-12-06;13;916
7;2025-12-06;14;855
7;2025-12-06;15;847
7;2025-12-06;16;844
7;2025-12-06;17;842
7;2025-12-06;18;764
7;2025-12-06;19;636
7;2025-12-06;20;564
7;2025-12-06;21;390
7;2025-12-06;22;224
7;2025-12-06;23;184
7;2025-12-07;0;104
7;2025-12-07;1;23
7;2025-12-07;2;0
7;2025-12-07;3;0
7;2025-12-07;4;1
7;2025-12-07;5;28
7;2025-12-07;6;129
7;2025-12-07;7;169
7;2025-12-07;8;391
7;2025-12-07;9;499
7;2025-12-07;10;398
7;2025-12-07;11;566
7;2025-12-07;12;630
7;2025-12-07;13;632
7;2025-12-07;14;664
7;2025-12-07;15;717
7;2025-12-07;16;607
7;2025-12-07;17;631
7;2025-12-07;18;651
7;2025-12-07;19;476
7;2025-12-07;20;393
7;2025-12-07;21;297
7;2025-12-07;22;145
7;2025-12-07;23;124
7;2025-12-08;0;59
7;2025-12-08;1;11
7;2025-12-08;2;0
7;2025-12-08;3;0
7;2025-12-08;4;1
7;2025-12-08;5;183
7;2025-12-08;6;563
7;2025-12-08;7;1581
7;2025-12-08;8;2542
7;2025-12-08;9;1789
7;2025-12-08;10;1626
7;2025-12-08;11;1545
7;2025-12-08;12;1529
7;2025-12-08;13;1585
7;2025-12-08;14;1611
7;2025-12-08;15;1734
7;2025-12-08;16;1780
7;2025-12-08;17;2446
7;2025-12-08;18;2551
7;2025-12-08;19;1735
7;2025-12-08;20;1048
7;2025-12-08;21;604
7;2025-12-08;22;285
7;2025-12-08;23;147
7;2025-12-09;0;57
7;2025-12-09;1;13
7;2025-12-09;2;0
7;2025-12-09;3;0
7;2025-12-09;4;2
7;2025-12-09;5;187
7;2025-12-09;6;587
7;2025-12-09;7;1668
7;2025-12-09;8;2368
7;2025-12-09;9;1928
7;2025-12-09;10;1723
7;2025-12-09;11;1613
7;2025-12-09;12;1713
7;2025-12-09;13;1598
7;2025-12-09;14;1443
7;2025-12-09;15;1757
7;2025-12-09;16;1786
7;2025-12-09;17;2369
7;2025-12-09;18;2611
7;2025-12-09;19;1767
7;2025-12-09;20;1174
7;2025-12-09;21;685
7;2025-12-09;22;318
7;2025-12-09;23;214
7;2025-12-10;0;58
7;2025-12-10;1;9
7;2025-12-10;2;0
7;2025-12-10;3;0
7;2025-12-10;4;2
7;2025-12-10;5;192
7;2025-12-10;6;606
7;2025-12-10;7;1533
7;2025-12-10;8;2423
7;2025-12-10;9;1907
7;2025-12-10;10;1766
7;2025-12-10;11;1573
7;2025-12-10;12;1818
7;2025-12-10;13;1569
7;2025-12-10;14;1595
7;2025-12-10;15;1783
7;2025-12-10;16;1899
7;2025-12-10;17;2486
7;2025-12-10;18;2516
7;2025-12-10;19;1591
7;2025-12-10;20;1025
7;2025-12-10;21;622
7;2025-12-10;22;275
7;2025-12-10;23;180
7;2025-12-11;0;60
7;2025-12-11;1;15
7;2025-12-11;2;0
7;2025-12-11;3;0
7;2025-12-11;4;1
7;2025-12-11;5;180
7;2025-12-11;6;605
7;2025-12-11;7;1557
7;2025-12-11;8;2474
7;2025-12-11;9;1824
7;2025-12-11;10;1584
7;2025-12-11;11;1552
7;2025-12-11;12;1748
7;2025-12-11;13;1531
7;2025-12-11;14;1761
7;2025-12-11;15;1747
7;2025-12-11;16;1887
7;2025-12-11;17;2268
7;2025-12-11;18;2651
7;2025-12-11;19;1605
7;2025-12-11;20;1051
7;2025-12-11;21;620
7;2025-12-11;22;293
7;2025-12-11;23;221
7;2025-12-12;0;76
7;2025-12-12;1;12
7;2025-12-12;2;0
7;2025-12-12;3;0
7;2025-12-12;4;2
7;2025-12-12;5;170
7;2025-12-12;6;589
7;2025-12-12;7;1454
7;2025-12-12;8;2209
7;2025-12-12;9;1678
7;2025-12-12;10;1725
7;2025-12-12;11;1559
7;2025-12-12;12;1634
7;2025-12-12;13;1675
7;2025-12-12;14;1674
7;2025-12-12;15;1820
7;2025-12-12;16;2038
7;2025-12-12;17;2331
7;2025-12-12;18;1955
7;2025-12-12;19;1335
7;2025-12-12;20;960
7;2025-12-12;21;580
7;2025-12-12;22;305
7;2025-12-12;23;242
7;2025-12-13;0;122
7;2025-12-13;1;26
7;2025-12-13;2;0
7;2025-12-13;3;0
7;2025-12-13;4;2
7;2025-12-13;5;50
7;2025-12-13;6;277
7;2025-12-13;7;308
7;2025-12-13;8;713
7;2025-12-13;9;566
7;2025-12-13;10;623
7;2025-12-13;11;707
7;2025-12-13;12;972
7;2025-12-13;13;916
7;2025-12-13;14;855
7;2025-12-13;15;847
7;2025-12-13;16;844
7;2025-12-13;17;842
7;2025-12-13;18;764
7;2025-12-13;19;636
7;2025-12-13;20;564
7;2025-12-13;21;390
7;2025-12-13;22;224
7;2025-12-13;23;184
7;2025-12-14;0;104
7;2025-12-14;1;23
7;2025-12-14;2;0
7;2025-12-14;3;0
7;2025-12-14;4;1
7;2025-12-14;5;28
7;2025-12-14;6;129
7;2025-12-14;7;169
7;2025-12-14;8;391
7;2025-12-14;9;499
7;2025-12-14;10;398
7;2025-12-14;11;566
7;2025-12-14;12;630
7;2025-12-14;13;632
7;2025-12-14;14;664
7;2025-12-14;15;717
7;2025-12-14;16;607
7;2025-12-14;17;631
7;2025-12-14;18;651
7;2025-12-14;19;476
7;2025-12-14;20;393
7;2025-12-14;21;297
7;2025-12-14;22;145
7;2025-12-14;23;124
7;2025-12-15;0;59
7;2025-12-15;1;11
7;2025-12-15;2;0
7;2025-12-15;3;0
7;2025-12-15;4;1
7;2025-12-15;5;183
7;2025-12-15;6;563
7;2025-12-15;7;1581
7;2025-12-15;8;2542
7;2025-12-15;9;1789
7;2025-12-15;10;1626
7;2025-12-15;11;1545
7;2025-12-15;12;1529
7;2025-12-15;13;1585
7;2025-12-15;14;1611
7;2025-12-15;15;1734
7;2025-12-15;16;1780
7;2025-12-15;17;2446
7;2025-12-15;18;2551
7;2025-12-15;19;1735
7;2025-12-15;20;1048
7;2025-12-15;21;604
7;2025-12-15;22;285
7;2025-12-15;23;147
7;2025-12-16;0;57
7;2025-12-16;1;13
7;2025-12-16;2;0
7;2025-12-16;3;0
7;2025-12-16;4;2
7;2025-12-16;5;187
7;2025-12-16;6;587
7;2025-12-16;7;1668
7;2025-12-16;8;2368
7;2025-12-16;9;1928
7;2025-12-16;10;1723
7;2025-12-16;11;1613
7;2025-12-16;12;1713
7;2025-12-16;13;1598
7;2025-12-16;14;1443
7;2025-12-16;15;1757
7;2025-12-16;16;1786
7;2025-12-16;17;2369
7;2025-12-16;18;2611
7;2025-12-16;19;1767
7;2025-12-16;20;1174
7;2025-12-16;21;685
7;2025-12-16;22;318
7;2025-12-16;23;214
7;2025-12-17;0;58
7;2025-12-17;1;9
7;2025-12-17;2;0
7;2025-12-17;3;0
7;2025-12-17;4;2
7;2025-12-17;5;192
7;2025-12-17;6;606
7;2025-12-17;7;1533
7;2025-12-17;8;2423
7;2025-12-17;9;1907
7;2025-12-17;10;1766
7;2025-12-17;11;1573
7;2025-12-17;12;1818
7;2025-12-17;13;1569
7;2025-12-17;14;1595
7;2025-12-17;15;1783
7;2025-12-17;16;1899
7;2025-12-17;17;2486
7;2025-12-17;18;2516
7;2025-12-17;19;1591
7;2025-12-17;20;1025
7;2025-12-17;21;622
7;2025-12-17;22;275
7;2025-12-17;23;180
7;2025-12-18;0;60
7;2025-12-18;1;15
7;2025-12-18;2;0
7;2025-12-18;3;0
7;2025-12-18;4;1
7;2025-12-18;5;180
7;2025-12-18;6;605
7;2025-12-18;7;1557
7;2025-12-18;8;2474
7;2025-12-18;9;1824
7;2025-12-18;10;1584
7;2025-12-18;11;1552
7;2025-12-18;12;1748
7;2025-12-18;13;1531
7;2025-12-18;14;1761
7;2025-12-18;15;1747
7;2025-12-18;16;1887
7;2025-12-18;17;2268
7;2025-12-18;18;2651
7;2025-12-18;19;1605
7;2025-12-18;20;1051
7;2025-12-18;21;620
7;2025-12-18;22;293
7;2025-12-18;23;221
7;2025-12-19;0;76
7;2025-12-19;1;12
7;2025-12-19;2;0
7;2025-12-19;3;0
7;2025-12-19;4;2
7;2025-12-19;5;170
7;2025-12-19;6;589
7;2025-12-19;7;1454
7;2025-12-19;8;2209
7;2025-12-19;9;1678
7;2025-12-19;10;1725
7;2025-12-19;11;1559
7;2025-12-19;12;1634
7;2025-12-19;13;1675
7;2025-12-19;14;1674
7;2025-12-19;15;1820
7;2025-12-19;16;2038
7;2025-12-19;17;2331
7;2025-12-19;18;1955
7;2025-12-19;19;1335
7;2025-12-19;20;960
7;2025-12-19;21;580
7;2025-12-19;22;305
7;2025-12-19;23;242
7;2025-12-20;0;122
7;2025-12-20;1;26
7;2025-12-20;2;0
7;2025-12-20;3;0
7;2025-12-20;4;2
7;2025-12-20;5;50
7;2025-12-20;6;277
7;2025-12-20;7;308
7;2025-12-20;8;713
7;2025-12-20;9;566
7;2025-12-20;10;623
7;2025-12-20;11;707
7;2025-12-20;12;972
7;2025-12-20;13;916
7;2025-12-20;14;855
7;2025-12-20;15;847
7;2025-12-20;16;844
7;2025-12-20;17;842
7;2025-12-20;18;764
7;2025-12-20;19;636
7;2025-12-20;20;564
7;2025-12-20;21;390
7;2025-12-20;22;224
7;2025-12-20;23;184
7;2025-12-21;0;104
7;2025-12-21;1;23
7;2025-12-21;2;0
7;2025-12-21;3;0
7;2025-12-21;4;1
7;2025-12-21;5;28
7;2025-12-21;6;129
7;2025-12-21;7;169
7;2025-12-21;8;391
7;2025-12-21;9;499
7;2025-12-21;10;398
7;2025-12-21;11;566
7;2025-12-21;12;630
7;2025-12-21;13;632
7;2025-12-21;14;664
7;2025-12-21;15;717
7;2025-12-21;16;607
7;2025-12-21;17;631
7;2025-12-21;18;651
7;2025-12-21;19;476
7;2025-12-21;20;393
7;2025-12-21;21;297
7;2025-12-21;22;145
7;2025-12-21;23;124
7;2025-12-22;0;59
7;2025-12-22;1;11
7;2025-12-22;2;0
7;2025-12-22;3;0
7;2025-12-22;4;1
7;2025-12-22;5;183
7;2025-12-22;6;563
7;2025-12-22;7;1581
7;2025-12-22;8;2542
7;2025-12-22;9;1789
7;2025-12-22;10;1626
7;2025-12-22;11;1545
7;2025-12-22;12;1529
7;2025-12-22;13;1585
7;2025-12-22;14;1611
7;2025-12-22;15;1734
7;2025-12-22;16;1780
7;2025-12-22;17;2446
7;2025-12-22;18;2551
7;2025-12-22;19;1735
7;2025-12-22;20;1048
7;2025-12-22;21;604
7;2025-12-22;22;285
7;2025-12-22;23;147
7;2025-12-23;0;57
7;2025-12-23;1;13
7;2025-12-23;2;0
7;2025-12-23;3;0
7;2025-12-23;4;2
7;2025-12-23;5;187
7;2025-12-23;6;587
7;2025-12-23;7;1668
7;2025-12-23;8;2368
7;2025-12-23;9;1928
7;2025-12-23;10;1723
7;2025-12-23;11;1613
7;2025-12-23;12;1713
7;2025-12-23;13;1598
7;2025-12-23;14;1443
7;2025-12-23;15;1757
7;2025-12-23;16;1786
7;2025-12-23;17;2369
7;2025-12-23;18;2611
7;2025-12-23;19;1767
7;2025-12-23;20;1174
7;2025-12-23;21;685
7;2025-12-23;22;318
7;2025-12-23;23;214
7;2025-12-24;0;58
7;2025-12-24;1;9
7;2025-12-24;2;0
7;2025-12-24;3;0
7;2025-12-24;4;2
7;2025-12-24;5;192
7;2025-12-24;6;606
7;2025-12-24;7;1533
7;2025-12-24;8;2423
7;2025-12-24;9;1907
7;2025-12-24;10;1766
7;2025-12-24;11;1573
7;2025-12-24;12;1818
7;2025-12-24;13;1569
7;2025-12-24;14;1595
7;2025-12-24;15;1783
7;2025-12-24;16;1899
7;2025-12-24;17;2486
7;2025-12-24;18;2516
7;2025-12-24;19;1591
7;2025-12-24;20;1025
7;2025-12-24;21;622
7;2025-12-24;22;275
7;2025-12-24;23;180
7;2025-12-25;0;60
7;2025-12-25;1;15
7;2025-12-25;2;0
7;2025-12-25;3;0
7;2025-12-25;4;1
7;2025-12-25;5;180
7;2025-12-25;6;605
7;2025-12-25;7;1557
7;2025-12-25;8;2474
7;2025-12-25;9;1824
7;2025-12-25;10;1584
7;2025-12-25;11;1552
7;2025-12-25;12;1748
7;2025-12-25;13;1531
7;2025-12-25;14;1761
7;2025-12-25;15;1747
7;2025-12-25;16;1887
7;2025-12-25;17;2268
7;2025-12-25;18;2651
7;2025-12-25;19;1605
7;2025-12-25;20;1051
7;2025-12-25;21;620
7;2025-12-25;22;293
7;2025-12-25;23;221
7;2025-12-26;0;76
7;2025-12-26;1;12
7;2025-12-26;2;0
7;2025-12-26;3;0
7;2025-12-26;4;2
7;2025-12-26;5;170
7;2025-12-26;6;589
7;2025-12-26;7;1454
7;2025-12-26;8;2209
7;2025-12-26;9;1678
7;2025-12-26;10;1725
7;2025-12-26;11;1559
7;2025-12-26;12;1634
7;2025-12-26;13;1675
7;2025-12-26;14;1674
7;2025-12-26;15;1820
7;2025-12-26;16;2038
7;2025-12-26;17;2331
7;2025-12-26;18;1955
7;2025-12-26;19;1335
7;2025-12-26;20;960
7;2025-12-26;21;580
7;2025-12-26;22;305
7;2025-12-26;23;242
7;2025-12-27;0;122
7;2025-12-27;1;26
7;2025-12-27;2;0
7;2025-12-27;3;0
7;2025-12-27;4;2
7;2025-12-27;5;50
7;2025-12-27;6;277
7;2025-12-27;7;308
7;2025-12-27;8;713
7;2025-12-27;9;566
7;2025-12-27;10;623
7;2025-12-27;11;707
7;2025-12-27;12;972
7;2025-12-27;13;916
7;2025-12-27;14;855
7;2025-12-27;15;847
7;2025-12-27;16;844
7;2025-12-27;17;842
7;2025-12-27;18;764
7;2025-12-27;19;636
7;2025-12-27;20;564
7;2025-12-27;21;390
7;2025-12-27;22;224
7;2025-12-27;23;184
7;2025-12-28;0;104
7;2025-12-28;1;23
7;2025-12-28;2;0
7;2025-12-28;3;0
7;2025-12-28;4;1
7;2025-12-28;5;28
7;2025-12-28;6;129
7;2025-12-28;7;169
7;2025-12-28;8;391
7;2025-12-28;9;499
7;2025-12-28;10;398
7;2025-12-28;11;566
7;2025-12-28;12;630
7;2025-12-28;13;632
7;2025-12-28;14;664
7;2025-12-28;15;717
7;2025-12-28;16;607
7;2025-12-28;17;631
7;2025-12-28;18;651
7;2025-12-28;19;476
7;2025-12-28;20;393
7;2025-12-28;21;297
7;2025-12-28;22;145
7;2025-12-28;23;124
7;2025-12-29;0;59
7;2025-12-29;1;11
7;2025-12-29;2;0
7;2025-12-29;3;0
7;2025-12-29;4;1
7;2025-12-29;5;183
7;2025-12-29;6;563
7;2025-12-29;7;1581
7;2025-12-29;8;2542
7;2025-12-29;9;1789
7;2025-12-29;10;1626
7;2025-12-29;11;1545
7;2025-12-29;12;1529
7;2025-12-29;13;1585
7;2025-12-29;14;1611
7;2025-12-29;15;1734
7;2025-12-29;16;1780
7;2025-12-29;17;2446
7;2025-12-29;18;2551
7;2025-12-29;19;1735
7;2025-12-29;20;1048
7;2025-12-29;21;604
7;2025-12-29;22;285
7;2025-12-29;23;147
7;2025-12-30;0;57
7;2025-12-30;1;13
7;2025-12-30;2;0
7;2025-12-30;3;0
7;2025-12-30;4;2
7;2025-12-30;5;187
7;2025-12-30;6;587
7;2025-12-30;7;1668
7;2025-12-30;8;2368
7;2025-12-30;9;1928
7;2025-12-30;10;1723
7;2025-12-30;11;1613
7;2025-12-30;12;1713
7;2025-12-30;13;1598
7;2025-12-30;14;1443
7;2025-12-30;15;1757
7;2025-12-30;16;1786
7;2025-12-30;17;2369
7;2025-12-30;18;2611
7;2025-12-30;19;1767
7;2025-12-30;20;1174
7;2025-12-30;21;685
7;2025-12-30;22;318
7;2025-12-30;23;214
7;2025-12-31;0;95
7;2025-12-31;1;22
7;2025-12-31;2;0
7;2025-12-31;3;0
7;2025-12-31;4;1
7;2025-12-31;5;67
7;2025-12-31;6;256
7;2025-12-31;7;460
7;2025-12-31;8;697
7;2025-12-31;9;756
7;2025-12-31;10;736
7;2025-12-31;11;940
7;2025-12-31;12;1059
7;2025-12-31;13;1111
7;2025-12-31;14;1087
7;2025-12-31;15;957
7;2025-12-31;16;892
7;2025-12-31;17;826
7;2025-12-31;18;915
7;2025-12-31;19;916
7;2025-12-31;20;746
7;2025-12-31;21;553
7;2025-12-31;22;359
7;2025-12-31;23;203
11;2025-11-01;0;107
11;2025-11-01;1;2
11;2025-11-01;2;0
11;2025-11-01;3;0
11;2025-11-01;4;0
11;2025-11-01;5;165
11;2025-11-01;6;817
11;2025-11-01;7;765
11;2025-11-01;8;1039
11;2025-11-01;9;1171
11;2025-11-01;10;1383
11;2025-11-01;11;1700
11;2025-11-01;12;1937
11;2025-11-01;13;1785
11;2025-11-01;14;2042
11;2025-11-01;15;1913
11;2025-11-01;16;1746
11;2025-11-01;17;1876
11;2025-11-01;18;1486
11;2025-11-01;19;1452
11;2025-11-01;20;965
11;2025-11-01;21;710
11;2025-11-01;22;405
11;2025-11-01;23;276
11;2025-11-02;0;112
11;2025-11-02;1;15
11;2025-11-02;2;0
11;2025-11-02;3;0
11;2025-11-02;4;0
11;2025-11-02;5;103
11;2025-11-02;6;485
11;2025-11-02;7;477
11;2025-11-02;8;670
11;2025-11-02;9;918
11;2025-11-02;10;1022
11;2025-11-02;11;1490
11;2025-11-02;12;1586
11;2025-11-02;13;1515
11;2025-11-02;14;1627
11;2025-11-02;15;1559
11;2025-11-02;16;1518
11;2025-11-02;17;1678
11;2025-11-02;18;1199
11;2025-11-02;19;992
11;2025-11-02;20;743
11;2025-11-02;21;588
11;2025-11-02;22;342
11;2025-11-02;23;240
11;2025-11-03;0;96
11;2025-11-03;1;7
11;2025-11-03;2;0
11;2025-11-03;3;0
11;2025-11-03;4;3
11;2025-11-03;5;214
11;2025-11-03;6;731
11;2025-11-03;7;619
11;2025-11-03;8;739
11;2025-11-03;9;861
11;2025-11-03;10;963
11;2025-11-03;11;1271
11;2025-11-03;12;1412
11;2025-11-03;13;1301
11;2025-11-03;14;1445
11;2025-11-03;15;1448
11;2025-11-03;16;1328
11;2025-11-03;17;1373
11;2025-11-03;18;1332
11;2025-11-03;19;1336
11;2025-11-03;20;1228
11;2025-11-03;21;892
11;2025-11-03;22;532
11;2025-11-03;23;326
11;2025-11-04;0;96
11;2025-11-04;1;7
11;2025-11-04;2;0
11;2025-11-04;3;0
11;2025-11-04;4;3
11;2025-11-04;5;214
11;2025-11-04;6;731
11;2025-11-04;7;619
11;2025-11-04;8;739
11;2025-11-04;9;861
11;2025-11-04;10;963
11;2025-11-04;11;1271
11;2025-11-04;12;1412
11;2025-11-04;13;1301
11;2025-11-04;14;1445
11;2025-11-04;15;1448
11;2025-11-04;16;1328
11;2025-11-04;17;1373
11;2025-11-04;18;1332
11;2025-11-04;19;1336
11;2025-11-04;20;1228
11;2025-11-04;21;892
11;2025-11-04;22;532
11;2025-11-04;23;326
11;2025-11-05;0;68
11;2025-11-05;1;0
11;2025-11-05;2;0
11;2025-11-05;3;0
11;2025-11-05;4;0
11;2025-11-05;5;253
11;2025-11-05;6;1221
11;2025-11-05;7;2468
11;2025-11-05;8;3097
11;2025-11-05;9;2343
11;2025-11-05;10;1920
11;2025-11-05;11;1951
11;2025-11-05;12;1936
11;2025-11-05;13;2084
11;2025-11-05;14;1974
11;2025-11-05;15;1830
11;2025-11-05;16;1963
11;2025-11-05;17;2548
11;2025-11-05;18;3031
11;2025-11-05;19;2161
11;2025-11-05;20;1349
11;2025-11-05;21;754
11;2025-11-05;22;384
11;2025-11-05;23;246
11;2025-11-06;0;53
11;2025-11-06;1;0
11;2025-11-06;2;0
11;2025-11-06;3;0
11;2025-11-06;4;0
11;2025-11-06;5;240
11;2025-11-06;6;1311
11;2025-11-06;7;2439
11;2025-11-06;8;3185
11;2025-11-06;9;2434
11;2025-11-06;10;2146
11;2025-11-06;11;1831
11;2025-11-06;12;2092
11;2025-11-06;13;2119
11;2025-11-06;14;2144
11;2025-11-06;15;1798
11;2025-11-06;16;2279
11;2025-11-06;17;2733
11;2025-11-06;18;3225
11;2025-11-06;19;2242
11;2025-11-06;20;1446
11;2025-11-06;21;881
11;2025-11-06;22;390
11;2025-11-06;23;250
11;2025-11-07;0;71
11;2025-11-07;1;2
11;2025-11-07;2;0
11;2025-11-07;3;0
11;2025-11-07;4;0
11;2025-11-07;5;256
11;2025-11-07;6;1286
11;2025-11-07;7;2396
11;2025-11-07;8;3247
11;2025-11-07;9;2223
11;2025-11-07;10;1844
11;2025-11-07;11;1724
11;2025-11-07;12;1888
11;2025-11-07;13;1840
11;2025-11-07;14;2032
11;2025-11-07;15;1974
11;2025-11-07;16;2257
11;2025-11-07;17;2787
11;2025-11-07;18;2368
11;2025-11-07;19;1861
11;2025-11-07;20;1301
11;2025-11-07;21;822
11;2025-11-07;22;366
11;2025-11-07;23;323
11;2025-11-08;0;107
11;2025-11-08;1;2
11;2025-11-08;2;0
11;2025-11-08;3;0
11;2025-11-08;4;0
11;2025-11-08;5;165
11;2025-11-08;6;817
11;2025-11-08;7;765
11;2025-11-08;8;1039
11;2025-11-08;9;1171
11;2025-11-08;10;1383
11;2025-11-08;11;1700
11;2025-11-08;12;1937
11;2025-11-08;13;1785
11;2025-11-08;14;2042
11;2025-11-08;15;1913
11;2025-11-08;16;1746
11;2025-11-08;17;1876
11;2025-11-08;18;1486
11;2025-11-08;19;1452
11;2025-11-08;20;965
11;2025-11-08;21;710
11;2025-11-08;22;405
11;2025-11-08;23;276
11;2025-11-09;0;112
11;2025-11-09;1;15
11;2025-11-09;2;0
11;2025-11-09;3;0
11;2025-11-09;4;0
11;2025-11-09;5;103
11;2025-11-09;6;485
11;2025-11-09;7;477
11;2025-11-09;8;670
11;2025-11-09;9;918
11;2025-11-09;10;1022
11;2025-11-09;11;1490
11;2025-11-09;12;1586
11;2025-11-09;13;1515
11;2025-11-09;14;1627
11;2025-11-09;15;1559
11;2025-11-09;16;1518
11;2025-11-09;17;1678
11;2025-11-09;18;1199
11;2025-11-09;19;992
11;2025-11-09;20;743
11;2025-11-09;21;588
11;2025-11-09;22;342
11;2025-11-09;23;240
11;2025-11-10;0;73
11;2025-11-10;1;12
11;2025-11-10;2;0
11;2025-11-10;3;0
11;2025-11-10;4;1
11;2025-11-10;5;236
11;2025-11-10;6;1332
11;2025-11-10;7;2371
11;2025-11-10;8;3128
11;2025-11-10;9;2319
11;2025-11-10;10;1868
11;2025-11-10;11;1882
11;2025-11-10;12;1809
11;2025-11-10;13;1849
11;2025-11-10;14;1989
11;2025-11-10;15;2075
11;2025-11-10;16;2185
11;2025-11-10;17;2738
11;2025-11-10;18;2874
11;2025-11-10;19;2164
11;2025-11-10;20;1160
11;2025-11-10;21;771
11;2025-11-10;22;317
11;2025-11-10;23;205
11;2025-11-11;0;45
11;2025-11-11;1;0
11;2025-11-11;2;0
11;2025-11-11;3;0
11;2025-11-11;4;0
11;2025-11-11;5;225
11;2025-11-11;6;1286
11;2025-11-11;7;2405
11;2025-11-11;8;3285
11;2025-11-11;9;2469
11;2025-11-11;10;1997
11;2025-11-11;11;1834
11;2025-11-11;12;1906
11;2025-11-11;13;2092
11;2025-11-11;14;1929
11;2025-11-11;15;1886
11;2025-11-11;16;2134
11;2025-11-11;17;2814
11;2025-11-11;18;2965
11;2025-11-11;19;2286
11;2025-11-11;20;1551
11;2025-11-11;21;788
11;2025-11-11;22;356
11;2025-11-11;23;229
11;2025-11-12;0;68
11;2025-11-12;1;0
11;2025-11-12;2;0
11;2025-11-12;3;0
11;2025-11-12;4;0
11;2025-11-12;5;253
11;2025-11-12;6;1221
11;2025-11-12;7;2468
11;2025-11-12;8;3097
11;2025-11-12;9;2343
11;2025-11-12;10;1920
11;2025-11-12;11;1951
11;2025-11-12;12;1936
11;2025-11-12;13;2084
11;2025-11-12;14;1974
11;2025-11-12;15;1830
11;2025-11-12;16;1963
11;2025-11-12;17;2548
11;2025-11-12;18;3031
11;2025-11-12;19;2161
11;2025-11-12;20;1349
11;2025-11-12;21;754
11;2025-11-12;22;384
11;2025-11-12;23;246
11;2025-11-13;0;53
11;2025-11-13;1;0
11;2025-11-13;2;0
11;2025-11-13;3;0
11;2025-11-13;4;0
11;2025-11-13;5;240
11;2025-11-13;6;1311
11;2025-11-13;7;2439
11;2025-11-13;8;3185
11;2025-11-13;9;2434
11;2025-11-13;10;2146
11;2025-11-13;11;1831
11;2025-11-13;12;2092
11;2025-11-13;13;2119
11;2025-11-13;14;2144
11;2025-11-13;15;1798
11;2025-11-13;16;2279
11;2025-11-13;17;2733
11;2025-11-13;18;3225
11;2025-11-13;19;2242
11;2025-11-13;20;1446
11;2025-11-13;21;881
11;2025-11-13;22;390
11;2025-11-13;23;250
11;2025-11-14;0;71
11;2025-11-14;1;2
11;2025-11-14;2;0
11;2025-11-14;3;0
11;2025-11-14;4;0
11;2025-11-14;5;256
11;2025-11-14;6;1286
11;2025-11-14;7;2396
11;2025-11-14;8;3247
11;2025-11-14;9;2223
11;2025-11-14;10;1844
11;2025-11-14;11;1724
11;2025-11-14;12;1888
11;2025-11-14;13;1840
11;2025-11-14;14;2032
11;2025-11-14;15;1974
11;2025-11-14;16;2257
11;2025-11-14;17;2787
11;2025-11-14;18;2368
11;2025-11-14;19;1861
11;2025-11-14;20;1301
11;2025-11-14;21;822
11;2025-11-14;22;366
11;2025-11-14;23;323
11;2025-11-15;0;107
11;2025-11-15;1;2
11;2025-11-15;2;0
11;2025-11-15;3;0
11;2025-11-15;4;0
11;2025-11-15;5;165
11;2025-11-15;6;817
11;2025-11-15;7;765
11;2025-11-15;8;1039
11;2025-11-15;9;1171
11;2025-11-15;10;1383
11;2025-11-15;11;1700
11;2025-11-15;12;1937
11;2025-11-15;13;1785
11;2025-11-15;14;2042
11;2025-11-15;15;1913
11;2025-11-15;16;1746
11;2025-11-15;17;1876
11;2025-11-15;18;1486
11;2025-11-15;19;1452
11;2025-11-15;20;965
11;2025-11-15;21;710
11;2025-11-15;22;405
11;2025-11-15;23;276
11;2025-11-16;0;112
11;2025-11-16;1;15
11;2025-11-16;2;0
11;2025-11-16;3;0
11;2025-11-16;4;0
11;2025-11-16;5;103
11;2025-11-16;6;485
11;2025-11-16;7;477
11;2025-11-16;8;670
11;2025-11-16;9;918
11;2025-11-16;10;1022
11;2025-11-16;11;1490
11;2025-11-16;12;1586
11;2025-11-16;13;1515
11;2025-11-16;14;1627
11;2025-11-16;15;1559
11;2025-11-16;16;1518
11;2025-11-16;17;1678
11;2025-11-16;18;1199
11;2025-11-16;19;992
11;2025-11-16;20;743
11;2025-11-16;21;588
11;2025-11-16;22;342
11;2025-11-16;23;240
11;2025-11-17;0;73
11;2025-11-17;1;12
11;2025-11-17;2;0
11;2025-11-17;3;0
11;2025-11-17;4;1
11;2025-11-17;5;236
11;2025-11-17;6;1332
11;2025-11-17;7;2371
11;2025-11-17;8;3128
11;2025-11-17;9;2319
11;2025-11-17;10;1868
11;2025-11-17;11;1882
11;2025-11-17;12;1809
11;2025-11-17;13;1849
11;2025-11-17;14;1989
11;2025-11-17;15;2075
11;2025-11-17;16;2185
11;2025-11-17;17;2738
11;2025-11-17;18;2874
11;2025-11-17;19;2164
11;2025-11-17;20;1160
11;2025-11-17;21;771
11;2025-11-17;22;317
11;2025-11-17;23;205
11;2025-11-18;0;45
11;2025-11-18;1;0
11;2025-11-18;2;0
11;2025-11-18;3;0
11;2025-11-18;4;0
11;2025-11-18;5;225
11;2025-11-18;6;1286
11;2025-11-18;7;2405
11;2025-11-18;8;3285
11;2025-11-18;9;2469
11;2025-11-18;10;1997
11;2025-11-18;11;1834
11;2025-11-18;12;1906
11;2025-11-18;13;2092
11;2025-11-18;14;1929
11;2025-11-18;15;1886
11;2025-11-18;16;2134
11;2025-11-18;17;2814
11;2025-11-18;18;2965
11;2025-11-18;19;2286
11;2025-11-18;20;1551
11;2025-11-18;21;788
11;2025-11-18;22;356
11;2025-11-18;23;229
11;2025-11-19;0;68
11;2025-11-19;1;0
11;2025-11-19;2;0
11;2025-11-19;3;0
11;2025-11-19;4;0
11;2025-11-19;5;253
11;2025-11-19;6;1221
11;2025-11-19;7;2468
11;2025-11-19;8;3097
11;2025-11-19;9;2343
11;2025-11-19;10;1920
11;2025-11-19;11;1951
11;2025-11-19;12;1936
11;2025-11-19;13;2084
11;2025-11-19;14;1974
11;2025-11-19;15;1830
11;2025-11-19;16;1963
11;2025-11-19;17;2548
11;2025-11-19;18;3031
11;2025-11-19;19;2161
11;2025-11-19;20;1349
11;2025-11-19;21;754
11;2025-11-19;22;384
11;2025-11-19;23;246
11;2025-11-20;0;53
11;2025-11-20;1;0
11;2025-11-20;2;0
11;2025-11-20;3;0
11;2025-11-20;4;0
11;2025-11-20;5;240
11;2025-11-20;6;1311
11;2025-11-20;7;2439
11;2025-11-20;8;3185
11;2025-11-20;9;2434
11;2025-11-20;10;2146
11;2025-11-20;11;1831
11;2025-11-20;12;2092
11;2025-11-20;13;2119
11;2025-11-20;14;2144
11;2025-11-20;15;1798
11;2025-11-20;16;2279
11;2025-11-20;17;2733
11;2025-11-20;18;3225
11;2025-11-20;19;2242
11;2025-11-20;20;1446
11;2025-11-20;21;881
11;2025-11-20;22;390
11;2025-11-20;23;250
11;2025-11-21;0;71
11;2025-11-21;1;2
11;2025-11-21;2;0
11;2025-11-21;3;0
11;2025-11-21;4;0
11;2025-11-21;5;256
11;2025-11-21;6;1286
11;2025-11-21;7;2396
11;2025-11-21;8;3247
11;2025-11-21;9;2223
11;2025-11-21;10;1844
11;2025-11-21;11;1724
11;2025-11-21;12;1888
11;2025-11-21;13;1840
11;2025-11-21;14;2032
11;2025-11-21;15;1974
11;2025-11-21;16;2257
11;2025-11-21;17;2787
11;2025-11-21;18;2368
11;2025-11-21;19;1861
11;2025-11-21;20;1301
11;2025-11-21;21;822
11;2025-11-21;22;366
11;2025-11-21;23;323
11;2025-11-22;0;107
11;2025-11-22;1;2
11;2025-11-22;2;0
11;2025-11-22;3;0
11;2025-11-22;4;0
11;2025-11-22;5;165
11;2025-11-22;6;817
11;2025-11-22;7;765
11;2025-11-22;8;1039
11;2025-11-22;9;1171
11;2025-11-22;10;1383
11;2025-11-22;11;1700
11;2025-11-22;12;1937
11;2025-11-22;13;1785
11;2025-11-22;14;2042
11;2025-11-22;15;1913
11;2025-11-22;16;1746
11;2025-11-22;17;1876
11;2025-11-22;18;1486
11;2025-11-22;19;1452
11;2025-11-22;20;965
11;2025-11-22;21;710
11;2025-11-22;22;405
11;2025-11-22;23;276
11;2025-11-23;0;112
11;2025-11-23;1;15
11;2025-11-23;2;0
11;2025-11-23;3;0
11;2025-11-23;4;0
11;2025-11-23;5;103
11;2025-11-23;6;485
11;2025-11-23;7;477
11;2025-11-23;8;670
11;2025-11-23;9;918
11;2025-11-23;10;1022
11;2025-11-23;11;1490
11;2025-11-23;12;1586
11;2025-11-23;13;1515
11;2025-11-23;14;1627
11;2025-11-23;15;1559
11;2025-11-23;16;1518
11;2025-11-23;17;1678
11;2025-11-23;18;1199
11;2025-11-23;19;992
11;2025-11-23;20;743
11;2025-11-23;21;588
11;2025-11-23;22;342
11;2025-11-23;23;240
11;2025-11-24;0;73
11;2025-11-24;1;12
11;2025-11-24;2;0
11;2025-11-24;3;0
11;2025-11-24;4;1
11;2025-11-24;5;236
11;2025-11-24;6;1332
11;2025-11-24;7;2371
11;2025-11-24;8;3128
11;2025-11-24;9;2319
11;2025-11-24;10;1868
11;2025-11-24;11;1882
11;2025-11-24;12;1809
11;2025-11-24;13;1849
11;2025-11-24;14;1989
11;2025-11-24;15;2075
11;2025-11-24;16;2185
11;2025-11-24;17;2738
11;2025-11-24;18;2874
11;2025-11-24;19;2164
11;2025-11-24;20;1160
11;2025-11-24;21;771
11;2025-11-24;22;317
11;2025-11-24;23;205
11;2025-11-25;0;45
11;2025-11-25;1;0
11;2025-11-25;2;0
11;2025-11-25;3;0
11;2025-11-25;4;0
11;2025-11-25;5;225
11;2025-11-25;6;1286
11;2025-11-25;7;2405
11;2025-11-25;8;3285
11;2025-11-25;9;2469
11;2025-11-25;10;1997
11;2025-11-25;11;1834
11;2025-11-25;12;1906
11;2025-11-25;13;2092
11;2025-11-25;14;1929
11;2025-11-25;15;1886
11;2025-11-25;16;2134
11;2025-11-25;17;2814
11;2025-11-25;18;2965
11;2025-11-25;19;2286
11;2025-11-25;20;1551
11;2025-11-25;21;788
11;2025-11-25;22;356
11;2025-11-25;23;229
11;2025-11-26;0;68
11;2025-11-26;1;0
11;2025-11-26;2;0
11;2025-11-26;3;0
11;2025-11-26;4;0
11;2025-11-26;5;253
11;2025-11-26;6;1221
11;2025-11-26;7;2468
11;2025-11-26;8;3097
11;2025-11-26;9;2343
11;2025-11-26;10;1920
11;2025-11-26;11;1951
11;2025-11-26;12;1936
11;2025-11-26;13;2084
11;2025-11-26;14;1974
11;2025-11-26;15;1830
11;2025-11-26;16;1963
11;2025-11-26;17;2548
11;2025-11-26;18;3031
11;2025-11-26;19;2161
11;2025-11-26;20;1349
11;2025-11-26;21;754
11;2025-11-26;22;384
11;2025-11-26;23;246
11;2025-11-27;0;53
11;2025-11-27;1;0
11;2025-11-27;2;0
11;2025-11-27;3;0
11;2025-11-27;4;0
11;2025-11-27;5;240
11;2025-11-27;6;1311
11;2025-11-27;7;2439
11;2025-11-27;8;3185
11;2025-11-27;9;2434
11;2025-11-27;10;2146
11;2025-11-27;11;1831
11;2025-11-27;12;2092
11;2025-11-27;13;2119
11;2025-11-27;14;2144
11;2025-11-27;15;1798
11;2025-11-27;16;2279
11;2025-11-27;17;2733
11;2025-11-27;18;3225
11;2025-11-27;19;2242
11;2025-11-27;20;1446
11;2025-11-27;21;881
11;2025-11-27;22;390
11;2025-11-27;23;250
11;2025-11-28;0;71
11;2025-11-28;1;2
11;2025-11-28;2;0
11;2025-11-28;3;0
11;2025-11-28;4;0
11;2025-11-28;5;256
11;2025-11-28;6;1286
11;2025-11-28;7;2396
11;2025-11-28;8;3247
11;2025-11-28;9;2223
11;2025-11-28;10;1844
11;2025-11-28;11;1724
11;2025-11-28;12;1888
11;2025-11-28;13;1840
11;2025-11-28;14;2032
11;2025-11-28;15;1974
11;2025-11-28;16;2257
11;2025-11-28;17;2787
11;2025-11-28;18;2368
11;2025-11-28;19;1861
11;2025-11-28;20;1301
11;2025-11-28;21;822
11;2025-11-28;22;366
11;2025-11-28;23;323
11;2025-11-29;0;107
11;2025-11-29;1;2
11;2025-11-29;2;0
11;2025-11-29;3;0
11;2025-11-29;4;0
11;2025-11-29;5;165
11;2025-11-29;6;817
11;2025-11-29;7;765
11;2025-11-29;8;1039
11;2025-11-29;9;1171
11;2025-11-29;10;1383
11;2025-11-29;11;1700
11;2025-11-29;12;1937
11;2025-11-29;13;1785
11;2025-11-29;14;2042
11;2025-11-29;15;1913
11;2025-11-29;16;1746
11;2025-11-29;17;1876
11;2025-11-29;18;1486
11;2025-11-29;19;1452
11;2025-11-29;20;965
11;2025-11-29;21;710
11;2025-11-29;22;405
11;2025-11-29;23;276
11;2025-11-30;0;112
11;2025-11-30;1;15
11;2025-11-30;2;0
11;2025-11-30;3;0
11;2025-11-30;4;0
11;2025-11-30;5;103
11;2025-11-30;6;485
11;2025-11-30;7;477
11;2025-11-30;8;670
11;2025-11-30;9;918
11;2025-11-30;10;1022
11;2025-11-30;11;1490
11;2025-11-30;12;1586
11;2025-11-30;13;1515
11;2025-11-30;14;1627
11;2025-11-30;15;1559
11;2025-11-30;16;1518
11;2025-11-30;17;1678
11;2025-11-30;18;1199
11;2025-11-30;19;992
11;2025-11-30;20;743
11;2025-11-30;21;588
11;2025-11-30;22;342
11;2025-11-30;23;240
11;2025-12-01;0;73
11;2025-12-01;1;12
11;2025-12-01;2;0
11;2025-12-01;3;0
11;2025-12-01;4;1
11;2025-12-01;5;236
11;2025-12-01;6;1332
11;2025-12-01;7;2371
11;2025-12-01;8;3128
11;2025-12-01;9;2319
11;2025-12-01;10;1868
11;2025-12-01;11;1882
11;2025-12-01;12;1809
11;2025-12-01;13;1849
11;2025-12-01;14;1989
11;2025-12-01;15;2075
11;2025-12-01;16;2185
11;2025-12-01;17;2738
11;2025-12-01;18;2874
11;2025-12-01;19;2164
11;2025-12-01;20;1160
11;2025-12-01;21;771
11;2025-12-01;22;317
11;2025-12-01;23;205
11;2025-12-02;0;45
11;2025-12-02;1;0
11;2025-12-02;2;0
11;2025-12-02;3;0
11;2025-12-02;4;0
11;2025-12-02;5;225
11;2025-12-02;6;1286
11;2025-12-02;7;2405
11;2025-12-02;8;3285
11;2025-12-02;9;2469
11;2025-12-02;10;1997
11;2025-12-02;11;1834
11;2025-12-02;12;1906
11;2025-12-02;13;2092
11;2025-12-02;14;1929
11;2025-12-02;15;1886
11;2025-12-02;16;2134
11;2025-12-02;17;2814
11;2025-12-02;18;2965
11;2025-12-02;19;2286
11;2025-12-02;20;1551
11;2025-12-02;21;788
11;2025-12-02;22;356
11;2025-12-02;23;229
11;2025-12-03;0;68
11;2025-12-03;1;0
11;2025-12-03;2;0
11;2025-12-03;3;0
11;2025-12-03;4;0
11;2025-12-03;5;253
11;2025-12-03;6;1221
11;2025-12-03;7;2468
11;2025-12-03;8;3097
11;2025-12-03;9;2343
11;2025-12-03;10;1920
11;2025-12-03;11;1951
11;2025-12-03;12;1936
11;2025-12-03;13;2084
11;2025-12-03;14;1974
11;2025-12-03;15;1830
11;2025-12-03;16;1963
11;2025-12-03;17;2548
11;2025-12-03;18;3031
11;2025-12-03;19;2161
11;2025-12-03;20;1349
11;2025-12-03;21;754
11;2025-12-03;22;384
11;2025-12-03;23;246
11;2025-12-04;0;53
11;2025-12-04;1;0
11;2025-12-04;2;0
11;2025-12-04;3;0
11;2025-12-04;4;0
11;2025-12-04;5;240
11;2025-12-04;6;1311
11;2025-12-04;7;2439
11;2025-12-04;8;3185
11;2025-12-04;9;2434
11;2025-12-04;10;2146
11;2025-12-04;11;1831
11;2025-12-04;12;2092
11;2025-12-04;13;2119
11;2025-12-04;14;2144
11;2025-12-04;15;1798
11;2025-12-04;16;2279
11;2025-12-04;17;2733
11;2025-12-04;18;3225
11;2025-12-04;19;2242
11;2025-12-04;20;1446
11;2025-12-04;21;881
11;2025-12-04;22;390
11;2025-12-04;23;250
11;2025-12-05;0;71
11;2025-12-05;1;2
11;2025-12-05;2;0
11;2025-12-05;3;0
11;2025-12-05;4;0
11;2025-12-05;5;256
11;2025-12-05;6;1286
11;2025-12-05;7;2396
11;2025-12-05;8;3247
11;2025-12-05;9;2223
11;2025-12-05;10;1844
11;2025-12-05;11;1724
11;2025-12-05;12;1888
11;2025-12-05;13;1840
11;2025-12-05;14;2032
11;2025-12-05;15;1974
11;2025-12-05;16;2257
11;2025-12-05;17;2787
11;2025-12-05;18;2368
11;2025-12-05;19;1861
11;2025-12-05;20;1301
11;2025-12-05;21;822
11;2025-12-05;22;366
11;2025-12-05;23;323
11;2025-12-06;0;107
11;2025-12-06;1;2
11;2025-12-06;2;0
11;2025-12-06;3;0
11;2025-12-06;4;0
11;2025-12-06;5;165
11;2025-12-06;6;817
11;2025-12-06;7;765
11;2025-12-06;8;1039
11;2025-12-06;9;1171
11;2025-12-06;10;1383
11;2025-12-06;11;1700
11;2025-12-06;12;1937
11;2025-12-06;13;1785
11;2025-12-06;14;2042
11;2025-12-06;15;1913
11;2025-12-06;16;1746
11;2025-12-06;17;1876
11;2025-12-06;18;1486
11;2025-12-06;19;1452
11;2025-12-06;20;965
11;2025-12-06;21;710
11;2025-12-06;22;405
11;2025-12-06;23;276
11;2025-12-07;0;112
11;2025-12-07;1;15
11;2025-12-07;2;0
11;2025-12-07;3;0
11;2025-12-07;4;0
11;2025-12-07;5;103
11;2025-12-07;6;485
11;2025-12-07;7;477
11;2025-12-07;8;670
11;2025-12-07;9;918
11;2025-12-07;10;1022
11;2025-12-07;11;1490
11;2025-12-07;12;1586
11;2025-12-07;13;1515
11;2025-12-07;14;1627
11;2025-12-07;15;1559
11;2025-12-07;16;1518
11;2025-12-07;17;1678
11;2025-12-07;18;1199
11;2025-12-07;19;992
11;2025-12-07;20;743
11;2025-12-07;21;588
11;2025-12-07;22;342
11;2025-12-07;23;240
11;2025-12-08;0;73
11;2025-12-08;1;12
11;2025-12-08;2;0
11;2025-12-08;3;0
11;2025-12-08;4;1
11;2025-12-08;5;236
11;2025-12-08;6;1332
11;2025-12-08;7;2371
11;2025-12-08;8;3128
11;2025-12-08;9;2319
11;2025-12-08;10;1868
11;2025-12-08;11;1882
11;2025-12-08;12;1809
11;2025-12-08;13;1849
11;2025-12-08;14;1989
11;2025-12-08;15;2075
11;2025-12-08;16;2185
11;2025-12-08;17;2738
11;2025-12-08;18;2874
11;2025-12-08;19;2164
11;2025-12-08;20;1160
11;2025-12-08;21;771
11;2025-12-08;22;317
11;2025-12-08;23;205
11;2025-12-09;0;45
11;2025-12-09;1;0
11;2025-12-09;2;0
11;2025-12-09;3;0
11;2025-12-09;4;0
11;2025-12-09;5;225
11;2025-12-09;6;1286
11;2025-12-09;7;2405
11;2025-12-09;8;3285
11;2025-12-09;9;2469
11;2025-12-09;10;1997
11;2025-12-09;11;1834
11;2025-12-09;12;1906
11;2025-12-09;13;2092
11;2025-12-09;14;1929
11;2025-12-09;15;1886
11;2025-12-09;16;2134
11;2025-12-09;17;2814
11;2025-12-09;18;2965
11;2025-12-09;19;2286
11;2025-12-09;20;1551
11;2025-12-09;21;788
11;2025-12-09;22;356
11;2025-12-09;23;229
11;2025-12-10;0;68
11;2025-12-10;1;0
11;2025-12-10;2;0
11;2025-12-10;3;0
11;2025-12-10;4;0
11;2025-12-10;5;253
11;2025-12-10;6;1221
11;2025-12-10;7;2468
11;2025-12-10;8;3097
11;2025-12-10;9;2343
11;2025-12-10;10;1920
11;2025-12-10;11;1951
11;2025-12-10;12;1936
11;2025-12-10;13;2084
11;2025-12-10;14;1974
11;2025-12-10;15;1830
11;2025-12-10;16;1963
11;2025-12-10;17;2548
11;2025-12-10;18;3031
11;2025-12-10;19;2161
11;2025-12-10;20;1349
11;2025-12-10;21;754
11;2025-12-10;22;384
11;2025-12-10;23;246
11;2025-12-11;0;53
11;2025-12-11;1;0
11;2025-12-11;2;0
11;2025-12-11;3;0
11;2025-12-11;4;0
11;2025-12-11;5;240
11;2025-12-11;6;1311
11;2025-12-11;7;2439
11;2025-12-11;8;3185
11;2025-12-11;9;2434
11;2025-12-11;10;2146
11;2025-12-11;11;1831
11;2025-12-11;12;2092
11;2025-12-11;13;2119
11;2025-12-11;14;2144
11;2025-12-11;15;1798
11;2025-12-11;16;2279
11;2025-12-11;17;2733
11;2025-12-11;18;3225
11;2025-12-11;19;2242
11;2025-12-11;20;1446
11;2025-12-11;21;881
11;2025-12-11;22;390
11;2025-12-11;23;250
11;2025-12-12;0;71
11;2025-12-12;1;2
11;2025-12-12;2;0
11;2025-12-12;3;0
11;2025-12-12;4;0
11;2025-12-12;5;256
11;2025-12-12;6;1286
11;2025-12-12;7;2396
11;2025-12-12;8;3247
11;2025-12-12;9;2223
11;2025-12-12;10;1844
11;2025-12-12;11;1724
11;2025-12-12;12;1888
11;2025-12-12;13;1840
11;2025-12-12;14;2032
11;2025-12-12;15;1974
11;2025-12-12;16;2257
11;2025-12-12;17;2787
11;2025-12-12;18;2368
11;2025-12-12;19;1861
11;2025-12-12;20;1301
11;2025-12-12;21;822
11;2025-12-12;22;366
11;2025-12-12;23;323
11;2025-12-13;0;107
11;2025-12-13;1;2
11;2025-12-13;2;0
11;2025-12-13;3;0
11;2025-12-13;4;0
11;2025-12-13;5;165
11;2025-12-13;6;817
11;2025-12-13;7;765
11;2025-12-13;8;1039
11;2025-12-13;9;1171
11;2025-12-13;10;1383
11;2025-12-13;11;1700
11;2025-12-13;12;1937
11;2025-12-13;13;1785
11;2025-12-13;14;2042
11;2025-12-13;15;1913
11;2025-12-13;16;1746
11;2025-12-13;17;1876
11;2025-12-13;18;1486
11;2025-12-13;19;1452
11;2025-12-13;20;965
11;2025-12-13;21;710
11;2025-12-13;22;405
11;2025-12-13;23;276
11;2025-12-14;0;112
11;2025-12-14;1;15
11;2025-12-14;2;0
11;2025-12-14;3;0
11;2025-12-14;4;0
11;2025-12-14;5;103
11;2025-12-14;6;485
11;2025-12-14;7;477
11;2025-12-14;8;670
11;2025-12-14;9;918
11;2025-12-14;10;1022
11;2025-12-14;11;1490
11;2025-12-14;12;1586
11;2025-12-14;13;1515
11;2025-12-14;14;1627
11;2025-12-14;15;1559
11;2025-12-14;16;1518
11;2025-12-14;17;1678
11;2025-12-14;18;1199
11;2025-12-14;19;992
11;2025-12-14;20;743
11;2025-12-14;21;588
11;2025-12-14;22;342
11;2025-12-14;23;240
11;2025-12-15;0;73
11;2025-12-15;1;12
11;2025-12-15;2;0
11;2025-12-15;3;0
11;2025-12-15;4;1
11;2025-12-15;5;236
11;2025-12-15;6;1332
11;2025-12-15;7;2371
11;2025-12-15;8;3128
11;2025-12-15;9;2319
11;2025-12-15;10;1868
11;2025-12-15;11;1882
11;2025-12-15;12;1809
11;2025-12-15;13;1849
11;2025-12-15;14;1989
11;2025-12-15;15;2075
11;2025-12-15;16;2185
11;2025-12-15;17;2738
11;2025-12-15;18;2874
11;2025-12-15;19;2164
11;2025-12-15;20;1160
11;2025-12-15;21;771
11;2025-12-15;22;317
11;2025-12-15;23;205
11;2025-12-16;0;45
11;2025-12-16;1;0
11;2025-12-16;2;0
11;2025-12-16;3;0
11;2025-12-16;4;0
11;2025-12-16;5;225
11;2025-12-16;6;1286
11;2025-12-16;7;2405
11;2025-12-16;8;3285
11;2025-12-16;9;2469
11;2025-12-16;10;1997
11;2025-12-16;11;1834
11;2025-12-16;12;1906
11;2025-12-16;13;2092
11;2025-12-16;14;1929
11;2025-12-16;15;1886
11;2025-12-16;16;2134
11;2025-12-16;17;2814
11;2025-12-16;18;2965
11;2025-12-16;19;2286
11;2025-12-16;20;1551
11;2025-12-16;21;788
11;2025-12-16;22;356
11;2025-12-16;23;229
11;2025-12-17;0;68
11;2025-12-17;1;0
11;2025-12-17;2;0
11;2025-12-17;3;0
11;2025-12-17;4;0
11;2025-12-17;5;253
11;2025-12-17;6;1221
11;2025-12-17;7;2468
11;2025-12-17;8;3097
11;2025-12-17;9;2343
11;2025-12-17;10;1920
11;2025-12-17;11;1951
11;2025-12-17;12;1936
11;2025-12-17;13;2084
11;2025-12-17;14;1974
11;2025-12-17;15;1830
11;2025-12-17;16;1963
11;2025-12-17;17;2548
11;2025-12-17;18;3031
11;2025-12-17;19;2161
11;2025-12-17;20;1349
11;2025-12-17;21;754
11;2025-12-17;22;384
11;2025-12-17;23;246
11;2025-12-18;0;53
11;2025-12-18;1;0
11;2025-12-18;2;0
11;2025-12-18;3;0
11;2025-12-18;4;0
11;2025-12-18;5;240
11;2025-12-18;6;1311
11;2025-12-18;7;2439
11;2025-12-18;8;3185
11;2025-12-18;9;2434
11;2025-12-18;10;2146
11;2025-12-18;11;1831
11;2025-12-18;12;2092
11;2025-12-18;13;2119
11;2025-12-18;14;2144
11;2025-12-18;15;1798
11;2025-12-18;16;2279
11;2025-12-18;17;2733
11;2025-12-18;18;3225
11;2025-12-18;19;2242
11;2025-12-18;20;1446
11;2025-12-18;21;881
11;2025-12-18;22;390
11;2025-12-18;23;250
11;2025-12-19;0;71
11;2025-12-19;1;2
11;2025-12-19;2;0
11;2025-12-19;3;0
11;2025-12-19;4;0
11;2025-12-19;5;256
11;2025-12-19;6;1286
11;2025-12-19;7;2396
11;2025-12-19;8;3247
11;2025-12-19;9;2223
11;2025-12-19;10;1844
11;2025-12-19;11;1724
11;2025-12-19;12;1888
11;2025-12-19;13;1840
11;2025-12-19;14;2032
11;2025-12-19;15;1974
11;2025-12-19;16;2257
11;2025-12-19;17;2787
11;2025-12-19;18;2368
11;2025-12-19;19;1861
11;2025-12-19;20;1301
11;2025-12-19;21;822
11;2025-12-19;22;366
11;2025-12-19;23;323
11;2025-12-20;0;107
11;2025-12-20;1;2
11;2025-12-20;2;0
11;2025-12-20;3;0
11;2025-12-20;4;0
11;2025-12-20;5;165
11;2025-12-20;6;817
11;2025-12-20;7;765
11;2025-12-20;8;1039
11;2025-12-20;9;1171
11;2025-12-20;10;1383
11;2025-12-20;11;1700
11;2025-12-20;12;1937
11;2025-12-20;13;1785
11;2025-12-20;14;2042
11;2025-12-20;15;1913
11;2025-12-20;16;1746
11;2025-12-20;17;1876
11;2025-12-20;18;1486
11;2025-12-20;19;1452
11;2025-12-20;20;965
11;2025-12-20;21;710
11;2025-12-20;22;405
11;2025-12-20;23;276
11;2025-12-21;0;112
11;2025-12-21;1;15
11;2025-12-21;2;0
11;2025-12-21;3;0
11;2025-12-21;4;0
11;2025-12-21;5;103
11;2025-12-21;6;485
11;2025-12-21;7;477
11;2025-12-21;8;670
11;2025-12-21;9;918
11;2025-12-21;10;1022
11;2025-12-21;11;1490
11;2025-12-21;12;1586
11;2025-12-21;13;1515
11;2025-12-21;14;1627
11;2025-12-21;15;1559
11;2025-12-21;16;1518
11;2025-12-21;17;1678
11;2025-12-21;18;1199
11;2025-12-21;19;992
11;2025-12-21;20;743
11;2025-12-21;21;588
11;2025-12-21;22;342
11;2025-12-21;23;240
11;2025-12-22;0;73
11;2025-12-22;1;12
11;2025-12-22;2;0
11;2025-12-22;3;0
11;2025-12-22;4;1
11;2025-12-22;5;236
11;2025-12-22;6;1332
11;2025-12-22;7;2371
11;2025-12-22;8;3128
11;2025-12-22;9;2319
11;2025-12-22;10;1868
11;2025-12-22;11;1882
11;2025-12-22;12;1809
11;2025-12-22;13;1849
11;2025-12-22;14;1989
11;2025-12-22;15;2075
11;2025-12-22;16;2185
11;2025-12-22;17;2738
11;2025-12-22;18;2874
11;2025-12-22;19;2164
11;2025-12-22;20;1160
11;2025-12-22;21;771
11;2025-12-22;22;317
11;2025-12-22;23;205
11;2025-12-23;0;45
11;2025-12-23;1;0
11;2025-12-23;2;0
11;2025-12-23;3;0
11;2025-12-23;4;0
11;2025-12-23;5;225
11;2025-12-23;6;1286
11;2025-12-23;7;2405
11;2025-12-23;8;3285
11;2025-12-23;9;2469
11;2025-12-23;10;1997
11;2025-12-23;11;1834
11;2025-12-23;12;1906
11;2025-12-23;13;2092
11;2025-12-23;14;1929
11;2025-12-23;15;1886
11;2025-12-23;16;2134
11;2025-12-23;17;2814
11;2025-12-23;18;2965
11;2025-12-23;19;2286
11;2025-12-23;20;1551
11;2025-12-23;21;788
11;2025-12-23;22;356
11;2025-12-23;23;229
11;2025-12-24;0;68
11;2025-12-24;1;0
11;2025-12-24;2;0
11;2025-12-24;3;0
11;2025-12-24;4;0
11;2025-12-24;5;253
11;2025-12-24;6;1221
11;2025-12-24;7;2468
11;2025-12-24;8;3097
11;2025-12-24;9;2343
11;2025-12-24;10;1920
11;2025-12-24;11;1951
11;2025-12-24;12;1936
11;2025-12-24;13;2084
11;2025-12-24;14;1974
11;2025-12-24;15;1830
11;2025-12-24;16;1963
11;2025-12-24;17;2548
11;2025-12-24;18;3031
11;2025-12-24;19;2161
11;2025-12-24;20;1349
11;2025-12-24;21;754
11;2025-12-24;22;384
11;2025-12-24;23;246
11;2025-12-25;0;53
11;2025-12-25;1;0
11;2025-12-25;2;0
11;2025-12-25;3;0
11;2025-12-25;4;0
11;2025-12-25;5;240
11;2025-12-25;6;1311
11;2025-12-25;7;2439
11;2025-12-25;8;3185
11;2025-12-25;9;2434
11;2025-12-25;10;2146
11;2025-12-25;11;1831
11;2025-12-25;12;2092
11;2025-12-25;13;2119
11;2025-12-25;14;2144
11;2025-12-25;15;1798
11;2025-12-25;16;2279
11;2025-12-25;17;2733
11;2025-12-25;18;3225
11;2025-12-25;19;2242
11;2025-12-25;20;1446
11;2025-12-25;21;881
11;2025-12-25;22;390
11;2025-12-25;23;250
11;2025-12-26;0;71
11;2025-12-26;1;2
11;2025-12-26;2;0
11;2025-12-26;3;0
11;2025-12-26;4;0
11;2025-12-26;5;256
11;2025-12-26;6;1286
11;2025-12-26;7;2396
11;2025-12-26;8;3247
11;2025-12-26;9;2223
11;2025-12-26;10;1844
11;2025-12-26;11;1724
11;2025-12-26;12;1888
11;2025-12-26;13;1840
11;2025-12-26;14;2032
11;2025-12-26;15;1974
11;2025-12-26;16;2257
11;2025-12-26;17;2787
11;2025-12-26;18;2368
11;2025-12-26;19;1861
11;2025-12-26;20;1301
11;2025-12-26;21;822
11;2025-12-26;22;366
11;2025-12-26;23;323
11;2025-12-27;0;107
11;2025-12-27;1;2
11;2025-12-27;2;0
11;2025-12-27;3;0
11;2025-12-27;4;0
11;2025-12-27;5;165
11;2025-12-27;6;817
11;2025-12-27;7;765
11;2025-12-27;8;1039
11;2025-12-27;9;1171
11;2025-12-27;10;1383
11;2025-12-27;11;1700
11;2025-12-27;12;1937
11;2025-12-27;13;1785
11;2025-12-27;14;2042
11;2025-12-27;15;1913
11;2025-12-27;16;1746
11;2025-12-27;17;1876
11;2025-12-27;18;1486
11;2025-12-27;19;1452
11;2025-12-27;20;965
11;2025-12-27;21;710
11;2025-12-27;22;405
11;2025-12-27;23;276
11;2025-12-28;0;112
11;2025-12-28;1;15
11;2025-12-28;2;0
11;2025-12-28;3;0
11;2025-12-28;4;0
11;2025-12-28;5;103
11;2025-12-28;6;485
11;2025-12-28;7;477
11;2025-12-28;8;670
11;2025-12-28;9;918
11;2025-12-28;10;1022
11;2025-12-28;11;1490
11;2025-12-28;12;1586
11;2025-12-28;13;1515
11;2025-12-28;14;1627
11;2025-12-28;15;1559
11;2025-12-28;16;1518
11;2025-12-28;17;1678
11;2025-12-28;18;1199
11;2025-12-28;19;992
11;2025-12-28;20;743
11;2025-12-28;21;588
11;2025-12-28;22;342
11;2025-12-28;23;240
11;2025-12-29;0;73
11;2025-12-29;1;12
11;2025-12-29;2;0
11;2025-12-29;3;0
11;2025-12-29;4;1
11;2025-12-29;5;236
11;2025-12-29;6;1332
11;2025-12-29;7;2371
11;2025-12-29;8;3128
11;2025-12-29;9;2319
11;2025-12-29;10;1868
11;2025-12-29;11;1882
11;2025-12-29;12;1809
11;2025-12-29;13;1849
11;2025-12-29;14;1989
11;2025-12-29;15;2075
11;2025-12-29;16;2185
11;2025-12-29;17;2738
11;2025-12-29;18;2874
11;2025-12-29;19;2164
11;2025-12-29;20;1160
11;2025-12-29;21;771
11;2025-12-29;22;317
11;2025-12-29;23;205
11;2025-12-30;0;45
11;2025-12-30;1;0
11;2025-12-30;2;0
11;2025-12-30;3;0
11;2025-12-30;4;0
11;2025-12-30;5;225
11;2025-12-30;6;1286
11;2025-12-30;7;2405
11;2025-12-30;8;3285
11;2025-12-30;9;2469
11;2025-12-30;10;1997
11;2025-12-30;11;1834
11;2025-12-30;12;1906
11;2025-12-30;13;2092
11;2025-12-30;14;1929
11;2025-12-30;15;1886
11;2025-12-30;16;2134
11;2025-12-30;17;2814
11;2025-12-30;18;2965
11;2025-12-30;19;2286
11;2025-12-30;20;1551
11;2025-12-30;21;788
11;2025-12-30;22;356
11;2025-12-30;23;229
11;2025-12-31;0;96
11;2025-12-31;1;7
11;2025-12-31;2;0
11;2025-12-31;3;0
11;2025-12-31;4;3
11;2025-12-31;5;214
11;2025-12-31;6;731
11;2025-12-31;7;619
11;2025-12-31;8;739
11;2025-12-31;9;861
11;2025-12-31;10;963
11;2025-12-31;11;1271
11;2025-12-31;12;1412
11;2025-12-31;13;1301
11;2025-12-31;14;1445
11;2025-12-31;15;1448
11;2025-12-31;16;1328
11;2025-12-31;17;1373
11;2025-12-31;18;1332
11;2025-12-31;19;1336
11;2025-12-31;20;1228
11;2025-12-31;21;892
11;2025-12-31;22;532
11;2025-12-31;23;326
12;2025-11-01;0;69
12;2025-11-01;1;2
12;2025-11-01;2;0
12;2025-11-01;3;0
12;2025-11-01;4;1
12;2025-11-01;5;225
12;2025-11-01;6;771
12;2025-11-01;7;892
12;2025-11-01;8;1025
12;2025-11-01;9;1230
12;2025-11-01;10;1485
12;2025-11-01;11;1502
12;2025-11-01;12;1558
12;2025-11-01;13;1763
12;2025-11-01;14;1572
12;2025-11-01;15;1546
12;2025-11-01;16;1696
12;2025-11-01;17;1636
12;2025-11-01;18;1565
12;2025-11-01;19;1350
12;2025-11-01;20;969
12;2025-11-01;21;776
12;2025-11-01;22;389
12;2025-11-01;23;299
12;2025-11-02;0;84
12;2025-11-02;1;3
12;2025-11-02;2;0
12;2025-11-02;3;0
12;2025-11-02;4;2
12;2025-11-02;5;128
12;2025-11-02;6;518
12;2025-11-02;7;716
12;2025-11-02;8;723
12;2025-11-02;9;909
12;2025-11-02;10;1150
12;2025-11-02;11;1254
12;2025-11-02;12;1308
12;2025-11-02;13;1546
12;2025-11-02;14;1435
12;2025-11-02;15;1503
12;2025-11-02;16;1510
12;2025-11-02;17;1530
12;2025-11-02;18;1370
12;2025-11-02;19;998
12;2025-11-02;20;774
12;2025-11-02;21;596
12;2025-11-02;22;401
12;2025-11-02;23;195
12;2025-11-03;0;65
12;2025-11-03;1;4
12;2025-11-03;2;0
12;2025-11-03;3;0
12;2025-11-03;4;2
12;2025-11-03;5;219
12;2025-11-03;6;628
12;2025-11-03;7;710
12;2025-11-03;8;774
12;2025-11-03;9;835
12;2025-11-03;10;906
12;2025-11-03;11;960
12;2025-11-03;12;1001
12;2025-11-03;13;1193
12;2025-11-03;14;1169
12;2025-11-03;15;1071
12;2025-11-03;16;998
12;2025-11-03;17;1005
12;2025-11-03;18;1110
12;2025-11-03;19;1043
12;2025-11-03;20;877
12;2025-11-03;21;680
12;2025-11-03;22;394
12;2025-11-03;23;235
12;2025-11-04;0;65
12;2025-11-04;1;4
12;2025-11-04;2;0
12;2025-11-04;3;0
12;2025-11-04;4;2
12;2025-11-04;5;219
12;2025-11-04;6;628
12;2025-11-04;7;710
12;2025-11-04;8;774
12;2025-11-04;9;835
12;2025-11-04;10;906
12;2025-11-04;11;960
12;2025-11-04;12;1001
12;2025-11-04;13;1193
12;2025-11-04;14;1169
12;2025-11-04;15;1071
12;2025-11-04;16;998
12;2025-11-04;17;1005
12;2025-11-04;18;1110
12;2025-11-04;19;1043
12;2025-11-04;20;877
12;2025-11-04;21;680
12;2025-11-04;22;394
12;2025-11-04;23;235
12;2025-11-05;0;60
12;2025-11-05;1;2
12;2025-11-05;2;0
12;2025-11-05;3;0
12;2025-11-05;4;8
12;2025-11-05;5;324
12;2025-11-05;6;1442
12;2025-11-05;7;2640
12;2025-11-05;8;3541
12;2025-11-05;9;2628
12;2025-11-05;10;2177
12;2025-11-05;11;2040
12;2025-11-05;12;2096
12;2025-11-05;13;2111
12;2025-11-05;14;1913
12;2025-11-05;15;2332
12;2025-11-05;16;2836
12;2025-11-05;17;2956
12;2025-11-05;18;3011
12;2025-11-05;19;2381
12;2025-11-05;20;1556
12;2025-11-05;21;1022
12;2025-11-05;22;497
12;2025-11-05;23;259
12;2025-11-06;0;51
12;2025-11-06;1;2
12;2025-11-06;2;0
12;2025-11-06;3;0
12;2025-11-06;4;7
12;2025-11-06;5;297
12;2025-11-06;6;1395
12;2025-11-06;7;2711
12;2025-11-06;8;3636
12;2025-11-06;9;2531
12;2025-11-06;10;2095
12;2025-11-06;11;1833
12;2025-11-06;12;1987
12;2025-11-06;13;2091
12;2025-11-06;14;1888
12;2025-11-06;15;2170
12;2025-11-06;16;2629
12;2025-11-06;17;2998
12;2025-11-06;18;3232
12;2025-11-06;19;2417
12;2025-11-06;20;1585
12;2025-11-06;21;947
12;2025-11-06;22;494
12;2025-11-06;23;263
12;2025-11-07;0;55
12;2025-11-07;1;1
12;2025-11-07;2;0
12;2025-11-07;3;0
12;2025-11-07;4;4
12;2025-11-07;5;329
12;2025-11-07;6;1391
12;2025-11-07;7;2687
12;2025-11-07;8;3343
12;2025-11-07;9;2500
12;2025-11-07;10;1913
12;2025-11-07;11;1916
12;2025-11-07;12;1936
12;2025-11-07;13;2145
12;2025-11-07;14;1973
12;2025-11-07;15;2262
12;2025-11-07;16;2921
12;2025-11-07;17;2908
12;2025-11-07;18;2489
12;2025-11-07;19;2049
12;2025-11-07;20;1355
12;2025-11-07;21;961
12;2025-11-07;22;472
12;2025-11-07;23;316
12;2025-11-08;0;69
12;2025-11-08;1;2
12;2025-11-08;2;0
12;2025-11-08;3;0
12;2025-11-08;4;1
12;2025-11-08;5;225
12;2025-11-08;6;771
12;2025-11-08;7;892
12;2025-11-08;8;1025
12;2025-11-08;9;1230
12;2025-11-08;10;1485
12;2025-11-08;11;1502
12;2025-11-08;12;1558
12;2025-11-08;13;1763
12;2025-11-08;14;1572
12;2025-11-08;15;1546
12;2025-11-08;16;1696
12;2025-11-08;17;1636
12;2025-11-08;18;1565
12;2025-11-08;19;1350
12;2025-11-08;20;969
12;2025-11-08;21;776
12;2025-11-08;22;389
12;2025-11-08;23;299
12;2025-11-09;0;84
12;2025-11-09;1;3
12;2025-11-09;2;0
12;2025-11-09;3;0
12;2025-11-09;4;2
12;2025-11-09;5;128
12;2025-11-09;6;518
12;2025-11-09;7;716
12;2025-11-09;8;723
12;2025-11-09;9;909
12;2025-11-09;10;1150
12;2025-11-09;11;1254
12;2025-11-09;12;1308
12;2025-11-09;13;1546
12;2025-11-09;14;1435
12;2025-11-09;15;1503
12;2025-11-09;16;1510
12;2025-11-09;17;1530
12;2025-11-09;18;1370
12;2025-11-09;19;998
12;2025-11-09;20;774
12;2025-11-09;21;596
12;2025-11-09;22;401
12;2025-11-09;23;195
12;2025-11-10;0;51
12;2025-11-10;1;2
12;2025-11-10;2;0
12;2025-11-10;3;0
12;2025-11-10;4;7
12;2025-11-10;5;300
12;2025-11-10;6;1429
12;2025-11-10;7;2639
12;2025-11-10;8;3505
12;2025-11-10;9;2484
12;2025-11-10;10;1997
12;2025-11-10;11;1893
12;2025-11-10;12;2094
12;2025-11-10;13;2019
12;2025-11-10;14;1962
12;2025-11-10;15;2160
12;2025-11-10;16;2683
12;2025-11-10;17;2979
12;2025-11-10;18;3164
12;2025-11-10;19;2269
12;2025-11-10;20;1597
12;2025-11-10;21;934
12;2025-11-10;22;451
12;2025-11-10;23;233
12;2025-11-11;0;48
12;2025-11-11;1;1
12;2025-11-11;2;0
12;2025-11-11;3;0
12;2025-11-11;4;6
12;2025-11-11;5;324
12;2025-11-11;6;1445
12;2025-11-11;7;2803
12;2025-11-11;8;3633
12;2025-11-11;9;2555
12;2025-11-11;10;2101
12;2025-11-11;11;1959
12;2025-11-11;12;1995
12;2025-11-11;13;2094
12;2025-11-11;14;1971
12;2025-11-11;15;2202
12;2025-11-11;16;2629
12;2025-11-11;17;2999
12;2025-11-11;18;3241
12;2025-11-11;19;2326
12;2025-11-11;20;1497
12;2025-11-11;21;922
12;2025-11-11;22;468
12;2025-11-11;23;260
12;2025-11-12;0;60
12;2025-11-12;1;2
12;2025-11-12;2;0
12;2025-11-12;3;0
12;2025-11-12;4;8
12;2025-11-12;5;324
12;2025-11-12;6;1442
12;2025-11-12;7;2640
12;2025-11-12;8;3541
12;2025-11-12;9;2628
12;2025-11-12;10;2177
12;2025-11-12;11;2040
12;2025-11-12;12;2096
12;2025-11-12;13;2111
12;2025-11-12;14;1913
12;2025-11-12;15;2332
12;2025-11-12;16;2836
12;2025-11-12;17;2956
12;2025-11-12;18;3011
12;2025-11-12;19;2381
12;2025-11-12;20;1556
12;2025-11-12;21;1022
12;2025-11-12;22;497
12;2025-11-12;23;259
12;2025-11-13;0;51
12;2025-11-13;1;2
12;2025-11-13;2;0
12;2025-11-13;3;0
12;2025-11-13;4;7
12;2025-11-13;5;297
12;2025-11-13;6;1395
12;2025-11-13;7;2711
12;2025-11-13;8;3636
12;2025-11-13;9;2531
12;2025-11-13;10;2095
12;2025-11-13;11;1833
12;2025-11-13;12;1987
12;2025-11-13;13;2091
12;2025-11-13;14;1888
12;2025-11-13;15;2170
12;2025-11-13;16;2629
12;2025-11-13;17;2998
12;2025-11-13;18;3232
12;2025-11-13;19;2417
12;2025-11-13;20;1585
12;2025-11-13;21;947
12;2025-11-13;22;494
12;2025-11-13;23;263
12;2025-11-14;0;55
12;2025-11-14;1;1
12;2025-11-14;2;0
12;2025-11-14;3;0
12;2025-11-14;4;4
12;2025-11-14;5;329
12;2025-11-14;6;1391
12;2025-11-14;7;2687
12;2025-11-14;8;3343
12;2025-11-14;9;2500
12;2025-11-14;10;1913
12;2025-11-14;11;1916
12;2025-11-14;12;1936
12;2025-11-14;13;2145
12;2025-11-14;14;1973
12;2025-11-14;15;2262
12;2025-11-14;16;2921
12;2025-11-14;17;2908
12;2025-11-14;18;2489
12;2025-11-14;19;2049
12;2025-11-14;20;1355
12;2025-11-14;21;961
12;2025-11-14;22;472
12;2025-11-14;23;316
12;2025-11-15;0;69
12;2025-11-15;1;2
12;2025-11-15;2;0
12;2025-11-15;3;0
12;2025-11-15;4;1
12;2025-11-15;5;225
12;2025-11-15;6;771
12;2025-11-15;7;892
12;2025-11-15;8;1025
12;2025-11-15;9;1230
12;2025-11-15;10;1485
12;2025-11-15;11;1502
12;2025-11-15;12;1558
12;2025-11-15;13;1763
12;2025-11-15;14;1572
12;2025-11-15;15;1546
12;2025-11-15;16;1696
12;2025-11-15;17;1636
12;2025-11-15;18;1565
12;2025-11-15;19;1350
12;2025-11-15;20;969
12;2025-11-15;21;776
12;2025-11-15;22;389
12;2025-11-15;23;299
12;2025-11-16;0;84
12;2025-11-16;1;3
12;2025-11-16;2;0
12;2025-11-16;3;0
12;2025-11-16;4;2
12;2025-11-16;5;128
12;2025-11-16;6;518
12;2025-11-16;7;716
12;2025-11-16;8;723
12;2025-11-16;9;909
12;2025-11-16;10;1150
12;2025-11-16;11;1254
12;2025-11-16;12;1308
12;2025-11-16;13;1546
12;2025-11-16;14;1435
12;2025-11-16;15;1503
12;2025-11-16;16;1510
12;2025-11-16;17;1530
12;2025-11-16;18;1370
12;2025-11-16;19;998
12;2025-11-16;20;774
12;2025-11-16;21;596
12;2025-11-16;22;401
12;2025-11-16;23;195
12;2025-11-17;0;51
12;2025-11-17;1;2
12;2025-11-17;2;0
12;2025-11-17;3;0
12;2025-11-17;4;7
12;2025-11-17;5;300
12;2025-11-17;6;1429
12;2025-11-17;7;2639
12;2025-11-17;8;3505
12;2025-11-17;9;2484
12;2025-11-17;10;1997
12;2025-11-17;11;1893
12;2025-11-17;12;2094
12;2025-11-17;13;2019
12;2025-11-17;14;1962
12;2025-11-17;15;2160
12;2025-11-17;16;2683
12;2025-11-17;17;2979
12;2025-11-17;18;3164
12;2025-11-17;19;2269
12;2025-11-17;20;1597
12;2025-11-17;21;934
12;2025-11-17;22;451
12;2025-11-17;23;233
12;2025-11-18;0;48
12;2025-11-18;1;1
12;2025-11-18;2;0
12;2025-11-18;3;0
12;2025-11-18;4;6
12;2025-11-18;5;324
12;2025-11-18;6;1445
12;2025-11-18;7;2803
12;2025-11-18;8;3633
12;2025-11-18;9;2555
12;2025-11-18;10;2101
12;2025-11-18;11;1959
12;2025-11-18;12;1995
12;2025-11-18;13;2094
12;2025-11-18;14;1971
12;2025-11-18;15;2202
12;2025-11-18;16;2629
12;2025-11-18;17;2999
12;2025-11-18;18;3241
12;2025-11-18;19;2326
12;2025-11-18;20;1497
12;2025-11-18;21;922
12;2025-11-18;22;468
12;2025-11-18;23;260
12;2025-11-19;0;60
12;2025-11-19;1;2
12;2025-11-19;2;0
12;2025-11-19;3;0
12;2025-11-19;4;8
12;2025-11-19;5;324
12;2025-11-19;6;1442
12;2025-11-19;7;2640
12;2025-11-19;8;3541
12;2025-11-19;9;2628
12;2025-11-19;10;2177
12;2025-11-19;11;2040
12;2025-11-19;12;2096
12;2025-11-19;13;2111
12;2025-11-19;14;1913
12;2025-11-19;15;2332
12;2025-11-19;16;2836
12;2025-11-19;17;2956
12;2025-11-19;18;3011
12;2025-11-19;19;2381
12;2025-11-19;20;1556
12;2025-11-19;21;1022
12;2025-11-19;22;497
12;2025-11-19;23;259
12;2025-11-20;0;51
12;2025-11-20;1;2
12;2025-11-20;2;0
12;2025-11-20;3;0
12;2025-11-20;4;7
12;2025-11-20;5;297
12;2025-11-20;6;1395
12;2025-11-20;7;2711
12;2025-11-20;8;3636
12;2025-11-20;9;2531
12;2025-11-20;10;2095
12;2025-11-20;11;1833
12;2025-11-20;12;1987
12;2025-11-20;13;2091
12;2025-11-20;14;1888
12;2025-11-20;15;2170
12;2025-11-20;16;2629
12;2025-11-20;17;2998
12;2025-11-20;18;3232
12;2025-11-20;19;2417
12;2025-11-20;20;1585
12;2025-11-20;21;947
12;2025-11-20;22;494
12;2025-11-20;23;263
12;2025-11-21;0;55
12;2025-11-21;1;1
12;2025-11-21;2;0
12;2025-11-21;3;0
12;2025-11-21;4;4
12;2025-11-21;5;329
12;2025-11-21;6;1391
12;2025-11-21;7;2687
12;2025-11-21;8;3343
12;2025-11-21;9;2500
12;2025-11-21;10;1913
12;2025-11-21;11;1916
12;2025-11-21;12;1936
12;2025-11-21;13;2145
12;2025-11-21;14;1973
12;2025-11-21;15;2262
12;2025-11-21;16;2921
12;2025-11-21;17;2908
12;2025-11-21;18;2489
12;2025-11-21;19;2049
12;2025-11-21;20;1355
12;2025-11-21;21;961
12;2025-11-21;22;472
12;2025-11-21;23;316
12;2025-11-22;0;69
12;2025-11-22;1;2
12;2025-11-22;2;0
12;2025-11-22;3;0
12;2025-11-22;4;1
12;2025-11-22;5;225
12;2025-11-22;6;771
12;2025-11-22;7;892
12;2025-11-22;8;1025
12;2025-11-22;9;1230
12;2025-11-22;10;1485
12;2025-11-22;11;1502
12;2025-11-22;12;1558
12;2025-11-22;13;1763
12;2025-11-22;14;1572
12;2025-11-22;15;1546
12;2025-11-22;16;1696
12;2025-11-22;17;1636
12;2025-11-22;18;1565
12;2025-11-22;19;1350
12;2025-11-22;20;969
12;2025-11-22;21;776
12;2025-11-22;22;389
12;2025-11-22;23;299
12;2025-11-23;0;84
12;2025-11-23;1;3
12;2025-11-23;2;0
12;2025-11-23;3;0
12;2025-11-23;4;2
12;2025-11-23;5;128
12;2025-11-23;6;518
12;2025-11-23;7;716
12;2025-11-23;8;723
12;2025-11-23;9;909
12;2025-11-23;10;1150
12;2025-11-23;11;1254
12;2025-11-23;12;1308
12;2025-11-23;13;1546
12;2025-11-23;14;1435
12;2025-11-23;15;1503
12;2025-11-23;16;1510
12;2025-11-23;17;1530
12;2025-11-23;18;1370
12;2025-11-23;19;998
12;2025-11-23;20;774
12;2025-11-23;21;596
12;2025-11-23;22;401
12;2025-11-23;23;195
12;2025-11-24;0;51
12;2025-11-24;1;2
12;2025-11-24;2;0
12;2025-11-24;3;0
12;2025-11-24;4;7
12;2025-11-24;5;300
12;2025-11-24;6;1429
12;2025-11-24;7;2639
12;2025-11-24;8;3505
12;2025-11-24;9;2484
12;2025-11-24;10;1997
12;2025-11-24;11;1893
12;2025-11-24;12;2094
12;2025-11-24;13;2019
12;2025-11-24;14;1962
12;2025-11-24;15;2160
12;2025-11-24;16;2683
12;2025-11-24;17;2979
12;2025-11-24;18;3164
12;2025-11-24;19;2269
12;2025-11-24;20;1597
12;2025-11-24;21;934
12;2025-11-24;22;451
12;2025-11-24;23;233
12;2025-11-25;0;48
12;2025-11-25;1;1
12;2025-11-25;2;0
12;2025-11-25;3;0
12;2025-11-25;4;6
12;2025-11-25;5;324
12;2025-11-25;6;1445
12;2025-11-25;7;2803
12;2025-11-25;8;3633
12;2025-11-25;9;2555
12;2025-11-25;10;2101
12;2025-11-25;11;1959
12;2025-11-25;12;1995
12;2025-11-25;13;2094
12;2025-11-25;14;1971
12;2025-11-25;15;2202
12;2025-11-25;16;2629
12;2025-11-25;17;2999
12;2025-11-25;18;3241
12;2025-11-25;19;2326
12;2025-11-25;20;1497
12;2025-11-25;21;922
12;2025-11-25;22;468
12;2025-11-25;23;260
12;2025-11-26;0;60
12;2025-11-26;1;2
12;2025-11-26;2;0
12;2025-11-26;3;0
12;2025-11-26;4;8
12;2025-11-26;5;324
12;2025-11-26;6;1442
12;2025-11-26;7;2640
12;2025-11-26;8;3541
12;2025-11-26;9;2628
12;2025-11-26;10;2177
12;2025-11-26;11;2040
12;2025-11-26;12;2096
12;2025-11-26;13;2111
12;2025-11-26;14;1913
12;2025-11-26;15;2332
12;2025-11-26;16;2836
12;2025-11-26;17;2956
12;2025-11-26;18;3011
12;2025-11-26;19;2381
12;2025-11-26;20;1556
12;2025-11-26;21;1022
12;2025-11-26;22;497
12;2025-11-26;23;259
12;2025-11-27;0;51
12;2025-11-27;1;2
12;2025-11-27;2;0
12;2025-11-27;3;0
12;2025-11-27;4;7
12;2025-11-27;5;297
12;2025-11-27;6;1395
12;2025-11-27;7;2711
12;2025-11-27;8;3636
12;2025-11-27;9;2531
12;2025-11-27;10;2095
12;2025-11-27;11;1833
12;2025-11-27;12;1987
12;2025-11-27;13;2091
12;2025-11-27;14;1888
12;2025-11-27;15;2170
12;2025-11-27;16;2629
12;2025-11-27;17;2998
12;2025-11-27;18;3232
12;2025-11-27;19;2417
12;2025-11-27;20;1585
12;2025-11-27;21;947
12;2025-11-27;22;494
12;2025-11-27;23;263
12;2025-11-28;0;55
12;2025-11-28;1;1
12;2025-11-28;2;0
12;2025-11-28;3;0
12;2025-11-28;4;4
12;2025-11-28;5;329
12;2025-11-28;6;1391
12;2025-11-28;7;2687
12;2025-11-28;8;3343
12;2025-11-28;9;2500
12;2025-11-28;10;1913
12;2025-11-28;11;1916
12;2025-11-28;12;1936
12;2025-11-28;13;2145
12;2025-11-28;14;1973
12;2025-11-28;15;2262
12;2025-11-28;16;2921
12;2025-11-28;17;2908
12;2025-11-28;18;2489
12;2025-11-28;19;2049
12;2025-11-28;20;1355
12;2025-11-28;21;961
12;2025-11-28;22;472
12;2025-11-28;23;316
12;2025-11-29;0;69
12;2025-11-29;1;2
12;2025-11-29;2;0
12;2025-11-29;3;0
12;2025-11-29;4;1
12;2025-11-29;5;225
12;2025-11-29;6;771
12;2025-11-29;7;892
12;2025-11-29;8;1025
12;2025-11-29;9;1230
12;2025-11-29;10;1485
12;2025-11-29;11;1502
12;2025-11-29;12;1558
12;2025-11-29;13;1763
12;2025-11-29;14;1572
12;2025-11-29;15;1546
12;2025-11-29;16;1696
12;2025-11-29;17;1636
12;2025-11-29;18;1565
12;2025-11-29;19;1350
12;2025-11-29;20;969
12;2025-11-29;21;776
12;2025-11-29;22;389
12;2025-11-29;23;299
12;2025-11-30;0;84
12;2025-11-30;1;3
12;2025-11-30;2;0
12;2025-11-30;3;0
12;2025-11-30;4;2
12;2025-11-30;5;128
12;2025-11-30;6;518
12;2025-11-30;7;716
12;2025-11-30;8;723
12;2025-11-30;9;909
12;2025-11-30;10;1150
12;2025-11-30;11;1254
12;2025-11-30;12;1308
12;2025-11-30;13;1546
12;2025-11-30;14;1435
12;2025-11-30;15;1503
12;2025-11-30;16;1510
12;2025-11-30;17;1530
12;2025-11-30;18;1370
12;2025-11-30;19;998
12;2025-11-30;20;774
12;2025-11-30;21;596
12;2025-11-30;22;401
12;2025-11-30;23;195
12;2025-12-01;0;51
12;2025-12-01;1;2
12;2025-12-01;2;0
12;2025-12-01;3;0
12;2025-12-01;4;7
12;2025-12-01;5;300
12;2025-12-01;6;1429
12;2025-12-01;7;2639
12;2025-12-01;8;3505
12;2025-12-01;9;2484
12;2025-12-01;10;1997
12;2025-12-01;11;1893
12;2025-12-01;12;2094
12;2025-12-01;13;2019
12;2025-12-01;14;1962
12;2025-12-01;15;2160
12;2025-12-01;16;2683
12;2025-12-01;17;2979
12;2025-12-01;18;3164
12;2025-12-01;19;2269
12;2025-12-01;20;1597
12;2025-12-01;21;934
12;2025-12-01;22;451
12;2025-12-01;23;233
12;2025-12-02;0;48
12;2025-12-02;1;1
12;2025-12-02;2;0
12;2025-12-02;3;0
12;2025-12-02;4;6
12;2025-12-02;5;324
12;2025-12-02;6;1445
12;2025-12-02;7;2803
12;2025-12-02;8;3633
12;2025-12-02;9;2555
12;2025-12-02;10;2101
12;2025-12-02;11;1959
12;2025-12-02;12;1995
12;2025-12-02;13;2094
12;2025-12-02;14;1971
12;2025-12-02;15;2202
12;2025-12-02;16;2629
12;2025-12-02;17;2999
12;2025-12-02;18;3241
12;2025-12-02;19;2326
12;2025-12-02;20;1497
12;2025-12-02;21;922
12;2025-12-02;22;468
12;2025-12-02;23;260
12;2025-12-03;0;60
12;2025-12-03;1;2
12;2025-12-03;2;0
12;2025-12-03;3;0
12;2025-12-03;4;8
12;2025-12-03;5;324
12;2025-12-03;6;1442
12;2025-12-03;7;2640
12;2025-12-03;8;3541
12;2025-12-03;9;2628
12;2025-12-03;10;2177
12;2025-12-03;11;2040
12;2025-12-03;12;2096
12;2025-12-03;13;2111
12;2025-12-03;14;1913
12;2025-12-03;15;2332
12;2025-12-03;16;2836
12;2025-12-03;17;2956
12;2025-12-03;18;3011
12;2025-12-03;19;2381
12;2025-12-03;20;1556
12;2025-12-03;21;1022
12;2025-12-03;22;497
12;2025-12-03;23;259
12;2025-12-04;0;51
12;2025-12-04;1;2
12;2025-12-04;2;0
12;2025-12-04;3;0
12;2025-12-04;4;7
12;2025-12-04;5;297
12;2025-12-04;6;1395
12;2025-12-04;7;2711
12;2025-12-04;8;3636
12;2025-12-04;9;2531
12;2025-12-04;10;2095
12;2025-12-04;11;1833
12;2025-12-04;12;1987
12;2025-12-04;13;2091
12;2025-12-04;14;1888
12;2025-12-04;15;2170
12;2025-12-04;16;2629
12;2025-12-04;17;2998
12;2025-12-04;18;3232
12;2025-12-04;19;2417
12;2025-12-04;20;1585
12;2025-12-04;21;947
12;2025-12-04;22;494
12;2025-12-04;23;263
12;2025-12-05;0;55
12;2025-12-05;1;1
12;2025-12-05;2;0
12;2025-12-05;3;0
12;2025-12-05;4;4
12;2025-12-05;5;329
12;2025-12-05;6;1391
12;2025-12-05;7;2687
12;2025-12-05;8;3343
12;2025-12-05;9;2500
12;2025-12-05;10;1913
12;2025-12-05;11;1916
12;2025-12-05;12;1936
12;2025-12-05;13;2145
12;2025-12-05;14;1973
12;2025-12-05;15;2262
12;2025-12-05;16;2921
12;2025-12-05;17;2908
12;2025-12-05;18;2489
12;2025-12-05;19;2049
12;2025-12-05;20;1355
12;2025-12-05;21;961
12;2025-12-05;22;472
12;2025-12-05;23;316
12;2025-12-06;0;69
12;2025-12-06;1;2
12;2025-12-06;2;0
12;2025-12-06;3;0
12;2025-12-06;4;1
12;2025-12-06;5;225
12;2025-12-06;6;771
12;2025-12-06;7;892
12;2025-12-06;8;1025
12;2025-12-06;9;1230
12;2025-12-06;10;1485
12;2025-12-06;11;1502
12;2025-12-06;12;1558
12;2025-12-06;13;1763
12;2025-12-06;14;1572
12;2025-12-06;15;1546
12;2025-12-06;16;1696
12;2025-12-06;17;1636
12;2025-12-06;18;1565
12;2025-12-06;19;1350
12;2025-12-06;20;969
12;2025-12-06;21;776
12;2025-12-06;22;389
12;2025-12-06;23;299
12;2025-12-07;0;84
12;2025-12-07;1;3
12;2025-12-07;2;0
12;2025-12-07;3;0
12;2025-12-07;4;2
12;2025-12-07;5;128
12;2025-12-07;6;518
12;2025-12-07;7;716
12;2025-12-07;8;723
12;2025-12-07;9;909
12;2025-12-07;10;1150
12;2025-12-07;11;1254
12;2025-12-07;12;1308
12;2025-12-07;13;1546
12;2025-12-07;14;1435
12;2025-12-07;15;1503
12;2025-12-07;16;1510
12;2025-12-07;17;1530
12;2025-12-07;18;1370
12;2025-12-07;19;998
12;2025-12-07;20;774
12;2025-12-07;21;596
12;2025-12-07;22;401
12;2025-12-07;23;195
12;2025-12-08;0;51
12;2025-12-08;1;2
12;2025-12-08;2;0
12;2025-12-08;3;0
12;2025-12-08;4;7
12;2025-12-08;5;300
12;2025-12-08;6;1429
12;2025-12-08;7;2639
12;2025-12-08;8;3505
12;2025-12-08;9;2484
12;2025-12-08;10;1997
12;2025-12-08;11;1893
12;2025-12-08;12;2094
12;2025-12-08;13;2019
12;2025-12-08;14;1962
12;2025-12-08;15;2160
12;2025-12-08;16;2683
12;2025-12-08;17;2979
12;2025-12-08;18;3164
12;2025-12-08;19;2269
12;2025-12-08;20;1597
12;2025-12-08;21;934
12;2025-12-08;22;451
12;2025-12-08;23;233
12;2025-12-09;0;48
12;2025-12-09;1;1
12;2025-12-09;2;0
12;2025-12-09;3;0
12;2025-12-09;4;6
12;2025-12-09;5;324
12;2025-12-09;6;1445
12;2025-12-09;7;2803
12;2025-12-09;8;3633
12;2025-12-09;9;2555
12;2025-12-09;10;2101
12;2025-12-09;11;1959
12;2025-12-09;12;1995
12;2025-12-09;13;2094
12;2025-12-09;14;1971
12;2025-12-09;15;2202
12;2025-12-09;16;2629
12;2025-12-09;17;2999
12;2025-12-09;18;3241
12;2025-12-09;19;2326
12;2025-12-09;20;1497
12;2025-12-09;21;922
12;2025-12-09;22;468
12;2025-12-09;23;260
12;2025-12-10;0;60
12;2025-12-10;1;2
12;2025-12-10;2;0
12;2025-12-10;3;0
12;2025-12-10;4;8
12;2025-12-10;5;324
12;2025-12-10;6;1442
12;2025-12-10;7;2640
12;2025-12-10;8;3541
12;2025-12-10;9;2628
12;2025-12-10;10;2177
12;2025-12-10;11;2040
12;2025-12-10;12;2096
12;2025-12-10;13;2111
12;2025-12-10;14;1913
12;2025-12-10;15;2332
12;2025-12-10;16;2836
12;2025-12-10;17;2956
12;2025-12-10;18;3011
12;2025-12-10;19;2381
12;2025-12-10;20;1556
12;2025-12-10;21;1022
12;2025-12-10;22;497
12;2025-12-10;23;259
12;2025-12-11;0;51
12;2025-12-11;1;2
12;2025-12-11;2;0
12;2025-12-11;3;0
12;2025-12-11;4;7
12;2025-12-11;5;297
12;2025-12-11;6;1395
12;2025-12-11;7;2711
12;2025-12-11;8;3636
12;2025-12-11;9;2531
12;2025-12-11;10;2095
12;2025-12-11;11;1833
12;2025-12-11;12;1987
12;2025-12-11;13;2091
12;2025-12-11;14;1888
12;2025-12-11;15;2170
12;2025-12-11;16;2629
12;2025-12-11;17;2998
12;2025-12-11;18;3232
12;2025-12-11;19;2417
12;2025-12-11;20;1585
12;2025-12-11;21;947
12;2025-12-11;22;494
12;2025-12-11;23;263
12;2025-12-12;0;55
12;2025-12-12;1;1
12;2025-12-12;2;0
12;2025-12-12;3;0
12;2025-12-12;4;4
12;2025-12-12;5;329
12;2025-12-12;6;1391
12;2025-12-12;7;2687
12;2025-12-12;8;3343
12;2025-12-12;9;2500
12;2025-12-12;10;1913
12;2025-12-12;11;1916
12;2025-12-12;12;1936
12;2025-12-12;13;2145
12;2025-12-12;14;1973
12;2025-12-12;15;2262
12;2025-12-12;16;2921
12;2025-12-12;17;2908
12;2025-12-12;18;2489
12;2025-12-12;19;2049
12;2025-12-12;20;1355
12;2025-12-12;21;961
12;2025-12-12;22;472
12;2025-12-12;23;316
12;2025-12-13;0;69
12;2025-12-13;1;2
12;2025-12-13;2;0
12;2025-12-13;3;0
12;2025-12-13;4;1
12;2025-12-13;5;225
12;2025-12-13;6;771
12;2025-12-13;7;892
12;2025-12-13;8;1025
12;2025-12-13;9;1230
12;2025-12-13;10;1485
12;2025-12-13;11;1502
12;2025-12-13;12;1558
12;2025-12-13;13;1763
12;2025-12-13;14;1572
12;2025-12-13;15;1546
12;2025-12-13;16;1696
12;2025-12-13;17;1636
12;2025-12-13;18;1565
12;2025-12-13;19;1350
12;2025-12-13;20;969
12;2025-12-13;21;776
12;2025-12-13;22;389
12;2025-12-13;23;299
12;2025-12-14;0;84
12;2025-12-14;1;3
12;2025-12-14;2;0
12;2025-12-14;3;0
12;2025-12-14;4;2
12;2025-12-14;5;128
12;2025-12-14;6;518
12;2025-12-14;7;716
12;2025-12-14;8;723
12;2025-12-14;9;909
12;2025-12-14;10;1150
12;2025-12-14;11;1254
12;2025-12-14;12;1308
12;2025-12-14;13;1546
12;2025-12-14;14;1435
12;2025-12-14;15;1503
12;2025-12-14;16;1510
12;2025-12-14;17;1530
12;2025-12-14;18;1370
12;2025-12-14;19;998
12;2025-12-14;20;774
12;2025-12-14;21;596
12;2025-12-14;22;401
12;2025-12-14;23;195
12;2025-12-15;0;51
12;2025-12-15;1;2
12;2025-12-15;2;0
12;2025-12-15;3;0
12;2025-12-15;4;7
12;2025-12-15;5;300
12;2025-12-15;6;1429
12;2025-12-15;7;2639
12;2025-12-15;8;3505
12;2025-12-15;9;2484
12;2025-12-15;10;1997
12;2025-12-15;11;1893
12;2025-12-15;12;2094
12;2025-12-15;13;2019
12;2025-12-15;14;1962
12;2025-12-15;15;2160
12;2025-12-15;16;2683
12;2025-12-15;17;2979
12;2025-12-15;18;3164
12;2025-12-15;19;2269
12;2025-12-15;20;1597
12;2025-12-15;21;934
12;2025-12-15;22;451
12;2025-12-15;23;233
12;2025-12-16;0;48
12;2025-12-16;1;1
12;2025-12-16;2;0
12;2025-12-16;3;0
12;2025-12-16;4;6
12;2025-12-16;5;324
12;2025-12-16;6;1445
12;2025-12-16;7;2803
12;2025-12-16;8;3633
12;2025-12-16;9;2555
12;2025-12-16;10;2101
12;2025-12-16;11;1959
12;2025-12-16;12;1995
12;2025-12-16;13;2094
12;2025-12-16;14;1971
12;2025-12-16;15;2202
12;2025-12-16;16;2629
12;2025-12-16;17;2999
12;2025-12-16;18;3241
12;2025-12-16;19;2326
12;2025-12-16;20;1497
12;2025-12-16;21;922
12;2025-12-16;22;468
12;2025-12-16;23;260
12;2025-12-17;0;60
12;2025-12-17;1;2
12;2025-12-17;2;0
12;2025-12-17;3;0
12;2025-12-17;4;8
12;2025-12-17;5;324
12;2025-12-17;6;1442
12;2025-12-17;7;2640
12;2025-12-17;8;3541
12;2025-12-17;9;2628
12;2025-12-17;10;2177
12;2025-12-17;11;2040
12;2025-12-17;12;2096
12;2025-12-17;13;2111
12;2025-12-17;14;1913
12;2025-12-17;15;2332
12;2025-12-17;16;2836
12;2025-12-17;17;2956
12;2025-12-17;18;3011
12;2025-12-17;19;2381
12;2025-12-17;20;1556
12;2025-12-17;21;1022
12;2025-12-17;22;497
12;2025-12-17;23;259
12;2025-12-18;0;51
12;2025-12-18;1;2
12;2025-12-18;2;0
12;2025-12-18;3;0
12;2025-12-18;4;7
12;2025-12-18;5;297
12;2025-12-18;6;1395
12;2025-12-18;7;2711
12;2025-12-18;8;3636
12;2025-12-18;9;2531
12;2025-12-18;10;2095
12;2025-12-18;11;1833
12;2025-12-18;12;1987
12;2025-12-18;13;2091
12;2025-12-18;14;1888
12;2025-12-18;15;2170
12;2025-12-18;16;2629
12;2025-12-18;17;2998
12;2025-12-18;18;3232
12;2025-12-18;19;2417
12;2025-12-18;20;1585
12;2025-12-18;21;947
12;2025-12-18;22;494
12;2025-12-18;23;263
12;2025-12-19;0;55
12;2025-12-19;1;1
12;2025-12-19;2;0
12;2025-12-19;3;0
12;2025-12-19;4;4
12;2025-12-19;5;329
12;2025-12-19;6;1391
12;2025-12-19;7;2687
12;2025-12-19;8;3343
12;2025-12-19;9;2500
12;2025-12-19;10;1913
12;2025-12-19;11;1916
12;2025-12-19;12;1936
12;2025-12-19;13;2145
12;2025-12-19;14;1973
12;2025-12-19;15;2262
12;2025-12-19;16;2921
12;2025-12-19;17;2908
12;2025-12-19;18;2489
12;2025-12-19;19;2049
12;2025-12-19;20;1355
12;2025-12-19;21;961
12;2025-12-19;22;472
12;2025-12-19;23;316
12;2025-12-20;0;69
12;2025-12-20;1;2
12;2025-12-20;2;0
12;2025-12-20;3;0
12;2025-12-20;4;1
12;2025-12-20;5;225
12;2025-12-20;6;771
12;2025-12-20;7;892
12;2025-12-20;8;1025
12;2025-12-20;9;1230
12;2025-12-20;10;1485
12;2025-12-20;11;1502
12;2025-12-20;12;1558
12;2025-12-20;13;1763
12;2025-12-20;14;1572
12;2025-12-20;15;1546
12;2025-12-20;16;1696
12;2025-12-20;17;1636
12;2025-12-20;18;1565
12;2025-12-20;19;1350
12;2025-12-20;20;969
12;2025-12-20;21;776
12;2025-12-20;22;389
12;2025-12-20;23;299
12;2025-12-21;0;84
12;2025-12-21;1;3
12;2025-12-21;2;0
12;2025-12-21;3;0
12;2025-12-21;4;2
12;2025-12-21;5;128
12;2025-12-21;6;518
12;2025-12-21;7;716
12;2025-12-21;8;723
12;2025-12-21;9;909
12;2025-12-21;10;1150
12;2025-12-21;11;1254
12;2025-12-21;12;1308
12;2025-12-21;13;1546
12;2025-12-21;14;1435
12;2025-12-21;15;1503
12;2025-12-21;16;1510
12;2025-12-21;17;1530
12;2025-12-21;18;1370
12;2025-12-21;19;998
12;2025-12-21;20;774
12;2025-12-21;21;596
12;2025-12-21;22;401
12;2025-12-21;23;195
12;2025-12-22;0;51
12;2025-12-22;1;2
12;2025-12-22;2;0
12;2025-12-22;3;0
12;2025-12-22;4;7
12;2025-12-22;5;300
12;2025-12-22;6;1429
12;2025-12-22;7;2639
12;2025-12-22;8;3505
12;2025-12-22;9;2484
12;2025-12-22;10;1997
12;2025-12-22;11;1893
12;2025-12-22;12;2094
12;2025-12-22;13;2019
12;2025-12-22;14;1962
12;2025-12-22;15;2160
12;2025-12-22;16;2683
12;2025-12-22;17;2979
12;2025-12-22;18;3164
12;2025-12-22;19;2269
12;2025-12-22;20;1597
12;2025-12-22;21;934
12;2025-12-22;22;451
12;2025-12-22;23;233
12;2025-12-23;0;48
12;2025-12-23;1;1
12;2025-12-23;2;0
12;2025-12-23;3;0
12;2025-12-23;4;6
12;2025-12-23;5;324
12;2025-12-23;6;1445
12;2025-12-23;7;2803
12;2025-12-23;8;3633
12;2025-12-23;9;2555
12;2025-12-23;10;2101
12;2025-12-23;11;1959
12;2025-12-23;12;1995
12;2025-12-23;13;2094
12;2025-12-23;14;1971
12;2025-12-23;15;2202
12;2025-12-23;16;2629
12;2025-12-23;17;2999
12;2025-12-23;18;3241
12;2025-12-23;19;2326
12;2025-12-23;20;1497
12;2025-12-23;21;922
12;2025-12-23;22;468
12;2025-12-23;23;260
12;2025-12-24;0;60
12;2025-12-24;1;2
12;2025-12-24;2;0
12;2025-12-24;3;0
12;2025-12-24;4;8
12;2025-12-24;5;324
12;2025-12-24;6;1442
12;2025-12-24;7;2640
12;2025-12-24;8;3541
12;2025-12-24;9;2628
12;2025-12-24;10;2177
12;2025-12-24;11;2040
12;2025-12-24;12;2096
12;2025-12-24;13;2111
12;2025-12-24;14;1913
12;2025-12-24;15;2332
12;2025-12-24;16;2836
12;2025-12-24;17;2956
12;2025-12-24;18;3011
12;2025-12-24;19;2381
12;2025-12-24;20;1556
12;2025-12-24;21;1022
12;2025-12-24;22;497
12;2025-12-24;23;259
12;2025-12-25;0;51
12;2025-12-25;1;2
12;2025-12-25;2;0
12;2025-12-25;3;0
12;2025-12-25;4;7
12;2025-12-25;5;297
12;2025-12-25;6;1395
12;2025-12-25;7;2711
12;2025-12-25;8;3636
12;2025-12-25;9;2531
12;2025-12-25;10;2095
12;2025-12-25;11;1833
12;2025-12-25;12;1987
12;2025-12-25;13;2091
12;2025-12-25;14;1888
12;2025-12-25;15;2170
12;2025-12-25;16;2629
12;2025-12-25;17;2998
12;2025-12-25;18;3232
12;2025-12-25;19;2417
12;2025-12-25;20;1585
12;2025-12-25;21;947
12;2025-12-25;22;494
12;2025-12-25;23;263
12;2025-12-26;0;55
12;2025-12-26;1;1
12;2025-12-26;2;0
12;2025-12-26;3;0
12;2025-12-26;4;4
12;2025-12-26;5;329
12;2025-12-26;6;1391
12;2025-12-26;7;2687
12;2025-12-26;8;3343
12;2025-12-26;9;2500
12;2025-12-26;10;1913
12;2025-12-26;11;1916
12;2025-12-26;12;1936
12;2025-12-26;13;2145
12;2025-12-26;14;1973
12;2025-12-26;15;2262
12;2025-12-26;16;2921
12;2025-12-26;17;2908
12;2025-12-26;18;2489
12;2025-12-26;19;2049
12;2025-12-26;20;1355
12;2025-12-26;21;961
12;2025-12-26;22;472
12;2025-12-26;23;316
12;2025-12-27;0;69
12;2025-12-27;1;2
12;2025-12-27;2;0
12;2025-12-27;3;0
12;2025-12-27;4;1
12;2025-12-27;5;225
12;2025-12-27;6;771
12;2025-12-27;7;892
12;2025-12-27;8;1025
12;2025-12-27;9;1230
12;2025-12-27;10;1485
12;2025-12-27;11;1502
12;2025-12-27;12;1558
12;2025-12-27;13;1763
12;2025-12-27;14;1572
12;2025-12-27;15;1546
12;2025-12-27;16;1696
12;2025-12-27;17;1636
12;2025-12-27;18;1565
12;2025-12-27;19;1350
12;2025-12-27;20;969
12;2025-12-27;21;776
12;2025-12-27;22;389
12;2025-12-27;23;299
12;2025-12-28;0;84
12;2025-12-28;1;3
12;2025-12-28;2;0
12;2025-12-28;3;0
12;2025-12-28;4;2
12;2025-12-28;5;128
12;2025-12-28;6;518
12;2025-12-28;7;716
12;2025-12-28;8;723
12;2025-12-28;9;909
12;2025-12-28;10;1150
12;2025-12-28;11;1254
12;2025-12-28;12;1308
12;2025-12-28;13;1546
12;2025-12-28;14;1435
12;2025-12-28;15;1503
12;2025-12-28;16;1510
12;2025-12-28;17;1530
12;2025-12-28;18;1370
12;2025-12-28;19;998
12;2025-12-28;20;774
12;2025-12-28;21;596
12;2025-12-28;22;401
12;2025-12-28;23;195
12;2025-12-29;0;51
12;2025-12-29;1;2
12;2025-12-29;2;0
12;2025-12-29;3;0
12;2025-12-29;4;7
12;2025-12-29;5;300
12;2025-12-29;6;1429
12;2025-12-29;7;2639
12;2025-12-29;8;3505
12;2025-12-29;9;2484
12;2025-12-29;10;1997
12;2025-12-29;11;1893
12;2025-12-29;12;2094
12;2025-12-29;13;2019
12;2025-12-29;14;1962
12;2025-12-29;15;2160
12;2025-12-29;16;2683
12;2025-12-29;17;2979
12;2025-12-29;18;3164
12;2025-12-29;19;2269
12;2025-12-29;20;1597
12;2025-12-29;21;934
12;2025-12-29;22;451
12;2025-12-29;23;233
12;2025-12-30;0;48
12;2025-12-30;1;1
12;2025-12-30;2;0
12;2025-12-30;3;0
12;2025-12-30;4;6
12;2025-12-30;5;324
12;2025-12-30;6;1445
12;2025-12-30;7;2803
12;2025-12-30;8;3633
12;2025-12-30;9;2555
12;2025-12-30;10;2101
12;2025-12-30;11;1959
12;2025-12-30;12;1995
12;2025-12-30;13;2094
12;2025-12-30;14;1971
12;2025-12-30;15;2202
12;2025-12-30;16;2629
12;2025-12-30;17;2999
12;2025-12-30;18;3241
12;2025-12-30;19;2326
12;2025-12-30;20;1497
12;2025-12-30;21;922
12;2025-12-30;22;468
12;2025-12-30;23;260
12;2025-12-31;0;65
12;2025-12-31;1;4
12;2025-12-31;2;0
12;2025-12-31;3;0
12;2025-12-31;4;2
12;2025-12-31;5;219
12;2025-12-31;6;628
12;2025-12-31;7;710
12;2025-12-31;8;774
12;2025-12-31;9;835
12;2025-12-31;10;906
12;2025-12-31;11;960
12;2025-12-31;12;1001
12;2025-12-31;13;1193
12;2025-12-31;14;1169
12;2025-12-31;15;1071
12;2025-12-31;16;998
12;2025-12-31;17;1005
12;2025-12-31;18;1110
12;2025-12-31;19;1043
12;2025-12-31;20;877
12;2025-12-31;21;680
12;2025-12-31;22;394
12;2025-12-31;23;235
17;2025-11-01;0;205
17;2025-11-01;1;26
17;2025-11-01;2;0
17;2025-11-01;3;0
17;2025-11-01;4;6
17;2025-11-01;5;138
17;2025-11-01;6;578
17;2025-11-01;7;1273
17;2025-11-01;8;1809
17;2025-11-01;9;2288
17;2025-11-01;10;2569
17;2025-11-01;11;3063
17;2025-11-01;12;3395
17;2025-11-01;13;3642
17;2025-11-01;14;3634
17;2025-11-01;15;3617
17;2025-11-01;16;3660
17;2025-11-01;17;3327
17;2025-11-01;18;2925
17;2025-11-01;19;2342
17;2025-11-01;20;1860
17;2025-11-01;21;1320
17;2025-11-01;22;781
17;2025-11-01;23;451
17;2025-11-02;0;186
17;2025-11-02;1;23
17;2025-11-02;2;0
17;2025-11-02;3;0
17;2025-11-02;4;3
17;2025-11-02;5;107
17;2025-11-02;6;444
17;2025-11-02;7;848
17;2025-11-02;8;1227
17;2025-11-02;9;1697
17;2025-11-02;10;2002
17;2025-11-02;11;2573
17;2025-11-02;12;2945
17;2025-11-02;13;3204
17;2025-11-02;14;3322
17;2025-11-02;15;3228
17;2025-11-02;16;3153
17;2025-11-02;17;3007
17;2025-11-02;18;2589
17;2025-11-02;19;2060
17;2025-11-02;20;1531
17;2025-11-02;21;1122
17;2025-11-02;22;672
17;2025-11-02;23;318
17;2025-11-03;0;184
17;2025-11-03;1;20
17;2025-11-03;2;0
17;2025-11-03;3;0
17;2025-11-03;4;6
17;2025-11-03;5;124
17;2025-11-03;6;472
17;2025-11-03;7;978
17;2025-11-03;8;1337
17;2025-11-03;9;1622
17;2025-11-03;10;1642
17;2025-11-03;11;1936
17;2025-11-03;12;2201
17;2025-11-03;13;2411
17;2025-11-03;14;2502
17;2025-11-03;15;2540
17;2025-11-03;16;2536
17;2025-11-03;17;2477
17;2025-11-03;18;2425
17;2025-11-03;19;2155
17;2025-11-03;20;1834
17;2025-11-03;21;1453
17;2025-11-03;22;924
17;2025-11-03;23;432
17;2025-11-04;0;184
17;2025-11-04;1;20
17;2025-11-04;2;0
17;2025-11-04;3;0
17;2025-11-04;4;6
17;2025-11-04;5;124
17;2025-11-04;6;472
17;2025-11-04;7;978
17;2025-11-04;8;1337
17;2025-11-04;9;1622
17;2025-11-04;10;1642
17;2025-11-04;11;1936
17;2025-11-04;12;2201
17;2025-11-04;13;2411
17;2025-11-04;14;2502
17;2025-11-04;15;2540
17;2025-11-04;16;2536
17;2025-11-04;17;2477
17;2025-11-04;18;2425
17;2025-11-04;19;2155
17;2025-11-04;20;1834
17;2025-11-04;21;1453
17;2025-11-04;22;924
17;2025-11-04;23;432
17;2025-11-05;0;123
17;2025-11-05;1;10
17;2025-11-05;2;0
17;2025-11-05;3;0
17;2025-11-05;4;26
17;2025-11-05;5;294
17;2025-11-05;6;1508
17;2025-11-05;7;4153
17;2025-11-05;8;5449
17;2025-11-05;9;3865
17;2025-11-05;10;3134
17;2025-11-05;11;3124
17;2025-11-05;12;3155
17;2025-11-05;13;3177
17;2025-11-05;14;3402
17;2025-11-05;15;3382
17;2025-11-05;16;3726
17;2025-11-05;17;4550
17;2025-11-05;18;4759
17;2025-11-05;19;3246
17;2025-11-05;20;2266
17;2025-11-05;21;1447
17;2025-11-05;22;705
17;2025-11-05;23;379
17;2025-11-06;0;133
17;2025-11-06;1;11
17;2025-11-06;2;0
17;2025-11-06;3;0
17;2025-11-06;4;26
17;2025-11-06;5;317
17;2025-11-06;6;1533
17;2025-11-06;7;4185
17;2025-11-06;8;5326
17;2025-11-06;9;3928
17;2025-11-06;10;3168
17;2025-11-06;11;3157
17;2025-11-06;12;3156
17;2025-11-06;13;3174
17;2025-11-06;14;3270
17;2025-11-06;15;3306
17;2025-11-06;16;3838
17;2025-11-06;17;4491
17;2025-11-06;18;4578
17;2025-11-06;19;3380
17;2025-11-06;20;2465
17;2025-11-06;21;1482
17;2025-11-06;22;728
17;2025-11-06;23;395
17;2025-11-07;0;147
17;2025-11-07;1;18
17;2025-11-07;2;0
17;2025-11-07;3;0
17;2025-11-07;4;25
17;2025-11-07;5;312
17;2025-11-07;6;1541
17;2025-11-07;7;4125
17;2025-11-07;8;5297
17;2025-11-07;9;3826
17;2025-11-07;10;3025
17;2025-11-07;11;3077
17;2025-11-07;12;3007
17;2025-11-07;13;3117
17;2025-11-07;14;3158
17;2025-11-07;15;3435
17;2025-11-07;16;4169
17;2025-11-07;17;4773
17;2025-11-07;18;4286
17;2025-11-07;19;3180
17;2025-11-07;20;2358
17;2025-11-07;21;1594
17;2025-11-07;22;745
17;2025-11-07;23;481
17;2025-11-08;0;205
17;2025-11-08;1;26
17;2025-11-08;2;0
17;2025-11-08;3;0
17;2025-11-08;4;6
17;2025-11-08;5;138
17;2025-11-08;6;578
17;2025-11-08;7;1273
17;2025-11-08;8;1809
17;2025-11-08;9;2288
17;2025-11-08;10;2569
17;2025-11-08;11;3063
17;2025-11-08;12;3395
17;2025-11-08;13;3642
17;2025-11-08;14;3634
17;2025-11-08;15;3617
17;2025-11-08;16;3660
17;2025-11-08;17;3327
17;2025-11-08;18;2925
17;2025-11-08;19;2342
17;2025-11-08;20;1860
17;2025-11-08;21;1320
17;2025-11-08;22;781
17;2025-11-08;23;451
17;2025-11-09;0;186
17;2025-11-09;1;23
17;2025-11-09;2;0
17;2025-11-09;3;0
17;2025-11-09;4;3
17;2025-11-09;5;107
17;2025-11-09;6;444
17;2025-11-09;7;848
17;2025-11-09;8;1227
17;2025-11-09;9;1697
17;2025-11-09;10;2002
17;2025-11-09;11;2573
17;2025-11-09;12;2945
17;2025-11-09;13;3204
17;2025-11-09;14;3322
17;2025-11-09;15;3228
17;2025-11-09;16;3153
17;2025-11-09;17;3007
17;2025-11-09;18;2589
17;2025-11-09;19;2060
17;2025-11-09;20;1531
17;2025-11-09;21;1122
17;2025-11-09;22;672
17;2025-11-09;23;318
17;2025-11-10;0;121
17;2025-11-10;1;13
17;2025-11-10;2;0
17;2025-11-10;3;0
17;2025-11-10;4;27
17;2025-11-10;5;294
17;2025-11-10;6;1519
17;2025-11-10;7;4078
17;2025-11-10;8;5410
17;2025-11-10;9;3852
17;2025-11-10;10;2968
17;2025-11-10;11;2914
17;2025-11-10;12;2944
17;2025-11-10;13;3061
17;2025-11-10;14;3048
17;2025-11-10;15;3115
17;2025-11-10;16;3614
17;2025-11-10;17;4262
17;2025-11-10;18;4580
17;2025-11-10;19;2929
17;2025-11-10;20;2135
17;2025-11-10;21;1356
17;2025-11-10;22;615
17;2025-11-10;23;315
17;2025-11-11;0;104
17;2025-11-11;1;9
17;2025-11-11;2;0
17;2025-11-11;3;0
17;2025-11-11;4;24
17;2025-11-11;5;327
17;2025-11-11;6;1555
17;2025-11-11;7;4215
17;2025-11-11;8;5320
17;2025-11-11;9;3897
17;2025-11-11;10;2971
17;2025-11-11;11;2949
17;2025-11-11;12;2974
17;2025-11-11;13;3042
17;2025-11-11;14;3180
17;2025-11-11;15;3234
17;2025-11-11;16;3580
17;2025-11-11;17;4623
17;2025-11-11;18;4896
17;2025-11-11;19;3367
17;2025-11-11;20;2293
17;2025-11-11;21;1446
17;2025-11-11;22;659
17;2025-11-11;23;367
17;2025-11-12;0;123
17;2025-11-12;1;10
17;2025-11-12;2;0
17;2025-11-12;3;0
17;2025-11-12;4;26
17;2025-11-12;5;294
17;2025-11-12;6;1508
17;2025-11-12;7;4153
17;2025-11-12;8;5449
17;2025-11-12;9;3865
17;2025-11-12;10;3134
17;2025-11-12;11;3124
17;2025-11-12;12;3155
17;2025-11-12;13;3177
17;2025-11-12;14;3402
17;2025-11-12;15;3382
17;2025-11-12;16;3726
17;2025-11-12;17;4550
17;2025-11-12;18;4759
17;2025-11-12;19;3246
17;2025-11-12;20;2266
17;2025-11-12;21;1447
17;2025-11-12;22;705
17;2025-11-12;23;379
17;2025-11-13;0;133
17;2025-11-13;1;11
17;2025-11-13;2;0
17;2025-11-13;3;0
17;2025-11-13;4;26
17;2025-11-13;5;317
17;2025-11-13;6;1533
17;2025-11-13;7;4185
17;2025-11-13;8;5326
17;2025-11-13;9;3928
17;2025-11-13;10;3168
17;2025-11-13;11;3157
17;2025-11-13;12;3156
17;2025-11-13;13;3174
17;2025-11-13;14;3270
17;2025-11-13;15;3306
17;2025-11-13;16;3838
17;2025-11-13;17;4491
17;2025-11-13;18;4578
17;2025-11-13;19;3380
17;2025-11-13;20;2465
17;2025-11-13;21;1482
17;2025-11-13;22;728
17;2025-11-13;23;395
17;2025-11-14;0;147
17;2025-11-14;1;18
17;2025-11-14;2;0
17;2025-11-14;3;0
17;2025-11-14;4;25
17;2025-11-14;5;312
17;2025-11-14;6;1541
17;2025-11-14;7;4125
17;2025-11-14;8;5297
17;2025-11-14;9;3826
17;2025-11-14;10;3025
17;2025-11-14;11;3077
17;2025-11-14;12;3007
17;2025-11-14;13;3117
17;2025-11-14;14;3158
17;2025-11-14;15;3435
17;2025-11-14;16;4169
17;2025-11-14;17;4773
17;2025-11-14;18;4286
17;2025-11-14;19;3180
17;2025-11-14;20;2358
17;2025-11-14;21;1594
17;2025-11-14;22;745
17;2025-11-14;23;481
17;2025-11-15;0;205
17;2025-11-15;1;26
17;2025-11-15;2;0
17;2025-11-15;3;0
17;2025-11-15;4;6
17;2025-11-15;5;138
17;2025-11-15;6;578
17;2025-11-15;7;1273
17;2025-11-15;8;1809
17;2025-11-15;9;2288
17;2025-11-15;10;2569
17;2025-11-15;11;3063
17;2025-11-15;12;3395
17;2025-11-15;13;3642
17;2025-11-15;14;3634
17;2025-11-15;15;3617
17;2025-11-15;16;3660
17;2025-11-15;17;3327
17;2025-11-15;18;2925
17;2025-11-15;19;2342
17;2025-11-15;20;1860
17;2025-11-15;21;1320
17;2025-11-15;22;781
17;2025-11-15;23;451
17;2025-11-16;0;186
17;2025-11-16;1;23
17;2025-11-16;2;0
17;2025-11-16;3;0
17;2025-11-16;4;3
17;2025-11-16;5;107
17;2025-11-16;6;444
17;2025-11-16;7;848
17;2025-11-16;8;1227
17;2025-11-16;9;1697
17;2025-11-16;10;2002
17;2025-11-16;11;2573
17;2025-11-16;12;2945
17;2025-11-16;13;3204
17;2025-11-16;14;3322
17;2025-11-16;15;3228
17;2025-11-16;16;3153
17;2025-11-16;17;3007
17;2025-11-16;18;2589
17;2025-11-16;19;2060
17;2025-11-16;20;1531
17;2025-11-16;21;1122
17;2025-11-16;22;672
17;2025-11-16;23;318
17;2025-11-17;0;121
17;2025-11-17;1;13
17;2025-11-17;2;0
17;2025-11-17;3;0
17;2025-11-17;4;27
17;2025-11-17;5;294
17;2025-11-17;6;1519
17;2025-11-17;7;4078
17;2025-11-17;8;5410
17;2025-11-17;9;3852
17;2025-11-17;10;2968
17;2025-11-17;11;2914
17;2025-11-17;12;2944
17;2025-11-17;13;3061
17;2025-11-17;14;3048
17;2025-11-17;15;3115
17;2025-11-17;16;3614
17;2025-11-17;17;4262
17;2025-11-17;18;4580
17;2025-11-17;19;2929
17;2025-11-17;20;2135
17;2025-11-17;21;1356
17;2025-11-17;22;615
17;2025-11-17;23;315
17;2025-11-18;0;104
17;2025-11-18;1;9
17;2025-11-18;2;0
17;2025-11-18;3;0
17;2025-11-18;4;24
17;2025-11-18;5;327
17;2025-11-18;6;1555
17;2025-11-18;7;4215
17;2025-11-18;8;5320
17;2025-11-18;9;3897
17;2025-11-18;10;2971
17;2025-11-18;11;2949
17;2025-11-18;12;2974
17;2025-11-18;13;3042
17;2025-11-18;14;3180
17;2025-11-18;15;3234
17;2025-11-18;16;3580
17;2025-11-18;17;4623
17;2025-11-18;18;4896
17;2025-11-18;19;3367
17;2025-11-18;20;2293
17;2025-11-18;21;1446
17;2025-11-18;22;659
17;2025-11-18;23;367
17;2025-11-19;0;123
17;2025-11-19;1;10
17;2025-11-19;2;0
17;2025-11-19;3;0
17;2025-11-19;4;26
17;2025-11-19;5;294
17;2025-11-19;6;1508
17;2025-11-19;7;4153
17;2025-11-19;8;5449
17;2025-11-19;9;3865
17;2025-11-19;10;3134
17;2025-11-19;11;3124
17;2025-11-19;12;3155
17;2025-11-19;13;3177
17;2025-11-19;14;3402
17;2025-11-19;15;3382
17;2025-11-19;16;3726
17;2025-11-19;17;4550
17;2025-11-19;18;4759
17;2025-11-19;19;3246
17;2025-11-19;20;2266
17;2025-11-19;21;1447
17;2025-11-19;22;705
17;2025-11-19;23;379
17;2025-11-20;0;133
17;2025-11-20;1;11
17;2025-11-20;2;0
17;2025-11-20;3;0
17;2025-11-20;4;26
17;2025-11-20;5;317
17;2025-11-20;6;1533
17;2025-11-20;7;4185
17;2025-11-20;8;5326
17;2025-11-20;9;3928
17;2025-11-20;10;3168
17;2025-11-20;11;3157
17;2025-11-20;12;3156
17;2025-11-20;13;3174
17;2025-11-20;14;3270
17;2025-11-20;15;3306
17;2025-11-20;16;3838
17;2025-11-20;17;4491
17;2025-11-20;18;4578
17;2025-11-20;19;3380
17;2025-11-20;20;2465
17;2025-11-20;21;1482
17;2025-11-20;22;728
17;2025-11-20;23;395
17;2025-11-21;0;147
17;2025-11-21;1;18
17;2025-11-21;2;0
17;2025-11-21;3;0
17;2025-11-21;4;25
17;2025-11-21;5;312
17;2025-11-21;6;1541
17;2025-11-21;7;4125
17;2025-11-21;8;5297
17;2025-11-21;9;3826
17;2025-11-21;10;3025
17;2025-11-21;11;3077
17;2025-11-21;12;3007
17;2025-11-21;13;3117
17;2025-11-21;14;3158
17;2025-11-21;15;3435
17;2025-11-21;16;4169
17;2025-11-21;17;4773
17;2025-11-21;18;4286
17;2025-11-21;19;3180
17;2025-11-21;20;2358
17;2025-11-21;21;1594
17;2025-11-21;22;745
17;2025-11-21;23;481
17;2025-11-22;0;205
17;2025-11-22;1;26
17;2025-11-22;2;0
17;2025-11-22;3;0
17;2025-11-22;4;6
17;2025-11-22;5;138
17;2025-11-22;6;578
17;2025-11-22;7;1273
17;2025-11-22;8;1809
17;2025-11-22;9;2288
17;2025-11-22;10;2569
17;2025-11-22;11;3063
17;2025-11-22;12;3395
17;2025-11-22;13;3642
17;2025-11-22;14;3634
17;2025-11-22;15;3617
17;2025-11-22;16;3660
17;2025-11-22;17;3327
17;2025-11-22;18;2925
17;2025-11-22;19;2342
17;2025-11-22;20;1860
17;2025-11-22;21;1320
17;2025-11-22;22;781
17;2025-11-22;23;451
17;2025-11-23;0;186
17;2025-11-23;1;23
17;2025-11-23;2;0
17;2025-11-23;3;0
17;2025-11-23;4;3
17;2025-11-23;5;107
17;2025-11-23;6;444
17;2025-11-23;7;848
17;2025-11-23;8;1227
17;2025-11-23;9;1697
17;2025-11-23;10;2002
17;2025-11-23;11;2573
17;2025-11-23;12;2945
17;2025-11-23;13;3204
17;2025-11-23;14;3322
17;2025-11-23;15;3228
17;2025-11-23;16;3153
17;2025-11-23;17;3007
17;2025-11-23;18;2589
17;2025-11-23;19;2060
17;2025-11-23;20;1531
17;2025-11-23;21;1122
17;2025-11-23;22;672
17;2025-11-23;23;318
17;2025-11-24;0;121
17;2025-11-24;1;13
17;2025-11-24;2;0
17;2025-11-24;3;0
17;2025-11-24;4;27
17;2025-11-24;5;294
17;2025-11-24;6;1519
17;2025-11-24;7;4078
17;2025-11-24;8;5410
17;2025-11-24;9;3852
17;2025-11-24;10;2968
17;2025-11-24;11;2914
17;2025-11-24;12;2944
17;2025-11-24;13;3061
17;2025-11-24;14;3048
17;2025-11-24;15;3115
17;2025-11-24;16;3614
17;2025-11-24;17;4262
17;2025-11-24;18;4580
17;2025-11-24;19;2929
17;2025-11-24;20;2135
17;2025-11-24;21;1356
17;2025-11-24;22;615
17;2025-11-24;23;315
17;2025-11-25;0;104
17;2025-11-25;1;9
17;2025-11-25;2;0
17;2025-11-25;3;0
17;2025-11-25;4;24
17;2025-11-25;5;327
17;2025-11-25;6;1555
17;2025-11-25;7;4215
17;2025-11-25;8;5320
17;2025-11-25;9;3897
17;2025-11-25;10;2971
17;2025-11-25;11;2949
17;2025-11-25;12;2974
17;2025-11-25;13;3042
17;2025-11-25;14;3180
17;2025-11-25;15;3234
17;2025-11-25;16;3580
17;2025-11-25;17;4623
17;2025-11-25;18;4896
17;2025-11-25;19;3367
17;2025-11-25;20;2293
17;2025-11-25;21;1446
17;2025-11-25;22;659
17;2025-11-25;23;367
17;2025-11-26;0;123
17;2025-11-26;1;10
17;2025-11-26;2;0
17;2025-11-26;3;0
17;2025-11-26;4;26
17;2025-11-26;5;294
17;2025-11-26;6;1508
17;2025-11-26;7;4153
17;2025-11-26;8;5449
17;2025-11-26;9;3865
17;2025-11-26;10;3134
17;2025-11-26;11;3124
17;2025-11-26;12;3155
17;2025-11-26;13;3177
17;2025-11-26;14;3402
17;2025-11-26;15;3382
17;2025-11-26;16;3726
17;2025-11-26;17;4550
17;2025-11-26;18;4759
17;2025-11-26;19;3246
17;2025-11-26;20;2266
17;2025-11-26;21;1447
17;2025-11-26;22;705
17;2025-11-26;23;379
17;2025-11-27;0;133
17;2025-11-27;1;11
17;2025-11-27;2;0
17;2025-11-27;3;0
17;2025-11-27;4;26
17;2025-11-27;5;317
17;2025-11-27;6;1533
17;2025-11-27;7;4185
17;2025-11-27;8;5326
17;2025-11-27;9;3928
17;2025-11-27;10;3168
17;2025-11-27;11;3157
17;2025-11-27;12;3156
17;2025-11-27;13;3174
17;2025-11-27;14;3270
17;2025-11-27;15;3306
17;2025-11-27;16;3838
17;2025-11-27;17;4491
17;2025-11-27;18;4578
17;2025-11-27;19;3380
17;2025-11-27;20;2465
17;2025-11-27;21;1482
17;2025-11-27;22;728
17;2025-11-27;23;395
17;2025-11-28;0;147
17;2025-11-28;1;18
17;2025-11-28;2;0
17;2025-11-28;3;0
17;2025-11-28;4;25
17;2025-11-28;5;312
17;2025-11-28;6;1541
17;2025-11-28;7;4125
17;2025-11-28;8;5297
17;2025-11-28;9;3826
17;2025-11-28;10;3025
17;2025-11-28;11;3077
17;2025-11-28;12;3007
17;2025-11-28;13;3117
17;2025-11-28;14;3158
17;2025-11-28;15;3435
17;2025-11-28;16;4169
17;2025-11-28;17;4773
17;2025-11-28;18;4286
17;2025-11-28;19;3180
17;2025-11-28;20;2358
17;2025-11-28;21;1594
17;2025-11-28;22;745
17;2025-11-28;23;481
17;2025-11-29;0;205
17;2025-11-29;1;26
17;2025-11-29;2;0
17;2025-11-29;3;0
17;2025-11-29;4;6
17;2025-11-29;5;138
17;2025-11-29;6;578
17;2025-11-29;7;1273
17;2025-11-29;8;1809
17;2025-11-29;9;2288
17;2025-11-29;10;2569
17;2025-11-29;11;3063
17;2025-11-29;12;3395
17;2025-11-29;13;3642
17;2025-11-29;14;3634
17;2025-11-29;15;3617
17;2025-11-29;16;3660
17;2025-11-29;17;3327
17;2025-11-29;18;2925
17;2025-11-29;19;2342
17;2025-11-29;20;1860
17;2025-11-29;21;1320
17;2025-11-29;22;781
17;2025-11-29;23;451
17;2025-11-30;0;186
17;2025-11-30;1;23
17;2025-11-30;2;0
17;2025-11-30;3;0
17;2025-11-30;4;3
17;2025-11-30;5;107
17;2025-11-30;6;444
17;2025-11-30;7;848
17;2025-11-30;8;1227
17;2025-11-30;9;1697
17;2025-11-30;10;2002
17;2025-11-30;11;2573
17;2025-11-30;12;2945
17;2025-11-30;13;3204
17;2025-11-30;14;3322
17;2025-11-30;15;3228
17;2025-11-30;16;3153
17;2025-11-30;17;3007
17;2025-11-30;18;2589
17;2025-11-30;19;2060
17;2025-11-30;20;1531
17;2025-11-30;21;1122
17;2025-11-30;22;672
17;2025-11-30;23;318
17;2025-12-01;0;121
17;2025-12-01;1;13
17;2025-12-01;2;0
17;2025-12-01;3;0
17;2025-12-01;4;27
17;2025-12-01;5;294
17;2025-12-01;6;1519
17;2025-12-01;7;4078
17;2025-12-01;8;5410
17;2025-12-01;9;3852
17;2025-12-01;10;2968
17;2025-12-01;11;2914
17;2025-12-01;12;2944
17;2025-12-01;13;3061
17;2025-12-01;14;3048
17;2025-12-01;15;3115
17;2025-12-01;16;3614
17;2025-12-01;17;4262
17;2025-12-01;18;4580
17;2025-12-01;19;2929
17;2025-12-01;20;2135
17;2025-12-01;21;1356
17;2025-12-01;22;615
17;2025-12-01;23;315
17;2025-12-02;0;104
17;2025-12-02;1;9
17;2025-12-02;2;0
17;2025-12-02;3;0
17;2025-12-02;4;24
17;2025-12-02;5;327
17;2025-12-02;6;1555
17;2025-12-02;7;4215
17;2025-12-02;8;5320
17;2025-12-02;9;3897
17;2025-12-02;10;2971
17;2025-12-02;11;2949
17;2025-12-02;12;2974
17;2025-12-02;13;3042
17;2025-12-02;14;3180
17;2025-12-02;15;3234
17;2025-12-02;16;3580
17;2025-12-02;17;4623
17;2025-12-02;18;4896
17;2025-12-02;19;3367
17;2025-12-02;20;2293
17;2025-12-02;21;1446
17;2025-12-02;22;659
17;2025-12-02;23;367
17;2025-12-03;0;123
17;2025-12-03;1;10
17;2025-12-03;2;0
17;2025-12-03;3;0
17;2025-12-03;4;26
17;2025-12-03;5;294
17;2025-12-03;6;1508
17;2025-12-03;7;4153
17;2025-12-03;8;5449
17;2025-12-03;9;3865
17;2025-12-03;10;3134
17;2025-12-03;11;3124
17;2025-12-03;12;3155
17;2025-12-03;13;3177
17;2025-12-03;14;3402
17;2025-12-03;15;3382
17;2025-12-03;16;3726
17;2025-12-03;17;4550
17;2025-12-03;18;4759
17;2025-12-03;19;3246
17;2025-12-03;20;2266
17;2025-12-03;21;1447
17;2025-12-03;22;705
17;2025-12-03;23;379
17;2025-12-04;0;133
17;2025-12-04;1;11
17;2025-12-04;2;0
17;2025-12-04;3;0
17;2025-12-04;4;26
17;2025-12-04;5;317
17;2025-12-04;6;1533
17;2025-12-04;7;4185
17;2025-12-04;8;5326
17;2025-12-04;9;3928
17;2025-12-04;10;3168
17;2025-12-04;11;3157
17;2025-12-04;12;3156
17;2025-12-04;13;3174
17;2025-12-04;14;3270
17;2025-12-04;15;3306
17;2025-12-04;16;3838
17;2025-12-04;17;4491
17;2025-12-04;18;4578
17;2025-12-04;19;3380
17;2025-12-04;20;2465
17;2025-12-04;21;1482
17;2025-12-04;22;728
17;2025-12-04;23;395
17;2025-12-05;0;147
17;2025-12-05;1;18
17;2025-12-05;2;0
17;2025-12-05;3;0
17;2025-12-05;4;25
17;2025-12-05;5;312
17;2025-12-05;6;1541
17;2025-12-05;7;4125
17;2025-12-05;8;5297
17;2025-12-05;9;3826
17;2025-12-05;10;3025
17;2025-12-05;11;3077
17;2025-12-05;12;3007
17;2025-12-05;13;3117
17;2025-12-05;14;3158
17;2025-12-05;15;3435
17;2025-12-05;16;4169
17;2025-12-05;17;4773
17;2025-12-05;18;4286
17;2025-12-05;19;3180
17;2025-12-05;20;2358
17;2025-12-05;21;1594
17;2025-12-05;22;745
17;2025-12-05;23;481
17;2025-12-06;0;205
17;2025-12-06;1;26
17;2025-12-06;2;0
17;2025-12-06;3;0
17;2025-12-06;4;6
17;2025-12-06;5;138
17;2025-12-06;6;578
17;2025-12-06;7;1273
17;2025-12-06;8;1809
17;2025-12-06;9;2288
17;2025-12-06;10;2569
17;2025-12-06;11;3063
17;2025-12-06;12;3395
17;2025-12-06;13;3642
17;2025-12-06;14;3634
17;2025-12-06;15;3617
17;2025-12-06;16;3660
17;2025-12-06;17;3327
17;2025-12-06;18;2925
17;2025-12-06;19;2342
17;2025-12-06;20;1860
17;2025-12-06;21;1320
17;2025-12-06;22;781
17;2025-12-06;23;451
17;2025-12-07;0;186
17;2025-12-07;1;23
17;2025-12-07;2;0
17;2025-12-07;3;0
17;2025-12-07;4;3
17;2025-12-07;5;107
17;2025-12-07;6;444
17;2025-12-07;7;848
17;2025-12-07;8;1227
17;2025-12-07;9;1697
17;2025-12-07;10;2002
17;2025-12-07;11;2573
17;2025-12-07;12;2945
17;2025-12-07;13;3204
17;2025-12-07;14;3322
17;2025-12-07;15;3228
17;2025-12-07;16;3153
17;2025-12-07;17;3007
17;2025-12-07;18;2589
17;2025-12-07;19;2060
17;2025-12-07;20;1531
17;2025-12-07;21;1122
17;2025-12-07;22;672
17;2025-12-07;23;318
17;2025-12-08;0;121
17;2025-12-08;1;13
17;2025-12-08;2;0
17;2025-12-08;3;0
17;2025-12-08;4;27
17;2025-12-08;5;294
17;2025-12-08;6;1519
17;2025-12-08;7;4078
17;2025-12-08;8;5410
17;2025-12-08;9;3852
17;2025-12-08;10;2968
17;2025-12-08;11;2914
17;2025-12-08;12;2944
17;2025-12-08;13;3061
17;2025-12-08;14;3048
17;2025-12-08;15;3115
17;2025-12-08;16;3614
17;2025-12-08;17;4262
17;2025-12-08;18;4580
17;2025-12-08;19;2929
17;2025-12-08;20;2135
17;2025-12-08;21;1356
17;2025-12-08;22;615
17;2025-12-08;23;315
17;2025-12-09;0;104
17;2025-12-09;1;9
17;2025-12-09;2;0
17;2025-12-09;3;0
17;2025-12-09;4;24
17;2025-12-09;5;327
17;2025-12-09;6;1555
17;2025-12-09;7;4215
17;2025-12-09;8;5320
17;2025-12-09;9;3897
17;2025-12-09;10;2971
17;2025-12-09;11;2949
17;2025-12-09;12;2974
17;2025-12-09;13;3042
17;2025-12-09;14;3180
17;2025-12-09;15;3234
17;2025-12-09;16;3580
17;2025-12-09;17;4623
17;2025-12-09;18;4896
17;2025-12-09;19;3367
17;2025-12-09;20;2293
17;2025-12-09;21;1446
17;2025-12-09;22;659
17;2025-12-09;23;367
17;2025-12-10;0;123
17;2025-12-10;1;10
17;2025-12-10;2;0
17;2025-12-10;3;0
17;2025-12-10;4;26
17;2025-12-10;5;294
17;2025-12-10;6;1508
17;2025-12-10;7;4153
17;2025-12-10;8;5449
17;2025-12-10;9;3865
17;2025-12-10;10;3134
17;2025-12-10;11;3124
17;2025-12-10;12;3155
17;2025-12-10;13;3177
17;2025-12-10;14;3402
17;2025-12-10;15;3382
17;2025-12-10;16;3726
17;2025-12-10;17;4550
17;2025-12-10;18;4759
17;2025-12-10;19;3246
17;2025-12-10;20;2266
17;2025-12-10;21;1447
17;2025-12-10;22;705
17;2025-12-10;23;379
17;2025-12-11;0;133
17;2025-12-11;1;11
17;2025-12-11;2;0
17;2025-12-11;3;0
17;2025-12-11;4;26
17;2025-12-11;5;317
17;2025-12-11;6;1533
17;2025-12-11;7;4185
17;2025-12-11;8;5326
17;2025-12-11;9;3928
17;2025-12-11;10;3168
17;2025-12-11;11;3157
17;2025-12-11;12;3156
17;2025-12-11;13;3174
17;2025-12-11;14;3270
17;2025-12-11;15;3306
17;2025-12-11;16;3838
17;2025-12-11;17;4491
17;2025-12-11;18;4578
17;2025-12-11;19;3380
17;2025-12-11;20;2465
17;2025-12-11;21;1482
17;2025-12-11;22;728
17;2025-12-11;23;395
17;2025-12-12;0;147
17;2025-12-12;1;18
17;2025-12-12;2;0
17;2025-12-12;3;0
17;2025-12-12;4;25
17;2025-12-12;5;312
17;2025-12-12;6;1541
17;2025-12-12;7;4125
17;2025-12-12;8;5297
17;2025-12-12;9;3826
17;2025-12-12;10;3025
17;2025-12-12;11;3077
17;2025-12-12;12;3007
17;2025-12-12;13;3117
17;2025-12-12;14;3158
17;2025-12-12;15;3435
17;2025-12-12;16;4169
17;2025-12-12;17;4773
17;2025-12-12;18;4286
17;2025-12-12;19;3180
17;2025-12-12;20;2358
17;2025-12-12;21;1594
17;2025-12-12;22;745
17;2025-12-12;23;481
17;2025-12-13;0;205
17;2025-12-13;1;26
17;2025-12-13;2;0
17;2025-12-13;3;0
17;2025-12-13;4;6
17;2025-12-13;5;138
17;2025-12-13;6;578
17;2025-12-13;7;1273
17;2025-12-13;8;1809
17;2025-12-13;9;2288
17;2025-12-13;10;2569
17;2025-12-13;11;3063
17;2025-12-13;12;3395
17;2025-12-13;13;3642
17;2025-12-13;14;3634
17;2025-12-13;15;3617
17;2025-12-13;16;3660
17;2025-12-13;17;3327
17;2025-12-13;18;2925
17;2025-12-13;19;2342
17;2025-12-13;20;1860
17;2025-12-13;21;1320
17;2025-12-13;22;781
17;2025-12-13;23;451
17;2025-12-14;0;186
17;2025-12-14;1;23
17;2025-12-14;2;0
17;2025-12-14;3;0
17;2025-12-14;4;3
17;2025-12-14;5;107
17;2025-12-14;6;444
17;2025-12-14;7;848
17;2025-12-14;8;1227
17;2025-12-14;9;1697
17;2025-12-14;10;2002
17;2025-12-14;11;2573
17;2025-12-14;12;2945
17;2025-12-14;13;3204
17;2025-12-14;14;3322
17;2025-12-14;15;3228
17;2025-12-14;16;3153
17;2025-12-14;17;3007
17;2025-12-14;18;2589
17;2025-12-14;19;2060
17;2025-12-14;20;1531
17;2025-12-14;21;1122
17;2025-12-14;22;672
17;2025-12-14;23;318
17;2025-12-15;0;121
17;2025-12-15;1;13
17;2025-12-15;2;0
17;2025-12-15;3;0
17;2025-12-15;4;27
17;2025-12-15;5;294
17;2025-12-15;6;1519
17;2025-12-15;7;4078
17;2025-12-15;8;5410
17;2025-12-15;9;3852
17;2025-12-15;10;2968
17;2025-12-15;11;2914
17;2025-12-15;12;2944
17;2025-12-15;13;3061
17;2025-12-15;14;3048
17;2025-12-15;15;3115
17;2025-12-15;16;3614
17;2025-12-15;17;4262
17;2025-12-15;18;4580
17;2025-12-15;19;2929
17;2025-12-15;20;2135
17;2025-12-15;21;1356
17;2025-12-15;22;615
17;2025-12-15;23;315
17;2025-12-16;0;104
17;2025-12-16;1;9
17;2025-12-16;2;0
17;2025-12-16;3;0
17;2025-12-16;4;24
17;2025-12-16;5;327
17;2025-12-16;6;1555
17;2025-12-16;7;4215
17;2025-12-16;8;5320
17;2025-12-16;9;3897
17;2025-12-16;10;2971
17;2025-12-16;11;2949
17;2025-12-16;12;2974
17;2025-12-16;13;3042
17;2025-12-16;14;3180
17;2025-12-16;15;3234
17;2025-12-16;16;3580
17;2025-12-16;17;4623
17;2025-12-16;18;4896
17;2025-12-16;19;3367
17;2025-12-16;20;2293
17;2025-12-16;21;1446
17;2025-12-16;22;659
17;2025-12-16;23;367
17;2025-12-17;0;123
17;2025-12-17;1;10
17;2025-12-17;2;0
17;2025-12-17;3;0
17;2025-12-17;4;26
17;2025-12-17;5;294
17;2025-12-17;6;1508
17;2025-12-17;7;4153
17;2025-12-17;8;5449
17;2025-12-17;9;3865
17;2025-12-17;10;3134
17;2025-12-17;11;3124
17;2025-12-17;12;3155
17;2025-12-17;13;3177
17;2025-12-17;14;3402
17;2025-12-17;15;3382
17;2025-12-17;16;3726
17;2025-12-17;17;4550
17;2025-12-17;18;4759
17;2025-12-17;19;3246
17;2025-12-17;20;2266
17;2025-12-17;21;1447
17;2025-12-17;22;705
17;2025-12-17;23;379
17;2025-12-18;0;133
17;2025-12-18;1;11
17;2025-12-18;2;0
17;2025-12-18;3;0
17;2025-12-18;4;26
17;2025-12-18;5;317
17;2025-12-18;6;1533
17;2025-12-18;7;4185
17;2025-12-18;8;5326
17;2025-12-18;9;3928
17;2025-12-18;10;3168
17;2025-12-18;11;3157
17;2025-12-18;12;3156
17;2025-12-18;13;3174
17;2025-12-18;14;3270
17;2025-12-18;15;3306
17;2025-12-18;16;3838
17;2025-12-18;17;4491
17;2025-12-18;18;4578
17;2025-12-18;19;3380
17;2025-12-18;20;2465
17;2025-12-18;21;1482
17;2025-12-18;22;728
17;2025-12-18;23;395
17;2025-12-19;0;147
17;2025-12-19;1;18
17;2025-12-19;2;0
17;2025-12-19;3;0
17;2025-12-19;4;25
17;2025-12-19;5;312
17;2025-12-19;6;1541
17;2025-12-19;7;4125
17;2025-12-19;8;5297
17;2025-12-19;9;3826
17;2025-12-19;10;3025
17;2025-12-19;11;3077
17;2025-12-19;12;3007
17;2025-12-19;13;3117
17;2025-12-19;14;3158
17;2025-12-19;15;3435
17;2025-12-19;16;4169
17;2025-12-19;17;4773
17;2025-12-19;18;4286
17;2025-12-19;19;3180
17;2025-12-19;20;2358
17;2025-12-19;21;1594
17;2025-12-19;22;745
17;2025-12-19;23;481
17;2025-12-20;0;205
17;2025-12-20;1;26
17;2025-12-20;2;0
17;2025-12-20;3;0
17;2025-12-20;4;6
17;2025-12-20;5;138
17;2025-12-20;6;578
17;2025-12-20;7;1273
17;2025-12-20;8;1809
17;2025-12-20;9;2288
17;2025-12-20;10;2569
17;2025-12-20;11;3063
17;2025-12-20;12;3395
17;2025-12-20;13;3642
17;2025-12-20;14;3634
17;2025-12-20;15;3617
17;2025-12-20;16;3660
17;2025-12-20;17;3327
17;2025-12-20;18;2925
17;2025-12-20;19;2342
17;2025-12-20;20;1860
17;2025-12-20;21;1320
17;2025-12-20;22;781
17;2025-12-20;23;451
17;2025-12-21;0;186
17;2025-12-21;1;23
17;2025-12-21;2;0
17;2025-12-21;3;0
17;2025-12-21;4;3
17;2025-12-21;5;107
17;2025-12-21;6;444
17;2025-12-21;7;848
17;2025-12-21;8;1227
17;2025-12-21;9;1697
17;2025-12-21;10;2002
17;2025-12-21;11;2573
17;2025-12-21;12;2945
17;2025-12-21;13;3204
17;2025-12-21;14;3322
17;2025-12-21;15;3228
17;2025-12-21;16;3153
17;2025-12-21;17;3007
17;2025-12-21;18;2589
17;2025-12-21;19;2060
17;2025-12-21;20;1531
17;2025-12-21;21;1122
17;2025-12-21;22;672
17;2025-12-21;23;318
17;2025-12-22;0;121
17;2025-12-22;1;13
17;2025-12-22;2;0
17;2025-12-22;3;0
17;2025-12-22;4;27
17;2025-12-22;5;294
17;2025-12-22;6;1519
17;2025-12-22;7;4078
17;2025-12-22;8;5410
17;2025-12-22;9;3852
17;2025-12-22;10;2968
17;2025-12-22;11;2914
17;2025-12-22;12;2944
17;2025-12-22;13;3061
17;2025-12-22;14;3048
17;2025-12-22;15;3115
17;2025-12-22;16;3614
17;2025-12-22;17;4262
17;2025-12-22;18;4580
17;2025-12-22;19;2929
17;2025-12-22;20;2135
17;2025-12-22;21;1356
17;2025-12-22;22;615
17;2025-12-22;23;315
17;2025-12-23;0;104
17;2025-12-23;1;9
17;2025-12-23;2;0
17;2025-12-23;3;0
17;2025-12-23;4;24
17;2025-12-23;5;327
17;2025-12-23;6;1555
17;2025-12-23;7;4215
17;2025-12-23;8;5320
17;2025-12-23;9;3897
17;2025-12-23;10;2971
17;2025-12-23;11;2949
17;2025-12-23;12;2974
17;2025-12-23;13;3042
17;2025-12-23;14;3180
17;2025-12-23;15;3234
17;2025-12-23;16;3580
17;2025-12-23;17;4623
17;2025-12-23;18;4896
17;2025-12-23;19;3367
17;2025-12-23;20;2293
17;2025-12-23;21;1446
17;2025-12-23;22;659
17;2025-12-23;23;367
17;2025-12-24;0;123
17;2025-12-24;1;10
17;2025-12-24;2;0
17;2025-12-24;3;0
17;2025-12-24;4;26
17;2025-12-24;5;294
17;2025-12-24;6;1508
17;2025-12-24;7;4153
17;2025-12-24;8;5449
17;2025-12-24;9;3865
17;2025-12-24;10;3134
17;2025-12-24;11;3124
17;2025-12-24;12;3155
17;2025-12-24;13;3177
17;2025-12-24;14;3402
17;2025-12-24;15;3382
17;2025-12-24;16;3726
17;2025-12-24;17;4550
17;2025-12-24;18;4759
17;2025-12-24;19;3246
17;2025-12-24;20;2266
17;2025-12-24;21;1447
17;2025-12-24;22;705
17;2025-12-24;23;379
17;2025-12-25;0;133
17;2025-12-25;1;11
17;2025-12-25;2;0
17;2025-12-25;3;0
17;2025-12-25;4;26
17;2025-12-25;5;317
17;2025-12-25;6;1533
17;2025-12-25;7;4185
17;2025-12-25;8;5326
17;2025-12-25;9;3928
17;2025-12-25;10;3168
17;2025-12-25;11;3157
17;2025-12-25;12;3156
17;2025-12-25;13;3174
17;2025-12-25;14;3270
17;2025-12-25;15;3306
17;2025-12-25;16;3838
17;2025-12-25;17;4491
17;2025-12-25;18;4578
17;2025-12-25;19;3380
17;2025-12-25;20;2465
17;2025-12-25;21;1482
17;2025-12-25;22;728
17;2025-12-25;23;395
17;2025-12-26;0;147
17;2025-12-26;1;18
17;2025-12-26;2;0
17;2025-12-26;3;0
17;2025-12-26;4;25
17;2025-12-26;5;312
17;2025-12-26;6;1541
17;2025-12-26;7;4125
17;2025-12-26;8;5297
17;2025-12-26;9;3826
17;2025-12-26;10;3025
17;2025-12-26;11;3077
17;2025-12-26;12;3007
17;2025-12-26;13;3117
17;2025-12-26;14;3158
17;2025-12-26;15;3435
17;2025-12-26;16;4169
17;2025-12-26;17;4773
17;2025-12-26;18;4286
17;2025-12-26;19;3180
17;2025-12-26;20;2358
17;2025-12-26;21;1594
17;2025-12-26;22;745
17;2025-12-26;23;481
17;2025-12-27;0;205
17;2025-12-27;1;26
17;2025-12-27;2;0
17;2025-12-27;3;0
17;2025-12-27;4;6
17;2025-12-27;5;138
17;2025-12-27;6;578
17;2025-12-27;7;1273
17;2025-12-27;8;1809
17;2025-12-27;9;2288
17;2025-12-27;10;2569
17;2025-12-27;11;3063
17;2025-12-27;12;3395
17;2025-12-27;13;3642
17;2025-12-27;14;3634
17;2025-12-27;15;3617
17;2025-12-27;16;3660
17;2025-12-27;17;3327
17;2025-12-27;18;2925
17;2025-12-27;19;2342
17;2025-12-27;20;1860
17;2025-12-27;21;1320
17;2025-12-27;22;781
17;2025-12-27;23;451
17;2025-12-28;0;186
17;2025-12-28;1;23
17;2025-12-28;2;0
17;2025-12-28;3;0
17;2025-12-28;4;3
17;2025-12-28;5;107
17;2025-12-28;6;444
17;2025-12-28;7;848
17;2025-12-28;8;1227
17;2025-12-28;9;1697
17;2025-12-28;10;2002
17;2025-12-28;11;2573
17;2025-12-28;12;2945
17;2025-12-28;13;3204
17;2025-12-28;14;3322
17;2025-12-28;15;3228
17;2025-12-28;16;3153
17;2025-12-28;17;3007
17;2025-12-28;18;2589
17;2025-12-28;19;2060
17;2025-12-28;20;1531
17;2025-12-28;21;1122
17;2025-12-28;22;672
17;2025-12-28;23;318
17;2025-12-29;0;121
17;2025-12-29;1;13
17;2025-12-29;2;0
17;2025-12-29;3;0
17;2025-12-29;4;27
17;2025-12-29;5;294
17;2025-12-29;6;1519
17;2025-12-29;7;4078
17;2025-12-29;8;5410
17;2025-12-29;9;3852
17;2025-12-29;10;2968
17;2025-12-29;11;2914
17;2025-12-29;12;2944
17;2025-12-29;13;3061
17;2025-12-29;14;3048
17;2025-12-29;15;3115
17;2025-12-29;16;3614
17;2025-12-29;17;4262
17;2025-12-29;18;4580
17;2025-12-29;19;2929
17;2025-12-29;20;2135
17;2025-12-29;21;1356
17;2025-12-29;22;615
17;2025-12-29;23;315
17;2025-12-30;0;104
17;2025-12-30;1;9
17;2025-12-30;2;0
17;2025-12-30;3;0
17;2025-12-30;4;24
17;2025-12-30;5;327
17;2025-12-30;6;1555
17;2025-12-30;7;4215
17;2025-12-30;8;5320
17;2025-12-30;9;3897
17;2025-12-30;10;2971
17;2025-12-30;11;2949
17;2025-12-30;12;2974
17;2025-12-30;13;3042
17;2025-12-30;14;3180
17;2025-12-30;15;3234
17;2025-12-30;16;3580
17;2025-12-30;17;4623
17;2025-12-30;18;4896
17;2025-12-30;19;3367
17;2025-12-30;20;2293
17;2025-12-30;21;1446
17;2025-12-30;22;659
17;2025-12-30;23;367
17;2025-12-31;0;184
17;2025-12-31;1;20
17;2025-12-31;2;0
17;2025-12-31;3;0
17;2025-12-31;4;6
17;2025-12-31;5;124
17;2025-12-31;6;472
17;2025-12-31;7;978
17;2025-12-31;8;1337
17;2025-12-31;9;1622
17;2025-12-31;10;1642
17;2025-12-31;11;1936
17;2025-12-31;12;2201
17;2025-12-31;13;2411
17;2025-12-31;14;2502
17;2025-12-31;15;2540
17;2025-12-31;16;2536
17;2025-12-31;17;2477
17;2025-12-31;18;2425
17;2025-12-31;19;2155
17;2025-12-31;20;1834
17;2025-12-31;21;1453
17;2025-12-31;22;924
17;2025-12-31;23;432
25;2025-11-01;0;9
25;2025-11-01;1;0
25;2025-11-01;2;0
25;2025-11-01;3;0
25;2025-11-01;4;0
25;2025-11-01;5;23
25;2025-11-01;6;145
25;2025-11-01;7;137
25;2025-11-01;8;316
25;2025-11-01;9;282
25;2025-11-01;10;287
25;2025-11-01;11;394
25;2025-11-01;12;399
25;2025-11-01;13;662
25;2025-11-01;14;673
25;2025-11-01;15;776
25;2025-11-01;16;717
25;2025-11-01;17;583
25;2025-11-01;18;524
25;2025-11-01;19;464
25;2025-11-01;20;258
25;2025-11-01;21;202
25;2025-11-01;22;114
25;2025-11-01;23;45
25;2025-11-02;0;17
25;2025-11-02;1;1
25;2025-11-02;2;0
25;2025-11-02;3;0
25;2025-11-02;4;0
25;2025-11-02;5;11
25;2025-11-02;6;116
25;2025-11-02;7;105
25;2025-11-02;8;189
25;2025-11-02;9;222
25;2025-11-02;10;224
25;2025-11-02;11;322
25;2025-11-02;12;386
25;2025-11-02;13;499
25;2025-11-02;14;586
25;2025-11-02;15;661
25;2025-11-02;16;571
25;2025-11-02;17;571
25;2025-11-02;18;443
25;2025-11-02;19;293
25;2025-11-02;20;233
25;2025-11-02;21;148
25;2025-11-02;22;95
25;2025-11-02;23;35
25;2025-11-03;0;13
25;2025-11-03;1;0
25;2025-11-03;2;0
25;2025-11-03;3;0
25;2025-11-03;4;0
25;2025-11-03;5;2
25;2025-11-03;6;40
25;2025-11-03;7;99
25;2025-11-03;8;200
25;2025-11-03;9;190
25;2025-11-03;10;195
25;2025-11-03;11;229
25;2025-11-03;12;266
25;2025-11-03;13;342
25;2025-11-03;14;406
25;2025-11-03;15;489
25;2025-11-03;16;441
25;2025-11-03;17;372
25;2025-11-03;18;392
25;2025-11-03;19;324
25;2025-11-03;20;272
25;2025-11-03;21;227
25;2025-11-03;22;159
25;2025-11-03;23;50
25;2025-11-04;0;13
25;2025-11-04;1;0
25;2025-11-04;2;0
25;2025-11-04;3;0
25;2025-11-04;4;0
25;2025-11-04;5;2
25;2025-11-04;6;40
25;2025-11-04;7;99
25;2025-11-04;8;200
25;2025-11-04;9;190
25;2025-11-04;10;195
25;2025-11-04;11;229
25;2025-11-04;12;266
25;2025-11-04;13;342
25;2025-11-04;14;406
25;2025-11-04;15;489
25;2025-11-04;16;441
25;2025-11-04;17;372
25;2025-11-04;18;392
25;2025-11-04;19;324
25;2025-11-04;20;272
25;2025-11-04;21;227
25;2025-11-04;22;159
25;2025-11-04;23;50
25;2025-11-05;0;0
25;2025-11-05;1;0
25;2025-11-05;2;0
25;2025-11-05;3;0
25;2025-11-05;4;0
25;2025-11-05;5;23
25;2025-11-05;6;278
25;2025-11-05;7;525
25;2025-11-05;8;905
25;2025-11-05;9;473
25;2025-11-05;10;401
25;2025-11-05;11;479
25;2025-11-05;12;477
25;2025-11-05;13;613
25;2025-11-05;14;348
25;2025-11-05;15;594
25;2025-11-05;16;672
25;2025-11-05;17;917
25;2025-11-05;18;938
25;2025-11-05;19;699
25;2025-11-05;20;352
25;2025-11-05;21;294
25;2025-11-05;22;110
25;2025-11-05;23;11
25;2025-11-06;0;3
25;2025-11-06;1;0
25;2025-11-06;2;0
25;2025-11-06;3;0
25;2025-11-06;4;0
25;2025-11-06;5;25
25;2025-11-06;6;276
25;2025-11-06;7;535
25;2025-11-06;8;847
25;2025-11-06;9;463
25;2025-11-06;10;420
25;2025-11-06;11;453
25;2025-11-06;12;425
25;2025-11-06;13;535
25;2025-11-06;14;535
25;2025-11-06;15;639
25;2025-11-06;16;720
25;2025-11-06;17;758
25;2025-11-06;18;786
25;2025-11-06;19;637
25;2025-11-06;20;296
25;2025-11-06;21;210
25;2025-11-06;22;88
25;2025-11-06;23;5
25;2025-11-07;0;0
25;2025-11-07;1;0
25;2025-11-07;2;0
25;2025-11-07;3;0
25;2025-11-07;4;0
25;2025-11-07;5;16
25;2025-11-07;6;280
25;2025-11-07;7;573
25;2025-11-07;8;881
25;2025-11-07;9;451
25;2025-11-07;10;401
25;2025-11-07;11;452
25;2025-11-07;12;426
25;2025-11-07;13;569
25;2025-11-07;14;463
25;2025-11-07;15;648
25;2025-11-07;16;832
25;2025-11-07;17;798
25;2025-11-07;18;728
25;2025-11-07;19;657
25;2025-11-07;20;356
25;2025-11-07;21;219
25;2025-11-07;22;109
25;2025-11-07;23;17
25;2025-11-08;0;9
25;2025-11-08;1;0
25;2025-11-08;2;0
25;2025-11-08;3;0
25;2025-11-08;4;0
25;2025-11-08;5;23
25;2025-11-08;6;145
25;2025-11-08;7;137
25;2025-11-08;8;316
25;2025-11-08;9;282
25;2025-11-08;10;287
25;2025-11-08;11;394
25;2025-11-08;12;399
25;2025-11-08;13;662
25;2025-11-08;14;673
25;2025-11-08;15;776
25;2025-11-08;16;717
25;2025-11-08;17;583
25;2025-11-08;18;524
25;2025-11-08;19;464
25;2025-11-08;20;258
25;2025-11-08;21;202
25;2025-11-08;22;114
25;2025-11-08;23;45
25;2025-11-09;0;17
25;2025-11-09;1;1
25;2025-11-09;2;0
25;2025-11-09;3;0
25;2025-11-09;4;0
25;2025-11-09;5;11
25;2025-11-09;6;116
25;2025-11-09;7;105
25;2025-11-09;8;189
25;2025-11-09;9;222
25;2025-11-09;10;224
25;2025-11-09;11;322
25;2025-11-09;12;386
25;2025-11-09;13;499
25;2025-11-09;14;586
25;2025-11-09;15;661
25;2025-11-09;16;571
25;2025-11-09;17;571
25;2025-11-09;18;443
25;2025-11-09;19;293
25;2025-11-09;20;233
25;2025-11-09;21;148
25;2025-11-09;22;95
25;2025-11-09;23;35
25;2025-11-10;0;8
25;2025-11-10;1;0
25;2025-11-10;2;0
25;2025-11-10;3;0
25;2025-11-10;4;0
25;2025-11-10;5;21
25;2025-11-10;6;265
25;2025-11-10;7;536
25;2025-11-10;8;958
25;2025-11-10;9;549
25;2025-11-10;10;342
25;2025-11-10;11;412
25;2025-11-10;12;432
25;2025-11-10;13;582
25;2025-11-10;14;479
25;2025-11-10;15;494
25;2025-11-10;16;701
25;2025-11-10;17;761
25;2025-11-10;18;730
25;2025-11-10;19;589
25;2025-11-10;20;315
25;2025-11-10;21;197
25;2025-11-10;22;81
25;2025-11-10;23;10
25;2025-11-11;0;3
25;2025-11-11;1;0
25;2025-11-11;2;0
25;2025-11-11;3;0
25;2025-11-11;4;0
25;2025-11-11;5;20
25;2025-11-11;6;268
25;2025-11-11;7;537
25;2025-11-11;8;956
25;2025-11-11;9;461
25;2025-11-11;10;367
25;2025-11-11;11;430
25;2025-11-11;12;423
25;2025-11-11;13;479
25;2025-11-11;14;463
25;2025-11-11;15;565
25;2025-11-11;16;665
25;2025-11-11;17;743
25;2025-11-11;18;733
25;2025-11-11;19;573
25;2025-11-11;20;322
25;2025-11-11;21;215
25;2025-11-11;22;81
25;2025-11-11;23;5
25;2025-11-12;0;0
25;2025-11-12;1;0
25;2025-11-12;2;0
25;2025-11-12;3;0
25;2025-11-12;4;0
25;2025-11-12;5;23
25;2025-11-12;6;278
25;2025-11-12;7;525
25;2025-11-12;8;905
25;2025-11-12;9;473
25;2025-11-12;10;401
25;2025-11-12;11;479
25;2025-11-12;12;477
25;2025-11-12;13;613
25;2025-11-12;14;348
25;2025-11-12;15;594
25;2025-11-12;16;672
25;2025-11-12;17;917
25;2025-11-12;18;938
25;2025-11-12;19;699
25;2025-11-12;20;352
25;2025-11-12;21;294
25;2025-11-12;22;110
25;2025-11-12;23;11
25;2025-11-13;0;3
25;2025-11-13;1;0
25;2025-11-13;2;0
25;2025-11-13;3;0
25;2025-11-13;4;0
25;2025-11-13;5;25
25;2025-11-13;6;276
25;2025-11-13;7;535
25;2025-11-13;8;847
25;2025-11-13;9;463
25;2025-11-13;10;420
25;2025-11-13;11;453
25;2025-11-13;12;425
25;2025-11-13;13;535
25;2025-11-13;14;535
25;2025-11-13;15;639
25;2025-11-13;16;720
25;2025-11-13;17;758
25;2025-11-13;18;786
25;2025-11-13;19;637
25;2025-11-13;20;296
25;2025-11-13;21;210
25;2025-11-13;22;88
25;2025-11-13;23;5
25;2025-11-14;0;0
25;2025-11-14;1;0
25;2025-11-14;2;0
25;2025-11-14;3;0
25;2025-11-14;4;0
25;2025-11-14;5;16
25;2025-11-14;6;280
25;2025-11-14;7;573
25;2025-11-14;8;881
25;2025-11-14;9;451
25;2025-11-14;10;401
25;2025-11-14;11;452
25;2025-11-14;12;426
25;2025-11-14;13;569
25;2025-11-14;14;463
25;2025-11-14;15;648
25;2025-11-14;16;832
25;2025-11-14;17;798
25;2025-11-14;18;728
25;2025-11-14;19;657
25;2025-11-14;20;356
25;2025-11-14;21;219
25;2025-11-14;22;109
25;2025-11-14;23;17
25;2025-11-15;0;9
25;2025-11-15;1;0
25;2025-11-15;2;0
25;2025-11-15;3;0
25;2025-11-15;4;0
25;2025-11-15;5;23
25;2025-11-15;6;145
25;2025-11-15;7;137
25;2025-11-15;8;316
25;2025-11-15;9;282
25;2025-11-15;10;287
25;2025-11-15;11;394
25;2025-11-15;12;399
25;2025-11-15;13;662
25;2025-11-15;14;673
25;2025-11-15;15;776
25;2025-11-15;16;717
25;2025-11-15;17;583
25;2025-11-15;18;524
25;2025-11-15;19;464
25;2025-11-15;20;258
25;2025-11-15;21;202
25;2025-11-15;22;114
25;2025-11-15;23;45
25;2025-11-16;0;17
25;2025-11-16;1;1
25;2025-11-16;2;0
25;2025-11-16;3;0
25;2025-11-16;4;0
25;2025-11-16;5;11
25;2025-11-16;6;116
25;2025-11-16;7;105
25;2025-11-16;8;189
25;2025-11-16;9;222
25;2025-11-16;10;224
25;2025-11-16;11;322
25;2025-11-16;12;386
25;2025-11-16;13;499
25;2025-11-16;14;586
25;2025-11-16;15;661
25;2025-11-16;16;571
25;2025-11-16;17;571
25;2025-11-16;18;443
25;2025-11-16;19;293
25;2025-11-16;20;233
25;2025-11-16;21;148
25;2025-11-16;22;95
25;2025-11-16;23;35
25;2025-11-17;0;8
25;2025-11-17;1;0
25;2025-11-17;2;0
25;2025-11-17;3;0
25;2025-11-17;4;0
25;2025-11-17;5;21
25;2025-11-17;6;265
25;2025-11-17;7;536
25;2025-11-17;8;958
25;2025-11-17;9;549
25;2025-11-17;10;342
25;2025-11-17;11;412
25;2025-11-17;12;432
25;2025-11-17;13;582
25;2025-11-17;14;479
25;2025-11-17;15;494
25;2025-11-17;16;701
25;2025-11-17;17;761
25;2025-11-17;18;730
25;2025-11-17;19;589
25;2025-11-17;20;315
25;2025-11-17;21;197
25;2025-11-17;22;81
25;2025-11-17;23;10
25;2025-11-18;0;3
25;2025-11-18;1;0
25;2025-11-18;2;0
25;2025-11-18;3;0
25;2025-11-18;4;0
25;2025-11-18;5;20
25;2025-11-18;6;268
25;2025-11-18;7;537
25;2025-11-18;8;956
25;2025-11-18;9;461
25;2025-11-18;10;367
25;2025-11-18;11;430
25;2025-11-18;12;423
25;2025-11-18;13;479
25;2025-11-18;14;463
25;2025-11-18;15;565
25;2025-11-18;16;665
25;2025-11-18;17;743
25;2025-11-18;18;733
25;2025-11-18;19;573
25;2025-11-18;20;322
25;2025-11-18;21;215
25;2025-11-18;22;81
25;2025-11-18;23;5
25;2025-11-19;0;0
25;2025-11-19;1;0
25;2025-11-19;2;0
25;2025-11-19;3;0
25;2025-11-19;4;0
25;2025-11-19;5;23
25;2025-11-19;6;278
25;2025-11-19;7;525
25;2025-11-19;8;905
25;2025-11-19;9;473
25;2025-11-19;10;401
25;2025-11-19;11;479
25;2025-11-19;12;477
25;2025-11-19;13;613
25;2025-11-19;14;348
25;2025-11-19;15;594
25;2025-11-19;16;672
25;2025-11-19;17;917
25;2025-11-19;18;938
25;2025-11-19;19;699
25;2025-11-19;20;352
25;2025-11-19;21;294
25;2025-11-19;22;110
25;2025-11-19;23;11
25;2025-11-20;0;3
25;2025-11-20;1;0
25;2025-11-20;2;0
25;2025-11-20;3;0
25;2025-11-20;4;0
25;2025-11-20;5;25
25;2025-11-20;6;276
25;2025-11-20;7;535
25;2025-11-20;8;847
25;2025-11-20;9;463
25;2025-11-20;10;420
25;2025-11-20;11;453
25;2025-11-20;12;425
25;2025-11-20;13;535
25;2025-11-20;14;535
25;2025-11-20;15;639
25;2025-11-20;16;720
25;2025-11-20;17;758
25;2025-11-20;18;786
25;2025-11-20;19;637
25;2025-11-20;20;296
25;2025-11-20;21;210
25;2025-11-20;22;88
25;2025-11-20;23;5
25;2025-11-21;0;0
25;2025-11-21;1;0
25;2025-11-21;2;0
25;2025-11-21;3;0
25;2025-11-21;4;0
25;2025-11-21;5;16
25;2025-11-21;6;280
25;2025-11-21;7;573
25;2025-11-21;8;881
25;2025-11-21;9;451
25;2025-11-21;10;401
25;2025-11-21;11;452
25;2025-11-21;12;426
25;2025-11-21;13;569
25;2025-11-21;14;463
25;2025-11-21;15;648
25;2025-11-21;16;832
25;2025-11-21;17;798
25;2025-11-21;18;728
25;2025-11-21;19;657
25;2025-11-21;20;356
25;2025-11-21;21;219
25;2025-11-21;22;109
25;2025-11-21;23;17
25;2025-11-22;0;9
25;2025-11-22;1;0
25;2025-11-22;2;0
25;2025-11-22;3;0
25;2025-11-22;4;0
25;2025-11-22;5;23
25;2025-11-22;6;145
25;2025-11-22;7;137
25;2025-11-22;8;316
25;2025-11-22;9;282
25;2025-11-22;10;287
25;2025-11-22;11;394
25;2025-11-22;12;399
25;2025-11-22;13;662
25;2025-11-22;14;673
25;2025-11-22;15;776
25;2025-11-22;16;717
25;2025-11-22;17;583
25;2025-11-22;18;524
25;2025-11-22;19;464
25;2025-11-22;20;258
25;2025-11-22;21;202
25;2025-11-22;22;114
25;2025-11-22;23;45
25;2025-11-23;0;17
25;2025-11-23;1;1
25;2025-11-23;2;0
25;2025-11-23;3;0
25;2025-11-23;4;0
25;2025-11-23;5;11
25;2025-11-23;6;116
25;2025-11-23;7;105
25;2025-11-23;8;189
25;2025-11-23;9;222
25;2025-11-23;10;224
25;2025-11-23;11;322
25;2025-11-23;12;386
25;2025-11-23;13;499
25;2025-11-23;14;586
25;2025-11-23;15;661
25;2025-11-23;16;571
25;2025-11-23;17;571
25;2025-11-23;18;443
25;2025-11-23;19;293
25;2025-11-23;20;233
25;2025-11-23;21;148
25;2025-11-23;22;95
25;2025-11-23;23;35
25;2025-11-24;0;8
25;2025-11-24;1;0
25;2025-11-24;2;0
25;2025-11-24;3;0
25;2025-11-24;4;0
25;2025-11-24;5;21
25;2025-11-24;6;265
25;2025-11-24;7;536
25;2025-11-24;8;958
25;2025-11-24;9;549
25;2025-11-24;10;342
25;2025-11-24;11;412
25;2025-11-24;12;432
25;2025-11-24;13;582
25;2025-11-24;14;479
25;2025-11-24;15;494
25;2025-11-24;16;701
25;2025-11-24;17;761
25;2025-11-24;18;730
25;2025-11-24;19;589
25;2025-11-24;20;315
25;2025-11-24;21;197
25;2025-11-24;22;81
25;2025-11-24;23;10
25;2025-11-25;0;3
25;2025-11-25;1;0
25;2025-11-25;2;0
25;2025-11-25;3;0
25;2025-11-25;4;0
25;2025-11-25;5;20
25;2025-11-25;6;268
25;2025-11-25;7;537
25;2025-11-25;8;956
25;2025-11-25;9;461
25;2025-11-25;10;367
25;2025-11-25;11;430
25;2025-11-25;12;423
25;2025-11-25;13;479
25;2025-11-25;14;463
25;2025-11-25;15;565
25;2025-11-25;16;665
25;2025-11-25;17;743
25;2025-11-25;18;733
25;2025-11-25;19;573
25;2025-11-25;20;322
25;2025-11-25;21;215
25;2025-11-25;22;81
25;2025-11-25;23;5
25;2025-11-26;0;0
25;2025-11-26;1;0
25;2025-11-26;2;0
25;2025-11-26;3;0
25;2025-11-26;4;0
25;2025-11-26;5;23
25;2025-11-26;6;278
25;2025-11-26;7;525
25;2025-11-26;8;905
25;2025-11-26;9;473
25;2025-11-26;10;401
25;2025-11-26;11;479
25;2025-11-26;12;477
25;2025-11-26;13;613
25;2025-11-26;14;348
25;2025-11-26;15;594
25;2025-11-26;16;672
25;2025-11-26;17;917
25;2025-11-26;18;938
25;2025-11-26;19;699
25;2025-11-26;20;352
25;2025-11-26;21;294
25;2025-11-26;22;110
25;2025-11-26;23;11
25;2025-11-27;0;3
25;2025-11-27;1;0
25;2025-11-27;2;0
25;2025-11-27;3;0
25;2025-11-27;4;0
25;2025-11-27;5;25
25;2025-11-27;6;276
25;2025-11-27;7;535
25;2025-11-27;8;847
25;2025-11-27;9;463
25;2025-11-27;10;420
25;2025-11-27;11;453
25;2025-11-27;12;425
25;2025-11-27;13;535
25;2025-11-27;14;535
25;2025-11-27;15;639
25;2025-11-27;16;720
25;2025-11-27;17;758
25;2025-11-27;18;786
25;2025-11-27;19;637
25;2025-11-27;20;296
25;2025-11-27;21;210
25;2025-11-27;22;88
25;2025-11-27;23;5
25;2025-11-28;0;0
25;2025-11-28;1;0
25;2025-11-28;2;0
25;2025-11-28;3;0
25;2025-11-28;4;0
25;2025-11-28;5;16
25;2025-11-28;6;280
25;2025-11-28;7;573
25;2025-11-28;8;881
25;2025-11-28;9;451
25;2025-11-28;10;401
25;2025-11-28;11;452
25;2025-11-28;12;426
25;2025-11-28;13;569
25;2025-11-28;14;463
25;2025-11-28;15;648
25;2025-11-28;16;832
25;2025-11-28;17;798
25;2025-11-28;18;728
25;2025-11-28;19;657
25;2025-11-28;20;356
25;2025-11-28;21;219
25;2025-11-28;22;109
25;2025-11-28;23;17
25;2025-11-29;0;9
25;2025-11-29;1;0
25;2025-11-29;2;0
25;2025-11-29;3;0
25;2025-11-29;4;0
25;2025-11-29;5;23
25;2025-11-29;6;145
25;2025-11-29;7;137
25;2025-11-29;8;316
25;2025-11-29;9;282
25;2025-11-29;10;287
25;2025-11-29;11;394
25;2025-11-29;12;399
25;2025-11-29;13;662
25;2025-11-29;14;673
25;2025-11-29;15;776
25;2025-11-29;16;717
25;2025-11-29;17;583
25;2025-11-29;18;524
25;2025-11-29;19;464
25;2025-11-29;20;258
25;2025-11-29;21;202
25;2025-11-29;22;114
25;2025-11-29;23;45
25;2025-11-30;0;17
25;2025-11-30;1;1
25;2025-11-30;2;0
25;2025-11-30;3;0
25;2025-11-30;4;0
25;2025-11-30;5;11
25;2025-11-30;6;116
25;2025-11-30;7;105
25;2025-11-30;8;189
25;2025-11-30;9;222
25;2025-11-30;10;224
25;2025-11-30;11;322
25;2025-11-30;12;386
25;2025-11-30;13;499
25;2025-11-30;14;586
25;2025-11-30;15;661
25;2025-11-30;16;571
25;2025-11-30;17;571
25;2025-11-30;18;443
25;2025-11-30;19;293
25;2025-11-30;20;233
25;2025-11-30;21;148
25;2025-11-30;22;95
25;2025-11-30;23;35
25;2025-12-01;0;8
25;2025-12-01;1;0
25;2025-12-01;2;0
25;2025-12-01;3;0
25;2025-12-01;4;0
25;2025-12-01;5;21
25;2025-12-01;6;265
25;2025-12-01;7;536
25;2025-12-01;8;958
25;2025-12-01;9;549
25;2025-12-01;10;342
25;2025-12-01;11;412
25;2025-12-01;12;432
25;2025-12-01;13;582
25;2025-12-01;14;479
25;2025-12-01;15;494
25;2025-12-01;16;701
25;2025-12-01;17;761
25;2025-12-01;18;730
25;2025-12-01;19;589
25;2025-12-01;20;315
25;2025-12-01;21;197
25;2025-12-01;22;81
25;2025-12-01;23;10
25;2025-12-02;0;3
25;2025-12-02;1;0
25;2025-12-02;2;0
25;2025-12-02;3;0
25;2025-12-02;4;0
25;2025-12-02;5;20
25;2025-12-02;6;268
25;2025-12-02;7;537
25;2025-12-02;8;956
25;2025-12-02;9;461
25;2025-12-02;10;367
25;2025-12-02;11;430
25;2025-12-02;12;423
25;2025-12-02;13;479
25;2025-12-02;14;463
25;2025-12-02;15;565
25;2025-12-02;16;665
25;2025-12-02;17;743
25;2025-12-02;18;733
25;2025-12-02;19;573
25;2025-12-02;20;322
25;2025-12-02;21;215
25;2025-12-02;22;81
25;2025-12-02;23;5
25;2025-12-03;0;0
25;2025-12-03;1;0
25;2025-12-03;2;0
25;2025-12-03;3;0
25;2025-12-03;4;0
25;2025-12-03;5;23
25;2025-12-03;6;278
25;2025-12-03;7;525
25;2025-12-03;8;905
25;2025-12-03;9;473
25;2025-12-03;10;401
25;2025-12-03;11;479
25;2025-12-03;12;477
25;2025-12-03;13;613
25;2025-12-03;14;348
25;2025-12-03;15;594
25;2025-12-03;16;672
25;2025-12-03;17;917
25;2025-12-03;18;938
25;2025-12-03;19;699
25;2025-12-03;20;352
25;2025-12-03;21;294
25;2025-12-03;22;110
25;2025-12-03;23;11
25;2025-12-04;0;3
25;2025-12-04;1;0
25;2025-12-04;2;0
25;2025-12-04;3;0
25;2025-12-04;4;0
25;2025-12-04;5;25
25;2025-12-04;6;276
25;2025-12-04;7;535
25;2025-12-04;8;847
25;2025-12-04;9;463
25;2025-12-04;10;420
25;2025-12-04;11;453
25;2025-12-04;12;425
25;2025-12-04;13;535
25;2025-12-04;14;535
25;2025-12-04;15;639
25;2025-12-04;16;720
25;2025-12-04;17;758
25;2025-12-04;18;786
25;2025-12-04;19;637
25;2025-12-04;20;296
25;2025-12-04;21;210
25;2025-12-04;22;88
25;2025-12-04;23;5
25;2025-12-05;0;0
25;2025-12-05;1;0
25;2025-12-05;2;0
25;2025-12-05;3;0
25;2025-12-05;4;0
25;2025-12-05;5;16
25;2025-12-05;6;280
25;2025-12-05;7;573
25;2025-12-05;8;881
25;2025-12-05;9;451
25;2025-12-05;10;401
25;2025-12-05;11;452
25;2025-12-05;12;426
25;2025-12-05;13;569
25;2025-12-05;14;463
25;2025-12-05;15;648
25;2025-12-05;16;832
25;2025-12-05;17;798
25;2025-12-05;18;728
25;2025-12-05;19;657
25;2025-12-05;20;356
25;2025-12-05;21;219
25;2025-12-05;22;109
25;2025-12-05;23;17
25;2025-12-06;0;9
25;2025-12-06;1;0
25;2025-12-06;2;0
25;2025-12-06;3;0
25;2025-12-06;4;0
25;2025-12-06;5;23
25;2025-12-06;6;145
25;2025-12-06;7;137
25;2025-12-06;8;316
25;2025-12-06;9;282
25;2025-12-06;10;287
25;2025-12-06;11;394
25;2025-12-06;12;399
25;2025-12-06;13;662
25;2025-12-06;14;673
25;2025-12-06;15;776
25;2025-12-06;16;717
25;2025-12-06;17;583
25;2025-12-06;18;524
25;2025-12-06;19;464
25;2025-12-06;20;258
25;2025-12-06;21;202
25;2025-12-06;22;114
25;2025-12-06;23;45
25;2025-12-07;0;17
25;2025-12-07;1;1
25;2025-12-07;2;0
25;2025-12-07;3;0
25;2025-12-07;4;0
25;2025-12-07;5;11
25;2025-12-07;6;116
25;2025-12-07;7;105
25;2025-12-07;8;189
25;2025-12-07;9;222
25;2025-12-07;10;224
25;2025-12-07;11;322
25;2025-12-07;12;386
25;2025-12-07;13;499
25;2025-12-07;14;586
25;2025-12-07;15;661
25;2025-12-07;16;571
25;2025-12-07;17;571
25;2025-12-07;18;443
25;2025-12-07;19;293
25;2025-12-07;20;233
25;2025-12-07;21;148
25;2025-12-07;22;95
25;2025-12-07;23;35
25;2025-12-08;0;8
25;2025-12-08;1;0
25;2025-12-08;2;0
25;2025-12-08;3;0
25;2025-12-08;4;0
25;2025-12-08;5;21
25;2025-12-08;6;265
25;2025-12-08;7;536
25;2025-12-08;8;958
25;2025-12-08;9;549
25;2025-12-08;10;342
25;2025-12-08;11;412
25;2025-12-08;12;432
25;2025-12-08;13;582
25;2025-12-08;14;479
25;2025-12-08;15;494
25;2025-12-08;16;701
25;2025-12-08;17;761
25;2025-12-08;18;730
25;2025-12-08;19;589
25;2025-12-08;20;315
25;2025-12-08;21;197
25;2025-12-08;22;81
25;2025-12-08;23;10
25;2025-12-09;0;3
25;2025-12-09;1;0
25;2025-12-09;2;0
25;2025-12-09;3;0
25;2025-12-09;4;0
25;2025-12-09;5;20
25;2025-12-09;6;268
25;2025-12-09;7;537
25;2025-12-09;8;956
25;2025-12-09;9;461
25;2025-12-09;10;367
25;2025-12-09;11;430
25;2025-12-09;12;423
25;2025-12-09;13;479
25;2025-12-09;14;463
25;2025-12-09;15;565
25;2025-12-09;16;665
25;2025-12-09;17;743
25;2025-12-09;18;733
25;2025-12-09;19;573
25;2025-12-09;20;322
25;2025-12-09;21;215
25;2025-12-09;22;81
25;2025-12-09;23;5
25;2025-12-10;0;0
25;2025-12-10;1;0
25;2025-12-10;2;0
25;2025-12-10;3;0
25;2025-12-10;4;0
25;2025-12-10;5;23
25;2025-12-10;6;278
25;2025-12-10;7;525
25;2025-12-10;8;905
25;2025-12-10;9;473
25;2025-12-10;10;401
25;2025-12-10;11;479
25;2025-12-10;12;477
25;2025-12-10;13;613
25;2025-12-10;14;348
25;2025-12-10;15;594
25;2025-12-10;16;672
25;2025-12-10;17;917
25;2025-12-10;18;938
25;2025-12-10;19;699
25;2025-12-10;20;352
25;2025-12-10;21;294
25;2025-12-10;22;110
25;2025-12-10;23;11
25;2025-12-11;0;3
25;2025-12-11;1;0
25;2025-12-11;2;0
25;2025-12-11;3;0
25;2025-12-11;4;0
25;2025-12-11;5;25
25;2025-12-11;6;276
25;2025-12-11;7;535
25;2025-12-11;8;847
25;2025-12-11;9;463
25;2025-12-11;10;420
25;2025-12-11;11;453
25;2025-12-11;12;425
25;2025-12-11;13;535
25;2025-12-11;14;535
25;2025-12-11;15;639
25;2025-12-11;16;720
25;2025-12-11;17;758
25;2025-12-11;18;786
25;2025-12-11;19;637
25;2025-12-11;20;296
25;2025-12-11;21;210
25;2025-12-11;22;88
25;2025-12-11;23;5
25;2025-12-12;0;0
25;2025-12-12;1;0
25;2025-12-12;2;0
25;2025-12-12;3;0
25;2025-12-12;4;0
25;2025-12-12;5;16
25;2025-12-12;6;280
25;2025-12-12;7;573
25;2025-12-12;8;881
25;2025-12-12;9;451
25;2025-12-12;10;401
25;2025-12-12;11;452
25;2025-12-12;12;426
25;2025-12-12;13;569
25;2025-12-12;14;463
25;2025-12-12;15;648
25;2025-12-12;16;832
25;2025-12-12;17;798
25;2025-12-12;18;728
25;2025-12-12;19;657
25;2025-12-12;20;356
25;2025-12-12;21;219
25;2025-12-12;22;109
25;2025-12-12;23;17
25;2025-12-13;0;9
25;2025-12-13;1;0
25;2025-12-13;2;0
25;2025-12-13;3;0
25;2025-12-13;4;0
25;2025-12-13;5;23
25;2025-12-13;6;145
25;2025-12-13;7;137
25;2025-12-13;8;316
25;2025-12-13;9;282
25;2025-12-13;10;287
25;2025-12-13;11;394
25;2025-12-13;12;399
25;2025-12-13;13;662
25;2025-12-13;14;673
25;2025-12-13;15;776
25;2025-12-13;16;717
25;2025-12-13;17;583
25;2025-12-13;18;524
25;2025-12-13;19;464
25;2025-12-13;20;258
25;2025-12-13;21;202
25;2025-12-13;22;114
25;2025-12-13;23;45
25;2025-12-14;0;17
25;2025-12-14;1;1
25;2025-12-14;2;0
25;2025-12-14;3;0
25;2025-12-14;4;0
25;2025-12-14;5;11
25;2025-12-14;6;116
25;2025-12-14;7;105
25;2025-12-14;8;189
25;2025-12-14;9;222
25;2025-12-14;10;224
25;2025-12-14;11;322
25;2025-12-14;12;386
25;2025-12-14;13;499
25;2025-12-14;14;586
25;2025-12-14;15;661
25;2025-12-14;16;571
25;2025-12-14;17;571
25;2025-12-14;18;443
25;2025-12-14;19;293
25;2025-12-14;20;233
25;2025-12-14;21;148
25;2025-12-14;22;95
25;2025-12-14;23;35
25;2025-12-15;0;8
25;2025-12-15;1;0
25;2025-12-15;2;0
25;2025-12-15;3;0
25;2025-12-15;4;0
25;2025-12-15;5;21
25;2025-12-15;6;265
25;2025-12-15;7;536
25;2025-12-15;8;958
25;2025-12-15;9;549
25;2025-12-15;10;342
25;2025-12-15;11;412
25;2025-12-15;12;432
25;2025-12-15;13;582
25;2025-12-15;14;479
25;2025-12-15;15;494
25;2025-12-15;16;701
25;2025-12-15;17;761
25;2025-12-15;18;730
25;2025-12-15;19;589
25;2025-12-15;20;315
25;2025-12-15;21;197
25;2025-12-15;22;81
25;2025-12-15;23;10
25;2025-12-16;0;3
25;2025-12-16;1;0
25;2025-12-16;2;0
25;2025-12-16;3;0
25;2025-12-16;4;0
25;2025-12-16;5;20
25;2025-12-16;6;268
25;2025-12-16;7;537
25;2025-12-16;8;956
25;2025-12-16;9;461
25;2025-12-16;10;367
25;2025-12-16;11;430
25;2025-12-16;12;423
25;2025-12-16;13;479
25;2025-12-16;14;463
25;2025-12-16;15;565
25;2025-12-16;16;665
25;2025-12-16;17;743
25;2025-12-16;18;733
25;2025-12-16;19;573
25;2025-12-16;20;322
25;2025-12-16;21;215
25;2025-12-16;22;81
25;2025-12-16;23;5
25;2025-12-17;0;0
25;2025-12-17;1;0
25;2025-12-17;2;0
25;2025-12-17;3;0
25;2025-12-17;4;0
25;2025-12-17;5;23
25;2025-12-17;6;278
25;2025-12-17;7;525
25;2025-12-17;8;905
25;2025-12-17;9;473
25;2025-12-17;10;401
25;2025-12-17;11;479
25;2025-12-17;12;477
25;2025-12-17;13;613
25;2025-12-17;14;348
25;2025-12-17;15;594
25;2025-12-17;16;672
25;2025-12-17;17;917
25;2025-12-17;18;938
25;2025-12-17;19;699
25;2025-12-17;20;352
25;2025-12-17;21;294
25;2025-12-17;22;110
25;2025-12-17;23;11
25;2025-12-18;0;3
25;2025-12-18;1;0
25;2025-12-18;2;0
25;2025-12-18;3;0
25;2025-12-18;4;0
25;2025-12-18;5;25
25;2025-12-18;6;276
25;2025-12-18;7;535
25;2025-12-18;8;847
25;2025-12-18;9;463
25;2025-12-18;10;420
25;2025-12-18;11;453
25;2025-12-18;12;425
25;2025-12-18;13;535
25;2025-12-18;14;535
25;2025-12-18;15;639
25;2025-12-18;16;720
25;2025-12-18;17;758
25;2025-12-18;18;786
25;2025-12-18;19;637
25;2025-12-18;20;296
25;2025-12-18;21;210
25;2025-12-18;22;88
25;2025-12-18;23;5
25;2025-12-19;0;0
25;2025-12-19;1;0
25;2025-12-19;2;0
25;2025-12-19;3;0
25;2025-12-19;4;0
25;2025-12-19;5;16
25;2025-12-19;6;280
25;2025-12-19;7;573
25;2025-12-19;8;881
25;2025-12-19;9;451
25;2025-12-19;10;401
25;2025-12-19;11;452
25;2025-12-19;12;426
25;2025-12-19;13;569
25;2025-12-19;14;463
25;2025-12-19;15;648
25;2025-12-19;16;832
25;2025-12-19;17;798
25;2025-12-19;18;728
25;2025-12-19;19;657
25;2025-12-19;20;356
25;2025-12-19;21;219
25;2025-12-19;22;109
25;2025-12-19;23;17
25;2025-12-20;0;9
25;2025-12-20;1;0
25;2025-12-20;2;0
25;2025-12-20;3;0
25;2025-12-20;4;0
25;2025-12-20;5;23
25;2025-12-20;6;145
25;2025-12-20;7;137
25;2025-12-20;8;316
25;2025-12-20;9;282
25;2025-12-20;10;287
25;2025-12-20;11;394
25;2025-12-20;12;399
25;2025-12-20;13;662
25;2025-12-20;14;673
25;2025-12-20;15;776
25;2025-12-20;16;717
25;2025-12-20;17;583
25;2025-12-20;18;524
25;2025-12-20;19;464
25;2025-12-20;20;258
25;2025-12-20;21;202
25;2025-12-20;22;114
25;2025-12-20;23;45
25;2025-12-21;0;17
25;2025-12-21;1;1
25;2025-12-21;2;0
25;2025-12-21;3;0
25;2025-12-21;4;0
25;2025-12-21;5;11
25;2025-12-21;6;116
25;2025-12-21;7;105
25;2025-12-21;8;189
25;2025-12-21;9;222
25;2025-12-21;10;224
25;2025-12-21;11;322
25;2025-12-21;12;386
25;2025-12-21;13;499
25;2025-12-21;14;586
25;2025-12-21;15;661
25;2025-12-21;16;571
25;2025-12-21;17;571
25;2025-12-21;18;443
25;2025-12-21;19;293
25;2025-12-21;20;233
25;2025-12-21;21;148
25;2025-12-21;22;95
25;2025-12-21;23;35
25;2025-12-22;0;8
25;2025-12-22;1;0
25;2025-12-22;2;0
25;2025-12-22;3;0
25;2025-12-22;4;0
25;2025-12-22;5;21
25;2025-12-22;6;265
25;2025-12-22;7;536
25;2025-12-22;8;958
25;2025-12-22;9;549
25;2025-12-22;10;342
25;2025-12-22;11;412
25;2025-12-22;12;432
25;2025-12-22;13;582
25;2025-12-22;14;479
25;2025-12-22;15;494
25;2025-12-22;16;701
25;2025-12-22;17;761
25;2025-12-22;18;730
25;2025-12-22;19;589
25;2025-12-22;20;315
25;2025-12-22;21;197
25;2025-12-22;22;81
25;2025-12-22;23;10
25;2025-12-23;0;3
25;2025-12-23;1;0
25;2025-12-23;2;0
25;2025-12-23;3;0
25;2025-12-23;4;0
25;2025-12-23;5;20
25;2025-12-23;6;268
25;2025-12-23;7;537
25;2025-12-23;8;956
25;2025-12-23;9;461
25;2025-12-23;10;367
25;2025-12-23;11;430
25;2025-12-23;12;423
25;2025-12-23;13;479
25;2025-12-23;14;463
25;2025-12-23;15;565
25;2025-12-23;16;665
25;2025-12-23;17;743
25;2025-12-23;18;733
25;2025-12-23;19;573
25;2025-12-23;20;322
25;2025-12-23;21;215
25;2025-12-23;22;81
25;2025-12-23;23;5
25;2025-12-24;0;0
25;2025-12-24;1;0
25;2025-12-24;2;0
25;2025-12-24;3;0
25;2025-12-24;4;0
25;2025-12-24;5;23
25;2025-12-24;6;278
25;2025-12-24;7;525
25;2025-12-24;8;905
25;2025-12-24;9;473
25;2025-12-24;10;401
25;2025-12-24;11;479
25;2025-12-24;12;477
25;2025-12-24;13;613
25;2025-12-24;14;348
25;2025-12-24;15;594
25;2025-12-24;16;672
25;2025-12-24;17;917
25;2025-12-24;18;938
25;2025-12-24;19;699
25;2025-12-24;20;352
25;2025-12-24;21;294
25;2025-12-24;22;110
25;2025-12-24;23;11
25;2025-12-25;0;3
25;2025-12-25;1;0
25;2025-12-25;2;0
25;2025-12-25;3;0
25;2025-12-25;4;0
25;2025-12-25;5;25
25;2025-12-25;6;276
25;2025-12-25;7;535
25;2025-12-25;8;847
25;2025-12-25;9;463
25;2025-12-25;10;420
25;2025-12-25;11;453
25;2025-12-25;12;425
25;2025-12-25;13;535
25;2025-12-25;14;535
25;2025-12-25;15;639
25;2025-12-25;16;720
25;2025-12-25;17;758
25;2025-12-25;18;786
25;2025-12-25;19;637
25;2025-12-25;20;296
25;2025-12-25;21;210
25;2025-12-25;22;88
25;2025-12-25;23;5
25;2025-12-26;0;0
25;2025-12-26;1;0
25;2025-12-26;2;0
25;2025-12-26;3;0
25;2025-12-26;4;0
25;2025-12-26;5;16
25;2025-12-26;6;280
25;2025-12-26;7;573
25;2025-12-26;8;881
25;2025-12-26;9;451
25;2025-12-26;10;401
25;2025-12-26;11;452
25;2025-12-26;12;426
25;2025-12-26;13;569
25;2025-12-26;14;463
25;2025-12-26;15;648
25;2025-12-26;16;832
25;2025-12-26;17;798
25;2025-12-26;18;728
25;2025-12-26;19;657
25;2025-12-26;20;356
25;2025-12-26;21;219
25;2025-12-26;22;109
25;2025-12-26;23;17
25;2025-12-27;0;9
25;2025-12-27;1;0
25;2025-12-27;2;0
25;2025-12-27;3;0
25;2025-12-27;4;0
25;2025-12-27;5;23
25;2025-12-27;6;145
25;2025-12-27;7;137
25;2025-12-27;8;316
25;2025-12-27;9;282
25;2025-12-27;10;287
25;2025-12-27;11;394
25;2025-12-27;12;399
25;2025-12-27;13;662
25;2025-12-27;14;673
25;2025-12-27;15;776
25;2025-12-27;16;717
25;2025-12-27;17;583
25;2025-12-27;18;524
25;2025-12-27;19;464
25;2025-12-27;20;258
25;2025-12-27;21;202
25;2025-12-27;22;114
25;2025-12-27;23;45
25;2025-12-28;0;17
25;2025-12-28;1;1
25;2025-12-28;2;0
25;2025-12-28;3;0
25;2025-12-28;4;0
25;2025-12-28;5;11
25;2025-12-28;6;116
25;2025-12-28;7;105
25;2025-12-28;8;189
25;2025-12-28;9;222
25;2025-12-28;10;224
25;2025-12-28;11;322
25;2025-12-28;12;386
25;2025-12-28;13;499
25;2025-12-28;14;586
25;2025-12-28;15;661
25;2025-12-28;16;571
25;2025-12-28;17;571
25;2025-12-28;18;443
25;2025-12-28;19;293
25;2025-12-28;20;233
25;2025-12-28;21;148
25;2025-12-28;22;95
25;2025-12-28;23;35
25;2025-12-29;0;8
25;2025-12-29;1;0
25;2025-12-29;2;0
25;2025-12-29;3;0
25;2025-12-29;4;0
25;2025-12-29;5;21
25;2025-12-29;6;265
25;2025-12-29;7;536
25;2025-12-29;8;958
25;2025-12-29;9;549
25;2025-12-29;10;342
25;2025-12-29;11;412
25;2025-12-29;12;432
25;2025-12-29;13;582
25;2025-12-29;14;479
25;2025-12-29;15;494
25;2025-12-29;16;701
25;2025-12-29;17;761
25;2025-12-29;18;730
25;2025-12-29;19;589
25;2025-12-29;20;315
25;2025-12-29;21;197
25;2025-12-29;22;81
25;2025-12-29;23;10
25;2025-12-30;0;3
25;2025-12-30;1;0
25;2025-12-30;2;0
25;2025-12-30;3;0
25;2025-12-30;4;0
25;2025-12-30;5;20
25;2025-12-30;6;268
25;2025-12-30;7;537
25;2025-12-30;8;956
25;2025-12-30;9;461
25;2025-12-30;10;367
25;2025-12-30;11;430
25;2025-12-30;12;423
25;2025-12-30;13;479
25;2025-12-30;14;463
25;2025-12-30;15;565
25;2025-12-30;16;665
25;2025-12-30;17;743
25;2025-12-30;18;733
25;2025-12-30;19;573
25;2025-12-30;20;322
25;2025-12-30;21;215
25;2025-12-30;22;81
25;2025-12-30;23;5
25;2025-12-31;0;13
25;2025-12-31;1;0
25;2025-12-31;2;0
25;2025-12-31;3;0
25;2025-12-31;4;0
25;2025-12-31;5;2
25;2025-12-31;6;40
25;2025-12-31;7;99
25;2025-12-31;8;200
25;2025-12-31;9;190
25;2025-12-31;10;195
25;2025-12-31;11;229
25;2025-12-31;12;266
25;2025-12-31;13;342
25;2025-12-31;14;406
25;2025-12-31;15;489
25;2025-12-31;16;441
25;2025-12-31;17;372
25;2025-12-31;18;392
25;2025-12-31;19;324
25;2025-12-31;20;272
25;2025-12-31;21;227
25;2025-12-31;22;159
25;2025-12-31;23;50
26;2025-11-01;0;51
26;2025-11-01;1;2
26;2025-11-01;2;0
26;2025-11-01;3;0
26;2025-11-01;4;2
26;2025-11-01;5;51
26;2025-11-01;6;224
26;2025-11-01;7;363
26;2025-11-01;8;619
26;2025-11-01;9;665
26;2025-11-01;10;833
26;2025-11-01;11;995
26;2025-11-01;12;1068
26;2025-11-01;13;1058
26;2025-11-01;14;1087
26;2025-11-01;15;971
26;2025-11-01;16;1031
26;2025-11-01;17;954
26;2025-11-01;18;864
26;2025-11-01;19;765
26;2025-11-01;20;548
26;2025-11-01;21;357
26;2025-11-01;22;202
26;2025-11-01;23;162
26;2025-11-02;0;50
26;2025-11-02;1;3
26;2025-11-02;2;0
26;2025-11-02;3;0
26;2025-11-02;4;2
26;2025-11-02;5;20
26;2025-11-02;6;154
26;2025-11-02;7;256
26;2025-11-02;8;377
26;2025-11-02;9;515
26;2025-11-02;10;576
26;2025-11-02;11;813
26;2025-11-02;12;816
26;2025-11-02;13;870
26;2025-11-02;14;862
26;2025-11-02;15;778
26;2025-11-02;16;741
26;2025-11-02;17;770
26;2025-11-02;18;677
26;2025-11-02;19;507
26;2025-11-02;20;389
26;2025-11-02;21;275
26;2025-11-02;22;160
26;2025-11-02;23;113
26;2025-11-03;0;49
26;2025-11-03;1;5
26;2025-11-03;2;0
26;2025-11-03;3;0
26;2025-11-03;4;2
26;2025-11-03;5;43
26;2025-11-03;6;235
26;2025-11-03;7;313
26;2025-11-03;8;358
26;2025-11-03;9;464
26;2025-11-03;10;484
26;2025-11-03;11;575
26;2025-11-03;12;615
26;2025-11-03;13;660
26;2025-11-03;14;653
26;2025-11-03;15;575
26;2025-11-03;16;561
26;2025-11-03;17;583
26;2025-11-03;18;604
26;2025-11-03;19;639
26;2025-11-03;20;458
26;2025-11-03;21;347
26;2025-11-03;22;234
26;2025-11-03;23;144
26;2025-11-04;0;49
26;2025-11-04;1;5
26;2025-11-04;2;0
26;2025-11-04;3;0
26;2025-11-04;4;2
26;2025-11-04;5;43
26;2025-11-04;6;235
26;2025-11-04;7;313
26;2025-11-04;8;358
26;2025-11-04;9;464
26;2025-11-04;10;484
26;2025-11-04;11;575
26;2025-11-04;12;615
26;2025-11-04;13;660
26;2025-11-04;14;653
26;2025-11-04;15;575
26;2025-11-04;16;561
26;2025-11-04;17;583
26;2025-11-04;18;604
26;2025-11-04;19;639
26;2025-11-04;20;458
26;2025-11-04;21;347
26;2025-11-04;22;234
26;2025-11-04;23;144
26;2025-11-05;0;31
26;2025-11-05;1;1
26;2025-11-05;2;0
26;2025-11-05;3;0
26;2025-11-05;4;4
26;2025-11-05;5;105
26;2025-11-05;6;450
26;2025-11-05;7;1103
26;2025-11-05;8;2312
26;2025-11-05;9;1457
26;2025-11-05;10;1237
26;2025-11-05;11;1064
26;2025-11-05;12;1231
26;2025-11-05;13;1221
26;2025-11-05;14;1410
26;2025-11-05;15;1445
26;2025-11-05;16;1535
26;2025-11-05;17;1722
26;2025-11-05;18;1849
26;2025-11-05;19;1253
26;2025-11-05;20;791
26;2025-11-05;21;571
26;2025-11-05;22;218
26;2025-11-05;23;135
26;2025-11-06;0;44
26;2025-11-06;1;1
26;2025-11-06;2;0
26;2025-11-06;3;0
26;2025-11-06;4;2
26;2025-11-06;5;98
26;2025-11-06;6;467
26;2025-11-06;7;1064
26;2025-11-06;8;2248
26;2025-11-06;9;1521
26;2025-11-06;10;1216
26;2025-11-06;11;1139
26;2025-11-06;12;1201
26;2025-11-06;13;1210
26;2025-11-06;14;1415
26;2025-11-06;15;1393
26;2025-11-06;16;1511
26;2025-11-06;17;1700
26;2025-11-06;18;1866
26;2025-11-06;19;1204
26;2025-11-06;20;724
26;2025-11-06;21;491
26;2025-11-06;22;193
26;2025-11-06;23;133
26;2025-11-07;0;32
26;2025-11-07;1;1
26;2025-11-07;2;0
26;2025-11-07;3;0
26;2025-11-07;4;1
26;2025-11-07;5;80
26;2025-11-07;6;478
26;2025-11-07;7;999
26;2025-11-07;8;2193
26;2025-11-07;9;1370
26;2025-11-07;10;1229
26;2025-11-07;11;1095
26;2025-11-07;12;1094
26;2025-11-07;13;1115
26;2025-11-07;14;1363
26;2025-11-07;15;1328
26;2025-11-07;16;1635
26;2025-11-07;17;1759
26;2025-11-07;18;1262
26;2025-11-07;19;1010
26;2025-11-07;20;633
26;2025-11-07;21;455
26;2025-11-07;22;191
26;2025-11-07;23;150
26;2025-11-08;0;51
26;2025-11-08;1;2
26;2025-11-08;2;0
26;2025-11-08;3;0
26;2025-11-08;4;2
26;2025-11-08;5;51
26;2025-11-08;6;224
26;2025-11-08;7;363
26;2025-11-08;8;619
26;2025-11-08;9;665
26;2025-11-08;10;833
26;2025-11-08;11;995
26;2025-11-08;12;1068
26;2025-11-08;13;1058
26;2025-11-08;14;1087
26;2025-11-08;15;971
26;2025-11-08;16;1031
26;2025-11-08;17;954
26;2025-11-08;18;864
26;2025-11-08;19;765
26;2025-11-08;20;548
26;2025-11-08;21;357
26;2025-11-08;22;202
26;2025-11-08;23;162
26;2025-11-09;0;50
26;2025-11-09;1;3
26;2025-11-09;2;0
26;2025-11-09;3;0
26;2025-11-09;4;2
26;2025-11-09;5;20
26;2025-11-09;6;154
26;2025-11-09;7;256
26;2025-11-09;8;377
26;2025-11-09;9;515
26;2025-11-09;10;576
26;2025-11-09;11;813
26;2025-11-09;12;816
26;2025-11-09;13;870
26;2025-11-09;14;862
26;2025-11-09;15;778
26;2025-11-09;16;741
26;2025-11-09;17;770
26;2025-11-09;18;677
26;2025-11-09;19;507
26;2025-11-09;20;389
26;2025-11-09;21;275
26;2025-11-09;22;160
26;2025-11-09;23;113
26;2025-11-10;0;25
26;2025-11-10;1;2
26;2025-11-10;2;0
26;2025-11-10;3;0
26;2025-11-10;4;2
26;2025-11-10;5;93
26;2025-11-10;6;462
26;2025-11-10;7;1111
26;2025-11-10;8;2198
26;2025-11-10;9;1417
26;2025-11-10;10;1224
26;2025-11-10;11;1062
26;2025-11-10;12;1093
26;2025-11-10;13;1170
26;2025-11-10;14;1270
26;2025-11-10;15;1306
26;2025-11-10;16;1409
26;2025-11-10;17;1710
26;2025-11-10;18;1846
26;2025-11-10;19;1183
26;2025-11-10;20;750
26;2025-11-10;21;464
26;2025-11-10;22;185
26;2025-11-10;23;104
26;2025-11-11;0;31
26;2025-11-11;1;1
26;2025-11-11;2;0
26;2025-11-11;3;0
26;2025-11-11;4;1
26;2025-11-11;5;88
26;2025-11-11;6;471
26;2025-11-11;7;1113
26;2025-11-11;8;2328
26;2025-11-11;9;1462
26;2025-11-11;10;1298
26;2025-11-11;11;1188
26;2025-11-11;12;1169
26;2025-11-11;13;1171
26;2025-11-11;14;1261
26;2025-11-11;15;1365
26;2025-11-11;16;1473
26;2025-11-11;17;1779
26;2025-11-11;18;1950
26;2025-11-11;19;1290
26;2025-11-11;20;731
26;2025-11-11;21;471
26;2025-11-11;22;199
26;2025-11-11;23;108
26;2025-11-12;0;31
26;2025-11-12;1;1
26;2025-11-12;2;0
26;2025-11-12;3;0
26;2025-11-12;4;4
26;2025-11-12;5;105
26;2025-11-12;6;450
26;2025-11-12;7;1103
26;2025-11-12;8;2312
26;2025-11-12;9;1457
26;2025-11-12;10;1237
26;2025-11-12;11;1064
26;2025-11-12;12;1231
26;2025-11-12;13;1221
26;2025-11-12;14;1410
26;2025-11-12;15;1445
26;2025-11-12;16;1535
26;2025-11-12;17;1722
26;2025-11-12;18;1849
26;2025-11-12;19;1253
26;2025-11-12;20;791
26;2025-11-12;21;571
26;2025-11-12;22;218
26;2025-11-12;23;135
26;2025-11-13;0;44
26;2025-11-13;1;1
26;2025-11-13;2;0
26;2025-11-13;3;0
26;2025-11-13;4;2
26;2025-11-13;5;98
26;2025-11-13;6;467
26;2025-11-13;7;1064
26;2025-11-13;8;2248
26;2025-11-13;9;1521
26;2025-11-13;10;1216
26;2025-11-13;11;1139
26;2025-11-13;12;1201
26;2025-11-13;13;1210
26;2025-11-13;14;1415
26;2025-11-13;15;1393
26;2025-11-13;16;1511
26;2025-11-13;17;1700
26;2025-11-13;18;1866
26;2025-11-13;19;1204
26;2025-11-13;20;724
26;2025-11-13;21;491
26;2025-11-13;22;193
26;2025-11-13;23;133
26;2025-11-14;0;32
26;2025-11-14;1;1
26;2025-11-14;2;0
26;2025-11-14;3;0
26;2025-11-14;4;1
26;2025-11-14;5;80
26;2025-11-14;6;478
26;2025-11-14;7;999
26;2025-11-14;8;2193
26;2025-11-14;9;1370
26;2025-11-14;10;1229
26;2025-11-14;11;1095
26;2025-11-14;12;1094
26;2025-11-14;13;1115
26;2025-11-14;14;1363
26;2025-11-14;15;1328
26;2025-11-14;16;1635
26;2025-11-14;17;1759
26;2025-11-14;18;1262
26;2025-11-14;19;1010
26;2025-11-14;20;633
26;2025-11-14;21;455
26;2025-11-14;22;191
26;2025-11-14;23;150
26;2025-11-15;0;51
26;2025-11-15;1;2
26;2025-11-15;2;0
26;2025-11-15;3;0
26;2025-11-15;4;2
26;2025-11-15;5;51
26;2025-11-15;6;224
26;2025-11-15;7;363
26;2025-11-15;8;619
26;2025-11-15;9;665
26;2025-11-15;10;833
26;2025-11-15;11;995
26;2025-11-15;12;1068
26;2025-11-15;13;1058
26;2025-11-15;14;1087
26;2025-11-15;15;971
26;2025-11-15;16;1031
26;2025-11-15;17;954
26;2025-11-15;18;864
26;2025-11-15;19;765
26;2025-11-15;20;548
26;2025-11-15;21;357
26;2025-11-15;22;202
26;2025-11-15;23;162
26;2025-11-16;0;50
26;2025-11-16;1;3
26;2025-11-16;2;0
26;2025-11-16;3;0
26;2025-11-16;4;2
26;2025-11-16;5;20
26;2025-11-16;6;154
26;2025-11-16;7;256
26;2025-11-16;8;377
26;2025-11-16;9;515
26;2025-11-16;10;576
26;2025-11-16;11;813
26;2025-11-16;12;816
26;2025-11-16;13;870
26;2025-11-16;14;862
26;2025-11-16;15;778
26;2025-11-16;16;741
26;2025-11-16;17;770
26;2025-11-16;18;677
26;2025-11-16;19;507
26;2025-11-16;20;389
26;2025-11-16;21;275
26;2025-11-16;22;160
26;2025-11-16;23;113
26;2025-11-17;0;25
26;2025-11-17;1;2
26;2025-11-17;2;0
26;2025-11-17;3;0
26;2025-11-17;4;2
26;2025-11-17;5;93
26;2025-11-17;6;462
26;2025-11-17;7;1111
26;2025-11-17;8;2198
26;2025-11-17;9;1417
26;2025-11-17;10;1224
26;2025-11-17;11;1062
26;2025-11-17;12;1093
26;2025-11-17;13;1170
26;2025-11-17;14;1270
26;2025-11-17;15;1306
26;2025-11-17;16;1409
26;2025-11-17;17;1710
26;2025-11-17;18;1846
26;2025-11-17;19;1183
26;2025-11-17;20;750
26;2025-11-17;21;464
26;2025-11-17;22;185
26;2025-11-17;23;104
26;2025-11-18;0;31
26;2025-11-18;1;1
26;2025-11-18;2;0
26;2025-11-18;3;0
26;2025-11-18;4;1
26;2025-11-18;5;88
26;2025-11-18;6;471
26;2025-11-18;7;1113
26;2025-11-18;8;2328
26;2025-11-18;9;1462
26;2025-11-18;10;1298
26;2025-11-18;11;1188
26;2025-11-18;12;1169
26;2025-11-18;13;1171
26;2025-11-18;14;1261
26;2025-11-18;15;1365
26;2025-11-18;16;1473
26;2025-11-18;17;1779
26;2025-11-18;18;1950
26;2025-11-18;19;1290
26;2025-11-18;20;731
26;2025-11-18;21;471
26;2025-11-18;22;199
26;2025-11-18;23;108
26;2025-11-19;0;31
26;2025-11-19;1;1
26;2025-11-19;2;0
26;2025-11-19;3;0
26;2025-11-19;4;4
26;2025-11-19;5;105
26;2025-11-19;6;450
26;2025-11-19;7;1103
26;2025-11-19;8;2312
26;2025-11-19;9;1457
26;2025-11-19;10;1237
26;2025-11-19;11;1064
26;2025-11-19;12;1231
26;2025-11-19;13;1221
26;2025-11-19;14;1410
26;2025-11-19;15;1445
26;2025-11-19;16;1535
26;2025-11-19;17;1722
26;2025-11-19;18;1849
26;2025-11-19;19;1253
26;2025-11-19;20;791
26;2025-11-19;21;571
26;2025-11-19;22;218
26;2025-11-19;23;135
26;2025-11-20;0;44
26;2025-11-20;1;1
26;2025-11-20;2;0
26;2025-11-20;3;0
26;2025-11-20;4;2
26;2025-11-20;5;98
26;2025-11-20;6;467
26;2025-11-20;7;1064
26;2025-11-20;8;2248
26;2025-11-20;9;1521
26;2025-11-20;10;1216
26;2025-11-20;11;1139
26;2025-11-20;12;1201
26;2025-11-20;13;1210
26;2025-11-20;14;1415
26;2025-11-20;15;1393
26;2025-11-20;16;1511
26;2025-11-20;17;1700
26;2025-11-20;18;1866
26;2025-11-20;19;1204
26;2025-11-20;20;724
26;2025-11-20;21;491
26;2025-11-20;22;193
26;2025-11-20;23;133
26;2025-11-21;0;32
26;2025-11-21;1;1
26;2025-11-21;2;0
26;2025-11-21;3;0
26;2025-11-21;4;1
26;2025-11-21;5;80
26;2025-11-21;6;478
26;2025-11-21;7;999
26;2025-11-21;8;2193
26;2025-11-21;9;1370
26;2025-11-21;10;1229
26;2025-11-21;11;1095
26;2025-11-21;12;1094
26;2025-11-21;13;1115
26;2025-11-21;14;1363
26;2025-11-21;15;1328
26;2025-11-21;16;1635
26;2025-11-21;17;1759
26;2025-11-21;18;1262
26;2025-11-21;19;1010
26;2025-11-21;20;633
26;2025-11-21;21;455
26;2025-11-21;22;191
26;2025-11-21;23;150
26;2025-11-22;0;51
26;2025-11-22;1;2
26;2025-11-22;2;0
26;2025-11-22;3;0
26;2025-11-22;4;2
26;2025-11-22;5;51
26;2025-11-22;6;224
26;2025-11-22;7;363
26;2025-11-22;8;619
26;2025-11-22;9;665
26;2025-11-22;10;833
26;2025-11-22;11;995
26;2025-11-22;12;1068
26;2025-11-22;13;1058
26;2025-11-22;14;1087
26;2025-11-22;15;971
26;2025-11-22;16;1031
26;2025-11-22;17;954
26;2025-11-22;18;864
26;2025-11-22;19;765
26;2025-11-22;20;548
26;2025-11-22;21;357
26;2025-11-22;22;202
26;2025-11-22;23;162
26;2025-11-23;0;50
26;2025-11-23;1;3
26;2025-11-23;2;0
26;2025-11-23;3;0
26;2025-11-23;4;2
26;2025-11-23;5;20
26;2025-11-23;6;154
26;2025-11-23;7;256
26;2025-11-23;8;377
26;2025-11-23;9;515
26;2025-11-23;10;576
26;2025-11-23;11;813
26;2025-11-23;12;816
26;2025-11-23;13;870
26;2025-11-23;14;862
26;2025-11-23;15;778
26;2025-11-23;16;741
26;2025-11-23;17;770
26;2025-11-23;18;677
26;2025-11-23;19;507
26;2025-11-23;20;389
26;2025-11-23;21;275
26;2025-11-23;22;160
26;2025-11-23;23;113
26;2025-11-24;0;25
26;2025-11-24;1;2
26;2025-11-24;2;0
26;2025-11-24;3;0
26;2025-11-24;4;2
26;2025-11-24;5;93
26;2025-11-24;6;462
26;2025-11-24;7;1111
26;2025-11-24;8;2198
26;2025-11-24;9;1417
26;2025-11-24;10;1224
26;2025-11-24;11;1062
26;2025-11-24;12;1093
26;2025-11-24;13;1170
26;2025-11-24;14;1270
26;2025-11-24;15;1306
26;2025-11-24;16;1409
26;2025-11-24;17;1710
26;2025-11-24;18;1846
26;2025-11-24;19;1183
26;2025-11-24;20;750
26;2025-11-24;21;464
26;2025-11-24;22;185
26;2025-11-24;23;104
26;2025-11-25;0;31
26;2025-11-25;1;1
26;2025-11-25;2;0
26;2025-11-25;3;0
26;2025-11-25;4;1
26;2025-11-25;5;88
26;2025-11-25;6;471
26;2025-11-25;7;1113
26;2025-11-25;8;2328
26;2025-11-25;9;1462
26;2025-11-25;10;1298
26;2025-11-25;11;1188
26;2025-11-25;12;1169
26;2025-11-25;13;1171
26;2025-11-25;14;1261
26;2025-11-25;15;1365
26;2025-11-25;16;1473
26;2025-11-25;17;1779
26;2025-11-25;18;1950
26;2025-11-25;19;1290
26;2025-11-25;20;731
26;2025-11-25;21;471
26;2025-11-25;22;199
26;2025-11-25;23;108
26;2025-11-26;0;31
26;2025-11-26;1;1
26;2025-11-26;2;0
26;2025-11-26;3;0
26;2025-11-26;4;4
26;2025-11-26;5;105
26;2025-11-26;6;450
26;2025-11-26;7;1103
26;2025-11-26;8;2312
26;2025-11-26;9;1457
26;2025-11-26;10;1237
26;2025-11-26;11;1064
26;2025-11-26;12;1231
26;2025-11-26;13;1221
26;2025-11-26;14;1410
26;2025-11-26;15;1445
26;2025-11-26;16;1535
26;2025-11-26;17;1722
26;2025-11-26;18;1849
26;2025-11-26;19;1253
26;2025-11-26;20;791
26;2025-11-26;21;571
26;2025-11-26;22;218
26;2025-11-26;23;135
26;2025-11-27;0;44
26;2025-11-27;1;1
26;2025-11-27;2;0
26;2025-11-27;3;0
26;2025-11-27;4;2
26;2025-11-27;5;98
26;2025-11-27;6;467
26;2025-11-27;7;1064
26;2025-11-27;8;2248
26;2025-11-27;9;1521
26;2025-11-27;10;1216
26;2025-11-27;11;1139
26;2025-11-27;12;1201
26;2025-11-27;13;1210
26;2025-11-27;14;1415
26;2025-11-27;15;1393
26;2025-11-27;16;1511
26;2025-11-27;17;1700
26;2025-11-27;18;1866
26;2025-11-27;19;1204
26;2025-11-27;20;724
26;2025-11-27;21;491
26;2025-11-27;22;193
26;2025-11-27;23;133
26;2025-11-28;0;32
26;2025-11-28;1;1
26;2025-11-28;2;0
26;2025-11-28;3;0
26;2025-11-28;4;1
26;2025-11-28;5;80
26;2025-11-28;6;478
26;2025-11-28;7;999
26;2025-11-28;8;2193
26;2025-11-28;9;1370
26;2025-11-28;10;1229
26;2025-11-28;11;1095
26;2025-11-28;12;1094
26;2025-11-28;13;1115
26;2025-11-28;14;1363
26;2025-11-28;15;1328
26;2025-11-28;16;1635
26;2025-11-28;17;1759
26;2025-11-28;18;1262
26;2025-11-28;19;1010
26;2025-11-28;20;633
26;2025-11-28;21;455
26;2025-11-28;22;191
26;2025-11-28;23;150
26;2025-11-29;0;51
26;2025-11-29;1;2
26;2025-11-29;2;0
26;2025-11-29;3;0
26;2025-11-29;4;2
26;2025-11-29;5;51
26;2025-11-29;6;224
26;2025-11-29;7;363
26;2025-11-29;8;619
26;2025-11-29;9;665
26;2025-11-29;10;833
26;2025-11-29;11;995
26;2025-11-29;12;1068
26;2025-11-29;13;1058
26;2025-11-29;14;1087
26;2025-11-29;15;971
26;2025-11-29;16;1031
26;2025-11-29;17;954
26;2025-11-29;18;864
26;2025-11-29;19;765
26;2025-11-29;20;548
26;2025-11-29;21;357
26;2025-11-29;22;202
26;2025-11-29;23;162
26;2025-11-30;0;50
26;2025-11-30;1;3
26;2025-11-30;2;0
26;2025-11-30;3;0
26;2025-11-30;4;2
26;2025-11-30;5;20
26;2025-11-30;6;154
26;2025-11-30;7;256
26;2025-11-30;8;377
26;2025-11-30;9;515
26;2025-11-30;10;576
26;2025-11-30;11;813
26;2025-11-30;12;816
26;2025-11-30;13;870
26;2025-11-30;14;862
26;2025-11-30;15;778
26;2025-11-30;16;741
26;2025-11-30;17;770
26;2025-11-30;18;677
26;2025-11-30;19;507
26;2025-11-30;20;389
26;2025-11-30;21;275
26;2025-11-30;22;160
26;2025-11-30;23;113
26;2025-12-01;0;25
26;2025-12-01;1;2
26;2025-12-01;2;0
26;2025-12-01;3;0
26;2025-12-01;4;2
26;2025-12-01;5;93
26;2025-12-01;6;462
26;2025-12-01;7;1111
26;2025-12-01;8;2198
26;2025-12-01;9;1417
26;2025-12-01;10;1224
26;2025-12-01;11;1062
26;2025-12-01;12;1093
26;2025-12-01;13;1170
26;2025-12-01;14;1270
26;2025-12-01;15;1306
26;2025-12-01;16;1409
26;2025-12-01;17;1710
26;2025-12-01;18;1846
26;2025-12-01;19;1183
26;2025-12-01;20;750
26;2025-12-01;21;464
26;2025-12-01;22;185
26;2025-12-01;23;104
26;2025-12-02;0;31
26;2025-12-02;1;1
26;2025-12-02;2;0
26;2025-12-02;3;0
26;2025-12-02;4;1
26;2025-12-02;5;88
26;2025-12-02;6;471
26;2025-12-02;7;1113
26;2025-12-02;8;2328
26;2025-12-02;9;1462
26;2025-12-02;10;1298
26;2025-12-02;11;1188
26;2025-12-02;12;1169
26;2025-12-02;13;1171
26;2025-12-02;14;1261
26;2025-12-02;15;1365
26;2025-12-02;16;1473
26;2025-12-02;17;1779
26;2025-12-02;18;1950
26;2025-12-02;19;1290
26;2025-12-02;20;731
26;2025-12-02;21;471
26;2025-12-02;22;199
26;2025-12-02;23;108
26;2025-12-03;0;31
26;2025-12-03;1;1
26;2025-12-03;2;0
26;2025-12-03;3;0
26;2025-12-03;4;4
26;2025-12-03;5;105
26;2025-12-03;6;450
26;2025-12-03;7;1103
26;2025-12-03;8;2312
26;2025-12-03;9;1457
26;2025-12-03;10;1237
26;2025-12-03;11;1064
26;2025-12-03;12;1231
26;2025-12-03;13;1221
26;2025-12-03;14;1410
26;2025-12-03;15;1445
26;2025-12-03;16;1535
26;2025-12-03;17;1722
26;2025-12-03;18;1849
26;2025-12-03;19;1253
26;2025-12-03;20;791
26;2025-12-03;21;571
26;2025-12-03;22;218
26;2025-12-03;23;135
26;2025-12-04;0;44
26;2025-12-04;1;1
26;2025-12-04;2;0
26;2025-12-04;3;0
26;2025-12-04;4;2
26;2025-12-04;5;98
26;2025-12-04;6;467
26;2025-12-04;7;1064
26;2025-12-04;8;2248
26;2025-12-04;9;1521
26;2025-12-04;10;1216
26;2025-12-04;11;1139
26;2025-12-04;12;1201
26;2025-12-04;13;1210
26;2025-12-04;14;1415
26;2025-12-04;15;1393
26;2025-12-04;16;1511
26;2025-12-04;17;1700
26;2025-12-04;18;1866
26;2025-12-04;19;1204
26;2025-12-04;20;724
26;2025-12-04;21;491
26;2025-12-04;22;193
26;2025-12-04;23;133
26;2025-12-05;0;32
26;2025-12-05;1;1
26;2025-12-05;2;0
26;2025-12-05;3;0
26;2025-12-05;4;1
26;2025-12-05;5;80
26;2025-12-05;6;478
26;2025-12-05;7;999
26;2025-12-05;8;2193
26;2025-12-05;9;1370
26;2025-12-05;10;1229
26;2025-12-05;11;1095
26;2025-12-05;12;1094
26;2025-12-05;13;1115
26;2025-12-05;14;1363
26;2025-12-05;15;1328
26;2025-12-05;16;1635
26;2025-12-05;17;1759
26;2025-12-05;18;1262
26;2025-12-05;19;1010
26;2025-12-05;20;633
26;2025-12-05;21;455
26;2025-12-05;22;191
26;2025-12-05;23;150
26;2025-12-06;0;51
26;2025-12-06;1;2
26;2025-12-06;2;0
26;2025-12-06;3;0
26;2025-12-06;4;2
26;2025-12-06;5;51
26;2025-12-06;6;224
26;2025-12-06;7;363
26;2025-12-06;8;619
26;2025-12-06;9;665
26;2025-12-06;10;833
26;2025-12-06;11;995
26;2025-12-06;12;1068
26;2025-12-06;13;1058
26;2025-12-06;14;1087
26;2025-12-06;15;971
26;2025-12-06;16;1031
26;2025-12-06;17;954
26;2025-12-06;18;864
26;2025-12-06;19;765
26;2025-12-06;20;548
26;2025-12-06;21;357
26;2025-12-06;22;202
26;2025-12-06;23;162
26;2025-12-07;0;50
26;2025-12-07;1;3
26;2025-12-07;2;0
26;2025-12-07;3;0
26;2025-12-07;4;2
26;2025-12-07;5;20
26;2025-12-07;6;154
26;2025-12-07;7;256
26;2025-12-07;8;377
26;2025-12-07;9;515
26;2025-12-07;10;576
26;2025-12-07;11;813
26;2025-12-07;12;816
26;2025-12-07;13;870
26;2025-12-07;14;862
26;2025-12-07;15;778
26;2025-12-07;16;741
26;2025-12-07;17;770
26;2025-12-07;18;677
26;2025-12-07;19;507
26;2025-12-07;20;389
26;2025-12-07;21;275
26;2025-12-07;22;160
26;2025-12-07;23;113
26;2025-12-08;0;25
26;2025-12-08;1;2
26;2025-12-08;2;0
26;2025-12-08;3;0
26;2025-12-08;4;2
26;2025-12-08;5;93
26;2025-12-08;6;462
26;2025-12-08;7;1111
26;2025-12-08;8;2198
26;2025-12-08;9;1417
26;2025-12-08;10;1224
26;2025-12-08;11;1062
26;2025-12-08;12;1093
26;2025-12-08;13;1170
26;2025-12-08;14;1270
26;2025-12-08;15;1306
26;2025-12-08;16;1409
26;2025-12-08;17;1710
26;2025-12-08;18;1846
26;2025-12-08;19;1183
26;2025-12-08;20;750
26;2025-12-08;21;464
26;2025-12-08;22;185
26;2025-12-08;23;104
26;2025-12-09;0;31
26;2025-12-09;1;1
26;2025-12-09;2;0
26;2025-12-09;3;0
26;2025-12-09;4;1
26;2025-12-09;5;88
26;2025-12-09;6;471
26;2025-12-09;7;1113
26;2025-12-09;8;2328
26;2025-12-09;9;1462
26;2025-12-09;10;1298
26;2025-12-09;11;1188
26;2025-12-09;12;1169
26;2025-12-09;13;1171
26;2025-12-09;14;1261
26;2025-12-09;15;1365
26;2025-12-09;16;1473
26;2025-12-09;17;1779
26;2025-12-09;18;1950
26;2025-12-09;19;1290
26;2025-12-09;20;731
26;2025-12-09;21;471
26;2025-12-09;22;199
26;2025-12-09;23;108
26;2025-12-10;0;31
26;2025-12-10;1;1
26;2025-12-10;2;0
26;2025-12-10;3;0
26;2025-12-10;4;4
26;2025-12-10;5;105
26;2025-12-10;6;450
26;2025-12-10;7;1103
26;2025-12-10;8;2312
26;2025-12-10;9;1457
26;2025-12-10;10;1237
26;2025-12-10;11;1064
26;2025-12-10;12;1231
26;2025-12-10;13;1221
26;2025-12-10;14;1410
26;2025-12-10;15;1445
26;2025-12-10;16;1535
26;2025-12-10;17;1722
26;2025-12-10;18;1849
26;2025-12-10;19;1253
26;2025-12-10;20;791
26;2025-12-10;21;571
26;2025-12-10;22;218
26;2025-12-10;23;135
26;2025-12-11;0;44
26;2025-12-11;1;1
26;2025-12-11;2;0
26;2025-12-11;3;0
26;2025-12-11;4;2
26;2025-12-11;5;98
26;2025-12-11;6;467
26;2025-12-11;7;1064
26;2025-12-11;8;2248
26;2025-12-11;9;1521
26;2025-12-11;10;1216
26;2025-12-11;11;1139
26;2025-12-11;12;1201
26;2025-12-11;13;1210
26;2025-12-11;14;1415
26;2025-12-11;15;1393
26;2025-12-11;16;1511
26;2025-12-11;17;1700
26;2025-12-11;18;1866
26;2025-12-11;19;1204
26;2025-12-11;20;724
26;2025-12-11;21;491
26;2025-12-11;22;193
26;2025-12-11;23;133
26;2025-12-12;0;32
26;2025-12-12;1;1
26;2025-12-12;2;0
26;2025-12-12;3;0
26;2025-12-12;4;1
26;2025-12-12;5;80
26;2025-12-12;6;478
26;2025-12-12;7;999
26;2025-12-12;8;2193
26;2025-12-12;9;1370
26;2025-12-12;10;1229
26;2025-12-12;11;1095
26;2025-12-12;12;1094
26;2025-12-12;13;1115
26;2025-12-12;14;1363
26;2025-12-12;15;1328
26;2025-12-12;16;1635
26;2025-12-12;17;1759
26;2025-12-12;18;1262
26;2025-12-12;19;1010
26;2025-12-12;20;633
26;2025-12-12;21;455
26;2025-12-12;22;191
26;2025-12-12;23;150
26;2025-12-13;0;51
26;2025-12-13;1;2
26;2025-12-13;2;0
26;2025-12-13;3;0
26;2025-12-13;4;2
26;2025-12-13;5;51
26;2025-12-13;6;224
26;2025-12-13;7;363
26;2025-12-13;8;619
26;2025-12-13;9;665
26;2025-12-13;10;833
26;2025-12-13;11;995
26;2025-12-13;12;1068
26;2025-12-13;13;1058
26;2025-12-13;14;1087
26;2025-12-13;15;971
26;2025-12-13;16;1031
26;2025-12-13;17;954
26;2025-12-13;18;864
26;2025-12-13;19;765
26;2025-12-13;20;548
26;2025-12-13;21;357
26;2025-12-13;22;202
26;2025-12-13;23;162
26;2025-12-14;0;50
26;2025-12-14;1;3
26;2025-12-14;2;0
26;2025-12-14;3;0
26;2025-12-14;4;2
26;2025-12-14;5;20
26;2025-12-14;6;154
26;2025-12-14;7;256
26;2025-12-14;8;377
26;2025-12-14;9;515
26;2025-12-14;10;576
26;2025-12-14;11;813
26;2025-12-14;12;816
26;2025-12-14;13;870
26;2025-12-14;14;862
26;2025-12-14;15;778
26;2025-12-14;16;741
26;2025-12-14;17;770
26;2025-12-14;18;677
26;2025-12-14;19;507
26;2025-12-14;20;389
26;2025-12-14;21;275
26;2025-12-14;22;160
26;2025-12-14;23;113
26;2025-12-15;0;25
26;2025-12-15;1;2
26;2025-12-15;2;0
26;2025-12-15;3;0
26;2025-12-15;4;2
26;2025-12-15;5;93
26;2025-12-15;6;462
26;2025-12-15;7;1111
26;2025-12-15;8;2198
26;2025-12-15;9;1417
26;2025-12-15;10;1224
26;2025-12-15;11;1062
26;2025-12-15;12;1093
26;2025-12-15;13;1170
26;2025-12-15;14;1270
26;2025-12-15;15;1306
26;2025-12-15;16;1409
26;2025-12-15;17;1710
26;2025-12-15;18;1846
26;2025-12-15;19;1183
26;2025-12-15;20;750
26;2025-12-15;21;464
26;2025-12-15;22;185
26;2025-12-15;23;104
26;2025-12-16;0;31
26;2025-12-16;1;1
26;2025-12-16;2;0
26;2025-12-16;3;0
26;2025-12-16;4;1
26;2025-12-16;5;88
26;2025-12-16;6;471
26;2025-12-16;7;1113
26;2025-12-16;8;2328
26;2025-12-16;9;1462
26;2025-12-16;10;1298
26;2025-12-16;11;1188
26;2025-12-16;12;1169
26;2025-12-16;13;1171
26;2025-12-16;14;1261
26;2025-12-16;15;1365
26;2025-12-16;16;1473
26;2025-12-16;17;1779
26;2025-12-16;18;1950
26;2025-12-16;19;1290
26;2025-12-16;20;731
26;2025-12-16;21;471
26;2025-12-16;22;199
26;2025-12-16;23;108
26;2025-12-17;0;31
26;2025-12-17;1;1
26;2025-12-17;2;0
26;2025-12-17;3;0
26;2025-12-17;4;4
26;2025-12-17;5;105
26;2025-12-17;6;450
26;2025-12-17;7;1103
26;2025-12-17;8;2312
26;2025-12-17;9;1457
26;2025-12-17;10;1237
26;2025-12-17;11;1064
26;2025-12-17;12;1231
26;2025-12-17;13;1221
26;2025-12-17;14;1410
26;2025-12-17;15;1445
26;2025-12-17;16;1535
26;2025-12-17;17;1722
26;2025-12-17;18;1849
26;2025-12-17;19;1253
26;2025-12-17;20;791
26;2025-12-17;21;571
26;2025-12-17;22;218
26;2025-12-17;23;135
26;2025-12-18;0;44
26;2025-12-18;1;1
26;2025-12-18;2;0
26;2025-12-18;3;0
26;2025-12-18;4;2
26;2025-12-18;5;98
26;2025-12-18;6;467
26;2025-12-18;7;1064
26;2025-12-18;8;2248
26;2025-12-18;9;1521
26;2025-12-18;10;1216
26;2025-12-18;11;1139
26;2025-12-18;12;1201
26;2025-12-18;13;1210
26;2025-12-18;14;1415
26;2025-12-18;15;1393
26;2025-12-18;16;1511
26;2025-12-18;17;1700
26;2025-12-18;18;1866
26;2025-12-18;19;1204
26;2025-12-18;20;724
26;2025-12-18;21;491
26;2025-12-18;22;193
26;2025-12-18;23;133
26;2025-12-19;0;32
26;2025-12-19;1;1
26;2025-12-19;2;0
26;2025-12-19;3;0
26;2025-12-19;4;1
26;2025-12-19;5;80
26;2025-12-19;6;478
26;2025-12-19;7;999
26;2025-12-19;8;2193
26;2025-12-19;9;1370
26;2025-12-19;10;1229
26;2025-12-19;11;1095
26;2025-12-19;12;1094
26;2025-12-19;13;1115
26;2025-12-19;14;1363
26;2025-12-19;15;1328
26;2025-12-19;16;1635
26;2025-12-19;17;1759
26;2025-12-19;18;1262
26;2025-12-19;19;1010
26;2025-12-19;20;633
26;2025-12-19;21;455
26;2025-12-19;22;191
26;2025-12-19;23;150
26;2025-12-20;0;51
26;2025-12-20;1;2
26;2025-12-20;2;0
26;2025-12-20;3;0
26;2025-12-20;4;2
26;2025-12-20;5;51
26;2025-12-20;6;224
26;2025-12-20;7;363
26;2025-12-20;8;619
26;2025-12-20;9;665
26;2025-12-20;10;833
26;2025-12-20;11;995
26;2025-12-20;12;1068
26;2025-12-20;13;1058
26;2025-12-20;14;1087
26;2025-12-20;15;971
26;2025-12-20;16;1031
26;2025-12-20;17;954
26;2025-12-20;18;864
26;2025-12-20;19;765
26;2025-12-20;20;548
26;2025-12-20;21;357
26;2025-12-20;22;202
26;2025-12-20;23;162
26;2025-12-21;0;50
26;2025-12-21;1;3
26;2025-12-21;2;0
26;2025-12-21;3;0
26;2025-12-21;4;2
26;2025-12-21;5;20
26;2025-12-21;6;154
26;2025-12-21;7;256
26;2025-12-21;8;377
26;2025-12-21;9;515
26;2025-12-21;10;576
26;2025-12-21;11;813
26;2025-12-21;12;816
26;2025-12-21;13;870
26;2025-12-21;14;862
26;2025-12-21;15;778
26;2025-12-21;16;741
26;2025-12-21;17;770
26;2025-12-21;18;677
26;2025-12-21;19;507
26;2025-12-21;20;389
26;2025-12-21;21;275
26;2025-12-21;22;160
26;2025-12-21;23;113
26;2025-12-22;0;25
26;2025-12-22;1;2
26;2025-12-22;2;0
26;2025-12-22;3;0
26;2025-12-22;4;2
26;2025-12-22;5;93
26;2025-12-22;6;462
26;2025-12-22;7;1111
26;2025-12-22;8;2198
26;2025-12-22;9;1417
26;2025-12-22;10;1224
26;2025-12-22;11;1062
26;2025-12-22;12;1093
26;2025-12-22;13;1170
26;2025-12-22;14;1270
26;2025-12-22;15;1306
26;2025-12-22;16;1409
26;2025-12-22;17;1710
26;2025-12-22;18;1846
26;2025-12-22;19;1183
26;2025-12-22;20;750
26;2025-12-22;21;464
26;2025-12-22;22;185
26;2025-12-22;23;104
26;2025-12-23;0;31
26;2025-12-23;1;1
26;2025-12-23;2;0
26;2025-12-23;3;0
26;2025-12-23;4;1
26;2025-12-23;5;88
26;2025-12-23;6;471
26;2025-12-23;7;1113
26;2025-12-23;8;2328
26;2025-12-23;9;1462
26;2025-12-23;10;1298
26;2025-12-23;11;1188
26;2025-12-23;12;1169
26;2025-12-23;13;1171
26;2025-12-23;14;1261
26;2025-12-23;15;1365
26;2025-12-23;16;1473
26;2025-12-23;17;1779
26;2025-12-23;18;1950
26;2025-12-23;19;1290
26;2025-12-23;20;731
26;2025-12-23;21;471
26;2025-12-23;22;199
26;2025-12-23;23;108
26;2025-12-24;0;31
26;2025-12-24;1;1
26;2025-12-24;2;0
26;2025-12-24;3;0
26;2025-12-24;4;4
26;2025-12-24;5;105
26;2025-12-24;6;450
26;2025-12-24;7;1103
26;2025-12-24;8;2312
26;2025-12-24;9;1457
26;2025-12-24;10;1237
26;2025-12-24;11;1064
26;2025-12-24;12;1231
26;2025-12-24;13;1221
26;2025-12-24;14;1410
26;2025-12-24;15;1445
26;2025-12-24;16;1535
26;2025-12-24;17;1722
26;2025-12-24;18;1849
26;2025-12-24;19;1253
26;2025-12-24;20;791
26;2025-12-24;21;571
26;2025-12-24;22;218
26;2025-12-24;23;135
26;2025-12-25;0;44
26;2025-12-25;1;1
26;2025-12-25;2;0
26;2025-12-25;3;0
26;2025-12-25;4;2
26;2025-12-25;5;98
26;2025-12-25;6;467
26;2025-12-25;7;1064
26;2025-12-25;8;2248
26;2025-12-25;9;1521
26;2025-12-25;10;1216
26;2025-12-25;11;1139
26;2025-12-25;12;1201
26;2025-12-25;13;1210
26;2025-12-25;14;1415
26;2025-12-25;15;1393
26;2025-12-25;16;1511
26;2025-12-25;17;1700
26;2025-12-25;18;1866
26;2025-12-25;19;1204
26;2025-12-25;20;724
26;2025-12-25;21;491
26;2025-12-25;22;193
26;2025-12-25;23;133
26;2025-12-26;0;32
26;2025-12-26;1;1
26;2025-12-26;2;0
26;2025-12-26;3;0
26;2025-12-26;4;1
26;2025-12-26;5;80
26;2025-12-26;6;478
26;2025-12-26;7;999
26;2025-12-26;8;2193
26;2025-12-26;9;1370
26;2025-12-26;10;1229
26;2025-12-26;11;1095
26;2025-12-26;12;1094
26;2025-12-26;13;1115
26;2025-12-26;14;1363
26;2025-12-26;15;1328
26;2025-12-26;16;1635
26;2025-12-26;17;1759
26;2025-12-26;18;1262
26;2025-12-26;19;1010
26;2025-12-26;20;633
26;2025-12-26;21;455
26;2025-12-26;22;191
26;2025-12-26;23;150
26;2025-12-27;0;51
26;2025-12-27;1;2
26;2025-12-27;2;0
26;2025-12-27;3;0
26;2025-12-27;4;2
26;2025-12-27;5;51
26;2025-12-27;6;224
26;2025-12-27;7;363
26;2025-12-27;8;619
26;2025-12-27;9;665
26;2025-12-27;10;833
26;2025-12-27;11;995
26;2025-12-27;12;1068
26;2025-12-27;13;1058
26;2025-12-27;14;1087
26;2025-12-27;15;971
26;2025-12-27;16;1031
26;2025-12-27;17;954
26;2025-12-27;18;864
26;2025-12-27;19;765
26;2025-12-27;20;548
26;2025-12-27;21;357
26;2025-12-27;22;202
26;2025-12-27;23;162
26;2025-12-28;0;50
26;2025-12-28;1;3
26;2025-12-28;2;0
26;2025-12-28;3;0
26;2025-12-28;4;2
26;2025-12-28;5;20
26;2025-12-28;6;154
26;2025-12-28;7;256
26;2025-12-28;8;377
26;2025-12-28;9;515
26;2025-12-28;10;576
26;2025-12-28;11;813
26;2025-12-28;12;816
26;2025-12-28;13;870
26;2025-12-28;14;862
26;2025-12-28;15;778
26;2025-12-28;16;741
26;2025-12-28;17;770
26;2025-12-28;18;677
26;2025-12-28;19;507
26;2025-12-28;20;389
26;2025-12-28;21;275
26;2025-12-28;22;160
26;2025-12-28;23;113
26;2025-12-29;0;25
26;2025-12-29;1;2
26;2025-12-29;2;0
26;2025-12-29;3;0
26;2025-12-29;4;2
26;2025-12-29;5;93
26;2025-12-29;6;462
26;2025-12-29;7;1111
26;2025-12-29;8;2198
26;2025-12-29;9;1417
26;2025-12-29;10;1224
26;2025-12-29;11;1062
26;2025-12-29;12;1093
26;2025-12-29;13;1170
26;2025-12-29;14;1270
26;2025-12-29;15;1306
26;2025-12-29;16;1409
26;2025-12-29;17;1710
26;2025-12-29;18;1846
26;2025-12-29;19;1183
26;2025-12-29;20;750
26;2025-12-29;21;464
26;2025-12-29;22;185
26;2025-12-29;23;104
26;2025-12-30;0;31
26;2025-12-30;1;1
26;2025-12-30;2;0
26;2025-12-30;3;0
26;2025-12-30;4;1
26;2025-12-30;5;88
26;2025-12-30;6;471
26;2025-12-30;7;1113
26;2025-12-30;8;2328
26;2025-12-30;9;1462
26;2025-12-30;10;1298
26;2025-12-30;11;1188
26;2025-12-30;12;1169
26;2025-12-30;13;1171
26;2025-12-30;14;1261
26;2025-12-30;15;1365
26;2025-12-30;16;1473
26;2025-12-30;17;1779
26;2025-12-30;18;1950
26;2025-12-30;19;1290
26;2025-12-30;20;731
26;2025-12-30;21;471
26;2025-12-30;22;199
26;2025-12-30;23;108
26;2025-12-31;0;49
26;2025-12-31;1;5
26;2025-12-31;2;0
26;2025-12-31;3;0
26;2025-12-31;4;2
26;2025-12-31;5;43
26;2025-12-31;6;235
26;2025-12-31;7;313
26;2025-12-31;8;358
26;2025-12-31;9;464
26;2025-12-31;10;484
26;2025-12-31;11;575
26;2025-12-31;12;615
26;2025-12-31;13;660
26;2025-12-31;14;653
26;2025-12-31;15;575
26;2025-12-31;16;561
26;2025-12-31;17;583
26;2025-12-31;18;604
26;2025-12-31;19;639
26;2025-12-31;20;458
26;2025-12-31;21;347
26;2025-12-31;22;234
26;2025-12-31;23;144
28;2025-11-01;0;2
28;2025-11-01;1;0
28;2025-11-01;2;0
28;2025-11-01;3;0
28;2025-11-01;4;1
28;2025-11-01;5;37
28;2025-11-01;6;104
28;2025-11-01;7;226
28;2025-11-01;8;399
28;2025-11-01;9;452
28;2025-11-01;10;498
28;2025-11-01;11;505
28;2025-11-01;12;602
28;2025-11-01;13;610
28;2025-11-01;14;546
28;2025-11-01;15;610
28;2025-11-01;16;636
28;2025-11-01;17;603
28;2025-11-01;18;505
28;2025-11-01;19;380
28;2025-11-01;20;289
28;2025-11-01;21;264
28;2025-11-01;22;106
28;2025-11-01;23;14
28;2025-11-02;0;3
28;2025-11-02;1;0
28;2025-11-02;2;0
28;2025-11-02;3;0
28;2025-11-02;4;0
28;2025-11-02;5;28
28;2025-11-02;6;74
28;2025-11-02;7;165
28;2025-11-02;8;248
28;2025-11-02;9;342
28;2025-11-02;10;391
28;2025-11-02;11;436
28;2025-11-02;12;449
28;2025-11-02;13;538
28;2025-11-02;14;508
28;2025-11-02;15;509
28;2025-11-02;16;461
28;2025-11-02;17;512
28;2025-11-02;18;437
28;2025-11-02;19;387
28;2025-11-02;20;293
28;2025-11-02;21;236
28;2025-11-02;22;113
28;2025-11-02;23;12
28;2025-11-03;0;0
28;2025-11-03;1;0
28;2025-11-03;2;0
28;2025-11-03;3;0
28;2025-11-03;4;1
28;2025-11-03;5;36
28;2025-11-03;6;89
28;2025-11-03;7;171
28;2025-11-03;8;234
28;2025-11-03;9;300
28;2025-11-03;10;288
28;2025-11-03;11;291
28;2025-11-03;12;373
28;2025-11-03;13;377
28;2025-11-03;14;366
28;2025-11-03;15;344
28;2025-11-03;16;339
28;2025-11-03;17;361
28;2025-11-03;18;326
28;2025-11-03;19;298
28;2025-11-03;20;266
28;2025-11-03;21;238
28;2025-11-03;22;105
28;2025-11-03;23;14
28;2025-11-04;0;0
28;2025-11-04;1;0
28;2025-11-04;2;0
28;2025-11-04;3;0
28;2025-11-04;4;1
28;2025-11-04;5;36
28;2025-11-04;6;89
28;2025-11-04;7;171
28;2025-11-04;8;234
28;2025-11-04;9;300
28;2025-11-04;10;288
28;2025-11-04;11;291
28;2025-11-04;12;373
28;2025-11-04;13;377
28;2025-11-04;14;366
28;2025-11-04;15;344
28;2025-11-04;16;339
28;2025-11-04;17;361
28;2025-11-04;18;326
28;2025-11-04;19;298
28;2025-11-04;20;266
28;2025-11-04;21;238
28;2025-11-04;22;105
28;2025-11-04;23;14
28;2025-11-05;0;0
28;2025-11-05;1;0
28;2025-11-05;2;0
28;2025-11-05;3;0
28;2025-11-05;4;2
28;2025-11-05;5;74
28;2025-11-05;6;244
28;2025-11-05;7;768
28;2025-11-05;8;1275
28;2025-11-05;9;879
28;2025-11-05;10;619
28;2025-11-05;11;587
28;2025-11-05;12;767
28;2025-11-05;13;767
28;2025-11-05;14;696
28;2025-11-05;15;698
28;2025-11-05;16;968
28;2025-11-05;17;1072
28;2025-11-05;18;1051
28;2025-11-05;19;809
28;2025-11-05;20;571
28;2025-11-05;21;351
28;2025-11-05;22;116
28;2025-11-05;23;16
28;2025-11-06;0;6
28;2025-11-06;1;1
28;2025-11-06;2;0
28;2025-11-06;3;0
28;2025-11-06;4;1
28;2025-11-06;5;83
28;2025-11-06;6;233
28;2025-11-06;7;793
28;2025-11-06;8;1172
28;2025-11-06;9;763
28;2025-11-06;10;538
28;2025-11-06;11;538
28;2025-11-06;12;655
28;2025-11-06;13;718
28;2025-11-06;14;667
28;2025-11-06;15;746
28;2025-11-06;16;880
28;2025-11-06;17;1138
28;2025-11-06;18;1078
28;2025-11-06;19;777
28;2025-11-06;20;553
28;2025-11-06;21;333
28;2025-11-06;22;126
28;2025-11-06;23;13
28;2025-11-07;0;1
28;2025-11-07;1;0
28;2025-11-07;2;0
28;2025-11-07;3;0
28;2025-11-07;4;1
28;2025-11-07;5;75
28;2025-11-07;6;280
28;2025-11-07;7;850
28;2025-11-07;8;1330
28;2025-11-07;9;840
28;2025-11-07;10;640
28;2025-11-07;11;587
28;2025-11-07;12;790
28;2025-11-07;13;735
28;2025-11-07;14;716
28;2025-11-07;15;714
28;2025-11-07;16;945
28;2025-11-07;17;1001
28;2025-11-07;18;866
28;2025-11-07;19;665
28;2025-11-07;20;416
28;2025-11-07;21;317
28;2025-11-07;22;116
28;2025-11-07;23;17
28;2025-11-08;0;2
28;2025-11-08;1;0
28;2025-11-08;2;0
28;2025-11-08;3;0
28;2025-11-08;4;1
28;2025-11-08;5;37
28;2025-11-08;6;104
28;2025-11-08;7;226
28;2025-11-08;8;399
28;2025-11-08;9;452
28;2025-11-08;10;498
28;2025-11-08;11;505
28;2025-11-08;12;602
28;2025-11-08;13;610
28;2025-11-08;14;546
28;2025-11-08;15;610
28;2025-11-08;16;636
28;2025-11-08;17;603
28;2025-11-08;18;505
28;2025-11-08;19;380
28;2025-11-08;20;289
28;2025-11-08;21;264
28;2025-11-08;22;106
28;2025-11-08;23;14
28;2025-11-09;0;3
28;2025-11-09;1;0
28;2025-11-09;2;0
28;2025-11-09;3;0
28;2025-11-09;4;0
28;2025-11-09;5;28
28;2025-11-09;6;74
28;2025-11-09;7;165
28;2025-11-09;8;248
28;2025-11-09;9;342
28;2025-11-09;10;391
28;2025-11-09;11;436
28;2025-11-09;12;449
28;2025-11-09;13;538
28;2025-11-09;14;508
28;2025-11-09;15;509
28;2025-11-09;16;461
28;2025-11-09;17;512
28;2025-11-09;18;437
28;2025-11-09;19;387
28;2025-11-09;20;293
28;2025-11-09;21;236
28;2025-11-09;22;113
28;2025-11-09;23;12
28;2025-11-10;0;0
28;2025-11-10;1;1
28;2025-11-10;2;0
28;2025-11-10;3;0
28;2025-11-10;4;2
28;2025-11-10;5;76
28;2025-11-10;6;253
28;2025-11-10;7;720
28;2025-11-10;8;1248
28;2025-11-10;9;805
28;2025-11-10;10;628
28;2025-11-10;11;525
28;2025-11-10;12;676
28;2025-11-10;13;658
28;2025-11-10;14;631
28;2025-11-10;15;600
28;2025-11-10;16;855
28;2025-11-10;17;989
28;2025-11-10;18;938
28;2025-11-10;19;709
28;2025-11-10;20;450
28;2025-11-10;21;292
28;2025-11-10;22;104
28;2025-11-10;23;3
28;2025-11-11;0;0
28;2025-11-11;1;0
28;2025-11-11;2;0
28;2025-11-11;3;0
28;2025-11-11;4;1
28;2025-11-11;5;73
28;2025-11-11;6;248
28;2025-11-11;7;769
28;2025-11-11;8;1323
28;2025-11-11;9;808
28;2025-11-11;10;661
28;2025-11-11;11;572
28;2025-11-11;12;676
28;2025-11-11;13;688
28;2025-11-11;14;669
28;2025-11-11;15;689
28;2025-11-11;16;740
28;2025-11-11;17;962
28;2025-11-11;18;984
28;2025-11-11;19;669
28;2025-11-11;20;473
28;2025-11-11;21;321
28;2025-11-11;22;115
28;2025-11-11;23;10
28;2025-11-12;0;0
28;2025-11-12;1;0
28;2025-11-12;2;0
28;2025-11-12;3;0
28;2025-11-12;4;2
28;2025-11-12;5;74
28;2025-11-12;6;244
28;2025-11-12;7;768
28;2025-11-12;8;1275
28;2025-11-12;9;879
28;2025-11-12;10;619
28;2025-11-12;11;587
28;2025-11-12;12;767
28;2025-11-12;13;767
28;2025-11-12;14;696
28;2025-11-12;15;698
28;2025-11-12;16;968
28;2025-11-12;17;1072
28;2025-11-12;18;1051
28;2025-11-12;19;809
28;2025-11-12;20;571
28;2025-11-12;21;351
28;2025-11-12;22;116
28;2025-11-12;23;16
28;2025-11-13;0;6
28;2025-11-13;1;1
28;2025-11-13;2;0
28;2025-11-13;3;0
28;2025-11-13;4;1
28;2025-11-13;5;83
28;2025-11-13;6;233
28;2025-11-13;7;793
28;2025-11-13;8;1172
28;2025-11-13;9;763
28;2025-11-13;10;538
28;2025-11-13;11;538
28;2025-11-13;12;655
28;2025-11-13;13;718
28;2025-11-13;14;667
28;2025-11-13;15;746
28;2025-11-13;16;880
28;2025-11-13;17;1138
28;2025-11-13;18;1078
28;2025-11-13;19;777
28;2025-11-13;20;553
28;2025-11-13;21;333
28;2025-11-13;22;126
28;2025-11-13;23;13
28;2025-11-14;0;1
28;2025-11-14;1;0
28;2025-11-14;2;0
28;2025-11-14;3;0
28;2025-11-14;4;1
28;2025-11-14;5;75
28;2025-11-14;6;280
28;2025-11-14;7;850
28;2025-11-14;8;1330
28;2025-11-14;9;840
28;2025-11-14;10;640
28;2025-11-14;11;587
28;2025-11-14;12;790
28;2025-11-14;13;735
28;2025-11-14;14;716
28;2025-11-14;15;714
28;2025-11-14;16;945
28;2025-11-14;17;1001
28;2025-11-14;18;866
28;2025-11-14;19;665
28;2025-11-14;20;416
28;2025-11-14;21;317
28;2025-11-14;22;116
28;2025-11-14;23;17
28;2025-11-15;0;2
28;2025-11-15;1;0
28;2025-11-15;2;0
28;2025-11-15;3;0
28;2025-11-15;4;1
28;2025-11-15;5;37
28;2025-11-15;6;104
28;2025-11-15;7;226
28;2025-11-15;8;399
28;2025-11-15;9;452
28;2025-11-15;10;498
28;2025-11-15;11;505
28;2025-11-15;12;602
28;2025-11-15;13;610
28;2025-11-15;14;546
28;2025-11-15;15;610
28;2025-11-15;16;636
28;2025-11-15;17;603
28;2025-11-15;18;505
28;2025-11-15;19;380
28;2025-11-15;20;289
28;2025-11-15;21;264
28;2025-11-15;22;106
28;2025-11-15;23;14
28;2025-11-16;0;3
28;2025-11-16;1;0
28;2025-11-16;2;0
28;2025-11-16;3;0
28;2025-11-16;4;0
28;2025-11-16;5;28
28;2025-11-16;6;74
28;2025-11-16;7;165
28;2025-11-16;8;248
28;2025-11-16;9;342
28;2025-11-16;10;391
28;2025-11-16;11;436
28;2025-11-16;12;449
28;2025-11-16;13;538
28;2025-11-16;14;508
28;2025-11-16;15;509
28;2025-11-16;16;461
28;2025-11-16;17;512
28;2025-11-16;18;437
28;2025-11-16;19;387
28;2025-11-16;20;293
28;2025-11-16;21;236
28;2025-11-16;22;113
28;2025-11-16;23;12
28;2025-11-17;0;0
28;2025-11-17;1;1
28;2025-11-17;2;0
28;2025-11-17;3;0
28;2025-11-17;4;2
28;2025-11-17;5;76
28;2025-11-17;6;253
28;2025-11-17;7;720
28;2025-11-17;8;1248
28;2025-11-17;9;805
28;2025-11-17;10;628
28;2025-11-17;11;525
28;2025-11-17;12;676
28;2025-11-17;13;658
28;2025-11-17;14;631
28;2025-11-17;15;600
28;2025-11-17;16;855
28;2025-11-17;17;989
28;2025-11-17;18;938
28;2025-11-17;19;709
28;2025-11-17;20;450
28;2025-11-17;21;292
28;2025-11-17;22;104
28;2025-11-17;23;3
28;2025-11-18;0;0
28;2025-11-18;1;0
28;2025-11-18;2;0
28;2025-11-18;3;0
28;2025-11-18;4;1
28;2025-11-18;5;73
28;2025-11-18;6;248
28;2025-11-18;7;769
28;2025-11-18;8;1323
28;2025-11-18;9;808
28;2025-11-18;10;661
28;2025-11-18;11;572
28;2025-11-18;12;676
28;2025-11-18;13;688
28;2025-11-18;14;669
28;2025-11-18;15;689
28;2025-11-18;16;740
28;2025-11-18;17;962
28;2025-11-18;18;984
28;2025-11-18;19;669
28;2025-11-18;20;473
28;2025-11-18;21;321
28;2025-11-18;22;115
28;2025-11-18;23;10
28;2025-11-19;0;0
28;2025-11-19;1;0
28;2025-11-19;2;0
28;2025-11-19;3;0
28;2025-11-19;4;2
28;2025-11-19;5;74
28;2025-11-19;6;244
28;2025-11-19;7;768
28;2025-11-19;8;1275
28;2025-11-19;9;879
28;2025-11-19;10;619
28;2025-11-19;11;587
28;2025-11-19;12;767
28;2025-11-19;13;767
28;2025-11-19;14;696
28;2025-11-19;15;698
28;2025-11-19;16;968
28;2025-11-19;17;1072
28;2025-11-19;18;1051
28;2025-11-19;19;809
28;2025-11-19;20;571
28;2025-11-19;21;351
28;2025-11-19;22;116
28;2025-11-19;23;16
28;2025-11-20;0;6
28;2025-11-20;1;1
28;2025-11-20;2;0
28;2025-11-20;3;0
28;2025-11-20;4;1
28;2025-11-20;5;83
28;2025-11-20;6;233
28;2025-11-20;7;793
28;2025-11-20;8;1172
28;2025-11-20;9;763
28;2025-11-20;10;538
28;2025-11-20;11;538
28;2025-11-20;12;655
28;2025-11-20;13;718
28;2025-11-20;14;667
28;2025-11-20;15;746
28;2025-11-20;16;880
28;2025-11-20;17;1138
28;2025-11-20;18;1078
28;2025-11-20;19;777
28;2025-11-20;20;553
28;2025-11-20;21;333
28;2025-11-20;22;126
28;2025-11-20;23;13
28;2025-11-21;0;1
28;2025-11-21;1;0
28;2025-11-21;2;0
28;2025-11-21;3;0
28;2025-11-21;4;1
28;2025-11-21;5;75
28;2025-11-21;6;280
28;2025-11-21;7;850
28;2025-11-21;8;1330
28;2025-11-21;9;840
28;2025-11-21;10;640
28;2025-11-21;11;587
28;2025-11-21;12;790
28;2025-11-21;13;735
28;2025-11-21;14;716
28;2025-11-21;15;714
28;2025-11-21;16;945
28;2025-11-21;17;1001
28;2025-11-21;18;866
28;2025-11-21;19;665
28;2025-11-21;20;416
28;2025-11-21;21;317
28;2025-11-21;22;116
28;2025-11-21;23;17
28;2025-11-22;0;2
28;2025-11-22;1;0
28;2025-11-22;2;0
28;2025-11-22;3;0
28;2025-11-22;4;1
28;2025-11-22;5;37
28;2025-11-22;6;104
28;2025-11-22;7;226
28;2025-11-22;8;399
28;2025-11-22;9;452
28;2025-11-22;10;498
28;2025-11-22;11;505
28;2025-11-22;12;602
28;2025-11-22;13;610
28;2025-11-22;14;546
28;2025-11-22;15;610
28;2025-11-22;16;636
28;2025-11-22;17;603
28;2025-11-22;18;505
28;2025-11-22;19;380
28;2025-11-22;20;289
28;2025-11-22;21;264
28;2025-11-22;22;106
28;2025-11-22;23;14
28;2025-11-23;0;3
28;2025-11-23;1;0
28;2025-11-23;2;0
28;2025-11-23;3;0
28;2025-11-23;4;0
28;2025-11-23;5;28
28;2025-11-23;6;74
28;2025-11-23;7;165
28;2025-11-23;8;248
28;2025-11-23;9;342
28;2025-11-23;10;391
28;2025-11-23;11;436
28;2025-11-23;12;449
28;2025-11-23;13;538
28;2025-11-23;14;508
28;2025-11-23;15;509
28;2025-11-23;16;461
28;2025-11-23;17;512
28;2025-11-23;18;437
28;2025-11-23;19;387
28;2025-11-23;20;293
28;2025-11-23;21;236
28;2025-11-23;22;113
28;2025-11-23;23;12
28;2025-11-24;0;0
28;2025-11-24;1;1
28;2025-11-24;2;0
28;2025-11-24;3;0
28;2025-11-24;4;2
28;2025-11-24;5;76
28;2025-11-24;6;253
28;2025-11-24;7;720
28;2025-11-24;8;1248
28;2025-11-24;9;805
28;2025-11-24;10;628
28;2025-11-24;11;525
28;2025-11-24;12;676
28;2025-11-24;13;658
28;2025-11-24;14;631
28;2025-11-24;15;600
28;2025-11-24;16;855
28;2025-11-24;17;989
28;2025-11-24;18;938
28;2025-11-24;19;709
28;2025-11-24;20;450
28;2025-11-24;21;292
28;2025-11-24;22;104
28;2025-11-24;23;3
28;2025-11-25;0;0
28;2025-11-25;1;0
28;2025-11-25;2;0
28;2025-11-25;3;0
28;2025-11-25;4;1
28;2025-11-25;5;73
28;2025-11-25;6;248
28;2025-11-25;7;769
28;2025-11-25;8;1323
28;2025-11-25;9;808
28;2025-11-25;10;661
28;2025-11-25;11;572
28;2025-11-25;12;676
28;2025-11-25;13;688
28;2025-11-25;14;669
28;2025-11-25;15;689
28;2025-11-25;16;740
28;2025-11-25;17;962
28;2025-11-25;18;984
28;2025-11-25;19;669
28;2025-11-25;20;473
28;2025-11-25;21;321
28;2025-11-25;22;115
28;2025-11-25;23;10
28;2025-11-26;0;0
28;2025-11-26;1;0
28;2025-11-26;2;0
28;2025-11-26;3;0
28;2025-11-26;4;2
28;2025-11-26;5;74
28;2025-11-26;6;244
28;2025-11-26;7;768
28;2025-11-26;8;1275
28;2025-11-26;9;879
28;2025-11-26;10;619
28;2025-11-26;11;587
28;2025-11-26;12;767
28;2025-11-26;13;767
28;2025-11-26;14;696
28;2025-11-26;15;698
28;2025-11-26;16;968
28;2025-11-26;17;1072
28;2025-11-26;18;1051
28;2025-11-26;19;809
28;2025-11-26;20;571
28;2025-11-26;21;351
28;2025-11-26;22;116
28;2025-11-26;23;16
28;2025-11-27;0;6
28;2025-11-27;1;1
28;2025-11-27;2;0
28;2025-11-27;3;0
28;2025-11-27;4;1
28;2025-11-27;5;83
28;2025-11-27;6;233
28;2025-11-27;7;793
28;2025-11-27;8;1172
28;2025-11-27;9;763
28;2025-11-27;10;538
28;2025-11-27;11;538
28;2025-11-27;12;655
28;2025-11-27;13;718
28;2025-11-27;14;667
28;2025-11-27;15;746
28;2025-11-27;16;880
28;2025-11-27;17;1138
28;2025-11-27;18;1078
28;2025-11-27;19;777
28;2025-11-27;20;553
28;2025-11-27;21;333
28;2025-11-27;22;126
28;2025-11-27;23;13
28;2025-11-28;0;1
28;2025-11-28;1;0
28;2025-11-28;2;0
28;2025-11-28;3;0
28;2025-11-28;4;1
28;2025-11-28;5;75
28;2025-11-28;6;280
28;2025-11-28;7;850
28;2025-11-28;8;1330
28;2025-11-28;9;840
28;2025-11-28;10;640
28;2025-11-28;11;587
28;2025-11-28;12;790
28;2025-11-28;13;735
28;2025-11-28;14;716
28;2025-11-28;15;714
28;2025-11-28;16;945
28;2025-11-28;17;1001
28;2025-11-28;18;866
28;2025-11-28;19;665
28;2025-11-28;20;416
28;2025-11-28;21;317
28;2025-11-28;22;116
28;2025-11-28;23;17
28;2025-11-29;0;2
28;2025-11-29;1;0
28;2025-11-29;2;0
28;2025-11-29;3;0
28;2025-11-29;4;1
28;2025-11-29;5;37
28;2025-11-29;6;104
28;2025-11-29;7;226
28;2025-11-29;8;399
28;2025-11-29;9;452
28;2025-11-29;10;498
28;2025-11-29;11;505
28;2025-11-29;12;602
28;2025-11-29;13;610
28;2025-11-29;14;546
28;2025-11-29;15;610
28;2025-11-29;16;636
28;2025-11-29;17;603
28;2025-11-29;18;505
28;2025-11-29;19;380
28;2025-11-29;20;289
28;2025-11-29;21;264
28;2025-11-29;22;106
28;2025-11-29;23;14
28;2025-11-30;0;3
28;2025-11-30;1;0
28;2025-11-30;2;0
28;2025-11-30;3;0
28;2025-11-30;4;0
28;2025-11-30;5;28
28;2025-11-30;6;74
28;2025-11-30;7;165
28;2025-11-30;8;248
28;2025-11-30;9;342
28;2025-11-30;10;391
28;2025-11-30;11;436
28;2025-11-30;12;449
28;2025-11-30;13;538
28;2025-11-30;14;508
28;2025-11-30;15;509
28;2025-11-30;16;461
28;2025-11-30;17;512
28;2025-11-30;18;437
28;2025-11-30;19;387
28;2025-11-30;20;293
28;2025-11-30;21;236
28;2025-11-30;22;113
28;2025-11-30;23;12
28;2025-12-01;0;0
28;2025-12-01;1;1
28;2025-12-01;2;0
28;2025-12-01;3;0
28;2025-12-01;4;2
28;2025-12-01;5;76
28;2025-12-01;6;253
28;2025-12-01;7;720
28;2025-12-01;8;1248
28;2025-12-01;9;805
28;2025-12-01;10;628
28;2025-12-01;11;525
28;2025-12-01;12;676
28;2025-12-01;13;658
28;2025-12-01;14;631
28;2025-12-01;15;600
28;2025-12-01;16;855
28;2025-12-01;17;989
28;2025-12-01;18;938
28;2025-12-01;19;709
28;2025-12-01;20;450
28;2025-12-01;21;292
28;2025-12-01;22;104
28;2025-12-01;23;3
28;2025-12-02;0;0
28;2025-12-02;1;0
28;2025-12-02;2;0
28;2025-12-02;3;0
28;2025-12-02;4;1
28;2025-12-02;5;73
28;2025-12-02;6;248
28;2025-12-02;7;769
28;2025-12-02;8;1323
28;2025-12-02;9;808
28;2025-12-02;10;661
28;2025-12-02;11;572
28;2025-12-02;12;676
28;2025-12-02;13;688
28;2025-12-02;14;669
28;2025-12-02;15;689
28;2025-12-02;16;740
28;2025-12-02;17;962
28;2025-12-02;18;984
28;2025-12-02;19;669
28;2025-12-02;20;473
28;2025-12-02;21;321
28;2025-12-02;22;115
28;2025-12-02;23;10
28;2025-12-03;0;0
28;2025-12-03;1;0
28;2025-12-03;2;0
28;2025-12-03;3;0
28;2025-12-03;4;2
28;2025-12-03;5;74
28;2025-12-03;6;244
28;2025-12-03;7;768
28;2025-12-03;8;1275
28;2025-12-03;9;879
28;2025-12-03;10;619
28;2025-12-03;11;587
28;2025-12-03;12;767
28;2025-12-03;13;767
28;2025-12-03;14;696
28;2025-12-03;15;698
28;2025-12-03;16;968
28;2025-12-03;17;1072
28;2025-12-03;18;1051
28;2025-12-03;19;809
28;2025-12-03;20;571
28;2025-12-03;21;351
28;2025-12-03;22;116
28;2025-12-03;23;16
28;2025-12-04;0;6
28;2025-12-04;1;1
28;2025-12-04;2;0
28;2025-12-04;3;0
28;2025-12-04;4;1
28;2025-12-04;5;83
28;2025-12-04;6;233
28;2025-12-04;7;793
28;2025-12-04;8;1172
28;2025-12-04;9;763
28;2025-12-04;10;538
28;2025-12-04;11;538
28;2025-12-04;12;655
28;2025-12-04;13;718
28;2025-12-04;14;667
28;2025-12-04;15;746
28;2025-12-04;16;880
28;2025-12-04;17;1138
28;2025-12-04;18;1078
28;2025-12-04;19;777
28;2025-12-04;20;553
28;2025-12-04;21;333
28;2025-12-04;22;126
28;2025-12-04;23;13
28;2025-12-05;0;1
28;2025-12-05;1;0
28;2025-12-05;2;0
28;2025-12-05;3;0
28;2025-12-05;4;1
28;2025-12-05;5;75
28;2025-12-05;6;280
28;2025-12-05;7;850
28;2025-12-05;8;1330
28;2025-12-05;9;840
28;2025-12-05;10;640
28;2025-12-05;11;587
28;2025-12-05;12;790
28;2025-12-05;13;735
28;2025-12-05;14;716
28;2025-12-05;15;714
28;2025-12-05;16;945
28;2025-12-05;17;1001
28;2025-12-05;18;866
28;2025-12-05;19;665
28;2025-12-05;20;416
28;2025-12-05;21;317
28;2025-12-05;22;116
28;2025-12-05;23;17
28;2025-12-06;0;2
28;2025-12-06;1;0
28;2025-12-06;2;0
28;2025-12-06;3;0
28;2025-12-06;4;1
28;2025-12-06;5;37
28;2025-12-06;6;104
28;2025-12-06;7;226
28;2025-12-06;8;399
28;2025-12-06;9;452
28;2025-12-06;10;498
28;2025-12-06;11;505
28;2025-12-06;12;602
28;2025-12-06;13;610
28;2025-12-06;14;546
28;2025-12-06;15;610
28;2025-12-06;16;636
28;2025-12-06;17;603
28;2025-12-06;18;505
28;2025-12-06;19;380
28;2025-12-06;20;289
28;2025-12-06;21;264
28;2025-12-06;22;106
28;2025-12-06;23;14
28;2025-12-07;0;3
28;2025-12-07;1;0
28;2025-12-07;2;0
28;2025-12-07;3;0
28;2025-12-07;4;0
28;2025-12-07;5;28
28;2025-12-07;6;74
28;2025-12-07;7;165
28;2025-12-07;8;248
28;2025-12-07;9;342
28;2025-12-07;10;391
28;2025-12-07;11;436
28;2025-12-07;12;449
28;2025-12-07;13;538
28;2025-12-07;14;508
28;2025-12-07;15;509
28;2025-12-07;16;461
28;2025-12-07;17;512
28;2025-12-07;18;437
28;2025-12-07;19;387
28;2025-12-07;20;293
28;2025-12-07;21;236
28;2025-12-07;22;113
28;2025-12-07;23;12
28;2025-12-08;0;0
28;2025-12-08;1;1
28;2025-12-08;2;0
28;2025-12-08;3;0
28;2025-12-08;4;2
28;2025-12-08;5;76
28;2025-12-08;6;253
28;2025-12-08;7;720
28;2025-12-08;8;1248
28;2025-12-08;9;805
28;2025-12-08;10;628
28;2025-12-08;11;525
28;2025-12-08;12;676
28;2025-12-08;13;658
28;2025-12-08;14;631
28;2025-12-08;15;600
28;2025-12-08;16;855
28;2025-12-08;17;989
28;2025-12-08;18;938
28;2025-12-08;19;709
28;2025-12-08;20;450
28;2025-12-08;21;292
28;2025-12-08;22;104
28;2025-12-08;23;3
28;2025-12-09;0;0
28;2025-12-09;1;0
28;2025-12-09;2;0
28;2025-12-09;3;0
28;2025-12-09;4;1
28;2025-12-09;5;73
28;2025-12-09;6;248
28;2025-12-09;7;769
28;2025-12-09;8;1323
28;2025-12-09;9;808
28;2025-12-09;10;661
28;2025-12-09;11;572
28;2025-12-09;12;676
28;2025-12-09;13;688
28;2025-12-09;14;669
28;2025-12-09;15;689
28;2025-12-09;16;740
28;2025-12-09;17;962
28;2025-12-09;18;984
28;2025-12-09;19;669
28;2025-12-09;20;473
28;2025-12-09;21;321
28;2025-12-09;22;115
28;2025-12-09;23;10
28;2025-12-10;0;0
28;2025-12-10;1;0
28;2025-12-10;2;0
28;2025-12-10;3;0
28;2025-12-10;4;2
28;2025-12-10;5;74
28;2025-12-10;6;244
28;2025-12-10;7;768
28;2025-12-10;8;1275
28;2025-12-10;9;879
28;2025-12-10;10;619
28;2025-12-10;11;587
28;2025-12-10;12;767
28;2025-12-10;13;767
28;2025-12-10;14;696
28;2025-12-10;15;698
28;2025-12-10;16;968
28;2025-12-10;17;1072
28;2025-12-10;18;1051
28;2025-12-10;19;809
28;2025-12-10;20;571
28;2025-12-10;21;351
28;2025-12-10;22;116
28;2025-12-10;23;16
28;2025-12-11;0;6
28;2025-12-11;1;1
28;2025-12-11;2;0
28;2025-12-11;3;0
28;2025-12-11;4;1
28;2025-12-11;5;83
28;2025-12-11;6;233
28;2025-12-11;7;793
28;2025-12-11;8;1172
28;2025-12-11;9;763
28;2025-12-11;10;538
28;2025-12-11;11;538
28;2025-12-11;12;655
28;2025-12-11;13;718
28;2025-12-11;14;667
28;2025-12-11;15;746
28;2025-12-11;16;880
28;2025-12-11;17;1138
28;2025-12-11;18;1078
28;2025-12-11;19;777
28;2025-12-11;20;553
28;2025-12-11;21;333
28;2025-12-11;22;126
28;2025-12-11;23;13
28;2025-12-12;0;1
28;2025-12-12;1;0
28;2025-12-12;2;0
28;2025-12-12;3;0
28;2025-12-12;4;1
28;2025-12-12;5;75
28;2025-12-12;6;280
28;2025-12-12;7;850
28;2025-12-12;8;1330
28;2025-12-12;9;840
28;2025-12-12;10;640
28;2025-12-12;11;587
28;2025-12-12;12;790
28;2025-12-12;13;735
28;2025-12-12;14;716
28;2025-12-12;15;714
28;2025-12-12;16;945
28;2025-12-12;17;1001
28;2025-12-12;18;866
28;2025-12-12;19;665
28;2025-12-12;20;416
28;2025-12-12;21;317
28;2025-12-12;22;116
28;2025-12-12;23;17
28;2025-12-13;0;2
28;2025-12-13;1;0
28;2025-12-13;2;0
28;2025-12-13;3;0
28;2025-12-13;4;1
28;2025-12-13;5;37
28;2025-12-13;6;104
28;2025-12-13;7;226
28;2025-12-13;8;399
28;2025-12-13;9;452
28;2025-12-13;10;498
28;2025-12-13;11;505
28;2025-12-13;12;602
28;2025-12-13;13;610
28;2025-12-13;14;546
28;2025-12-13;15;610
28;2025-12-13;16;636
28;2025-12-13;17;603
28;2025-12-13;18;505
28;2025-12-13;19;380
28;2025-12-13;20;289
28;2025-12-13;21;264
28;2025-12-13;22;106
28;2025-12-13;23;14
28;2025-12-14;0;3
28;2025-12-14;1;0
28;2025-12-14;2;0
28;2025-12-14;3;0
28;2025-12-14;4;0
28;2025-12-14;5;28
28;2025-12-14;6;74
28;2025-12-14;7;165
28;2025-12-14;8;248
28;2025-12-14;9;342
28;2025-12-14;10;391
28;2025-12-14;11;436
28;2025-12-14;12;449
28;2025-12-14;13;538
28;2025-12-14;14;508
28;2025-12-14;15;509
28;2025-12-14;16;461
28;2025-12-14;17;512
28;2025-12-14;18;437
28;2025-12-14;19;387
28;2025-12-14;20;293
28;2025-12-14;21;236
28;2025-12-14;22;113
28;2025-12-14;23;12
28;2025-12-15;0;0
28;2025-12-15;1;1
28;2025-12-15;2;0
28;2025-12-15;3;0
28;2025-12-15;4;2
28;2025-12-15;5;76
28;2025-12-15;6;253
28;2025-12-15;7;720
28;2025-12-15;8;1248
28;2025-12-15;9;805
28;2025-12-15;10;628
28;2025-12-15;11;525
28;2025-12-15;12;676
28;2025-12-15;13;658
28;2025-12-15;14;631
28;2025-12-15;15;600
28;2025-12-15;16;855
28;2025-12-15;17;989
28;2025-12-15;18;938
28;2025-12-15;19;709
28;2025-12-15;20;450
28;2025-12-15;21;292
28;2025-12-15;22;104
28;2025-12-15;23;3
28;2025-12-16;0;0
28;2025-12-16;1;0
28;2025-12-16;2;0
28;2025-12-16;3;0
28;2025-12-16;4;1
28;2025-12-16;5;73
28;2025-12-16;6;248
28;2025-12-16;7;769
28;2025-12-16;8;1323
28;2025-12-16;9;808
28;2025-12-16;10;661
28;2025-12-16;11;572
28;2025-12-16;12;676
28;2025-12-16;13;688
28;2025-12-16;14;669
28;2025-12-16;15;689
28;2025-12-16;16;740
28;2025-12-16;17;962
28;2025-12-16;18;984
28;2025-12-16;19;669
28;2025-12-16;20;473
28;2025-12-16;21;321
28;2025-12-16;22;115
28;2025-12-16;23;10
28;2025-12-17;0;0
28;2025-12-17;1;0
28;2025-12-17;2;0
28;2025-12-17;3;0
28;2025-12-17;4;2
28;2025-12-17;5;74
28;2025-12-17;6;244
28;2025-12-17;7;768
28;2025-12-17;8;1275
28;2025-12-17;9;879
28;2025-12-17;10;619
28;2025-12-17;11;587
28;2025-12-17;12;767
28;2025-12-17;13;767
28;2025-12-17;14;696
28;2025-12-17;15;698
28;2025-12-17;16;968
28;2025-12-17;17;1072
28;2025-12-17;18;1051
28;2025-12-17;19;809
28;2025-12-17;20;571
28;2025-12-17;21;351
28;2025-12-17;22;116
28;2025-12-17;23;16
28;2025-12-18;0;6
28;2025-12-18;1;1
28;2025-12-18;2;0
28;2025-12-18;3;0
28;2025-12-18;4;1
28;2025-12-18;5;83
28;2025-12-18;6;233
28;2025-12-18;7;793
28;2025-12-18;8;1172
28;2025-12-18;9;763
28;2025-12-18;10;538
28;2025-12-18;11;538
28;2025-12-18;12;655
28;2025-12-18;13;718
28;2025-12-18;14;667
28;2025-12-18;15;746
28;2025-12-18;16;880
28;2025-12-18;17;1138
28;2025-12-18;18;1078
28;2025-12-18;19;777
28;2025-12-18;20;553
28;2025-12-18;21;333
28;2025-12-18;22;126
28;2025-12-18;23;13
28;2025-12-19;0;1
28;2025-12-19;1;0
28;2025-12-19;2;0
28;2025-12-19;3;0
28;2025-12-19;4;1
28;2025-12-19;5;75
28;2025-12-19;6;280
28;2025-12-19;7;850
28;2025-12-19;8;1330
28;2025-12-19;9;840
28;2025-12-19;10;640
28;2025-12-19;11;587
28;2025-12-19;12;790
28;2025-12-19;13;735
28;2025-12-19;14;716
28;2025-12-19;15;714
28;2025-12-19;16;945
28;2025-12-19;17;1001
28;2025-12-19;18;866
28;2025-12-19;19;665
28;2025-12-19;20;416
28;2025-12-19;21;317
28;2025-12-19;22;116
28;2025-12-19;23;17
28;2025-12-20;0;2
28;2025-12-20;1;0
28;2025-12-20;2;0
28;2025-12-20;3;0
28;2025-12-20;4;1
28;2025-12-20;5;37
28;2025-12-20;6;104
28;2025-12-20;7;226
28;2025-12-20;8;399
28;2025-12-20;9;452
28;2025-12-20;10;498
28;2025-12-20;11;505
28;2025-12-20;12;602
28;2025-12-20;13;610
28;2025-12-20;14;546
28;2025-12-20;15;610
28;2025-12-20;16;636
28;2025-12-20;17;603
28;2025-12-20;18;505
28;2025-12-20;19;380
28;2025-12-20;20;289
28;2025-12-20;21;264
28;2025-12-20;22;106
28;2025-12-20;23;14
28;2025-12-21;0;3
28;2025-12-21;1;0
28;2025-12-21;2;0
28;2025-12-21;3;0
28;2025-12-21;4;0
28;2025-12-21;5;28
28;2025-12-21;6;74
28;2025-12-21;7;165
28;2025-12-21;8;248
28;2025-12-21;9;342
28;2025-12-21;10;391
28;2025-12-21;11;436
28;2025-12-21;12;449
28;2025-12-21;13;538
28;2025-12-21;14;508
28;2025-12-21;15;509
28;2025-12-21;16;461
28;2025-12-21;17;512
28;2025-12-21;18;437
28;2025-12-21;19;387
28;2025-12-21;20;293
28;2025-12-21;21;236
28;2025-12-21;22;113
28;2025-12-21;23;12
28;2025-12-22;0;0
28;2025-12-22;1;1
28;2025-12-22;2;0
28;2025-12-22;3;0
28;2025-12-22;4;2
28;2025-12-22;5;76
28;2025-12-22;6;253
28;2025-12-22;7;720
28;2025-12-22;8;1248
28;2025-12-22;9;805
28;2025-12-22;10;628
28;2025-12-22;11;525
28;2025-12-22;12;676
28;2025-12-22;13;658
28;2025-12-22;14;631
28;2025-12-22;15;600
28;2025-12-22;16;855
28;2025-12-22;17;989
28;2025-12-22;18;938
28;2025-12-22;19;709
28;2025-12-22;20;450
28;2025-12-22;21;292
28;2025-12-22;22;104
28;2025-12-22;23;3
28;2025-12-23;0;0
28;2025-12-23;1;0
28;2025-12-23;2;0
28;2025-12-23;3;0
28;2025-12-23;4;1
28;2025-12-23;5;73
28;2025-12-23;6;248
28;2025-12-23;7;769
28;2025-12-23;8;1323
28;2025-12-23;9;808
28;2025-12-23;10;661
28;2025-12-23;11;572
28;2025-12-23;12;676
28;2025-12-23;13;688
28;2025-12-23;14;669
28;2025-12-23;15;689
28;2025-12-23;16;740
28;2025-12-23;17;962
28;2025-12-23;18;984
28;2025-12-23;19;669
28;2025-12-23;20;473
28;2025-12-23;21;321
28;2025-12-23;22;115
28;2025-12-23;23;10
28;2025-12-24;0;0
28;2025-12-24;1;0
28;2025-12-24;2;0
28;2025-12-24;3;0
28;2025-12-24;4;2
28;2025-12-24;5;74
28;2025-12-24;6;244
28;2025-12-24;7;768
28;2025-12-24;8;1275
28;2025-12-24;9;879
28;2025-12-24;10;619
28;2025-12-24;11;587
28;2025-12-24;12;767
28;2025-12-24;13;767
28;2025-12-24;14;696
28;2025-12-24;15;698
28;2025-12-24;16;968
28;2025-12-24;17;1072
28;2025-12-24;18;1051
28;2025-12-24;19;809
28;2025-12-24;20;571
28;2025-12-24;21;351
28;2025-12-24;22;116
28;2025-12-24;23;16
28;2025-12-25;0;6
28;2025-12-25;1;1
28;2025-12-25;2;0
28;2025-12-25;3;0
28;2025-12-25;4;1
28;2025-12-25;5;83
28;2025-12-25;6;233
28;2025-12-25;7;793
28;2025-12-25;8;1172
28;2025-12-25;9;763
28;2025-12-25;10;538
28;2025-12-25;11;538
28;2025-12-25;12;655
28;2025-12-25;13;718
28;2025-12-25;14;667
28;2025-12-25;15;746
28;2025-12-25;16;880
28;2025-12-25;17;1138
28;2025-12-25;18;1078
28;2025-12-25;19;777
28;2025-12-25;20;553
28;2025-12-25;21;333
28;2025-12-25;22;126
28;2025-12-25;23;13
28;2025-12-26;0;1
28;2025-12-26;1;0
28;2025-12-26;2;0
28;2025-12-26;3;0
28;2025-12-26;4;1
28;2025-12-26;5;75
28;2025-12-26;6;280
28;2025-12-26;7;850
28;2025-12-26;8;1330
28;2025-12-26;9;840
28;2025-12-26;10;640
28;2025-12-26;11;587
28;2025-12-26;12;790
28;2025-12-26;13;735
28;2025-12-26;14;716
28;2025-12-26;15;714
28;2025-12-26;16;945
28;2025-12-26;17;1001
28;2025-12-26;18;866
28;2025-12-26;19;665
28;2025-12-26;20;416
28;2025-12-26;21;317
28;2025-12-26;22;116
28;2025-12-26;23;17
28;2025-12-27;0;2
28;2025-12-27;1;0
28;2025-12-27;2;0
28;2025-12-27;3;0
28;2025-12-27;4;1
28;2025-12-27;5;37
28;2025-12-27;6;104
28;2025-12-27;7;226
28;2025-12-27;8;399
28;2025-12-27;9;452
28;2025-12-27;10;498
28;2025-12-27;11;505
28;2025-12-27;12;602
28;2025-12-27;13;610
28;2025-12-27;14;546
28;2025-12-27;15;610
28;2025-12-27;16;636
28;2025-12-27;17;603
28;2025-12-27;18;505
28;2025-12-27;19;380
28;2025-12-27;20;289
28;2025-12-27;21;264
28;2025-12-27;22;106
28;2025-12-27;23;14
28;2025-12-28;0;3
28;2025-12-28;1;0
28;2025-12-28;2;0
28;2025-12-28;3;0
28;2025-12-28;4;0
28;2025-12-28;5;28
28;2025-12-28;6;74
28;2025-12-28;7;165
28;2025-12-28;8;248
28;2025-12-28;9;342
28;2025-12-28;10;391
28;2025-12-28;11;436
28;2025-12-28;12;449
28;2025-12-28;13;538
28;2025-12-28;14;508
28;2025-12-28;15;509
28;2025-12-28;16;461
28;2025-12-28;17;512
28;2025-12-28;18;437
28;2025-12-28;19;387
28;2025-12-28;20;293
28;2025-12-28;21;236
28;2025-12-28;22;113
28;2025-12-28;23;12
28;2025-12-29;0;0
28;2025-12-29;1;1
28;2025-12-29;2;0
28;2025-12-29;3;0
28;2025-12-29;4;2
28;2025-12-29;5;76
28;2025-12-29;6;253
28;2025-12-29;7;720
28;2025-12-29;8;1248
28;2025-12-29;9;805
28;2025-12-29;10;628
28;2025-12-29;11;525
28;2025-12-29;12;676
28;2025-12-29;13;658
28;2025-12-29;14;631
28;2025-12-29;15;600
28;2025-12-29;16;855
28;2025-12-29;17;989
28;2025-12-29;18;938
28;2025-12-29;19;709
28;2025-12-29;20;450
28;2025-12-29;21;292
28;2025-12-29;22;104
28;2025-12-29;23;3
28;2025-12-30;0;0
28;2025-12-30;1;0
28;2025-12-30;2;0
28;2025-12-30;3;0
28;2025-12-30;4;1
28;2025-12-30;5;73
28;2025-12-30;6;248
28;2025-12-30;7;769
28;2025-12-30;8;1323
28;2025-12-30;9;808
28;2025-12-30;10;661
28;2025-12-30;11;572
28;2025-12-30;12;676
28;2025-12-30;13;688
28;2025-12-30;14;669
28;2025-12-30;15;689
28;2025-12-30;16;740
28;2025-12-30;17;962
28;2025-12-30;18;984
28;2025-12-30;19;669
28;2025-12-30;20;473
28;2025-12-30;21;321
28;2025-12-30;22;115
28;2025-12-30;23;10
28;2025-12-31;0;0
28;2025-12-31;1;0
28;2025-12-31;2;0
28;2025-12-31;3;0
28;2025-12-31;4;1
28;2025-12-31;5;36
28;2025-12-31;6;89
28;2025-12-31;7;171
28;2025-12-31;8;234
28;2025-12-31;9;300
28;2025-12-31;10;288
28;2025-12-31;11;291
28;2025-12-31;12;373
28;2025-12-31;13;377
28;2025-12-31;14;366
28;2025-12-31;15;344
28;2025-12-31;16;339
28;2025-12-31;17;361
28;2025-12-31;18;326
28;2025-12-31;19;298
28;2025-12-31;20;266
28;2025-12-31;21;238
28;2025-12-31;22;105
28;2025-12-31;23;14
50;2025-11-01;0;51
50;2025-11-01;1;7
50;2025-11-01;2;0
50;2025-11-01;3;2
50;2025-11-01;4;0
50;2025-11-01;5;9
50;2025-11-01;6;11
50;2025-11-01;7;18
50;2025-11-01;8;36
50;2025-11-01;9;72
50;2025-11-01;10;26
50;2025-11-01;11;41
50;2025-11-01;12;72
50;2025-11-01;13;47
50;2025-11-01;14;60
50;2025-11-01;15;86
50;2025-11-01;16;55
50;2025-11-01;17;56
50;2025-11-01;18;11
50;2025-11-01;19;10
50;2025-11-01;20;7
50;2025-11-01;21;7
50;2025-11-01;22;8
50;2025-11-01;23;2
50;2025-11-02;0;2
50;2025-11-02;1;0
50;2025-11-02;2;0
50;2025-11-02;3;0
50;2025-11-02;4;0
50;2025-11-02;5;1
50;2025-11-02;6;4
50;2025-11-02;7;8
50;2025-11-02;8;16
50;2025-11-02;9;12
50;2025-11-02;10;26
50;2025-11-02;11;83
50;2025-11-02;12;64
50;2025-11-02;13;79
50;2025-11-02;14;138
50;2025-11-02;15;113
50;2025-11-02;16;140
50;2025-11-02;17;119
50;2025-11-02;18;68
50;2025-11-02;19;74
50;2025-11-02;20;55
50;2025-11-02;21;34
50;2025-11-02;22;40
50;2025-11-02;23;11
50;2025-11-03;0;43
50;2025-11-03;1;3
50;2025-11-03;2;0
50;2025-11-03;3;0
50;2025-11-03;4;1
50;2025-11-03;5;31
50;2025-11-03;6;157
50;2025-11-03;7;286
50;2025-11-03;8;438
50;2025-11-03;9;471
50;2025-11-03;10;506
50;2025-11-03;11;614
50;2025-11-03;12;618
50;2025-11-03;13;737
50;2025-11-03;14;682
50;2025-11-03;15;592
50;2025-11-03;16;597
50;2025-11-03;17;613
50;2025-11-03;18;616
50;2025-11-03;19;628
50;2025-11-03;20;451
50;2025-11-03;21;377
50;2025-11-03;22;224
50;2025-11-03;23;145
50;2025-11-04;0;43
50;2025-11-04;1;3
50;2025-11-04;2;0
50;2025-11-04;3;0
50;2025-11-04;4;1
50;2025-11-04;5;31
50;2025-11-04;6;157
50;2025-11-04;7;286
50;2025-11-04;8;438
50;2025-11-04;9;471
50;2025-11-04;10;506
50;2025-11-04;11;614
50;2025-11-04;12;618
50;2025-11-04;13;737
50;2025-11-04;14;682
50;2025-11-04;15;592
50;2025-11-04;16;597
50;2025-11-04;17;613
50;2025-11-04;18;616
50;2025-11-04;19;628
50;2025-11-04;20;451
50;2025-11-04;21;377
50;2025-11-04;22;224
50;2025-11-04;23;145
50;2025-11-05;0;20
50;2025-11-05;1;3
50;2025-11-05;2;0
50;2025-11-05;3;0
50;2025-11-05;4;3
50;2025-11-05;5;83
50;2025-11-05;6;510
50;2025-11-05;7;1717
50;2025-11-05;8;2842
50;2025-11-05;9;2144
50;2025-11-05;10;1692
50;2025-11-05;11;1592
50;2025-11-05;12;1553
50;2025-11-05;13;1498
50;2025-11-05;14;1443
50;2025-11-05;15;1550
50;2025-11-05;16;1672
50;2025-11-05;17;2382
50;2025-11-05;18;2444
50;2025-11-05;19;1434
50;2025-11-05;20;891
50;2025-11-05;21;643
50;2025-11-05;22;248
50;2025-11-05;23;155
50;2025-11-06;0;36
50;2025-11-06;1;2
50;2025-11-06;2;0
50;2025-11-06;3;0
50;2025-11-06;4;4
50;2025-11-06;5;75
50;2025-11-06;6;468
50;2025-11-06;7;1606
50;2025-11-06;8;2663
50;2025-11-06;9;2128
50;2025-11-06;10;1733
50;2025-11-06;11;1483
50;2025-11-06;12;1493
50;2025-11-06;13;1490
50;2025-11-06;14;1413
50;2025-11-06;15;1638
50;2025-11-06;16;1634
50;2025-11-06;17;2349
50;2025-11-06;18;2483
50;2025-11-06;19;1477
50;2025-11-06;20;1033
50;2025-11-06;21;692
50;2025-11-06;22;257
50;2025-11-06;23;159
50;2025-11-07;0;37
50;2025-11-07;1;1
50;2025-11-07;2;0
50;2025-11-07;3;0
50;2025-11-07;4;4
50;2025-11-07;5;71
50;2025-11-07;6;505
50;2025-11-07;7;1719
50;2025-11-07;8;2794
50;2025-11-07;9;2184
50;2025-11-07;10;1465
50;2025-11-07;11;1481
50;2025-11-07;12;1378
50;2025-11-07;13;1481
50;2025-11-07;14;1451
50;2025-11-07;15;1709
50;2025-11-07;16;2210
50;2025-11-07;17;2075
50;2025-11-07;18;1574
50;2025-11-07;19;1181
50;2025-11-07;20;871
50;2025-11-07;21;547
50;2025-11-07;22;252
50;2025-11-07;23;161
50;2025-11-08;0;51
50;2025-11-08;1;7
50;2025-11-08;2;0
50;2025-11-08;3;2
50;2025-11-08;4;0
50;2025-11-08;5;9
50;2025-11-08;6;11
50;2025-11-08;7;18
50;2025-11-08;8;36
50;2025-11-08;9;72
50;2025-11-08;10;26
50;2025-11-08;11;41
50;2025-11-08;12;72
50;2025-11-08;13;47
50;2025-11-08;14;60
50;2025-11-08;15;86
50;2025-11-08;16;55
50;2025-11-08;17;56
50;2025-11-08;18;11
50;2025-11-08;19;10
50;2025-11-08;20;7
50;2025-11-08;21;7
50;2025-11-08;22;8
50;2025-11-08;23;2
50;2025-11-09;0;2
50;2025-11-09;1;0
50;2025-11-09;2;0
50;2025-11-09;3;0
50;2025-11-09;4;0
50;2025-11-09;5;1
50;2025-11-09;6;4
50;2025-11-09;7;8
50;2025-11-09;8;16
50;2025-11-09;9;12
50;2025-11-09;10;26
50;2025-11-09;11;83
50;2025-11-09;12;64
50;2025-11-09;13;79
50;2025-11-09;14;138
50;2025-11-09;15;113
50;2025-11-09;16;140
50;2025-11-09;17;119
50;2025-11-09;18;68
50;2025-11-09;19;74
50;2025-11-09;20;55
50;2025-11-09;21;34
50;2025-11-09;22;40
50;2025-11-09;23;11
50;2025-11-10;0;9
50;2025-11-10;1;4
50;2025-11-10;2;1
50;2025-11-10;3;0
50;2025-11-10;4;4
50;2025-11-10;5;70
50;2025-11-10;6;534
50;2025-11-10;7;1679
50;2025-11-10;8;2835
50;2025-11-10;9;2271
50;2025-11-10;10;1624
50;2025-11-10;11;1456
50;2025-11-10;12;1344
50;2025-11-10;13;1475
50;2025-11-10;14;1398
50;2025-11-10;15;1638
50;2025-11-10;16;1604
50;2025-11-10;17;2242
50;2025-11-10;18;2504
50;2025-11-10;19;1279
50;2025-11-10;20;852
50;2025-11-10;21;619
50;2025-11-10;22;224
50;2025-11-10;23;124
50;2025-11-11;0;27
50;2025-11-11;1;2
50;2025-11-11;2;0
50;2025-11-11;3;0
50;2025-11-11;4;3
50;2025-11-11;5;83
50;2025-11-11;6;578
50;2025-11-11;7;1839
50;2025-11-11;8;2805
50;2025-11-11;9;2337
50;2025-11-11;10;1818
50;2025-11-11;11;1539
50;2025-11-11;12;1426
50;2025-11-11;13;1558
50;2025-11-11;14;1478
50;2025-11-11;15;1724
50;2025-11-11;16;1776
50;2025-11-11;17;2550
50;2025-11-11;18;2462
50;2025-11-11;19;1513
50;2025-11-11;20;985
50;2025-11-11;21;620
50;2025-11-11;22;231
50;2025-11-11;23;146
50;2025-11-12;0;20
50;2025-11-12;1;3
50;2025-11-12;2;0
50;2025-11-12;3;0
50;2025-11-12;4;3
50;2025-11-12;5;83
50;2025-11-12;6;510
50;2025-11-12;7;1717
50;2025-11-12;8;2842
50;2025-11-12;9;2144
50;2025-11-12;10;1692
50;2025-11-12;11;1592
50;2025-11-12;12;1553
50;2025-11-12;13;1498
50;2025-11-12;14;1443
50;2025-11-12;15;1550
50;2025-11-12;16;1672
50;2025-11-12;17;2382
50;2025-11-12;18;2444
50;2025-11-12;19;1434
50;2025-11-12;20;891
50;2025-11-12;21;643
50;2025-11-12;22;248
50;2025-11-12;23;155
50;2025-11-13;0;36
50;2025-11-13;1;2
50;2025-11-13;2;0
50;2025-11-13;3;0
50;2025-11-13;4;4
50;2025-11-13;5;75
50;2025-11-13;6;468
50;2025-11-13;7;1606
50;2025-11-13;8;2663
50;2025-11-13;9;2128
50;2025-11-13;10;1733
50;2025-11-13;11;1483
50;2025-11-13;12;1493
50;2025-11-13;13;1490
50;2025-11-13;14;1413
50;2025-11-13;15;1638
50;2025-11-13;16;1634
50;2025-11-13;17;2349
50;2025-11-13;18;2483
50;2025-11-13;19;1477
50;2025-11-13;20;1033
50;2025-11-13;21;692
50;2025-11-13;22;257
50;2025-11-13;23;159
50;2025-11-14;0;37
50;2025-11-14;1;1
50;2025-11-14;2;0
50;2025-11-14;3;0
50;2025-11-14;4;4
50;2025-11-14;5;71
50;2025-11-14;6;505
50;2025-11-14;7;1719
50;2025-11-14;8;2794
50;2025-11-14;9;2184
50;2025-11-14;10;1465
50;2025-11-14;11;1481
50;2025-11-14;12;1378
50;2025-11-14;13;1481
50;2025-11-14;14;1451
50;2025-11-14;15;1709
50;2025-11-14;16;2210
50;2025-11-14;17;2075
50;2025-11-14;18;1574
50;2025-11-14;19;1181
50;2025-11-14;20;871
50;2025-11-14;21;547
50;2025-11-14;22;252
50;2025-11-14;23;161
50;2025-11-15;0;51
50;2025-11-15;1;7
50;2025-11-15;2;0
50;2025-11-15;3;2
50;2025-11-15;4;0
50;2025-11-15;5;9
50;2025-11-15;6;11
50;2025-11-15;7;18
50;2025-11-15;8;36
50;2025-11-15;9;72
50;2025-11-15;10;26
50;2025-11-15;11;41
50;2025-11-15;12;72
50;2025-11-15;13;47
50;2025-11-15;14;60
50;2025-11-15;15;86
50;2025-11-15;16;55
50;2025-11-15;17;56
50;2025-11-15;18;11
50;2025-11-15;19;10
50;2025-11-15;20;7
50;2025-11-15;21;7
50;2025-11-15;22;8
50;2025-11-15;23;2
50;2025-11-16;0;2
50;2025-11-16;1;0
50;2025-11-16;2;0
50;2025-11-16;3;0
50;2025-11-16;4;0
50;2025-11-16;5;1
50;2025-11-16;6;4
50;2025-11-16;7;8
50;2025-11-16;8;16
50;2025-11-16;9;12
50;2025-11-16;10;26
50;2025-11-16;11;83
50;2025-11-16;12;64
50;2025-11-16;13;79
50;2025-11-16;14;138
50;2025-11-16;15;113
50;2025-11-16;16;140
50;2025-11-16;17;119
50;2025-11-16;18;68
50;2025-11-16;19;74
50;2025-11-16;20;55
50;2025-11-16;21;34
50;2025-11-16;22;40
50;2025-11-16;23;11
50;2025-11-17;0;9
50;2025-11-17;1;4
50;2025-11-17;2;1
50;2025-11-17;3;0
50;2025-11-17;4;4
50;2025-11-17;5;70
50;2025-11-17;6;534
50;2025-11-17;7;1679
50;2025-11-17;8;2835
50;2025-11-17;9;2271
50;2025-11-17;10;1624
50;2025-11-17;11;1456
50;2025-11-17;12;1344
50;2025-11-17;13;1475
50;2025-11-17;14;1398
50;2025-11-17;15;1638
50;2025-11-17;16;1604
50;2025-11-17;17;2242
50;2025-11-17;18;2504
50;2025-11-17;19;1279
50;2025-11-17;20;852
50;2025-11-17;21;619
50;2025-11-17;22;224
50;2025-11-17;23;124
50;2025-11-18;0;27
50;2025-11-18;1;2
50;2025-11-18;2;0
50;2025-11-18;3;0
50;2025-11-18;4;3
50;2025-11-18;5;83
50;2025-11-18;6;578
50;2025-11-18;7;1839
50;2025-11-18;8;2805
50;2025-11-18;9;2337
50;2025-11-18;10;1818
50;2025-11-18;11;1539
50;2025-11-18;12;1426
50;2025-11-18;13;1558
50;2025-11-18;14;1478
50;2025-11-18;15;1724
50;2025-11-18;16;1776
50;2025-11-18;17;2550
50;2025-11-18;18;2462
50;2025-11-18;19;1513
50;2025-11-18;20;985
50;2025-11-18;21;620
50;2025-11-18;22;231
50;2025-11-18;23;146
50;2025-11-19;0;20
50;2025-11-19;1;3
50;2025-11-19;2;0
50;2025-11-19;3;0
50;2025-11-19;4;3
50;2025-11-19;5;83
50;2025-11-19;6;510
50;2025-11-19;7;1717
50;2025-11-19;8;2842
50;2025-11-19;9;2144
50;2025-11-19;10;1692
50;2025-11-19;11;1592
50;2025-11-19;12;1553
50;2025-11-19;13;1498
50;2025-11-19;14;1443
50;2025-11-19;15;1550
50;2025-11-19;16;1672
50;2025-11-19;17;2382
50;2025-11-19;18;2444
50;2025-11-19;19;1434
50;2025-11-19;20;891
50;2025-11-19;21;643
50;2025-11-19;22;248
50;2025-11-19;23;155
50;2025-11-20;0;36
50;2025-11-20;1;2
50;2025-11-20;2;0
50;2025-11-20;3;0
50;2025-11-20;4;4
50;2025-11-20;5;75
50;2025-11-20;6;468
50;2025-11-20;7;1606
50;2025-11-20;8;2663
50;2025-11-20;9;2128
50;2025-11-20;10;1733
50;2025-11-20;11;1483
50;2025-11-20;12;1493
50;2025-11-20;13;1490
50;2025-11-20;14;1413
50;2025-11-20;15;1638
50;2025-11-20;16;1634
50;2025-11-20;17;2349
50;2025-11-20;18;2483
50;2025-11-20;19;1477
50;2025-11-20;20;1033
50;2025-11-20;21;692
50;2025-11-20;22;257
50;2025-11-20;23;159
50;2025-11-21;0;37
50;2025-11-21;1;1
50;2025-11-21;2;0
50;2025-11-21;3;0
50;2025-11-21;4;4
50;2025-11-21;5;71
50;2025-11-21;6;505
50;2025-11-21;7;1719
50;2025-11-21;8;2794
50;2025-11-21;9;2184
50;2025-11-21;10;1465
50;2025-11-21;11;1481
50;2025-11-21;12;1378
50;2025-11-21;13;1481
50;2025-11-21;14;1451
50;2025-11-21;15;1709
50;2025-11-21;16;2210
50;2025-11-21;17;2075
50;2025-11-21;18;1574
50;2025-11-21;19;1181
50;2025-11-21;20;871
50;2025-11-21;21;547
50;2025-11-21;22;252
50;2025-11-21;23;161
50;2025-11-22;0;51
50;2025-11-22;1;7
50;2025-11-22;2;0
50;2025-11-22;3;2
50;2025-11-22;4;0
50;2025-11-22;5;9
50;2025-11-22;6;11
50;2025-11-22;7;18
50;2025-11-22;8;36
50;2025-11-22;9;72
50;2025-11-22;10;26
50;2025-11-22;11;41
50;2025-11-22;12;72
50;2025-11-22;13;47
50;2025-11-22;14;60
50;2025-11-22;15;86
50;2025-11-22;16;55
50;2025-11-22;17;56
50;2025-11-22;18;11
50;2025-11-22;19;10
50;2025-11-22;20;7
50;2025-11-22;21;7
50;2025-11-22;22;8
50;2025-11-22;23;2
50;2025-11-23;0;2
50;2025-11-23;1;0
50;2025-11-23;2;0
50;2025-11-23;3;0
50;2025-11-23;4;0
50;2025-11-23;5;1
50;2025-11-23;6;4
50;2025-11-23;7;8
50;2025-11-23;8;16
50;2025-11-23;9;12
50;2025-11-23;10;26
50;2025-11-23;11;83
50;2025-11-23;12;64
50;2025-11-23;13;79
50;2025-11-23;14;138
50;2025-11-23;15;113
50;2025-11-23;16;140
50;2025-11-23;17;119
50;2025-11-23;18;68
50;2025-11-23;19;74
50;2025-11-23;20;55
50;2025-11-23;21;34
50;2025-11-23;22;40
50;2025-11-23;23;11
50;2025-11-24;0;9
50;2025-11-24;1;4
50;2025-11-24;2;1
50;2025-11-24;3;0
50;2025-11-24;4;4
50;2025-11-24;5;70
50;2025-11-24;6;534
50;2025-11-24;7;1679
50;2025-11-24;8;2835
50;2025-11-24;9;2271
50;2025-11-24;10;1624
50;2025-11-24;11;1456
50;2025-11-24;12;1344
50;2025-11-24;13;1475
50;2025-11-24;14;1398
50;2025-11-24;15;1638
50;2025-11-24;16;1604
50;2025-11-24;17;2242
50;2025-11-24;18;2504
50;2025-11-24;19;1279
50;2025-11-24;20;852
50;2025-11-24;21;619
50;2025-11-24;22;224
50;2025-11-24;23;124
50;2025-11-25;0;27
50;2025-11-25;1;2
50;2025-11-25;2;0
50;2025-11-25;3;0
50;2025-11-25;4;3
50;2025-11-25;5;83
50;2025-11-25;6;578
50;2025-11-25;7;1839
50;2025-11-25;8;2805
50;2025-11-25;9;2337
50;2025-11-25;10;1818
50;2025-11-25;11;1539
50;2025-11-25;12;1426
50;2025-11-25;13;1558
50;2025-11-25;14;1478
50;2025-11-25;15;1724
50;2025-11-25;16;1776
50;2025-11-25;17;2550
50;2025-11-25;18;2462
50;2025-11-25;19;1513
50;2025-11-25;20;985
50;2025-11-25;21;620
50;2025-11-25;22;231
50;2025-11-25;23;146
50;2025-11-26;0;20
50;2025-11-26;1;3
50;2025-11-26;2;0
50;2025-11-26;3;0
50;2025-11-26;4;3
50;2025-11-26;5;83
50;2025-11-26;6;510
50;2025-11-26;7;1717
50;2025-11-26;8;2842
50;2025-11-26;9;2144
50;2025-11-26;10;1692
50;2025-11-26;11;1592
50;2025-11-26;12;1553
50;2025-11-26;13;1498
50;2025-11-26;14;1443
50;2025-11-26;15;1550
50;2025-11-26;16;1672
50;2025-11-26;17;2382
50;2025-11-26;18;2444
50;2025-11-26;19;1434
50;2025-11-26;20;891
50;2025-11-26;21;643
50;2025-11-26;22;248
50;2025-11-26;23;155
50;2025-11-27;0;36
50;2025-11-27;1;2
50;2025-11-27;2;0
50;2025-11-27;3;0
50;2025-11-27;4;4
50;2025-11-27;5;75
50;2025-11-27;6;468
50;2025-11-27;7;1606
50;2025-11-27;8;2663
50;2025-11-27;9;2128
50;2025-11-27;10;1733
50;2025-11-27;11;1483
50;2025-11-27;12;1493
50;2025-11-27;13;1490
50;2025-11-27;14;1413
50;2025-11-27;15;1638
50;2025-11-27;16;1634
50;2025-11-27;17;2349
50;2025-11-27;18;2483
50;2025-11-27;19;1477
50;2025-11-27;20;1033
50;2025-11-27;21;692
50;2025-11-27;22;257
50;2025-11-27;23;159
50;2025-11-28;0;37
50;2025-11-28;1;1
50;2025-11-28;2;0
50;2025-11-28;3;0
50;2025-11-28;4;4
50;2025-11-28;5;71
50;2025-11-28;6;505
50;2025-11-28;7;1719
50;2025-11-28;8;2794
50;2025-11-28;9;2184
50;2025-11-28;10;1465
50;2025-11-28;11;1481
50;2025-11-28;12;1378
50;2025-11-28;13;1481
50;2025-11-28;14;1451
50;2025-11-28;15;1709
50;2025-11-28;16;2210
50;2025-11-28;17;2075
50;2025-11-28;18;1574
50;2025-11-28;19;1181
50;2025-11-28;20;871
50;2025-11-28;21;547
50;2025-11-28;22;252
50;2025-11-28;23;161
50;2025-11-29;0;51
50;2025-11-29;1;7
50;2025-11-29;2;0
50;2025-11-29;3;2
50;2025-11-29;4;0
50;2025-11-29;5;9
50;2025-11-29;6;11
50;2025-11-29;7;18
50;2025-11-29;8;36
50;2025-11-29;9;72
50;2025-11-29;10;26
50;2025-11-29;11;41
50;2025-11-29;12;72
50;2025-11-29;13;47
50;2025-11-29;14;60
50;2025-11-29;15;86
50;2025-11-29;16;55
50;2025-11-29;17;56
50;2025-11-29;18;11
50;2025-11-29;19;10
50;2025-11-29;20;7
50;2025-11-29;21;7
50;2025-11-29;22;8
50;2025-11-29;23;2
50;2025-11-30;0;2
50;2025-11-30;1;0
50;2025-11-30;2;0
50;2025-11-30;3;0
50;2025-11-30;4;0
50;2025-11-30;5;1
50;2025-11-30;6;4
50;2025-11-30;7;8
50;2025-11-30;8;16
50;2025-11-30;9;12
50;2025-11-30;10;26
50;2025-11-30;11;83
50;2025-11-30;12;64
50;2025-11-30;13;79
50;2025-11-30;14;138
50;2025-11-30;15;113
50;2025-11-30;16;140
50;2025-11-30;17;119
50;2025-11-30;18;68
50;2025-11-30;19;74
50;2025-11-30;20;55
50;2025-11-30;21;34
50;2025-11-30;22;40
50;2025-11-30;23;11
50;2025-12-01;0;9
50;2025-12-01;1;4
50;2025-12-01;2;1
50;2025-12-01;3;0
50;2025-12-01;4;4
50;2025-12-01;5;70
50;2025-12-01;6;534
50;2025-12-01;7;1679
50;2025-12-01;8;2835
50;2025-12-01;9;2271
50;2025-12-01;10;1624
50;2025-12-01;11;1456
50;2025-12-01;12;1344
50;2025-12-01;13;1475
50;2025-12-01;14;1398
50;2025-12-01;15;1638
50;2025-12-01;16;1604
50;2025-12-01;17;2242
50;2025-12-01;18;2504
50;2025-12-01;19;1279
50;2025-12-01;20;852
50;2025-12-01;21;619
50;2025-12-01;22;224
50;2025-12-01;23;124
50;2025-12-02;0;27
50;2025-12-02;1;2
50;2025-12-02;2;0
50;2025-12-02;3;0
50;2025-12-02;4;3
50;2025-12-02;5;83
50;2025-12-02;6;578
50;2025-12-02;7;1839
50;2025-12-02;8;2805
50;2025-12-02;9;2337
50;2025-12-02;10;1818
50;2025-12-02;11;1539
50;2025-12-02;12;1426
50;2025-12-02;13;1558
50;2025-12-02;14;1478
50;2025-12-02;15;1724
50;2025-12-02;16;1776
50;2025-12-02;17;2550
50;2025-12-02;18;2462
50;2025-12-02;19;1513
50;2025-12-02;20;985
50;2025-12-02;21;620
50;2025-12-02;22;231
50;2025-12-02;23;146
50;2025-12-03;0;20
50;2025-12-03;1;3
50;2025-12-03;2;0
50;2025-12-03;3;0
50;2025-12-03;4;3
50;2025-12-03;5;83
50;2025-12-03;6;510
50;2025-12-03;7;1717
50;2025-12-03;8;2842
50;2025-12-03;9;2144
50;2025-12-03;10;1692
50;2025-12-03;11;1592
50;2025-12-03;12;1553
50;2025-12-03;13;1498
50;2025-12-03;14;1443
50;2025-12-03;15;1550
50;2025-12-03;16;1672
50;2025-12-03;17;2382
50;2025-12-03;18;2444
50;2025-12-03;19;1434
50;2025-12-03;20;891
50;2025-12-03;21;643
50;2025-12-03;22;248
50;2025-12-03;23;155
50;2025-12-04;0;36
50;2025-12-04;1;2
50;2025-12-04;2;0
50;2025-12-04;3;0
50;2025-12-04;4;4
50;2025-12-04;5;75
50;2025-12-04;6;468
50;2025-12-04;7;1606
50;2025-12-04;8;2663
50;2025-12-04;9;2128
50;2025-12-04;10;1733
50;2025-12-04;11;1483
50;2025-12-04;12;1493
50;2025-12-04;13;1490
50;2025-12-04;14;1413
50;2025-12-04;15;1638
50;2025-12-04;16;1634
50;2025-12-04;17;2349
50;2025-12-04;18;2483
50;2025-12-04;19;1477
50;2025-12-04;20;1033
50;2025-12-04;21;692
50;2025-12-04;22;257
50;2025-12-04;23;159
50;2025-12-05;0;37
50;2025-12-05;1;1
50;2025-12-05;2;0
50;2025-12-05;3;0
50;2025-12-05;4;4
50;2025-12-05;5;71
50;2025-12-05;6;505
50;2025-12-05;7;1719
50;2025-12-05;8;2794
50;2025-12-05;9;2184
50;2025-12-05;10;1465
50;2025-12-05;11;1481
50;2025-12-05;12;1378
50;2025-12-05;13;1481
50;2025-12-05;14;1451
50;2025-12-05;15;1709
50;2025-12-05;16;2210
50;2025-12-05;17;2075
50;2025-12-05;18;1574
50;2025-12-05;19;1181
50;2025-12-05;20;871
50;2025-12-05;21;547
50;2025-12-05;22;252
50;2025-12-05;23;161
50;2025-12-06;0;51
50;2025-12-06;1;7
50;2025-12-06;2;0
50;2025-12-06;3;2
50;2025-12-06;4;0
50;2025-12-06;5;9
50;2025-12-06;6;11
50;2025-12-06;7;18
50;2025-12-06;8;36
50;2025-12-06;9;72
50;2025-12-06;10;26
50;2025-12-06;11;41
50;2025-12-06;12;72
50;2025-12-06;13;47
50;2025-12-06;14;60
50;2025-12-06;15;86
50;2025-12-06;16;55
50;2025-12-06;17;56
50;2025-12-06;18;11
50;2025-12-06;19;10
50;2025-12-06;20;7
50;2025-12-06;21;7
50;2025-12-06;22;8
50;2025-12-06;23;2
50;2025-12-07;0;2
50;2025-12-07;1;0
50;2025-12-07;2;0
50;2025-12-07;3;0
50;2025-12-07;4;0
50;2025-12-07;5;1
50;2025-12-07;6;4
50;2025-12-07;7;8
50;2025-12-07;8;16
50;2025-12-07;9;12
50;2025-12-07;10;26
50;2025-12-07;11;83
50;2025-12-07;12;64
50;2025-12-07;13;79
50;2025-12-07;14;138
50;2025-12-07;15;113
50;2025-12-07;16;140
50;2025-12-07;17;119
50;2025-12-07;18;68
50;2025-12-07;19;74
50;2025-12-07;20;55
50;2025-12-07;21;34
50;2025-12-07;22;40
50;2025-12-07;23;11
50;2025-12-08;0;9
50;2025-12-08;1;4
50;2025-12-08;2;1
50;2025-12-08;3;0
50;2025-12-08;4;4
50;2025-12-08;5;70
50;2025-12-08;6;534
50;2025-12-08;7;1679
50;2025-12-08;8;2835
50;2025-12-08;9;2271
50;2025-12-08;10;1624
50;2025-12-08;11;1456
50;2025-12-08;12;1344
50;2025-12-08;13;1475
50;2025-12-08;14;1398
50;2025-12-08;15;1638
50;2025-12-08;16;1604
50;2025-12-08;17;2242
50;2025-12-08;18;2504
50;2025-12-08;19;1279
50;2025-12-08;20;852
50;2025-12-08;21;619
50;2025-12-08;22;224
50;2025-12-08;23;124
50;2025-12-09;0;27
50;2025-12-09;1;2
50;2025-12-09;2;0
50;2025-12-09;3;0
50;2025-12-09;4;3
50;2025-12-09;5;83
50;2025-12-09;6;578
50;2025-12-09;7;1839
50;2025-12-09;8;2805
50;2025-12-09;9;2337
50;2025-12-09;10;1818
50;2025-12-09;11;1539
50;2025-12-09;12;1426
50;2025-12-09;13;1558
50;2025-12-09;14;1478
50;2025-12-09;15;1724
50;2025-12-09;16;1776
50;2025-12-09;17;2550
50;2025-12-09;18;2462
50;2025-12-09;19;1513
50;2025-12-09;20;985
50;2025-12-09;21;620
50;2025-12-09;22;231
50;2025-12-09;23;146
50;2025-12-10;0;20
50;2025-12-10;1;3
50;2025-12-10;2;0
50;2025-12-10;3;0
50;2025-12-10;4;3
50;2025-12-10;5;83
50;2025-12-10;6;510
50;2025-12-10;7;1717
50;2025-12-10;8;2842
50;2025-12-10;9;2144
50;2025-12-10;10;1692
50;2025-12-10;11;1592
50;2025-12-10;12;1553
50;2025-12-10;13;1498
50;2025-12-10;14;1443
50;2025-12-10;15;1550
50;2025-12-10;16;1672
50;2025-12-10;17;2382
50;2025-12-10;18;2444
50;2025-12-10;19;1434
50;2025-12-10;20;891
50;2025-12-10;21;643
50;2025-12-10;22;248
50;2025-12-10;23;155
50;2025-12-11;0;36
50;2025-12-11;1;2
50;2025-12-11;2;0
50;2025-12-11;3;0
50;2025-12-11;4;4
50;2025-12-11;5;75
50;2025-12-11;6;468
50;2025-12-11;7;1606
50;2025-12-11;8;2663
50;2025-12-11;9;2128
50;2025-12-11;10;1733
50;2025-12-11;11;1483
50;2025-12-11;12;1493
50;2025-12-11;13;1490
50;2025-12-11;14;1413
50;2025-12-11;15;1638
50;2025-12-11;16;1634
50;2025-12-11;17;2349
50;2025-12-11;18;2483
50;2025-12-11;19;1477
50;2025-12-11;20;1033
50;2025-12-11;21;692
50;2025-12-11;22;257
50;2025-12-11;23;159
50;2025-12-12;0;37
50;2025-12-12;1;1
50;2025-12-12;2;0
50;2025-12-12;3;0
50;2025-12-12;4;4
50;2025-12-12;5;71
50;2025-12-12;6;505
50;2025-12-12;7;1719
50;2025-12-12;8;2794
50;2025-12-12;9;2184
50;2025-12-12;10;1465
50;2025-12-12;11;1481
50;2025-12-12;12;1378
50;2025-12-12;13;1481
50;2025-12-12;14;1451
50;2025-12-12;15;1709
50;2025-12-12;16;2210
50;2025-12-12;17;2075
50;2025-12-12;18;1574
50;2025-12-12;19;1181
50;2025-12-12;20;871
50;2025-12-12;21;547
50;2025-12-12;22;252
50;2025-12-12;23;161
50;2025-12-13;0;51
50;2025-12-13;1;7
50;2025-12-13;2;0
50;2025-12-13;3;2
50;2025-12-13;4;0
50;2025-12-13;5;9
50;2025-12-13;6;11
50;2025-12-13;7;18
50;2025-12-13;8;36
50;2025-12-13;9;72
50;2025-12-13;10;26
50;2025-12-13;11;41
50;2025-12-13;12;72
50;2025-12-13;13;47
50;2025-12-13;14;60
50;2025-12-13;15;86
50;2025-12-13;16;55
50;2025-12-13;17;56
50;2025-12-13;18;11
50;2025-12-13;19;10
50;2025-12-13;20;7
50;2025-12-13;21;7
50;2025-12-13;22;8
50;2025-12-13;23;2
50;2025-12-14;0;2
50;2025-12-14;1;0
50;2025-12-14;2;0
50;2025-12-14;3;0
50;2025-12-14;4;0
50;2025-12-14;5;1
50;2025-12-14;6;4
50;2025-12-14;7;8
50;2025-12-14;8;16
50;2025-12-14;9;12
50;2025-12-14;10;26
50;2025-12-14;11;83
50;2025-12-14;12;64
50;2025-12-14;13;79
50;2025-12-14;14;138
50;2025-12-14;15;113
50;2025-12-14;16;140
50;2025-12-14;17;119
50;2025-12-14;18;68
50;2025-12-14;19;74
50;2025-12-14;20;55
50;2025-12-14;21;34
50;2025-12-14;22;40
50;2025-12-14;23;11
50;2025-12-15;0;9
50;2025-12-15;1;4
50;2025-12-15;2;1
50;2025-12-15;3;0
50;2025-12-15;4;4
50;2025-12-15;5;70
50;2025-12-15;6;534
50;2025-12-15;7;1679
50;2025-12-15;8;2835
50;2025-12-15;9;2271
50;2025-12-15;10;1624
50;2025-12-15;11;1456
50;2025-12-15;12;1344
50;2025-12-15;13;1475
50;2025-12-15;14;1398
50;2025-12-15;15;1638
50;2025-12-15;16;1604
50;2025-12-15;17;2242
50;2025-12-15;18;2504
50;2025-12-15;19;1279
50;2025-12-15;20;852
50;2025-12-15;21;619
50;2025-12-15;22;224
50;2025-12-15;23;124
50;2025-12-16;0;27
50;2025-12-16;1;2
50;2025-12-16;2;0
50;2025-12-16;3;0
50;2025-12-16;4;3
50;2025-12-16;5;83
50;2025-12-16;6;578
50;2025-12-16;7;1839
50;2025-12-16;8;2805
50;2025-12-16;9;2337
50;2025-12-16;10;1818
50;2025-12-16;11;1539
50;2025-12-16;12;1426
50;2025-12-16;13;1558
50;2025-12-16;14;1478
50;2025-12-16;15;1724
50;2025-12-16;16;1776
50;2025-12-16;17;2550
50;2025-12-16;18;2462
50;2025-12-16;19;1513
50;2025-12-16;20;985
50;2025-12-16;21;620
50;2025-12-16;22;231
50;2025-12-16;23;146
50;2025-12-17;0;20
50;2025-12-17;1;3
50;2025-12-17;2;0
50;2025-12-17;3;0
50;2025-12-17;4;3
50;2025-12-17;5;83
50;2025-12-17;6;510
50;2025-12-17;7;1717
50;2025-12-17;8;2842
50;2025-12-17;9;2144
50;2025-12-17;10;1692
50;2025-12-17;11;1592
50;2025-12-17;12;1553
50;2025-12-17;13;1498
50;2025-12-17;14;1443
50;2025-12-17;15;1550
50;2025-12-17;16;1672
50;2025-12-17;17;2382
50;2025-12-17;18;2444
50;2025-12-17;19;1434
50;2025-12-17;20;891
50;2025-12-17;21;643
50;2025-12-17;22;248
50;2025-12-17;23;155
50;2025-12-18;0;36
50;2025-12-18;1;2
50;2025-12-18;2;0
50;2025-12-18;3;0
50;2025-12-18;4;4
50;2025-12-18;5;75
50;2025-12-18;6;468
50;2025-12-18;7;1606
50;2025-12-18;8;2663
50;2025-12-18;9;2128
50;2025-12-18;10;1733
50;2025-12-18;11;1483
50;2025-12-18;12;1493
50;2025-12-18;13;1490
50;2025-12-18;14;1413
50;2025-12-18;15;1638
50;2025-12-18;16;1634
50;2025-12-18;17;2349
50;2025-12-18;18;2483
50;2025-12-18;19;1477
50;2025-12-18;20;1033
50;2025-12-18;21;692
50;2025-12-18;22;257
50;2025-12-18;23;159
50;2025-12-19;0;37
50;2025-12-19;1;1
50;2025-12-19;2;0
50;2025-12-19;3;0
50;2025-12-19;4;4
50;2025-12-19;5;71
50;2025-12-19;6;505
50;2025-12-19;7;1719
50;2025-12-19;8;2794
50;2025-12-19;9;2184
50;2025-12-19;10;1465
50;2025-12-19;11;1481
50;2025-12-19;12;1378
50;2025-12-19;13;1481
50;2025-12-19;14;1451
50;2025-12-19;15;1709
50;2025-12-19;16;2210
50;2025-12-19;17;2075
50;2025-12-19;18;1574
50;2025-12-19;19;1181
50;2025-12-19;20;871
50;2025-12-19;21;547
50;2025-12-19;22;252
50;2025-12-19;23;161
50;2025-12-20;0;51
50;2025-12-20;1;7
50;2025-12-20;2;0
50;2025-12-20;3;2
50;2025-12-20;4;0
50;2025-12-20;5;9
50;2025-12-20;6;11
50;2025-12-20;7;18
50;2025-12-20;8;36
50;2025-12-20;9;72
50;2025-12-20;10;26
50;2025-12-20;11;41
50;2025-12-20;12;72
50;2025-12-20;13;47
50;2025-12-20;14;60
50;2025-12-20;15;86
50;2025-12-20;16;55
50;2025-12-20;17;56
50;2025-12-20;18;11
50;2025-12-20;19;10
50;2025-12-20;20;7
50;2025-12-20;21;7
50;2025-12-20;22;8
50;2025-12-20;23;2
50;2025-12-21;0;2
50;2025-12-21;1;0
50;2025-12-21;2;0
50;2025-12-21;3;0
50;2025-12-21;4;0
50;2025-12-21;5;1
50;2025-12-21;6;4
50;2025-12-21;7;8
50;2025-12-21;8;16
50;2025-12-21;9;12
50;2025-12-21;10;26
50;2025-12-21;11;83
50;2025-12-21;12;64
50;2025-12-21;13;79
50;2025-12-21;14;138
50;2025-12-21;15;113
50;2025-12-21;16;140
50;2025-12-21;17;119
50;2025-12-21;18;68
50;2025-12-21;19;74
50;2025-12-21;20;55
50;2025-12-21;21;34
50;2025-12-21;22;40
50;2025-12-21;23;11
50;2025-12-22;0;9
50;2025-12-22;1;4
50;2025-12-22;2;1
50;2025-12-22;3;0
50;2025-12-22;4;4
50;2025-12-22;5;70
50;2025-12-22;6;534
50;2025-12-22;7;1679
50;2025-12-22;8;2835
50;2025-12-22;9;2271
50;2025-12-22;10;1624
50;2025-12-22;11;1456
50;2025-12-22;12;1344
50;2025-12-22;13;1475
50;2025-12-22;14;1398
50;2025-12-22;15;1638
50;2025-12-22;16;1604
50;2025-12-22;17;2242
50;2025-12-22;18;2504
50;2025-12-22;19;1279
50;2025-12-22;20;852
50;2025-12-22;21;619
50;2025-12-22;22;224
50;2025-12-22;23;124
50;2025-12-23;0;27
50;2025-12-23;1;2
50;2025-12-23;2;0
50;2025-12-23;3;0
50;2025-12-23;4;3
50;2025-12-23;5;83
50;2025-12-23;6;578
50;2025-12-23;7;1839
50;2025-12-23;8;2805
50;2025-12-23;9;2337
50;2025-12-23;10;1818
50;2025-12-23;11;1539
50;2025-12-23;12;1426
50;2025-12-23;13;1558
50;2025-12-23;14;1478
50;2025-12-23;15;1724
50;2025-12-23;16;1776
50;2025-12-23;17;2550
50;2025-12-23;18;2462
50;2025-12-23;19;1513
50;2025-12-23;20;985
50;2025-12-23;21;620
50;2025-12-23;22;231
50;2025-12-23;23;146
50;2025-12-24;0;20
50;2025-12-24;1;3
50;2025-12-24;2;0
50;2025-12-24;3;0
50;2025-12-24;4;3
50;2025-12-24;5;83
50;2025-12-24;6;510
50;2025-12-24;7;1717
50;2025-12-24;8;2842
50;2025-12-24;9;2144
50;2025-12-24;10;1692
50;2025-12-24;11;1592
50;2025-12-24;12;1553
50;2025-12-24;13;1498
50;2025-12-24;14;1443
50;2025-12-24;15;1550
50;2025-12-24;16;1672
50;2025-12-24;17;2382
50;2025-12-24;18;2444
50;2025-12-24;19;1434
50;2025-12-24;20;891
50;2025-12-24;21;643
50;2025-12-24;22;248
50;2025-12-24;23;155
50;2025-12-25;0;36
50;2025-12-25;1;2
50;2025-12-25;2;0
50;2025-12-25;3;0
50;2025-12-25;4;4
50;2025-12-25;5;75
50;2025-12-25;6;468
50;2025-12-25;7;1606
50;2025-12-25;8;2663
50;2025-12-25;9;2128
50;2025-12-25;10;1733
50;2025-12-25;11;1483
50;2025-12-25;12;1493
50;2025-12-25;13;1490
50;2025-12-25;14;1413
50;2025-12-25;15;1638
50;2025-12-25;16;1634
50;2025-12-25;17;2349
50;2025-12-25;18;2483
50;2025-12-25;19;1477
50;2025-12-25;20;1033
50;2025-12-25;21;692
50;2025-12-25;22;257
50;2025-12-25;23;159
50;2025-12-26;0;37
50;2025-12-26;1;1
50;2025-12-26;2;0
50;2025-12-26;3;0
50;2025-12-26;4;4
50;2025-12-26;5;71
50;2025-12-26;6;505
50;2025-12-26;7;1719
50;2025-12-26;8;2794
50;2025-12-26;9;2184
50;2025-12-26;10;1465
50;2025-12-26;11;1481
50;2025-12-26;12;1378
50;2025-12-26;13;1481
50;2025-12-26;14;1451
50;2025-12-26;15;1709
50;2025-12-26;16;2210
50;2025-12-26;17;2075
50;2025-12-26;18;1574
50;2025-12-26;19;1181
50;2025-12-26;20;871
50;2025-12-26;21;547
50;2025-12-26;22;252
50;2025-12-26;23;161
50;2025-12-27;0;51
50;2025-12-27;1;7
50;2025-12-27;2;0
50;2025-12-27;3;2
50;2025-12-27;4;0
50;2025-12-27;5;9
50;2025-12-27;6;11
50;2025-12-27;7;18
50;2025-12-27;8;36
50;2025-12-27;9;72
50;2025-12-27;10;26
50;2025-12-27;11;41
50;2025-12-27;12;72
50;2025-12-27;13;47
50;2025-12-27;14;60
50;2025-12-27;15;86
50;2025-12-27;16;55
50;2025-12-27;17;56
50;2025-12-27;18;11
50;2025-12-27;19;10
50;2025-12-27;20;7
50;2025-12-27;21;7
50;2025-12-27;22;8
50;2025-12-27;23;2
50;2025-12-28;0;2
50;2025-12-28;1;0
50;2025-12-28;2;0
50;2025-12-28;3;0
50;2025-12-28;4;0
50;2025-12-28;5;1
50;2025-12-28;6;4
50;2025-12-28;7;8
50;2025-12-28;8;16
50;2025-12-28;9;12
50;2025-12-28;10;26
50;2025-12-28;11;83
50;2025-12-28;12;64
50;2025-12-28;13;79
50;2025-12-28;14;138
50;2025-12-28;15;113
50;2025-12-28;16;140
50;2025-12-28;17;119
50;2025-12-28;18;68
50;2025-12-28;19;74
50;2025-12-28;20;55
50;2025-12-28;21;34
50;2025-12-28;22;40
50;2025-12-28;23;11
50;2025-12-29;0;9
50;2025-12-29;1;4
50;2025-12-29;2;1
50;2025-12-29;3;0
50;2025-12-29;4;4
50;2025-12-29;5;70
50;2025-12-29;6;534
50;2025-12-29;7;1679
50;2025-12-29;8;2835
50;2025-12-29;9;2271
50;2025-12-29;10;1624
50;2025-12-29;11;1456
50;2025-12-29;12;1344
50;2025-12-29;13;1475
50;2025-12-29;14;1398
50;2025-12-29;15;1638
50;2025-12-29;16;1604
50;2025-12-29;17;2242
50;2025-12-29;18;2504
50;2025-12-29;19;1279
50;2025-12-29;20;852
50;2025-12-29;21;619
50;2025-12-29;22;224
50;2025-12-29;23;124
50;2025-12-30;0;27
50;2025-12-30;1;2
50;2025-12-30;2;0
50;2025-12-30;3;0
50;2025-12-30;4;3
50;2025-12-30;5;83
50;2025-12-30;6;578
50;2025-12-30;7;1839
50;2025-12-30;8;2805
50;2025-12-30;9;2337
50;2025-12-30;10;1818
50;2025-12-30;11;1539
50;2025-12-30;12;1426
50;2025-12-30;13;1558
50;2025-12-30;14;1478
50;2025-12-30;15;1724
50;2025-12-30;16;1776
50;2025-12-30;17;2550
50;2025-12-30;18;2462
50;2025-12-30;19;1513
50;2025-12-30;20;985
50;2025-12-30;21;620
50;2025-12-30;22;231
50;2025-12-30;23;146
50;2025-12-31;0;43
50;2025-12-31;1;3
50;2025-12-31;2;0
50;2025-12-31;3;0
50;2025-12-31;4;1
50;2025-12-31;5;31
50;2025-12-31;6;157
50;2025-12-31;7;286
50;2025-12-31;8;438
50;2025-12-31;9;471
50;2025-12-31;10;506
50;2025-12-31;11;614
50;2025-12-31;12;618
50;2025-12-31;13;737
50;2025-12-31;14;682
50;2025-12-31;15;592
50;2025-12-31;16;597
50;2025-12-31;17;613
50;2025-12-31;18;616
50;2025-12-31;19;628
50;2025-12-31;20;451
50;2025-12-31;21;377
50;2025-12-31;22;224
50;2025-12-31;23;145
