route;date;hour;prediction
1;2025-11-01;0;4
1;2025-11-01;1;0
1;2025-11-01;2;0
1;2025-11-01;3;0
1;2025-11-01;4;2
1;2025-11-01;5;40
1;2025-11-01;6;156
1;2025-11-01;7;407
1;2025-11-01;8;538
1;2025-11-01;9;786
1;2025-11-01;10;901
1;2025-11-01;11;974
1;2025-11-01;12;1140
1;2025-11-01;13;1208
1;2025-11-01;14;1094
1;2025-11-01;15;1004
1;2025-11-01;16;827
1;2025-11-01;17;803
1;2025-11-01;18;755
1;2025-11-01;19;712
1;2025-11-01;20;488
1;2025-11-01;21;270
1;2025-11-01;22;116
1;2025-11-01;23;17
1;2025-11-02;0;0
1;2025-11-02;1;0
1;2025-11-02;2;0
1;2025-11-02;3;0
1;2025-11-02;4;0
1;2025-11-02;5;24
1;2025-11-02;6;106
1;2025-11-02;7;232
1;2025-11-02;8;325
1;2025-11-02;9;545
1;2025-11-02;10;621
1;2025-11-02;11;779
1;2025-11-02;12;775
1;2025-11-02;13;839
1;2025-11-02;14;872
1;2025-11-02;15;737
1;2025-11-02;16;633
1;2025-11-02;17;590
1;2025-11-02;18;448
1;2025-11-02;19;466
1;2025-11-02;20;312
1;2025-11-02;21;271
1;2025-11-02;22;90
1;2025-11-02;23;37
1;2025-11-03;0;0
1;2025-11-03;1;0
1;2025-11-03;2;0
1;2025-11-03;3;0
1;2025-11-03;4;11
1;2025-11-03;5;156
1;2025-11-03;6;490
1;2025-11-03;7;1196
1;2025-11-03;8;1809
1;2025-11-03;9;1514
1;2025-11-03;10;1369
1;2025-11-03;11;1383
1;2025-11-03;12;1490
1;2025-11-03;13;1439
1;2025-11-03;14;1433
1;2025-11-03;15;1465
1;2025-11-03;16;1553
1;2025-11-03;17;1787
1;2025-11-03;18;1957
1;2025-11-03;19;1432
1;2025-11-03;20;861
1;2025-11-03;21;467
1;2025-11-03;22;132
1;2025-11-03;23;28
1;2025-11-04;0;8
1;2025-11-04;1;0
1;2025-11-04;2;0
1;2025-11-04;3;0
1;2025-11-04;4;15
1;2025-11-04;5;94
1;2025-11-04;6;564
1;2025-11-04;7;1492
1;2025-11-04;8;1831
1;2025-11-04;9;1524
1;2025-11-04;10;1416
1;2025-11-04;11;1397
1;2025-11-04;12;1494
1;2025-11-04;13;1496
1;2025-11-04;14;1271
1;2025-11-04;15;1302
1;2025-11-04;16;1527
1;2025-11-04;17;1743
1;2025-11-04;18;1816
1;2025-11-04;19;1456
1;2025-11-04;20;851
1;2025-11-04;21;431
1;2025-11-04;22;178
1;2025-11-04;23;45
1;2025-11-05;0;1
1;2025-11-05;1;0
1;2025-11-05;2;0
1;2025-11-05;3;0
1;2025-11-05;4;8
1;2025-11-05;5;122
1;2025-11-05;6;508
1;2025-11-05;7;1164
1;2025-11-05;8;1765
1;2025-11-05;9;1533
1;2025-11-05;10;1443
1;2025-11-05;11;1326
1;2025-11-05;12;1444
1;2025-11-05;13;1549
1;2025-11-05;14;1347
1;2025-11-05;15;1398
1;2025-11-05;16;1396
1;2025-11-05;17;1781
1;2025-11-05;18;1703
1;2025-11-05;19;1302
1;2025-11-05;20;791
1;2025-11-05;21;492
1;2025-11-05;22;200
1;2025-11-05;23;32
1;2025-11-06;0;4
1;2025-11-06;1;0
1;2025-11-06;2;0
1;2025-11-06;3;0
1;2025-11-06;4;7
1;2025-11-06;5;104
1;2025-11-06;6;465
1;2025-11-06;7;1320
1;2025-11-06;8;1701
1;2025-11-06;9;1413
1;2025-11-06;10;1371
1;2025-11-06;11;1309
1;2025-11-06;12;1391
1;2025-11-06;13;1463
1;2025-11-06;14;1160
1;2025-11-06;15;1415
1;2025-11-06;16;1550
1;2025-11-06;17;1597
1;2025-11-06;18;1629
1;2025-11-06;19;1212
1;2025-11-06;20;861
1;2025-11-06;21;386
1;2025-11-06;22;142
1;2025-11-06;23;29
1;2025-11-07;0;6
1;2025-11-07;1;0
1;2025-11-07;2;0
1;2025-11-07;3;0
1;2025-11-07;4;4
1;2025-11-07;5;126
1;2025-11-07;6;487
1;2025-11-07;7;1375
1;2025-11-07;8;1801
1;2025-11-07;9;1498
1;2025-11-07;10;1278
1;2025-11-07;11;1269
1;2025-11-07;12;1332
1;2025-11-07;13;1282
1;2025-11-07;14;998
1;2025-11-07;15;1158
1;2025-11-07;16;1421
1;2025-11-07;17;1824
1;2025-11-07;18;1374
1;2025-11-07;19;1228
1;2025-11-07;20;763
1;2025-11-07;21;456
1;2025-11-07;22;178
1;2025-11-07;23;49
1;2025-11-08;0;3
1;2025-11-08;1;0
1;2025-11-08;2;0
1;2025-11-08;3;0
1;2025-11-08;4;2
1;2025-11-08;5;40
1;2025-11-08;6;157
1;2025-11-08;7;406
1;2025-11-08;8;537
1;2025-11-08;9;785
1;2025-11-08;10;901
1;2025-11-08;11;973
1;2025-11-08;12;1139
1;2025-11-08;13;1208
1;2025-11-08;14;1094
1;2025-11-08;15;1004
1;2025-11-08;16;826
1;2025-11-08;17;803
1;2025-11-08;18;756
1;2025-11-08;19;711
1;2025-11-08;20;489
1;2025-11-08;21;270
1;2025-11-08;22;116
1;2025-11-08;23;17
1;2025-11-09;0;0
1;2025-11-09;1;0
1;2025-11-09;2;0
1;2025-11-09;3;0
1;2025-11-09;4;0
1;2025-11-09;5;24
1;2025-11-09;6;107
1;2025-11-09;7;231
1;2025-11-09;8;324
1;2025-11-09;9;545
1;2025-11-09;10;622
1;2025-11-09;11;778
1;2025-11-09;12;775
1;2025-11-09;13;839
1;2025-11-09;14;872
1;2025-11-09;15;736
1;2025-11-09;16;632
1;2025-11-09;17;590
1;2025-11-09;18;449
1;2025-11-09;19;465
1;2025-11-09;20;313
1;2025-11-09;21;271
1;2025-11-09;22;90
1;2025-11-09;23;37
1;2025-11-10;0;0
1;2025-11-10;1;0
1;2025-11-10;2;0
1;2025-11-10;3;0
1;2025-11-10;4;11
1;2025-11-10;5;156
1;2025-11-10;6;491
1;2025-11-10;7;1195
1;2025-11-10;8;1808
1;2025-11-10;9;1514
1;2025-11-10;10;1370
1;2025-11-10;11;1383
1;2025-11-10;12;1489
1;2025-11-10;13;1440
1;2025-11-10;14;1433
1;2025-11-10;15;1465
1;2025-11-10;16;1553
1;2025-11-10;17;1786
1;2025-11-10;18;1958
1;2025-11-10;19;1431
1;2025-11-10;20;863
1;2025-11-10;21;467
1;2025-11-10;22;132
1;2025-11-10;23;28
1;2025-11-11;0;7
1;2025-11-11;1;0
1;2025-11-11;2;0
1;2025-11-11;3;0
1;2025-11-11;4;15
1;2025-11-11;5;94
1;2025-11-11;6;565
1;2025-11-11;7;1492
1;2025-11-11;8;1830
1;2025-11-11;9;1524
1;2025-11-11;10;1417
1;2025-11-11;11;1398
1;2025-11-11;12;1494
1;2025-11-11;13;1496
1;2025-11-11;14;1272
1;2025-11-11;15;1302
1;2025-11-11;16;1526
1;2025-11-11;17;1743
1;2025-11-11;18;1817
1;2025-11-11;19;1456
1;2025-11-11;20;852
1;2025-11-11;21;431
1;2025-11-11;22;178
1;2025-11-11;23;45
1;2025-11-12;0;0
1;2025-11-12;1;0
1;2025-11-12;2;0
1;2025-11-12;3;0
1;2025-11-12;4;8
1;2025-11-12;5;122
1;2025-11-12;6;509
1;2025-11-12;7;1164
1;2025-11-12;8;1764
1;2025-11-12;9;1534
1;2025-11-12;10;1444
1;2025-11-12;11;1327
1;2025-11-12;12;1444
1;2025-11-12;13;1550
1;2025-11-12;14;1348
1;2025-11-12;15;1398
1;2025-11-12;16;1396
1;2025-11-12;17;1781
1;2025-11-12;18;1704
1;2025-11-12;19;1302
1;2025-11-12;20;793
1;2025-11-12;21;493
1;2025-11-12;22;200
1;2025-11-12;23;32
1;2025-11-13;0;3
1;2025-11-13;1;0
1;2025-11-13;2;0
1;2025-11-13;3;0
1;2025-11-13;4;6
1;2025-11-13;5;104
1;2025-11-13;6;465
1;2025-11-13;7;1319
1;2025-11-13;8;1700
1;2025-11-13;9;1414
1;2025-11-13;10;1372
1;2025-11-13;11;1309
1;2025-11-13;12;1391
1;2025-11-13;13;1464
1;2025-11-13;14;1160
1;2025-11-13;15;1416
1;2025-11-13;16;1550
1;2025-11-13;17;1597
1;2025-11-13;18;1630
1;2025-11-13;19;1212
1;2025-11-13;20;863
1;2025-11-13;21;387
1;2025-11-13;22;143
1;2025-11-13;23;29
1;2025-11-14;0;5
1;2025-11-14;1;0
1;2025-11-14;2;0
1;2025-11-14;3;0
1;2025-11-14;4;4
1;2025-11-14;5;126
1;2025-11-14;6;488
1;2025-11-14;7;1375
1;2025-11-14;8;1800
1;2025-11-14;9;1498
1;2025-11-14;10;1279
1;2025-11-14;11;1270
1;2025-11-14;12;1332
1;2025-11-14;13;1284
1;2025-11-14;14;998
1;2025-11-14;15;1159
1;2025-11-14;16;1421
1;2025-11-14;17;1824
1;2025-11-14;18;1375
1;2025-11-14;19;1228
1;2025-11-14;20;765
1;2025-11-14;21;457
1;2025-11-14;22;179
1;2025-11-14;23;49
1;2025-11-15;0;1
1;2025-11-15;1;0
1;2025-11-15;2;0
1;2025-11-15;3;0
1;2025-11-15;4;2
1;2025-11-15;5;39
1;2025-11-15;6;158
1;2025-11-15;7;406
1;2025-11-15;8;536
1;2025-11-15;9;785
1;2025-11-15;10;902
1;2025-11-15;11;973
1;2025-11-15;12;1139
1;2025-11-15;13;1209
1;2025-11-15;14;1095
1;2025-11-15;15;1004
1;2025-11-15;16;826
1;2025-11-15;17;802
1;2025-11-15;18;757
1;2025-11-15;19;711
1;2025-11-15;20;491
1;2025-11-15;21;271
1;2025-11-15;22;115
1;2025-11-15;23;17
1;2025-11-16;0;0
1;2025-11-16;1;0
1;2025-11-16;2;0
1;2025-11-16;3;0
1;2025-11-16;4;0
1;2025-11-16;5;24
1;2025-11-16;6;108
1;2025-11-16;7;231
1;2025-11-16;8;323
1;2025-11-16;9;545
1;2025-11-16;10;622
1;2025-11-16;11;778
1;2025-11-16;12;774
1;2025-11-16;13;840
1;2025-11-16;14;872
1;2025-11-16;15;736
1;2025-11-16;16;632
1;2025-11-16;17;589
1;2025-11-16;18;450
1;2025-11-16;19;465
1;2025-11-16;20;315
1;2025-11-16;21;272
1;2025-11-16;22;89
1;2025-11-16;23;37
1;2025-11-17;0;0
1;2025-11-17;1;0
1;2025-11-17;2;0
1;2025-11-17;3;0
1;2025-11-17;4;11
1;2025-11-17;5;156
1;2025-11-17;6;491
1;2025-11-17;7;1195
1;2025-11-17;8;1808
1;2025-11-17;9;1514
1;2025-11-17;10;1371
1;2025-11-17;11;1383
1;2025-11-17;12;1489
1;2025-11-17;13;1440
1;2025-11-17;14;1433
1;2025-11-17;15;1465
1;2025-11-17;16;1552
1;2025-11-17;17;1786
1;2025-11-17;18;1959
1;2025-11-17;19;1431
1;2025-11-17;20;864
1;2025-11-17;21;468
1;2025-11-17;22;132
1;2025-11-17;23;28
1;2025-11-18;0;6
1;2025-11-18;1;0
1;2025-11-18;2;0
1;2025-11-18;3;0
1;2025-11-18;4;14
1;2025-11-18;5;94
1;2025-11-18;6;566
1;2025-11-18;7;1491
1;2025-11-18;8;1829
1;2025-11-18;9;1524
1;2025-11-18;10;1418
1;2025-11-18;11;1398
1;2025-11-18;12;1494
1;2025-11-18;13;1497
1;2025-11-18;14;1272
1;2025-11-18;15;1302
1;2025-11-18;16;1526
1;2025-11-18;17;1743
1;2025-11-18;18;1818
1;2025-11-18;19;1455
1;2025-11-18;20;854
1;2025-11-18;21;432
1;2025-11-18;22;177
1;2025-11-18;23;45
1;2025-11-19;0;0
1;2025-11-19;1;0
1;2025-11-19;2;0
1;2025-11-19;3;0
1;2025-11-19;4;8
1;2025-11-19;5;122
1;2025-11-19;6;509
1;2025-11-19;7;1163
1;2025-11-19;8;1764
1;2025-11-19;9;1534
1;2025-11-19;10;1446
1;2025-11-19;11;1327
1;2025-11-19;12;1444
1;2025-11-19;13;1550
1;2025-11-19;14;1348
1;2025-11-19;15;1398
1;2025-11-19;16;1396
1;2025-11-19;17;1781
1;2025-11-19;18;1705
1;2025-11-19;19;1301
1;2025-11-19;20;795
1;2025-11-19;21;494
1;2025-11-19;22;200
1;2025-11-19;23;32
1;2025-11-20;0;1
1;2025-11-20;1;0
1;2025-11-20;2;0
1;2025-11-20;3;0
1;2025-11-20;4;6
1;2025-11-20;5;104
1;2025-11-20;6;466
1;2025-11-20;7;1319
1;2025-11-20;8;1699
1;2025-11-20;9;1414
1;2025-11-20;10;1374
1;2025-11-20;11;1310
1;2025-11-20;12;1391
1;2025-11-20;13;1465
1;2025-11-20;14;1161
1;2025-11-20;15;1416
1;2025-11-20;16;1550
1;2025-11-20;17;1597
1;2025-11-20;18;1632
1;2025-11-20;19;1212
1;2025-11-20;20;865
1;2025-11-20;21;388
1;2025-11-20;22;143
1;2025-11-20;23;29
1;2025-11-21;0;4
1;2025-11-21;1;0
1;2025-11-21;2;0
1;2025-11-21;3;0
1;2025-11-21;4;3
1;2025-11-21;5;126
1;2025-11-21;6;488
1;2025-11-21;7;1374
1;2025-11-21;8;1800
1;2025-11-21;9;1499
1;2025-11-21;10;1281
1;2025-11-21;11;1270
1;2025-11-21;12;1332
1;2025-11-21;13;1285
1;2025-11-21;14;999
1;2025-11-21;15;1159
1;2025-11-21;16;1421
1;2025-11-21;17;1824
1;2025-11-21;18;1376
1;2025-11-21;19;1228
1;2025-11-21;20;768
1;2025-11-21;21;458
1;2025-11-21;22;179
1;2025-11-21;23;49
1;2025-11-22;0;0
1;2025-11-22;1;0
1;2025-11-22;2;0
1;2025-11-22;3;0
1;2025-11-22;4;2
1;2025-11-22;5;39
1;2025-11-22;6;158
1;2025-11-22;7;406
1;2025-11-22;8;535
1;2025-11-22;9;785
1;2025-11-22;10;903
1;2025-11-22;11;973
1;2025-11-22;12;1138
1;2025-11-22;13;1209
1;2025-11-22;14;1095
1;2025-11-22;15;1004
1;2025-11-22;16;825
1;2025-11-22;17;802
1;2025-11-22;18;758
1;2025-11-22;19;710
1;2025-11-22;20;493
1;2025-11-22;21;271
1;2025-11-22;22;115
1;2025-11-22;23;17
1;2025-11-23;0;0
1;2025-11-23;1;0
1;2025-11-23;2;0
1;2025-11-23;3;0
1;2025-11-23;4;0
1;2025-11-23;5;24
1;2025-11-23;6;109
1;2025-11-23;7;231
1;2025-11-23;8;322
1;2025-11-23;9;544
1;2025-11-23;10;623
1;2025-11-23;11;778
1;2025-11-23;12;774
1;2025-11-23;13;840
1;2025-11-23;14;872
1;2025-11-23;15;735
1;2025-11-23;16;631
1;2025-11-23;17;589
1;2025-11-23;18;451
1;2025-11-23;19;464
1;2025-11-23;20;317
1;2025-11-23;21;273
1;2025-11-23;22;89
1;2025-11-23;23;37
1;2025-11-24;0;0
1;2025-11-24;1;0
1;2025-11-24;2;0
1;2025-11-24;3;0
1;2025-11-24;4;10
1;2025-11-24;5;156
1;2025-11-24;6;492
1;2025-11-24;7;1195
1;2025-11-24;8;1807
1;2025-11-24;9;1514
1;2025-11-24;10;1372
1;2025-11-24;11;1383
1;2025-11-24;12;1488
1;2025-11-24;13;1441
1;2025-11-24;14;1434
1;2025-11-24;15;1464
1;2025-11-24;16;1552
1;2025-11-24;17;1785
1;2025-11-24;18;1960
1;2025-11-24;19;1431
1;2025-11-24;20;866
1;2025-11-24;21;468
1;2025-11-24;22;132
1;2025-11-24;23;28
1;2025-11-25;0;5
1;2025-11-25;1;0
1;2025-11-25;2;0
1;2025-11-25;3;0
1;2025-11-25;4;14
1;2025-11-25;5;94
1;2025-11-25;6;567
1;2025-11-25;7;1491
1;2025-11-25;8;1828
1;2025-11-25;9;1525
1;2025-11-25;10;1419
1;2025-11-25;11;1398
1;2025-11-25;12;1493
1;2025-11-25;13;1497
1;2025-11-25;14;1272
1;2025-11-25;15;1302
1;2025-11-25;16;1526
1;2025-11-25;17;1742
1;2025-11-25;18;1819
1;2025-11-25;19;1455
1;2025-11-25;20;856
1;2025-11-25;21;432
1;2025-11-25;22;177
1;2025-11-25;23;45
1;2025-11-26;0;0
1;2025-11-26;1;0
1;2025-11-26;2;0
1;2025-11-26;3;0
1;2025-11-26;4;8
1;2025-11-26;5;122
1;2025-11-26;6;510
1;2025-11-26;7;1163
1;2025-11-26;8;1763
1;2025-11-26;9;1534
1;2025-11-26;10;1447
1;2025-11-26;11;1327
1;2025-11-26;12;1444
1;2025-11-26;13;1551
1;2025-11-26;14;1349
1;2025-11-26;15;1398
1;2025-11-26;16;1396
1;2025-11-26;17;1781
1;2025-11-26;18;1707
1;2025-11-26;19;1301
1;2025-11-26;20;797
1;2025-11-26;21;495
1;2025-11-26;22;200
1;2025-11-26;23;32
1;2025-11-27;0;0
1;2025-11-27;1;0
1;2025-11-27;2;0
1;2025-11-27;3;0
1;2025-11-27;4;6
1;2025-11-27;5;104
1;2025-11-27;6;467
1;2025-11-27;7;1318
1;2025-11-27;8;1698
1;2025-11-27;9;1415
1;2025-11-27;10;1376
1;2025-11-27;11;1310
1;2025-11-27;12;1392
1;2025-11-27;13;1466
1;2025-11-27;14;1161
1;2025-11-27;15;1416
1;2025-11-27;16;1550
1;2025-11-27;17;1597
1;2025-11-27;18;1633
1;2025-11-27;19;1212
1;2025-11-27;20;868
1;2025-11-27;21;390
1;2025-11-27;22;143
1;2025-11-27;23;29
1;2025-11-28;0;4
1;2025-11-28;1;0
1;2025-11-28;2;0
1;2025-11-28;3;0
1;2025-11-28;4;3
1;2025-11-28;5;126
1;2025-11-28;6;489
1;2025-11-28;7;1374
1;2025-11-28;8;1799
1;2025-11-28;9;1499
1;2025-11-28;10;1282
1;2025-11-28;11;1271
1;2025-11-28;12;1333
1;2025-11-28;13;1286
1;2025-11-28;14;1000
1;2025-11-28;15;1159
1;2025-11-28;16;1422
1;2025-11-28;17;1824
1;2025-11-28;18;1377
1;2025-11-28;19;1227
1;2025-11-28;20;770
1;2025-11-28;21;459
1;2025-11-28;22;180
1;2025-11-28;23;49
1;2025-11-29;0;0
1;2025-11-29;1;0
1;2025-11-29;2;0
1;2025-11-29;3;0
1;2025-11-29;4;2
1;2025-11-29;5;39
1;2025-11-29;6;159
1;2025-11-29;7;405
1;2025-11-29;8;534
1;2025-11-29;9;785
1;2025-11-29;10;904
1;2025-11-29;11;973
1;2025-11-29;12;1138
1;2025-11-29;13;1209
1;2025-11-29;14;1095
1;2025-11-29;15;1004
1;2025-11-29;16;825
1;2025-11-29;17;801
1;2025-11-29;18;759
1;2025-11-29;19;710
1;2025-11-29;20;494
1;2025-11-29;21;272
1;2025-11-29;22;115
1;2025-11-29;23;17
1;2025-11-30;0;0
1;2025-11-30;1;0
1;2025-11-30;2;0
1;2025-11-30;3;0
1;2025-11-30;4;0
1;2025-11-30;5;24
1;2025-11-30;6;110
1;2025-11-30;7;230
1;2025-11-30;8;321
1;2025-11-30;9;544
1;2025-11-30;10;624
1;2025-11-30;11;778
1;2025-11-30;12;773
1;2025-11-30;13;840
1;2025-11-30;14;872
1;2025-11-30;15;735
1;2025-11-30;16;631
1;2025-11-30;17;588
1;2025-11-30;18;451
1;2025-11-30;19;464
1;2025-11-30;20;319
1;2025-11-30;21;273
1;2025-11-30;22;89
1;2025-11-30;23;37
1;2025-12-01;0;0
1;2025-12-01;1;0
1;2025-12-01;2;0
1;2025-12-01;3;0
1;2025-12-01;4;10
1;2025-12-01;5;156
1;2025-12-01;6;493
1;2025-12-01;7;1194
1;2025-12-01;8;1806
1;2025-12-01;9;1514
1;2025-12-01;10;1373
1;2025-12-01;11;1383
1;2025-12-01;12;1488
1;2025-12-01;13;1441
1;2025-12-01;14;1434
1;2025-12-01;15;1464
1;2025-12-01;16;1551
1;2025-12-01;17;1785
1;2025-12-01;18;1961
1;2025-12-01;19;1430
1;2025-12-01;20;868
1;2025-12-01;21;469
1;2025-12-01;22;131
1;2025-12-01;23;28
1;2025-12-02;0;3
1;2025-12-02;1;0
1;2025-12-02;2;0
1;2025-12-02;3;0
1;2025-12-02;4;14
1;2025-12-02;5;94
1;2025-12-02;6;567
1;2025-12-02;7;1491
1;2025-12-02;8;1828
1;2025-12-02;9;1525
1;2025-12-02;10;1420
1;2025-12-02;11;1398
1;2025-12-02;12;1493
1;2025-12-02;13;1498
1;2025-12-02;14;1272
1;2025-12-02;15;1303
1;2025-12-02;16;1525
1;2025-12-02;17;1742
1;2025-12-02;18;1819
1;2025-12-02;19;1455
1;2025-12-02;20;857
1;2025-12-02;21;433
1;2025-12-02;22;177
1;2025-12-02;23;45
1;2025-12-03;0;0
1;2025-12-03;1;0
1;2025-12-03;2;0
1;2025-12-03;3;0
1;2025-12-03;4;8
1;2025-12-03;5;122
1;2025-12-03;6;511
1;2025-12-03;7;1163
1;2025-12-03;8;1762
1;2025-12-03;9;1535
1;2025-12-03;10;1449
1;2025-12-03;11;1328
1;2025-12-03;12;1444
1;2025-12-03;13;1552
1;2025-12-03;14;1349
1;2025-12-03;15;1399
1;2025-12-03;16;1396
1;2025-12-03;17;1781
1;2025-12-03;18;1708
1;2025-12-03;19;1301
1;2025-12-03;20;799
1;2025-12-03;21;496
1;2025-12-03;22;200
1;2025-12-03;23;32
1;2025-12-04;0;0
1;2025-12-04;1;0
1;2025-12-04;2;0
1;2025-12-04;3;0
1;2025-12-04;4;5
1;2025-12-04;5;104
1;2025-12-04;6;468
1;2025-12-04;7;1318
1;2025-12-04;8;1698
1;2025-12-04;9;1415
1;2025-12-04;10;1377
1;2025-12-04;11;1311
1;2025-12-04;12;1392
1;2025-12-04;13;1467
1;2025-12-04;14;1162
1;2025-12-04;15;1416
1;2025-12-04;16;1550
1;2025-12-04;17;1597
1;2025-12-04;18;1634
1;2025-12-04;19;1212
1;2025-12-04;20;870
1;2025-12-04;21;391
1;2025-12-04;22;144
1;2025-12-04;23;29
1;2025-12-05;0;3
1;2025-12-05;1;0
1;2025-12-05;2;0
1;2025-12-05;3;0
1;2025-12-05;4;3
1;2025-12-05;5;126
1;2025-12-05;6;490
1;2025-12-05;7;1374
1;2025-12-05;8;1798
1;2025-12-05;9;1500
1;2025-12-05;10;1284
1;2025-12-05;11;1272
1;2025-12-05;12;1333
1;2025-12-05;13;1287
1;2025-12-05;14;1000
1;2025-12-05;15;1159
1;2025-12-05;16;1422
1;2025-12-05;17;1825
1;2025-12-05;18;1378
1;2025-12-05;19;1227
1;2025-12-05;20;772
1;2025-12-05;21;460
1;2025-12-05;22;180
1;2025-12-05;23;49
1;2025-12-06;0;0
1;2025-12-06;1;0
1;2025-12-06;2;0
1;2025-12-06;3;0
1;2025-12-06;4;2
1;2025-12-06;5;39
1;2025-12-06;6;160
1;2025-12-06;7;405
1;2025-12-06;8;534
1;2025-12-06;9;784
1;2025-12-06;10;904
1;2025-12-06;11;972
1;2025-12-06;12;1137
1;2025-12-06;13;1209
1;2025-12-06;14;1095
1;2025-12-06;15;1004
1;2025-12-06;16;825
1;2025-12-06;17;800
1;2025-12-06;18;760
1;2025-12-06;19;710
1;2025-12-06;20;496
1;2025-12-06;21;272
1;2025-12-06;22;115
1;2025-12-06;23;17
1;2025-12-07;0;0
1;2025-12-07;1;0
1;2025-12-07;2;0
1;2025-12-07;3;0
1;2025-12-07;4;0
1;2025-12-07;5;24
1;2025-12-07;6;110
1;2025-12-07;7;230
1;2025-12-07;8;320
1;2025-12-07;9;544
1;2025-12-07;10;625
1;2025-12-07;11;777
1;2025-12-07;12;773
1;2025-12-07;13;840
1;2025-12-07;14;872
1;2025-12-07;15;735
1;2025-12-07;16;630
1;2025-12-07;17;588
1;2025-12-07;18;452
1;2025-12-07;19;463
1;2025-12-07;20;320
1;2025-12-07;21;274
1;2025-12-07;22;89
1;2025-12-07;23;37
1;2025-12-08;0;0
1;2025-12-08;1;0
1;2025-12-08;2;0
1;2025-12-08;3;0
1;2025-12-08;4;10
1;2025-12-08;5;156
1;2025-12-08;6;494
1;2025-12-08;7;1194
1;2025-12-08;8;1805
1;2025-12-08;9;1514
1;2025-12-08;10;1374
1;2025-12-08;11;1384
1;2025-12-08;12;1488
1;2025-12-08;13;1441
1;2025-12-08;14;1434
1;2025-12-08;15;1464
1;2025-12-08;16;1550
1;2025-12-08;17;1785
1;2025-12-08;18;1962
1;2025-12-08;19;1430
1;2025-12-08;20;870
1;2025-12-08;21;470
1;2025-12-08;22;131
1;2025-12-08;23;28
1;2025-12-09;0;2
1;2025-12-09;1;0
1;2025-12-09;2;0
1;2025-12-09;3;0
1;2025-12-09;4;14
1;2025-12-09;5;94
1;2025-12-09;6;568
1;2025-12-09;7;1491
1;2025-12-09;8;1827
1;2025-12-09;9;1525
1;2025-12-09;10;1421
1;2025-12-09;11;1399
1;2025-12-09;12;1493
1;2025-12-09;13;1498
1;2025-12-09;14;1273
1;2025-12-09;15;1303
1;2025-12-09;16;1525
1;2025-12-09;17;1742
1;2025-12-09;18;1820
1;2025-12-09;19;1455
1;2025-12-09;20;859
1;2025-12-09;21;434
1;2025-12-09;22;177
1;2025-12-09;23;45
1;2025-12-10;0;0
1;2025-12-10;1;0
1;2025-12-10;2;0
1;2025-12-10;3;0
1;2025-12-10;4;8
1;2025-12-10;5;123
1;2025-12-10;6;512
1;2025-12-10;7;1163
1;2025-12-10;8;1761
1;2025-12-10;9;1535
1;2025-12-10;10;1450
1;2025-12-10;11;1328
1;2025-12-10;12;1444
1;2025-12-10;13;1553
1;2025-12-10;14;1350
1;2025-12-10;15;1399
1;2025-12-10;16;1396
1;2025-12-10;17;1781
1;2025-12-10;18;1709
1;2025-12-10;19;1301
1;2025-12-10;20;801
1;2025-12-10;21;496
1;2025-12-10;22;200
1;2025-12-10;23;32
1;2025-12-11;0;0
1;2025-12-11;1;0
1;2025-12-11;2;0
1;2025-12-11;3;0
1;2025-12-11;4;5
1;2025-12-11;5;104
1;2025-12-11;6;468
1;2025-12-11;7;1318
1;2025-12-11;8;1697
1;2025-12-11;9;1416
1;2025-12-11;10;1379
1;2025-12-11;11;1312
1;2025-12-11;12;1392
1;2025-12-11;13;1468
1;2025-12-11;14;1163
1;2025-12-11;15;1417
1;2025-12-11;16;1550
1;2025-12-11;17;1597
1;2025-12-11;18;1635
1;2025-12-11;19;1212
1;2025-12-11;20;872
1;2025-12-11;21;392
1;2025-12-11;22;144
1;2025-12-11;23;29
1;2025-12-12;0;2
1;2025-12-12;1;0
1;2025-12-12;2;0
1;2025-12-12;3;0
1;2025-12-12;4;3
1;2025-12-12;5;126
1;2025-12-12;6;491
1;2025-12-12;7;1374
1;2025-12-12;8;1797
1;2025-12-12;9;1500
1;2025-12-12;10;1285
1;2025-12-12;11;1273
1;2025-12-12;12;1333
1;2025-12-12;13;1289
1;2025-12-12;14;1001
1;2025-12-12;15;1160
1;2025-12-12;16;1422
1;2025-12-12;17;1825
1;2025-12-12;18;1379
1;2025-12-12;19;1227
1;2025-12-12;20;774
1;2025-12-12;21;462
1;2025-12-12;22;180
1;2025-12-12;23;49
1;2025-12-13;0;0
1;2025-12-13;1;0
1;2025-12-13;2;0
1;2025-12-13;3;0
1;2025-12-13;4;2
1;2025-12-13;5;39
1;2025-12-13;6;161
1;2025-12-13;7;405
1;2025-12-13;8;533
1;2025-12-13;9;784
1;2025-12-13;10;905
1;2025-12-13;11;972
1;2025-12-13;12;1137
1;2025-12-13;13;1210
1;2025-12-13;14;1095
1;2025-12-13;15;1004
1;2025-12-13;16;824
1;2025-12-13;17;800
1;2025-12-13;18;761
1;2025-12-13;19;709
1;2025-12-13;20;497
1;2025-12-13;21;273
1;2025-12-13;22;114
1;2025-12-13;23;17
1;2025-12-14;0;0
1;2025-12-14;1;0
1;2025-12-14;2;0
1;2025-12-14;3;0
1;2025-12-14;4;0
1;2025-12-14;5;24
1;2025-12-14;6;111
1;2025-12-14;7;230
1;2025-12-14;8;320
1;2025-12-14;9;544
1;2025-12-14;10;626
1;2025-12-14;11;777
1;2025-12-14;12;772
1;2025-12-14;13;840
1;2025-12-14;14;872
1;2025-12-14;15;734
1;2025-12-14;16;630
1;2025-12-14;17;587
1;2025-12-14;18;453
1;2025-12-14;19;463
1;2025-12-14;20;322
1;2025-12-14;21;275
1;2025-12-14;22;88
1;2025-12-14;23;37
1;2025-12-15;0;0
1;2025-12-15;1;0
1;2025-12-15;2;0
1;2025-12-15;3;0
1;2025-12-15;4;10
1;2025-12-15;5;156
1;2025-12-15;6;494
1;2025-12-15;7;1194
1;2025-12-15;8;1804
1;2025-12-15;9;1514
1;2025-12-15;10;1375
1;2025-12-15;11;1384
1;2025-12-15;12;1487
1;2025-12-15;13;1442
1;2025-12-15;14;1434
1;2025-12-15;15;1464
1;2025-12-15;16;1550
1;2025-12-15;17;1784
1;2025-12-15;18;1963
1;2025-12-15;19;1430
1;2025-12-15;20;871
1;2025-12-15;21;470
1;2025-12-15;22;131
1;2025-12-15;23;28
1;2025-12-16;0;1
1;2025-12-16;1;0
1;2025-12-16;2;0
1;2025-12-16;3;0
1;2025-12-16;4;14
1;2025-12-16;5;94
1;2025-12-16;6;569
1;2025-12-16;7;1491
1;2025-12-16;8;1826
1;2025-12-16;9;1525
1;2025-12-16;10;1422
1;2025-12-16;11;1399
1;2025-12-16;12;1493
1;2025-12-16;13;1499
1;2025-12-16;14;1273
1;2025-12-16;15;1303
1;2025-12-16;16;1525
1;2025-12-16;17;1742
1;2025-12-16;18;1821
1;2025-12-16;19;1454
1;2025-12-16;20;861
1;2025-12-16;21;434
1;2025-12-16;22;177
1;2025-12-16;23;45
1;2025-12-17;0;0
1;2025-12-17;1;0
1;2025-12-17;2;0
1;2025-12-17;3;0
1;2025-12-17;4;8
1;2025-12-17;5;123
1;2025-12-17;6;513
1;2025-12-17;7;1162
1;2025-12-17;8;1761
1;2025-12-17;9;1535
1;2025-12-17;10;1452
1;2025-12-17;11;1328
1;2025-12-17;12;1444
1;2025-12-17;13;1553
1;2025-12-17;14;1350
1;2025-12-17;15;1399
1;2025-12-17;16;1396
1;2025-12-17;17;1781
1;2025-12-17;18;1710
1;2025-12-17;19;1301
1;2025-12-17;20;803
1;2025-12-17;21;497
1;2025-12-17;22;200
1;2025-12-17;23;32
1;2025-12-18;0;0
1;2025-12-18;1;0
1;2025-12-18;2;0
1;2025-12-18;3;0
1;2025-12-18;4;4
1;2025-12-18;5;104
1;2025-12-18;6;469
1;2025-12-18;7;1317
1;2025-12-18;8;1696
1;2025-12-18;9;1416
1;2025-12-18;10;1381
1;2025-12-18;11;1312
1;2025-12-18;12;1392
1;2025-12-18;13;1469
1;2025-12-18;14;1163
1;2025-12-18;15;1417
1;2025-12-18;16;1550
1;2025-12-18;17;1598
1;2025-12-18;18;1637
1;2025-12-18;19;1212
1;2025-12-18;20;874
1;2025-12-18;21;393
1;2025-12-18;22;144
1;2025-12-18;23;29
1;2025-12-19;0;1
1;2025-12-19;1;0
1;2025-12-19;2;0
1;2025-12-19;3;0
1;2025-12-19;4;2
1;2025-12-19;5;126
1;2025-12-19;6;491
1;2025-12-19;7;1373
1;2025-12-19;8;1796
1;2025-12-19;9;1501
1;2025-12-19;10;1287
1;2025-12-19;11;1273
1;2025-12-19;12;1333
1;2025-12-19;13;1290
1;2025-12-19;14;1002
1;2025-12-19;15;1160
1;2025-12-19;16;1422
1;2025-12-19;17;1825
1;2025-12-19;18;1380
1;2025-12-19;19;1227
1;2025-12-19;20;777
1;2025-12-19;21;463
1;2025-12-19;22;181
1;2025-12-19;23;49
1;2025-12-20;0;0
1;2025-12-20;1;0
1;2025-12-20;2;0
1;2025-12-20;3;0
1;2025-12-20;4;2
1;2025-12-20;5;39
1;2025-12-20;6;162
1;2025-12-20;7;404
1;2025-12-20;8;532
1;2025-12-20;9;784
1;2025-12-20;10;906
1;2025-12-20;11;972
1;2025-12-20;12;1136
1;2025-12-20;13;1210
1;2025-12-20;14;1095
1;2025-12-20;15;1004
1;2025-12-20;16;824
1;2025-12-20;17;799
1;2025-12-20;18;762
1;2025-12-20;19;709
1;2025-12-20;20;499
1;2025-12-20;21;273
1;2025-12-20;22;114
1;2025-12-20;23;18
1;2025-12-21;0;0
1;2025-12-21;1;0
1;2025-12-21;2;0
1;2025-12-21;3;0
1;2025-12-21;4;0
1;2025-12-21;5;24
1;2025-12-21;6;112
1;2025-12-21;7;229
1;2025-12-21;8;319
1;2025-12-21;9;544
1;2025-12-21;10;626
1;2025-12-21;11;777
1;2025-12-21;12;772
1;2025-12-21;13;840
1;2025-12-21;14;873
1;2025-12-21;15;734
1;2025-12-21;16;629
1;2025-12-21;17;587
1;2025-12-21;18;454
1;2025-12-21;19;462
1;2025-12-21;20;324
1;2025-12-21;21;275
1;2025-12-21;22;88
1;2025-12-21;23;37
1;2025-12-22;0;0
1;2025-12-22;1;0
1;2025-12-22;2;0
1;2025-12-22;3;0
1;2025-12-22;4;10
1;2025-12-22;5;156
1;2025-12-22;6;495
1;2025-12-22;7;1193
1;2025-12-22;8;1803
1;2025-12-22;9;1514
1;2025-12-22;10;1376
1;2025-12-22;11;1384
1;2025-12-22;12;1487
1;2025-12-22;13;1442
1;2025-12-22;14;1434
1;2025-12-22;15;1464
1;2025-12-22;16;1549
1;2025-12-22;17;1784
1;2025-12-22;18;1964
1;2025-12-22;19;1430
1;2025-12-22;20;873
1;2025-12-22;21;471
1;2025-12-22;22;131
1;2025-12-22;23;28
1;2025-12-23;0;0
1;2025-12-23;1;0
1;2025-12-23;2;0
1;2025-12-23;3;0
1;2025-12-23;4;14
1;2025-12-23;5;94
1;2025-12-23;6;570
1;2025-12-23;7;1490
1;2025-12-23;8;1825
1;2025-12-23;9;1525
1;2025-12-23;10;1422
1;2025-12-23;11;1399
1;2025-12-23;12;1493
1;2025-12-23;13;1500
1;2025-12-23;14;1273
1;2025-12-23;15;1303
1;2025-12-23;16;1524
1;2025-12-23;17;1742
1;2025-12-23;18;1822
1;2025-12-23;19;1454
1;2025-12-23;20;863
1;2025-12-23;21;435
1;2025-12-23;22;176
1;2025-12-23;23;45
1;2025-12-24;0;0
1;2025-12-24;1;0
1;2025-12-24;2;0
1;2025-12-24;3;0
1;2025-12-24;4;8
1;2025-12-24;5;123
1;2025-12-24;6;513
1;2025-12-24;7;1162
1;2025-12-24;8;1760
1;2025-12-24;9;1536
1;2025-12-24;10;1453
1;2025-12-24;11;1329
1;2025-12-24;12;1444
1;2025-12-24;13;1554
1;2025-12-24;14;1351
1;2025-12-24;15;1399
1;2025-12-24;16;1395
1;2025-12-24;17;1781
1;2025-12-24;18;1711
1;2025-12-24;19;1300
1;2025-12-24;20;805
1;2025-12-24;21;498
1;2025-12-24;22;200
1;2025-12-24;23;32
1;2025-12-25;0;0
1;2025-12-25;1;0
1;2025-12-25;2;0
1;2025-12-25;3;0
1;2025-12-25;4;4
1;2025-12-25;5;104
1;2025-12-25;6;470
1;2025-12-25;7;1317
1;2025-12-25;8;1695
1;2025-12-25;9;1417
1;2025-12-25;10;1382
1;2025-12-25;11;1313
1;2025-12-25;12;1392
1;2025-12-25;13;1470
1;2025-12-25;14;1164
1;2025-12-25;15;1417
1;2025-12-25;16;1550
1;2025-12-25;17;1598
1;2025-12-25;18;1638
1;2025-12-25;19;1212
1;2025-12-25;20;876
1;2025-12-25;21;394
1;2025-12-25;22;145
1;2025-12-25;23;29
1;2025-12-26;0;0
1;2025-12-26;1;0
1;2025-12-26;2;0
1;2025-12-26;3;0
1;2025-12-26;4;2
1;2025-12-26;5;126
1;2025-12-26;6;492
1;2025-12-26;7;1373
1;2025-12-26;8;1795
1;2025-12-26;9;1502
1;2025-12-26;10;1288
1;2025-12-26;11;1274
1;2025-12-26;12;1333
1;2025-12-26;13;1291
1;2025-12-26;14;1003
1;2025-12-26;15;1160
1;2025-12-26;16;1422
1;2025-12-26;17;1825
1;2025-12-26;18;1381
1;2025-12-26;19;1227
1;2025-12-26;20;779
1;2025-12-26;21;464
1;2025-12-26;22;181
1;2025-12-26;23;50
1;2025-12-27;0;0
1;2025-12-27;1;0
1;2025-12-27;2;0
1;2025-12-27;3;0
1;2025-12-27;4;2
1;2025-12-27;5;38
1;2025-12-27;6;163
1;2025-12-27;7;404
1;2025-12-27;8;531
1;2025-12-27;9;784
1;2025-12-27;10;907
1;2025-12-27;11;971
1;2025-12-27;12;1136
1;2025-12-27;13;1210
1;2025-12-27;14;1096
1;2025-12-27;15;1004
1;2025-12-27;16;823
1;2025-12-27;17;799
1;2025-12-27;18;763
1;2025-12-27;19;709
1;2025-12-27;20;501
1;2025-12-27;21;274
1;2025-12-27;22;114
1;2025-12-27;23;18
1;2025-12-28;0;0
1;2025-12-28;1;0
1;2025-12-28;2;0
1;2025-12-28;3;0
1;2025-12-28;4;0
1;2025-12-28;5;25
1;2025-12-28;6;113
1;2025-12-28;7;229
1;2025-12-28;8;318
1;2025-12-28;9;544
1;2025-12-28;10;627
1;2025-12-28;11;776
1;2025-12-28;12;771
1;2025-12-28;13;841
1;2025-12-28;14;873
1;2025-12-28;15;733
1;2025-12-28;16;629
1;2025-12-28;17;586
1;2025-12-28;18;455
1;2025-12-28;19;462
1;2025-12-28;20;325
1;2025-12-28;21;276
1;2025-12-28;22;88
1;2025-12-28;23;37
1;2025-12-29;0;0
1;2025-12-29;1;0
1;2025-12-29;2;0
1;2025-12-29;3;0
1;2025-12-29;4;10
1;2025-12-29;5;156
1;2025-12-29;6;496
1;2025-12-29;7;1193
1;2025-12-29;8;1803
1;2025-12-29;9;1514
1;2025-12-29;10;1377
1;2025-12-29;11;1384
1;2025-12-29;12;1486
1;2025-12-29;13;1442
1;2025-12-29;14;1434
1;2025-12-29;15;1464
1;2025-12-29;16;1549
1;2025-12-29;17;1783
1;2025-12-29;18;1965
1;2025-12-29;19;1429
1;2025-12-29;20;875
1;2025-12-29;21;471
1;2025-12-29;22;131
1;2025-12-29;23;28
1;2025-12-30;0;0
1;2025-12-30;1;0
1;2025-12-30;2;0
1;2025-12-30;3;0
1;2025-12-30;4;13
1;2025-12-30;5;94
1;2025-12-30;6;571
1;2025-12-30;7;1490
1;2025-12-30;8;1824
1;2025-12-30;9;1525
1;2025-12-30;10;1423
1;2025-12-30;11;1399
1;2025-12-30;12;1493
1;2025-12-30;13;1500
1;2025-12-30;14;1274
1;2025-12-30;15;1303
1;2025-12-30;16;1524
1;2025-12-30;17;1742
1;2025-12-30;18;1823
1;2025-12-30;19;1454
1;2025-12-30;20;864
1;2025-12-30;21;435
1;2025-12-30;22;176
1;2025-12-30;23;45
1;2025-12-31;0;0
1;2025-12-31;1;0
1;2025-12-31;2;0
1;2025-12-31;3;0
1;2025-12-31;4;8
1;2025-12-31;5;123
1;2025-12-31;6;514
1;2025-12-31;7;1162
1;2025-12-31;8;1759
1;2025-12-31;9;1536
1;2025-12-31;10;1455
1;2025-12-31;11;1329
1;2025-12-31;12;1444
1;2025-12-31;13;1555
1;2025-12-31;14;1351
1;2025-12-31;15;1399
1;2025-12-31;16;1395
1;2025-12-31;17;1781
1;2025-12-31;18;1712
1;2025-12-31;19;1300
1;2025-12-31;20;807
1;2025-12-31;21;499
1;2025-12-31;22;200
1;2025-12-31;23;32
5;2025-11-01;0;0
5;2025-11-01;1;0
5;2025-11-01;2;0
5;2025-11-01;3;0
5;2025-11-01;4;0
5;2025-11-01;5;0
5;2025-11-01;6;0
5;2025-11-01;7;0
5;2025-11-01;8;0
5;2025-11-01;9;0
5;2025-11-01;10;0
5;2025-11-01;11;0
5;2025-11-01;12;0
5;2025-11-01;13;0
5;2025-11-01;14;0
5;2025-11-01;15;0
5;2025-11-01;16;0
5;2025-11-01;17;0
5;2025-11-01;18;0
5;2025-11-01;19;0
5;2025-11-01;20;0
5;2025-11-01;21;0
5;2025-11-01;22;0
5;2025-11-01;23;0
5;2025-11-02;0;0
5;2025-11-02;1;0
5;2025-11-02;2;0
5;2025-11-02;3;0
5;2025-11-02;4;0
5;2025-11-02;5;0
5;2025-11-02;6;0
5;2025-11-02;7;0
5;2025-11-02;8;0
5;2025-11-02;9;0
5;2025-11-02;10;0
5;2025-11-02;11;0
5;2025-11-02;12;0
5;2025-11-02;13;0
5;2025-11-02;14;0
5;2025-11-02;15;0
5;2025-11-02;16;0
5;2025-11-02;17;0
5;2025-11-02;18;0
5;2025-11-02;19;0
5;2025-11-02;20;0
5;2025-11-02;21;0
5;2025-11-02;22;0
5;2025-11-02;23;0
5;2025-11-03;0;0
5;2025-11-03;1;0
5;2025-11-03;2;0
5;2025-11-03;3;0
5;2025-11-03;4;0
5;2025-11-03;5;0
5;2025-11-03;6;0
5;2025-11-03;7;0
5;2025-11-03;8;0
5;2025-11-03;9;0
5;2025-11-03;10;0
5;2025-11-03;11;0
5;2025-11-03;12;0
5;2025-11-03;13;0
5;2025-11-03;14;0
5;2025-11-03;15;0
5;2025-11-03;16;0
5;2025-11-03;17;0
5;2025-11-03;18;0
5;2025-11-03;19;0
5;2025-11-03;20;0
5;2025-11-03;21;0
5;2025-11-03;22;0
5;2025-11-03;23;0
5;2025-11-04;0;0
5;2025-11-04;1;0
5;2025-11-04;2;0
5;2025-11-04;3;0
5;2025-11-04;4;0
5;2025-11-04;5;0
5;2025-11-04;6;0
5;2025-11-04;7;0
5;2025-11-04;8;0
5;2025-11-04;9;0
5;2025-11-04;10;0
5;2025-11-04;11;0
5;2025-11-04;12;0
5;2025-11-04;13;0
5;2025-11-04;14;0
5;2025-11-04;15;0
5;2025-11-04;16;0
5;2025-11-04;17;0
5;2025-11-04;18;0
5;2025-11-04;19;0
5;2025-11-04;20;0
5;2025-11-04;21;0
5;2025-11-04;22;0
5;2025-11-04;23;0
5;2025-11-05;0;0
5;2025-11-05;1;0
5;2025-11-05;2;0
5;2025-11-05;3;0
5;2025-11-05;4;0
5;2025-11-05;5;0
5;2025-11-05;6;0
5;2025-11-05;7;0
5;2025-11-05;8;0
5;2025-11-05;9;0
5;2025-11-05;10;0
5;2025-11-05;11;0
5;2025-11-05;12;0
5;2025-11-05;13;0
5;2025-11-05;14;0
5;2025-11-05;15;0
5;2025-11-05;16;0
5;2025-11-05;17;0
5;2025-11-05;18;0
5;2025-11-05;19;0
5;2025-11-05;20;0
5;2025-11-05;21;0
5;2025-11-05;22;0
5;2025-11-05;23;0
5;2025-11-06;0;0
5;2025-11-06;1;0
5;2025-11-06;2;0
5;2025-11-06;3;0
5;2025-11-06;4;0
5;2025-11-06;5;0
5;2025-11-06;6;0
5;2025-11-06;7;0
5;2025-11-06;8;0
5;2025-11-06;9;0
5;2025-11-06;10;0
5;2025-11-06;11;0
5;2025-11-06;12;0
5;2025-11-06;13;0
5;2025-11-06;14;0
5;2025-11-06;15;0
5;2025-11-06;16;0
5;2025-11-06;17;0
5;2025-11-06;18;0
5;2025-11-06;19;0
5;2025-11-06;20;0
5;2025-11-06;21;0
5;2025-11-06;22;0
5;2025-11-06;23;0
5;2025-11-07;0;0
5;2025-11-07;1;0
5;2025-11-07;2;0
5;2025-11-07;3;0
5;2025-11-07;4;0
5;2025-11-07;5;0
5;2025-11-07;6;0
5;2025-11-07;7;0
5;2025-11-07;8;0
5;2025-11-07;9;0
5;2025-11-07;10;0
5;2025-11-07;11;0
5;2025-11-07;12;0
5;2025-11-07;13;0
5;2025-11-07;14;0
5;2025-11-07;15;0
5;2025-11-07;16;0
5;2025-11-07;17;0
5;2025-11-07;18;0
5;2025-11-07;19;0
5;2025-11-07;20;0
5;2025-11-07;21;0
5;2025-11-07;22;0
5;2025-11-07;23;0
5;2025-11-08;0;0
5;2025-11-08;1;0
5;2025-11-08;2;0
5;2025-11-08;3;0
5;2025-11-08;4;0
5;2025-11-08;5;0
5;2025-11-08;6;0
5;2025-11-08;7;0
5;2025-11-08;8;0
5;2025-11-08;9;0
5;2025-11-08;10;0
5;2025-11-08;11;0
5;2025-11-08;12;0
5;2025-11-08;13;0
5;2025-11-08;14;0
5;2025-11-08;15;0
5;2025-11-08;16;0
5;2025-11-08;17;0
5;2025-11-08;18;0
5;2025-11-08;19;0
5;2025-11-08;20;0
5;2025-11-08;21;0
5;2025-11-08;22;0
5;2025-11-08;23;0
5;2025-11-09;0;0
5;2025-11-09;1;0
5;2025-11-09;2;0
5;2025-11-09;3;0
5;2025-11-09;4;0
5;2025-11-09;5;0
5;2025-11-09;6;0
5;2025-11-09;7;0
5;2025-11-09;8;0
5;2025-11-09;9;0
5;2025-11-09;10;0
5;2025-11-09;11;0
5;2025-11-09;12;0
5;2025-11-09;13;0
5;2025-11-09;14;0
5;2025-11-09;15;0
5;2025-11-09;16;0
5;2025-11-09;17;0
5;2025-11-09;18;0
5;2025-11-09;19;0
5;2025-11-09;20;0
5;2025-11-09;21;0
5;2025-11-09;22;0
5;2025-11-09;23;0
5;2025-11-10;0;0
5;2025-11-10;1;0
5;2025-11-10;2;0
5;2025-11-10;3;0
5;2025-11-10;4;0
5;2025-11-10;5;0
5;2025-11-10;6;0
5;2025-11-10;7;0
5;2025-11-10;8;0
5;2025-11-10;9;0
5;2025-11-10;10;0
5;2025-11-10;11;0
5;2025-11-10;12;0
5;2025-11-10;13;0
5;2025-11-10;14;0
5;2025-11-10;15;0
5;2025-11-10;16;0
5;2025-11-10;17;0
5;2025-11-10;18;0
5;2025-11-10;19;0
5;2025-11-10;20;0
5;2025-11-10;21;0
5;2025-11-10;22;0
5;2025-11-10;23;0
5;2025-11-11;0;0
5;2025-11-11;1;0
5;2025-11-11;2;0
5;2025-11-11;3;0
5;2025-11-11;4;0
5;2025-11-11;5;0
5;2025-11-11;6;0
5;2025-11-11;7;0
5;2025-11-11;8;0
5;2025-11-11;9;0
5;2025-11-11;10;0
5;2025-11-11;11;0
5;2025-11-11;12;0
5;2025-11-11;13;0
5;2025-11-11;14;0
5;2025-11-11;15;0
5;2025-11-11;16;0
5;2025-11-11;17;0
5;2025-11-11;18;0
5;2025-11-11;19;0
5;2025-11-11;20;0
5;2025-11-11;21;0
5;2025-11-11;22;0
5;2025-11-11;23;0
5;2025-11-12;0;0
5;2025-11-12;1;0
5;2025-11-12;2;0
5;2025-11-12;3;0
5;2025-11-12;4;0
5;2025-11-12;5;0
5;2025-11-12;6;0
5;2025-11-12;7;0
5;2025-11-12;8;0
5;2025-11-12;9;0
5;2025-11-12;10;0
5;2025-11-12;11;0
5;2025-11-12;12;0
5;2025-11-12;13;0
5;2025-11-12;14;0
5;2025-11-12;15;0
5;2025-11-12;16;0
5;2025-11-12;17;0
5;2025-11-12;18;0
5;2025-11-12;19;0
5;2025-11-12;20;0
5;2025-11-12;21;0
5;2025-11-12;22;0
5;2025-11-12;23;0
5;2025-11-13;0;0
5;2025-11-13;1;0
5;2025-11-13;2;0
5;2025-11-13;3;0
5;2025-11-13;4;0
5;2025-11-13;5;0
5;2025-11-13;6;0
5;2025-11-13;7;0
5;2025-11-13;8;0
5;2025-11-13;9;0
5;2025-11-13;10;0
5;2025-11-13;11;0
5;2025-11-13;12;0
5;2025-11-13;13;0
5;2025-11-13;14;0
5;2025-11-13;15;0
5;2025-11-13;16;0
5;2025-11-13;17;0
5;2025-11-13;18;0
5;2025-11-13;19;0
5;2025-11-13;20;0
5;2025-11-13;21;0
5;2025-11-13;22;0
5;2025-11-13;23;0
5;2025-11-14;0;0
5;2025-11-14;1;0
5;2025-11-14;2;0
5;2025-11-14;3;0
5;2025-11-14;4;0
5;2025-11-14;5;0
5;2025-11-14;6;0
5;2025-11-14;7;0
5;2025-11-14;8;0
5;2025-11-14;9;0
5;2025-11-14;10;0
5;2025-11-14;11;0
5;2025-11-14;12;0
5;2025-11-14;13;0
5;2025-11-14;14;0
5;2025-11-14;15;0
5;2025-11-14;16;0
5;2025-11-14;17;0
5;2025-11-14;18;0
5;2025-11-14;19;0
5;2025-11-14;20;0
5;2025-11-14;21;0
5;2025-11-14;22;0
5;2025-11-14;23;0
5;2025-11-15;0;0
5;2025-11-15;1;0
5;2025-11-15;2;0
5;2025-11-15;3;0
5;2025-11-15;4;0
5;2025-11-15;5;0
5;2025-11-15;6;0
5;2025-11-15;7;0
5;2025-11-15;8;0
5;2025-11-15;9;0
5;2025-11-15;10;0
5;2025-11-15;11;0
5;2025-11-15;12;0
5;2025-11-15;13;0
5;2025-11-15;14;0
5;2025-11-15;15;0
5;2025-11-15;16;0
5;2025-11-15;17;0
5;2025-11-15;18;0
5;2025-11-15;19;0
5;2025-11-15;20;0
5;2025-11-15;21;0
5;2025-11-15;22;0
5;2025-11-15;23;0
5;2025-11-16;0;0
5;2025-11-16;1;0
5;2025-11-16;2;0
5;2025-11-16;3;0
5;2025-11-16;4;0
5;2025-11-16;5;0
5;2025-11-16;6;0
5;2025-11-16;7;0
5;2025-11-16;8;0
5;2025-11-16;9;0
5;2025-11-16;10;0
5;2025-11-16;11;0
5;2025-11-16;12;0
5;2025-11-16;13;0
5;2025-11-16;14;0
5;2025-11-16;15;0
5;2025-11-16;16;0
5;2025-11-16;17;0
5;2025-11-16;18;0
5;2025-11-16;19;0
5;2025-11-16;20;0
5;2025-11-16;21;0
5;2025-11-16;22;0
5;2025-11-16;23;0
5;2025-11-17;0;0
5;2025-11-17;1;0
5;2025-11-17;2;0
5;2025-11-17;3;0
5;2025-11-17;4;0
5;2025-11-17;5;0
5;2025-11-17;6;0
5;2025-11-17;7;0
5;2025-11-17;8;0
5;2025-11-17;9;0
5;2025-11-17;10;0
5;2025-11-17;11;0
5;2025-11-17;12;0
5;2025-11-17;13;0
5;2025-11-17;14;0
5;2025-11-17;15;0
5;2025-11-17;16;0
5;2025-11-17;17;0
5;2025-11-17;18;0
5;2025-11-17;19;0
5;2025-11-17;20;0
5;2025-11-17;21;0
5;2025-11-17;22;0
5;2025-11-17;23;0
5;2025-11-18;0;0
5;2025-11-18;1;0
5;2025-11-18;2;0
5;2025-11-18;3;0
5;2025-11-18;4;0
5;2025-11-18;5;0
5;2025-11-18;6;0
5;2025-11-18;7;0
5;2025-11-18;8;0
5;2025-11-18;9;0
5;2025-11-18;10;0
5;2025-11-18;11;0
5;2025-11-18;12;0
5;2025-11-18;13;0
5;2025-11-18;14;0
5;2025-11-18;15;0
5;2025-11-18;16;0
5;2025-11-18;17;0
5;2025-11-18;18;0
5;2025-11-18;19;0
5;2025-11-18;20;0
5;2025-11-18;21;0
5;2025-11-18;22;0
5;2025-11-18;23;0
5;2025-11-19;0;0
5;2025-11-19;1;0
5;2025-11-19;2;0
5;2025-11-19;3;0
5;2025-11-19;4;0
5;2025-11-19;5;0
5;2025-11-19;6;0
5;2025-11-19;7;0
5;2025-11-19;8;0
5;2025-11-19;9;0
5;2025-11-19;10;0
5;2025-11-19;11;0
5;2025-11-19;12;0
5;2025-11-19;13;0
5;2025-11-19;14;0
5;2025-11-19;15;0
5;2025-11-19;16;0
5;2025-11-19;17;0
5;2025-11-19;18;0
5;2025-11-19;19;0
5;2025-11-19;20;0
5;2025-11-19;21;0
5;2025-11-19;22;0
5;2025-11-19;23;0
5;2025-11-20;0;0
5;2025-11-20;1;0
5;2025-11-20;2;0
5;2025-11-20;3;0
5;2025-11-20;4;0
5;2025-11-20;5;0
5;2025-11-20;6;0
5;2025-11-20;7;0
5;2025-11-20;8;0
5;2025-11-20;9;0
5;2025-11-20;10;0
5;2025-11-20;11;0
5;2025-11-20;12;0
5;2025-11-20;13;0
5;2025-11-20;14;0
5;2025-11-20;15;0
5;2025-11-20;16;0
5;2025-11-20;17;0
5;2025-11-20;18;0
5;2025-11-20;19;0
5;2025-11-20;20;0
5;2025-11-20;21;0
5;2025-11-20;22;0
5;2025-11-20;23;0
5;2025-11-21;0;0
5;2025-11-21;1;0
5;2025-11-21;2;0
5;2025-11-21;3;0
5;2025-11-21;4;0
5;2025-11-21;5;0
5;2025-11-21;6;0
5;2025-11-21;7;0
5;2025-11-21;8;0
5;2025-11-21;9;0
5;2025-11-21;10;0
5;2025-11-21;11;0
5;2025-11-21;12;0
5;2025-11-21;13;0
5;2025-11-21;14;0
5;2025-11-21;15;0
5;2025-11-21;16;0
5;2025-11-21;17;0
5;2025-11-21;18;0
5;2025-11-21;19;0
5;2025-11-21;20;0
5;2025-11-21;21;0
5;2025-11-21;22;0
5;2025-11-21;23;0
5;2025-11-22;0;0
5;2025-11-22;1;0
5;2025-11-22;2;0
5;2025-11-22;3;0
5;2025-11-22;4;0
5;2025-11-22;5;0
5;2025-11-22;6;0
5;2025-11-22;7;0
5;2025-11-22;8;0
5;2025-11-22;9;0
5;2025-11-22;10;0
5;2025-11-22;11;0
5;2025-11-22;12;0
5;2025-11-22;13;0
5;2025-11-22;14;0
5;2025-11-22;15;0
5;2025-11-22;16;0
5;2025-11-22;17;0
5;2025-11-22;18;0
5;2025-11-22;19;0
5;2025-11-22;20;0
5;2025-11-22;21;0
5;2025-11-22;22;0
5;2025-11-22;23;0
5;2025-11-23;0;0
5;2025-11-23;1;0
5;2025-11-23;2;0
5;2025-11-23;3;0
5;2025-11-23;4;0
5;2025-11-23;5;0
5;2025-11-23;6;0
5;2025-11-23;7;0
5;2025-11-23;8;0
5;2025-11-23;9;0
5;2025-11-23;10;0
5;2025-11-23;11;0
5;2025-11-23;12;0
5;2025-11-23;13;0
5;2025-11-23;14;0
5;2025-11-23;15;0
5;2025-11-23;16;0
5;2025-11-23;17;0
5;2025-11-23;18;0
5;2025-11-23;19;0
5;2025-11-23;20;0
5;2025-11-23;21;0
5;2025-11-23;22;0
5;2025-11-23;23;0
5;2025-11-24;0;0
5;2025-11-24;1;0
5;2025-11-24;2;0
5;2025-11-24;3;0
5;2025-11-24;4;0
5;2025-11-24;5;0
5;2025-11-24;6;0
5;2025-11-24;7;0
5;2025-11-24;8;0
5;2025-11-24;9;0
5;2025-11-24;10;0
5;2025-11-24;11;0
5;2025-11-24;12;0
5;2025-11-24;13;0
5;2025-11-24;14;0
5;2025-11-24;15;0
5;2025-11-24;16;0
5;2025-11-24;17;0
5;2025-11-24;18;0
5;2025-11-24;19;0
5;2025-11-24;20;0
5;2025-11-24;21;0
5;2025-11-24;22;0
5;2025-11-24;23;0
5;2025-11-25;0;0
5;2025-11-25;1;0
5;2025-11-25;2;0
5;2025-11-25;3;0
5;2025-11-25;4;0
5;2025-11-25;5;0
5;2025-11-25;6;0
5;2025-11-25;7;0
5;2025-11-25;8;0
5;2025-11-25;9;0
5;2025-11-25;10;0
5;2025-11-25;11;0
5;2025-11-25;12;0
5;2025-11-25;13;0
5;2025-11-25;14;0
5;2025-11-25;15;0
5;2025-11-25;16;0
5;2025-11-25;17;0
5;2025-11-25;18;0
5;2025-11-25;19;0
5;2025-11-25;20;0
5;2025-11-25;21;0
5;2025-11-25;22;0
5;2025-11-25;23;0
5;2025-11-26;0;0
5;2025-11-26;1;0
5;2025-11-26;2;0
5;2025-11-26;3;0
5;2025-11-26;4;0
5;2025-11-26;5;0
5;2025-11-26;6;0
5;2025-11-26;7;0
5;2025-11-26;8;0
5;2025-11-26;9;0
5;2025-11-26;10;0
5;2025-11-26;11;0
5;2025-11-26;12;0
5;2025-11-26;13;0
5;2025-11-26;14;0
5;2025-11-26;15;0
5;2025-11-26;16;0
5;2025-11-26;17;0
5;2025-11-26;18;0
5;2025-11-26;19;0
5;2025-11-26;20;0
5;2025-11-26;21;0
5;2025-11-26;22;0
5;2025-11-26;23;0
5;2025-11-27;0;0
5;2025-11-27;1;0
5;2025-11-27;2;0
5;2025-11-27;3;0
5;2025-11-27;4;0
5;2025-11-27;5;0
5;2025-11-27;6;0
5;2025-11-27;7;0
5;2025-11-27;8;0
5;2025-11-27;9;0
5;2025-11-27;10;0
5;2025-11-27;11;0
5;2025-11-27;12;0
5;2025-11-27;13;0
5;2025-11-27;14;0
5;2025-11-27;15;0
5;2025-11-27;16;0
5;2025-11-27;17;0
5;2025-11-27;18;0
5;2025-11-27;19;0
5;2025-11-27;20;0
5;2025-11-27;21;0
5;2025-11-27;22;0
5;2025-11-27;23;0
5;2025-11-28;0;0
5;2025-11-28;1;0
5;2025-11-28;2;0
5;2025-11-28;3;0
5;2025-11-28;4;0
5;2025-11-28;5;0
5;2025-11-28;6;0
5;2025-11-28;7;0
5;2025-11-28;8;0
5;2025-11-28;9;0
5;2025-11-28;10;0
5;2025-11-28;11;0
5;2025-11-28;12;0
5;2025-11-28;13;0
5;2025-11-28;14;0
5;2025-11-28;15;0
5;2025-11-28;16;0
5;2025-11-28;17;0
5;2025-11-28;18;0
5;2025-11-28;19;0
5;2025-11-28;20;0
5;2025-11-28;21;0
5;2025-11-28;22;0
5;2025-11-28;23;0
5;2025-11-29;0;0
5;2025-11-29;1;0
5;2025-11-29;2;0
5;2025-11-29;3;0
5;2025-11-29;4;0
5;2025-11-29;5;0
5;2025-11-29;6;0
5;2025-11-29;7;0
5;2025-11-29;8;0
5;2025-11-29;9;0
5;2025-11-29;10;0
5;2025-11-29;11;0
5;2025-11-29;12;0
5;2025-11-29;13;0
5;2025-11-29;14;0
5;2025-11-29;15;0
5;2025-11-29;16;0
5;2025-11-29;17;0
5;2025-11-29;18;0
5;2025-11-29;19;0
5;2025-11-29;20;0
5;2025-11-29;21;0
5;2025-11-29;22;0
5;2025-11-29;23;0
5;2025-11-30;0;0
5;2025-11-30;1;0
5;2025-11-30;2;0
5;2025-11-30;3;0
5;2025-11-30;4;0
5;2025-11-30;5;0
5;2025-11-30;6;0
5;2025-11-30;7;0
5;2025-11-30;8;0
5;2025-11-30;9;0
5;2025-11-30;10;0
5;2025-11-30;11;0
5;2025-11-30;12;0
5;2025-11-30;13;0
5;2025-11-30;14;0
5;2025-11-30;15;0
5;2025-11-30;16;0
5;2025-11-30;17;0
5;2025-11-30;18;0
5;2025-11-30;19;0
5;2025-11-30;20;0
5;2025-11-30;21;0
5;2025-11-30;22;0
5;2025-11-30;23;0
5;2025-12-01;0;0
5;2025-12-01;1;0
5;2025-12-01;2;0
5;2025-12-01;3;0
5;2025-12-01;4;0
5;2025-12-01;5;0
5;2025-12-01;6;0
5;2025-12-01;7;0
5;2025-12-01;8;0
5;2025-12-01;9;0
5;2025-12-01;10;0
5;2025-12-01;11;0
5;2025-12-01;12;0
5;2025-12-01;13;0
5;2025-12-01;14;0
5;2025-12-01;15;0
5;2025-12-01;16;0
5;2025-12-01;17;0
5;2025-12-01;18;0
5;2025-12-01;19;0
5;2025-12-01;20;0
5;2025-12-01;21;0
5;2025-12-01;22;0
5;2025-12-01;23;0
5;2025-12-02;0;0
5;2025-12-02;1;0
5;2025-12-02;2;0
5;2025-12-02;3;0
5;2025-12-02;4;0
5;2025-12-02;5;0
5;2025-12-02;6;0
5;2025-12-02;7;0
5;2025-12-02;8;0
5;2025-12-02;9;0
5;2025-12-02;10;0
5;2025-12-02;11;0
5;2025-12-02;12;0
5;2025-12-02;13;0
5;2025-12-02;14;0
5;2025-12-02;15;0
5;2025-12-02;16;0
5;2025-12-02;17;0
5;2025-12-02;18;0
5;2025-12-02;19;0
5;2025-12-02;20;0
5;2025-12-02;21;0
5;2025-12-02;22;0
5;2025-12-02;23;0
5;2025-12-03;0;0
5;2025-12-03;1;0
5;2025-12-03;2;0
5;2025-12-03;3;0
5;2025-12-03;4;0
5;2025-12-03;5;0
5;2025-12-03;6;0
5;2025-12-03;7;0
5;2025-12-03;8;0
5;2025-12-03;9;0
5;2025-12-03;10;0
5;2025-12-03;11;0
5;2025-12-03;12;0
5;2025-12-03;13;0
5;2025-12-03;14;0
5;2025-12-03;15;0
5;2025-12-03;16;0
5;2025-12-03;17;0
5;2025-12-03;18;0
5;2025-12-03;19;0
5;2025-12-03;20;0
5;2025-12-03;21;0
5;2025-12-03;22;0
5;2025-12-03;23;0
5;2025-12-04;0;0
5;2025-12-04;1;0
5;2025-12-04;2;0
5;2025-12-04;3;0
5;2025-12-04;4;0
5;2025-12-04;5;0
5;2025-12-04;6;0
5;2025-12-04;7;0
5;2025-12-04;8;0
5;2025-12-04;9;0
5;2025-12-04;10;0
5;2025-12-04;11;0
5;2025-12-04;12;0
5;2025-12-04;13;0
5;2025-12-04;14;0
5;2025-12-04;15;0
5;2025-12-04;16;0
5;2025-12-04;17;0
5;2025-12-04;18;0
5;2025-12-04;19;0
5;2025-12-04;20;0
5;2025-12-04;21;0
5;2025-12-04;22;0
5;2025-12-04;23;0
5;2025-12-05;0;0
5;2025-12-05;1;0
5;2025-12-05;2;0
5;2025-12-05;3;0
5;2025-12-05;4;0
5;2025-12-05;5;0
5;2025-12-05;6;0
5;2025-12-05;7;0
5;2025-12-05;8;0
5;2025-12-05;9;0
5;2025-12-05;10;0
5;2025-12-05;11;0
5;2025-12-05;12;0
5;2025-12-05;13;0
5;2025-12-05;14;0
5;2025-12-05;15;0
5;2025-12-05;16;0
5;2025-12-05;17;0
5;2025-12-05;18;0
5;2025-12-05;19;0
5;2025-12-05;20;0
5;2025-12-05;21;0
5;2025-12-05;22;0
5;2025-12-05;23;0
5;2025-12-06;0;0
5;2025-12-06;1;0
5;2025-12-06;2;0
5;2025-12-06;3;0
5;2025-12-06;4;0
5;2025-12-06;5;0
5;2025-12-06;6;0
5;2025-12-06;7;0
5;2025-12-06;8;0
5;2025-12-06;9;0
5;2025-12-06;10;0
5;2025-12-06;11;0
5;2025-12-06;12;0
5;2025-12-06;13;0
5;2025-12-06;14;0
5;2025-12-06;15;0
5;2025-12-06;16;0
5;2025-12-06;17;0
5;2025-12-06;18;0
5;2025-12-06;19;0
5;2025-12-06;20;0
5;2025-12-06;21;0
5;2025-12-06;22;0
5;2025-12-06;23;0
5;2025-12-07;0;0
5;2025-12-07;1;0
5;2025-12-07;2;0
5;2025-12-07;3;0
5;2025-12-07;4;0
5;2025-12-07;5;0
5;2025-12-07;6;0
5;2025-12-07;7;0
5;2025-12-07;8;0
5;2025-12-07;9;0
5;2025-12-07;10;0
5;2025-12-07;11;0
5;2025-12-07;12;0
5;2025-12-07;13;0
5;2025-12-07;14;0
5;2025-12-07;15;0
5;2025-12-07;16;0
5;2025-12-07;17;0
5;2025-12-07;18;0
5;2025-12-07;19;0
5;2025-12-07;20;0
5;2025-12-07;21;0
5;2025-12-07;22;0
5;2025-12-07;23;0
5;2025-12-08;0;0
5;2025-12-08;1;0
5;2025-12-08;2;0
5;2025-12-08;3;0
5;2025-12-08;4;0
5;2025-12-08;5;0
5;2025-12-08;6;0
5;2025-12-08;7;0
5;2025-12-08;8;0
5;2025-12-08;9;0
5;2025-12-08;10;0
5;2025-12-08;11;0
5;2025-12-08;12;0
5;2025-12-08;13;0
5;2025-12-08;14;0
5;2025-12-08;15;0
5;2025-12-08;16;0
5;2025-12-08;17;0
5;2025-12-08;18;0
5;2025-12-08;19;0
5;2025-12-08;20;0
5;2025-12-08;21;0
5;2025-12-08;22;0
5;2025-12-08;23;0
5;2025-12-09;0;0
5;2025-12-09;1;0
5;2025-12-09;2;0
5;2025-12-09;3;0
5;2025-12-09;4;0
5;2025-12-09;5;0
5;2025-12-09;6;0
5;2025-12-09;7;0
5;2025-12-09;8;0
5;2025-12-09;9;0
5;2025-12-09;10;0
5;2025-12-09;11;0
5;2025-12-09;12;0
5;2025-12-09;13;0
5;2025-12-09;14;0
5;2025-12-09;15;0
5;2025-12-09;16;0
5;2025-12-09;17;0
5;2025-12-09;18;0
5;2025-12-09;19;0
5;2025-12-09;20;0
5;2025-12-09;21;0
5;2025-12-09;22;0
5;2025-12-09;23;0
5;2025-12-10;0;0
5;2025-12-10;1;0
5;2025-12-10;2;0
5;2025-12-10;3;0
5;2025-12-10;4;0
5;2025-12-10;5;0
5;2025-12-10;6;0
5;2025-12-10;7;0
5;2025-12-10;8;0
5;2025-12-10;9;0
5;2025-12-10;10;0
5;2025-12-10;11;0
5;2025-12-10;12;0
5;2025-12-10;13;0
5;2025-12-10;14;0
5;2025-12-10;15;0
5;2025-12-10;16;0
5;2025-12-10;17;0
5;2025-12-10;18;0
5;2025-12-10;19;0
5;2025-12-10;20;0
5;2025-12-10;21;0
5;2025-12-10;22;0
5;2025-12-10;23;0
5;2025-12-11;0;0
5;2025-12-11;1;0
5;2025-12-11;2;0
5;2025-12-11;3;0
5;2025-12-11;4;0
5;2025-12-11;5;0
5;2025-12-11;6;0
5;2025-12-11;7;0
5;2025-12-11;8;0
5;2025-12-11;9;0
5;2025-12-11;10;0
5;2025-12-11;11;0
5;2025-12-11;12;0
5;2025-12-11;13;0
5;2025-12-11;14;0
5;2025-12-11;15;0
5;2025-12-11;16;0
5;2025-12-11;17;0
5;2025-12-11;18;0
5;2025-12-11;19;0
5;2025-12-11;20;0
5;2025-12-11;21;0
5;2025-12-11;22;0
5;2025-12-11;23;0
5;2025-12-12;0;0
5;2025-12-12;1;0
5;2025-12-12;2;0
5;2025-12-12;3;0
5;2025-12-12;4;0
5;2025-12-12;5;0
5;2025-12-12;6;0
5;2025-12-12;7;0
5;2025-12-12;8;0
5;2025-12-12;9;0
5;2025-12-12;10;0
5;2025-12-12;11;0
5;2025-12-12;12;0
5;2025-12-12;13;0
5;2025-12-12;14;0
5;2025-12-12;15;0
5;2025-12-12;16;0
5;2025-12-12;17;0
5;2025-12-12;18;0
5;2025-12-12;19;0
5;2025-12-12;20;0
5;2025-12-12;21;0
5;2025-12-12;22;0
5;2025-12-12;23;0
5;2025-12-13;0;0
5;2025-12-13;1;0
5;2025-12-13;2;0
5;2025-12-13;3;0
5;2025-12-13;4;0
5;2025-12-13;5;0
5;2025-12-13;6;0
5;2025-12-13;7;0
5;2025-12-13;8;0
5;2025-12-13;9;0
5;2025-12-13;10;0
5;2025-12-13;11;0
5;2025-12-13;12;0
5;2025-12-13;13;0
5;2025-12-13;14;0
5;2025-12-13;15;0
5;2025-12-13;16;0
5;2025-12-13;17;0
5;2025-12-13;18;0
5;2025-12-13;19;0
5;2025-12-13;20;0
5;2025-12-13;21;0
5;2025-12-13;22;0
5;2025-12-13;23;0
5;2025-12-14;0;0
5;2025-12-14;1;0
5;2025-12-14;2;0
5;2025-12-14;3;0
5;2025-12-14;4;0
5;2025-12-14;5;0
5;2025-12-14;6;0
5;2025-12-14;7;0
5;2025-12-14;8;0
5;2025-12-14;9;0
5;2025-12-14;10;0
5;2025-12-14;11;0
5;2025-12-14;12;0
5;2025-12-14;13;0
5;2025-12-14;14;0
5;2025-12-14;15;0
5;2025-12-14;16;0
5;2025-12-14;17;0
5;2025-12-14;18;0
5;2025-12-14;19;0
5;2025-12-14;20;0
5;2025-12-14;21;0
5;2025-12-14;22;0
5;2025-12-14;23;0
5;2025-12-15;0;0
5;2025-12-15;1;0
5;2025-12-15;2;0
5;2025-12-15;3;0
5;2025-12-15;4;0
5;2025-12-15;5;0
5;2025-12-15;6;0
5;2025-12-15;7;0
5;2025-12-15;8;0
5;2025-12-15;9;0
5;2025-12-15;10;0
5;2025-12-15;11;0
5;2025-12-15;12;0
5;2025-12-15;13;0
5;2025-12-15;14;0
5;2025-12-15;15;0
5;2025-12-15;16;0
5;2025-12-15;17;0
5;2025-12-15;18;0
5;2025-12-15;19;0
5;2025-12-15;20;0
5;2025-12-15;21;0
5;2025-12-15;22;0
5;2025-12-15;23;0
5;2025-12-16;0;0
5;2025-12-16;1;0
5;2025-12-16;2;0
5;2025-12-16;3;0
5;2025-12-16;4;0
5;2025-12-16;5;0
5;2025-12-16;6;0
5;2025-12-16;7;0
5;2025-12-16;8;0
5;2025-12-16;9;0
5;2025-12-16;10;0
5;2025-12-16;11;0
5;2025-12-16;12;0
5;2025-12-16;13;0
5;2025-12-16;14;0
5;2025-12-16;15;0
5;2025-12-16;16;0
5;2025-12-16;17;0
5;2025-12-16;18;0
5;2025-12-16;19;0
5;2025-12-16;20;0
5;2025-12-16;21;0
5;2025-12-16;22;0
5;2025-12-16;23;0
5;2025-12-17;0;0
5;2025-12-17;1;0
5;2025-12-17;2;0
5;2025-12-17;3;0
5;2025-12-17;4;0
5;2025-12-17;5;0
5;2025-12-17;6;0
5;2025-12-17;7;0
5;2025-12-17;8;0
5;2025-12-17;9;0
5;2025-12-17;10;0
5;2025-12-17;11;0
5;2025-12-17;12;0
5;2025-12-17;13;0
5;2025-12-17;14;0
5;2025-12-17;15;0
5;2025-12-17;16;0
5;2025-12-17;17;0
5;2025-12-17;18;0
5;2025-12-17;19;0
5;2025-12-17;20;0
5;2025-12-17;21;0
5;2025-12-17;22;0
5;2025-12-17;23;0
5;2025-12-18;0;0
5;2025-12-18;1;0
5;2025-12-18;2;0
5;2025-12-18;3;0
5;2025-12-18;4;0
5;2025-12-18;5;0
5;2025-12-18;6;0
5;2025-12-18;7;0
5;2025-12-18;8;0
5;2025-12-18;9;0
5;2025-12-18;10;0
5;2025-12-18;11;0
5;2025-12-18;12;0
5;2025-12-18;13;0
5;2025-12-18;14;0
5;2025-12-18;15;0
5;2025-12-18;16;0
5;2025-12-18;17;0
5;2025-12-18;18;0
5;2025-12-18;19;0
5;2025-12-18;20;0
5;2025-12-18;21;0
5;2025-12-18;22;0
5;2025-12-18;23;0
5;2025-12-19;0;0
5;2025-12-19;1;0
5;2025-12-19;2;0
5;2025-12-19;3;0
5;2025-12-19;4;0
5;2025-12-19;5;0
5;2025-12-19;6;0
5;2025-12-19;7;0
5;2025-12-19;8;0
5;2025-12-19;9;0
5;2025-12-19;10;0
5;2025-12-19;11;0
5;2025-12-19;12;0
5;2025-12-19;13;0
5;2025-12-19;14;0
5;2025-12-19;15;0
5;2025-12-19;16;0
5;2025-12-19;17;0
5;2025-12-19;18;0
5;2025-12-19;19;0
5;2025-12-19;20;0
5;2025-12-19;21;0
5;2025-12-19;22;0
5;2025-12-19;23;0
5;2025-12-20;0;0
5;2025-12-20;1;0
5;2025-12-20;2;0
5;2025-12-20;3;0
5;2025-12-20;4;0
5;2025-12-20;5;0
5;2025-12-20;6;0
5;2025-12-20;7;0
5;2025-12-20;8;0
5;2025-12-20;9;0
5;2025-12-20;10;0
5;2025-12-20;11;0
5;2025-12-20;12;0
5;2025-12-20;13;0
5;2025-12-20;14;0
5;2025-12-20;15;0
5;2025-12-20;16;0
5;2025-12-20;17;0
5;2025-12-20;18;0
5;2025-12-20;19;0
5;2025-12-20;20;0
5;2025-12-20;21;0
5;2025-12-20;22;0
5;2025-12-20;23;0
5;2025-12-21;0;0
5;2025-12-21;1;0
5;2025-12-21;2;0
5;2025-12-21;3;0
5;2025-12-21;4;0
5;2025-12-21;5;0
5;2025-12-21;6;0
5;2025-12-21;7;0
5;2025-12-21;8;0
5;2025-12-21;9;0
5;2025-12-21;10;0
5;2025-12-21;11;0
5;2025-12-21;12;0
5;2025-12-21;13;0
5;2025-12-21;14;0
5;2025-12-21;15;0
5;2025-12-21;16;0
5;2025-12-21;17;0
5;2025-12-21;18;0
5;2025-12-21;19;0
5;2025-12-21;20;0
5;2025-12-21;21;0
5;2025-12-21;22;0
5;2025-12-21;23;0
5;2025-12-22;0;0
5;2025-12-22;1;0
5;2025-12-22;2;0
5;2025-12-22;3;0
5;2025-12-22;4;0
5;2025-12-22;5;0
5;2025-12-22;6;0
5;2025-12-22;7;0
5;2025-12-22;8;0
5;2025-12-22;9;0
5;2025-12-22;10;0
5;2025-12-22;11;0
5;2025-12-22;12;0
5;2025-12-22;13;0
5;2025-12-22;14;0
5;2025-12-22;15;0
5;2025-12-22;16;0
5;2025-12-22;17;0
5;2025-12-22;18;0
5;2025-12-22;19;0
5;2025-12-22;20;0
5;2025-12-22;21;0
5;2025-12-22;22;0
5;2025-12-22;23;0
5;2025-12-23;0;0
5;2025-12-23;1;0
5;2025-12-23;2;0
5;2025-12-23;3;0
5;2025-12-23;4;0
5;2025-12-23;5;0
5;2025-12-23;6;0
5;2025-12-23;7;0
5;2025-12-23;8;0
5;2025-12-23;9;0
5;2025-12-23;10;0
5;2025-12-23;11;0
5;2025-12-23;12;0
5;2025-12-23;13;0
5;2025-12-23;14;0
5;2025-12-23;15;0
5;2025-12-23;16;0
5;2025-12-23;17;0
5;2025-12-23;18;0
5;2025-12-23;19;0
5;2025-12-23;20;0
5;2025-12-23;21;0
5;2025-12-23;22;0
5;2025-12-23;23;0
5;2025-12-24;0;0
5;2025-12-24;1;0
5;2025-12-24;2;0
5;2025-12-24;3;0
5;2025-12-24;4;0
5;2025-12-24;5;0
5;2025-12-24;6;0
5;2025-12-24;7;0
5;2025-12-24;8;0
5;2025-12-24;9;0
5;2025-12-24;10;0
5;2025-12-24;11;0
5;2025-12-24;12;0
5;2025-12-24;13;0
5;2025-12-24;14;0
5;2025-12-24;15;0
5;2025-12-24;16;0
5;2025-12-24;17;0
5;2025-12-24;18;0
5;2025-12-24;19;0
5;2025-12-24;20;0
5;2025-12-24;21;0
5;2025-12-24;22;0
5;2025-12-24;23;0
5;2025-12-25;0;0
5;2025-12-25;1;0
5;2025-12-25;2;0
5;2025-12-25;3;0
5;2025-12-25;4;0
5;2025-12-25;5;0
5;2025-12-25;6;0
5;2025-12-25;7;0
5;2025-12-25;8;0
5;2025-12-25;9;0
5;2025-12-25;10;0
5;2025-12-25;11;0
5;2025-12-25;12;0
5;2025-12-25;13;0
5;2025-12-25;14;0
5;2025-12-25;15;0
5;2025-12-25;16;0
5;2025-12-25;17;0
5;2025-12-25;18;0
5;2025-12-25;19;0
5;2025-12-25;20;0
5;2025-12-25;21;0
5;2025-12-25;22;0
5;2025-12-25;23;0
5;2025-12-26;0;0
5;2025-12-26;1;0
5;2025-12-26;2;0
5;2025-12-26;3;0
5;2025-12-26;4;0
5;2025-12-26;5;0
5;2025-12-26;6;0
5;2025-12-26;7;0
5;2025-12-26;8;0
5;2025-12-26;9;0
5;2025-12-26;10;0
5;2025-12-26;11;0
5;2025-12-26;12;0
5;2025-12-26;13;0
5;2025-12-26;14;0
5;2025-12-26;15;0
5;2025-12-26;16;0
5;2025-12-26;17;0
5;2025-12-26;18;0
5;2025-12-26;19;0
5;2025-12-26;20;0
5;2025-12-26;21;0
5;2025-12-26;22;0
5;2025-12-26;23;0
5;2025-12-27;0;0
5;2025-12-27;1;0
5;2025-12-27;2;0
5;2025-12-27;3;0
5;2025-12-27;4;0
5;2025-12-27;5;0
5;2025-12-27;6;0
5;2025-12-27;7;0
5;2025-12-27;8;0
5;2025-12-27;9;0
5;2025-12-27;10;0
5;2025-12-27;11;0
5;2025-12-27;12;0
5;2025-12-27;13;0
5;2025-12-27;14;0
5;2025-12-27;15;0
5;2025-12-27;16;0
5;2025-12-27;17;0
5;2025-12-27;18;0
5;2025-12-27;19;0
5;2025-12-27;20;0
5;2025-12-27;21;0
5;2025-12-27;22;0
5;2025-12-27;23;0
5;2025-12-28;0;0
5;2025-12-28;1;0
5;2025-12-28;2;0
5;2025-12-28;3;0
5;2025-12-28;4;0
5;2025-12-28;5;0
5;2025-12-28;6;0
5;2025-12-28;7;0
5;2025-12-28;8;0
5;2025-12-28;9;0
5;2025-12-28;10;0
5;2025-12-28;11;0
5;2025-12-28;12;0
5;2025-12-28;13;0
5;2025-12-28;14;0
5;2025-12-28;15;0
5;2025-12-28;16;0
5;2025-12-28;17;0
5;2025-12-28;18;0
5;2025-12-28;19;0
5;2025-12-28;20;0
5;2025-12-28;21;0
5;2025-12-28;22;0
5;2025-12-28;23;0
5;2025-12-29;0;0
5;2025-12-29;1;0
5;2025-12-29;2;0
5;2025-12-29;3;0
5;2025-12-29;4;0
5;2025-12-29;5;0
5;2025-12-29;6;0
5;2025-12-29;7;0
5;2025-12-29;8;0
5;2025-12-29;9;0
5;2025-12-29;10;0
5;2025-12-29;11;0
5;2025-12-29;12;0
5;2025-12-29;13;0
5;2025-12-29;14;0
5;2025-12-29;15;0
5;2025-12-29;16;0
5;2025-12-29;17;0
5;2025-12-29;18;0
5;2025-12-29;19;0
5;2025-12-29;20;0
5;2025-12-29;21;0
5;2025-12-29;22;0
5;2025-12-29;23;0
5;2025-12-30;0;0
5;2025-12-30;1;0
5;2025-12-30;2;0
5;2025-12-30;3;0
5;2025-12-30;4;0
5;2025-12-30;5;0
5;2025-12-30;6;0
5;2025-12-30;7;0
5;2025-12-30;8;0
5;2025-12-30;9;0
5;2025-12-30;10;0
5;2025-12-30;11;0
5;2025-12-30;12;0
5;2025-12-30;13;0
5;2025-12-30;14;0
5;2025-12-30;15;0
5;2025-12-30;16;0
5;2025-12-30;17;0
5;2025-12-30;18;0
5;2025-12-30;19;0
5;2025-12-30;20;0
5;2025-12-30;21;0
5;2025-12-30;22;0
5;2025-12-30;23;0
5;2025-12-31;0;0
5;2025-12-31;1;0
5;2025-12-31;2;0
5;2025-12-31;3;0
5;2025-12-31;4;0
5;2025-12-31;5;0
5;2025-12-31;6;0
5;2025-12-31;7;0
5;2025-12-31;8;0
5;2025-12-31;9;0
5;2025-12-31;10;0
5;2025-12-31;11;0
5;2025-12-31;12;0
5;2025-12-31;13;0
5;2025-12-31;14;0
5;2025-12-31;15;0
5;2025-12-31;16;0
5;2025-12-31;17;0
5;2025-12-31;18;0
5;2025-12-31;19;0
5;2025-12-31;20;0
5;2025-12-31;21;0
5;2025-12-31;22;0
5;2025-12-31;23;0
7;2025-11-01;0;113
7;2025-11-01;1;24
7;2025-11-01;2;0
7;2025-11-01;3;0
7;2025-11-01;4;4
7;2025-11-01;5;48
7;2025-11-01;6;299
7;2025-11-01;7;335
7;2025-11-01;8;691
7;2025-11-01;9;488
7;2025-11-01;10;552
7;2025-11-01;11;758
7;2025-11-01;12;1068
7;2025-11-01;13;1043
7;2025-11-01;14;906
7;2025-11-01;15;911
7;2025-11-01;16;855
7;2025-11-01;17;916
7;2025-11-01;18;804
7;2025-11-01;19;718
7;2025-11-01;20;714
7;2025-11-01;21;452
7;2025-11-01;22;288
7;2025-11-01;23;235
7;2025-11-02;0;122
7;2025-11-02;1;13
7;2025-11-02;2;0
7;2025-11-02;3;0
7;2025-11-02;4;1
7;2025-11-02;5;25
7;2025-11-02;6;125
7;2025-11-02;7;149
7;2025-11-02;8;398
7;2025-11-02;9;484
7;2025-11-02;10;387
7;2025-11-02;11;495
7;2025-11-02;12;557
7;2025-11-02;13;595
7;2025-11-02;14;694
7;2025-11-02;15;714
7;2025-11-02;16;580
7;2025-11-02;17;656
7;2025-11-02;18;657
7;2025-11-02;19;472
7;2025-11-02;20;370
7;2025-11-02;21;321
7;2025-11-02;22;135
7;2025-11-02;23;127
7;2025-11-03;0;66
7;2025-11-03;1;13
7;2025-11-03;2;0
7;2025-11-03;3;0
7;2025-11-03;4;0
7;2025-11-03;5;174
7;2025-11-03;6;489
7;2025-11-03;7;1362
7;2025-11-03;8;2266
7;2025-11-03;9;1763
7;2025-11-03;10;1711
7;2025-11-03;11;1675
7;2025-11-03;12;1573
7;2025-11-03;13;1718
7;2025-11-03;14;1772
7;2025-11-03;15;1756
7;2025-11-03;16;1760
7;2025-11-03;17;2241
7;2025-11-03;18;2456
7;2025-11-03;19;1605
7;2025-11-03;20;1059
7;2025-11-03;21;613
7;2025-11-03;22;259
7;2025-11-03;23;156
7;2025-11-04;0;53
7;2025-11-04;1;14
7;2025-11-04;2;0
7;2025-11-04;3;0
7;2025-11-04;4;1
7;2025-11-04;5;211
7;2025-11-04;6;616
7;2025-11-04;7;1514
7;2025-11-04;8;2066
7;2025-11-04;9;2050
7;2025-11-04;10;1709
7;2025-11-04;11;1553
7;2025-11-04;12;1667
7;2025-11-04;13;1337
7;2025-11-04;14;886
7;2025-11-04;15;1441
7;2025-11-04;16;1656
7;2025-11-04;17;2352
7;2025-11-04;18;2308
7;2025-11-04;19;1814
7;2025-11-04;20;1296
7;2025-11-04;21;603
7;2025-11-04;22;287
7;2025-11-04;23;181
7;2025-11-05;0;44
7;2025-11-05;1;4
7;2025-11-05;2;0
7;2025-11-05;3;0
7;2025-11-05;4;4
7;2025-11-05;5;189
7;2025-11-05;6;636
7;2025-11-05;7;1473
7;2025-11-05;8;2149
7;2025-11-05;9;1807
7;2025-11-05;10;1776
7;2025-11-05;11;1594
7;2025-11-05;12;1810
7;2025-11-05;13;1644
7;2025-11-05;14;1410
7;2025-11-05;15;1706
7;2025-11-05;16;1842
7;2025-11-05;17;2444
7;2025-11-05;18;2438
7;2025-11-05;19;1708
7;2025-11-05;20;970
7;2025-11-05;21;596
7;2025-11-05;22;195
7;2025-11-05;23;149
7;2025-11-06;0;37
7;2025-11-06;1;5
7;2025-11-06;2;0
7;2025-11-06;3;0
7;2025-11-06;4;1
7;2025-11-06;5;192
7;2025-11-06;6;602
7;2025-11-06;7;1352
7;2025-11-06;8;2433
7;2025-11-06;9;1808
7;2025-11-06;10;1609
7;2025-11-06;11;1525
7;2025-11-06;12;1721
7;2025-11-06;13;1389
7;2025-11-06;14;1679
7;2025-11-06;15;1715
7;2025-11-06;16;1846
7;2025-11-06;17;2336
7;2025-11-06;18;2781
7;2025-11-06;19;1591
7;2025-11-06;20;1098
7;2025-11-06;21;683
7;2025-11-06;22;285
7;2025-11-06;23;179
7;2025-11-07;0;77
7;2025-11-07;1;2
7;2025-11-07;2;0
7;2025-11-07;3;0
7;2025-11-07;4;1
7;2025-11-07;5;169
7;2025-11-07;6;598
7;2025-11-07;7;1413
7;2025-11-07;8;2207
7;2025-11-07;9;1681
7;2025-11-07;10;1795
7;2025-11-07;11;1557
7;2025-11-07;12;1583
7;2025-11-07;13;1745
7;2025-11-07;14;1554
7;2025-11-07;15;1650
7;2025-11-07;16;1835
7;2025-11-07;17;2442
7;2025-11-07;18;1805
7;2025-11-07;19;1376
7;2025-11-07;20;962
7;2025-11-07;21;546
7;2025-11-07;22;287
7;2025-11-07;23;229
7;2025-11-08;0;112
7;2025-11-08;1;23
7;2025-11-08;2;0
7;2025-11-08;3;0
7;2025-11-08;4;4
7;2025-11-08;5;48
7;2025-11-08;6;300
7;2025-11-08;7;334
7;2025-11-08;8;690
7;2025-11-08;9;487
7;2025-11-08;10;552
7;2025-11-08;11;757
7;2025-11-08;12;1067
7;2025-11-08;13;1043
7;2025-11-08;14;906
7;2025-11-08;15;911
7;2025-11-08;16;854
7;2025-11-08;17;916
7;2025-11-08;18;805
7;2025-11-08;19;717
7;2025-11-08;20;715
7;2025-11-08;21;452
7;2025-11-08;22;288
7;2025-11-08;23;235
7;2025-11-09;0;121
7;2025-11-09;1;13
7;2025-11-09;2;0
7;2025-11-09;3;0
7;2025-11-09;4;0
7;2025-11-09;5;25
7;2025-11-09;6;126
7;2025-11-09;7;148
7;2025-11-09;8;397
7;2025-11-09;9;484
7;2025-11-09;10;388
7;2025-11-09;11;494
7;2025-11-09;12;557
7;2025-11-09;13;595
7;2025-11-09;14;694
7;2025-11-09;15;713
7;2025-11-09;16;579
7;2025-11-09;17;656
7;2025-11-09;18;658
7;2025-11-09;19;471
7;2025-11-09;20;371
7;2025-11-09;21;321
7;2025-11-09;22;135
7;2025-11-09;23;127
7;2025-11-10;0;65
7;2025-11-10;1;12
7;2025-11-10;2;0
7;2025-11-10;3;0
7;2025-11-10;4;0
7;2025-11-10;5;174
7;2025-11-10;6;490
7;2025-11-10;7;1361
7;2025-11-10;8;2265
7;2025-11-10;9;1763
7;2025-11-10;10;1712
7;2025-11-10;11;1675
7;2025-11-10;12;1572
7;2025-11-10;13;1719
7;2025-11-10;14;1772
7;2025-11-10;15;1756
7;2025-11-10;16;1760
7;2025-11-10;17;2240
7;2025-11-10;18;2457
7;2025-11-10;19;1604
7;2025-11-10;20;1061
7;2025-11-10;21;613
7;2025-11-10;22;259
7;2025-11-10;23;156
7;2025-11-11;0;52
7;2025-11-11;1;13
7;2025-11-11;2;0
7;2025-11-11;3;0
7;2025-11-11;4;1
7;2025-11-11;5;211
7;2025-11-11;6;617
7;2025-11-11;7;1514
7;2025-11-11;8;2065
7;2025-11-11;9;2050
7;2025-11-11;10;1710
7;2025-11-11;11;1554
7;2025-11-11;12;1667
7;2025-11-11;13;1337
7;2025-11-11;14;887
7;2025-11-11;15;1441
7;2025-11-11;16;1655
7;2025-11-11;17;2352
7;2025-11-11;18;2309
7;2025-11-11;19;1814
7;2025-11-11;20;1297
7;2025-11-11;21;603
7;2025-11-11;22;287
7;2025-11-11;23;181
7;2025-11-12;0;43
7;2025-11-12;1;3
7;2025-11-12;2;0
7;2025-11-12;3;0
7;2025-11-12;4;4
7;2025-11-12;5;189
7;2025-11-12;6;637
7;2025-11-12;7;1473
7;2025-11-12;8;2148
7;2025-11-12;9;1808
7;2025-11-12;10;1777
7;2025-11-12;11;1595
7;2025-11-12;12;1810
7;2025-11-12;13;1645
7;2025-11-12;14;1411
7;2025-11-12;15;1706
7;2025-11-12;16;1842
7;2025-11-12;17;2444
7;2025-11-12;18;2439
7;2025-11-12;19;1708
7;2025-11-12;20;972
7;2025-11-12;21;597
7;2025-11-12;22;195
7;2025-11-12;23;149
7;2025-11-13;0;36
7;2025-11-13;1;4
7;2025-11-13;2;0
7;2025-11-13;3;0
7;2025-11-13;4;0
7;2025-11-13;5;192
7;2025-11-13;6;602
7;2025-11-13;7;1351
7;2025-11-13;8;2432
7;2025-11-13;9;1809
7;2025-11-13;10;1610
7;2025-11-13;11;1525
7;2025-11-13;12;1721
7;2025-11-13;13;1390
7;2025-11-13;14;1679
7;2025-11-13;15;1716
7;2025-11-13;16;1846
7;2025-11-13;17;2336
7;2025-11-13;18;2782
7;2025-11-13;19;1591
7;2025-11-13;20;1100
7;2025-11-13;21;684
7;2025-11-13;22;286
7;2025-11-13;23;179
7;2025-11-14;0;76
7;2025-11-14;1;1
7;2025-11-14;2;0
7;2025-11-14;3;0
7;2025-11-14;4;1
7;2025-11-14;5;169
7;2025-11-14;6;599
7;2025-11-14;7;1413
7;2025-11-14;8;2206
7;2025-11-14;9;1681
7;2025-11-14;10;1796
7;2025-11-14;11;1558
7;2025-11-14;12;1583
7;2025-11-14;13;1747
7;2025-11-14;14;1554
7;2025-11-14;15;1651
7;2025-11-14;16;1835
7;2025-11-14;17;2442
7;2025-11-14;18;1806
7;2025-11-14;19;1376
7;2025-11-14;20;964
7;2025-11-14;21;547
7;2025-11-14;22;288
7;2025-11-14;23;229
7;2025-11-15;0;110
7;2025-11-15;1;22
7;2025-11-15;2;0
7;2025-11-15;3;0
7;2025-11-15;4;4
7;2025-11-15;5;47
7;2025-11-15;6;301
7;2025-11-15;7;334
7;2025-11-15;8;689
7;2025-11-15;9;487
7;2025-11-15;10;553
7;2025-11-15;11;757
7;2025-11-15;12;1067
7;2025-11-15;13;1044
7;2025-11-15;14;907
7;2025-11-15;15;911
7;2025-11-15;16;854
7;2025-11-15;17;915
7;2025-11-15;18;806
7;2025-11-15;19;717
7;2025-11-15;20;717
7;2025-11-15;21;453
7;2025-11-15;22;287
7;2025-11-15;23;235
7;2025-11-16;0;120
7;2025-11-16;1;12
7;2025-11-16;2;0
7;2025-11-16;3;0
7;2025-11-16;4;0
7;2025-11-16;5;25
7;2025-11-16;6;127
7;2025-11-16;7;148
7;2025-11-16;8;396
7;2025-11-16;9;484
7;2025-11-16;10;388
7;2025-11-16;11;494
7;2025-11-16;12;556
7;2025-11-16;13;596
7;2025-11-16;14;694
7;2025-11-16;15;713
7;2025-11-16;16;579
7;2025-11-16;17;655
7;2025-11-16;18;659
7;2025-11-16;19;471
7;2025-11-16;20;373
7;2025-11-16;21;322
7;2025-11-16;22;134
7;2025-11-16;23;127
7;2025-11-17;0;64
7;2025-11-17;1;11
7;2025-11-17;2;0
7;2025-11-17;3;0
7;2025-11-17;4;0
7;2025-11-17;5;174
7;2025-11-17;6;490
7;2025-11-17;7;1361
7;2025-11-17;8;2265
7;2025-11-17;9;1763
7;2025-11-17;10;1713
7;2025-11-17;11;1675
7;2025-11-17;12;1572
7;2025-11-17;13;1719
7;2025-11-17;14;1772
7;2025-11-17;15;1756
7;2025-11-17;16;1759
7;2025-11-17;17;2240
7;2025-11-17;18;2458
7;2025-11-17;19;1604
7;2025-11-17;20;1062
7;2025-11-17;21;614
7;2025-11-17;22;259
7;2025-11-17;23;156
7;2025-11-18;0;51
7;2025-11-18;1;12
7;2025-11-18;2;0
7;2025-11-18;3;0
7;2025-11-18;4;0
7;2025-11-18;5;211
7;2025-11-18;6;618
7;2025-11-18;7;1513
7;2025-11-18;8;2064
7;2025-11-18;9;2050
7;2025-11-18;10;1711
7;2025-11-18;11;1554
7;2025-11-18;12;1667
7;2025-11-18;13;1338
7;2025-11-18;14;887
7;2025-11-18;15;1441
7;2025-11-18;16;1655
7;2025-11-18;17;2352
7;2025-11-18;18;2310
7;2025-11-18;19;1813
7;2025-11-18;20;1299
7;2025-11-18;21;604
7;2025-11-18;22;286
7;2025-11-18;23;181
7;2025-11-19;0;41
7;2025-11-19;1;2
7;2025-11-19;2;0
7;2025-11-19;3;0
7;2025-11-19;4;4
7;2025-11-19;5;189
7;2025-11-19;6;637
7;2025-11-19;7;1472
7;2025-11-19;8;2148
7;2025-11-19;9;1808
7;2025-11-19;10;1779
7;2025-11-19;11;1595
7;2025-11-19;12;1810
7;2025-11-19;13;1645
7;2025-11-19;14;1411
7;2025-11-19;15;1706
7;2025-11-19;16;1842
7;2025-11-19;17;2444
7;2025-11-19;18;2440
7;2025-11-19;19;1707
7;2025-11-19;20;974
7;2025-11-19;21;598
7;2025-11-19;22;195
7;2025-11-19;23;149
7;2025-11-20;0;34
7;2025-11-20;1;3
7;2025-11-20;2;0
7;2025-11-20;3;0
7;2025-11-20;4;0
7;2025-11-20;5;192
7;2025-11-20;6;603
7;2025-11-20;7;1351
7;2025-11-20;8;2431
7;2025-11-20;9;1809
7;2025-11-20;10;1612
7;2025-11-20;11;1526
7;2025-11-20;12;1721
7;2025-11-20;13;1391
7;2025-11-20;14;1680
7;2025-11-20;15;1716
7;2025-11-20;16;1846
7;2025-11-20;17;2336
7;2025-11-20;18;2784
7;2025-11-20;19;1591
7;2025-11-20;20;1102
7;2025-11-20;21;685
7;2025-11-20;22;286
7;2025-11-20;23;179
7;2025-11-21;0;75
7;2025-11-21;1;0
7;2025-11-21;2;0
7;2025-11-21;3;0
7;2025-11-21;4;0
7;2025-11-21;5;169
7;2025-11-21;6;599
7;2025-11-21;7;1412
7;2025-11-21;8;2206
7;2025-11-21;9;1682
7;2025-11-21;10;1798
7;2025-11-21;11;1558
7;2025-11-21;12;1583
7;2025-11-21;13;1748
7;2025-11-21;14;1555
7;2025-11-21;15;1651
7;2025-11-21;16;1835
7;2025-11-21;17;2442
7;2025-11-21;18;1807
7;2025-11-21;19;1376
7;2025-11-21;20;967
7;2025-11-21;21;548
7;2025-11-21;22;288
7;2025-11-21;23;229
7;2025-11-22;0;109
7;2025-11-22;1;21
7;2025-11-22;2;0
7;2025-11-22;3;0
7;2025-11-22;4;4
7;2025-11-22;5;47
7;2025-11-22;6;301
7;2025-11-22;7;334
7;2025-11-22;8;688
7;2025-11-22;9;487
7;2025-11-22;10;554
7;2025-11-22;11;757
7;2025-11-22;12;1066
7;2025-11-22;13;1044
7;2025-11-22;14;907
7;2025-11-22;15;911
7;2025-11-22;16;853
7;2025-11-22;17;915
7;2025-11-22;18;807
7;2025-11-22;19;716
7;2025-11-22;20;719
7;2025-11-22;21;453
7;2025-11-22;22;287
7;2025-11-22;23;235
7;2025-11-23;0;119
7;2025-11-23;1;11
7;2025-11-23;2;0
7;2025-11-23;3;0
7;2025-11-23;4;0
7;2025-11-23;5;25
7;2025-11-23;6;128
7;2025-11-23;7;148
7;2025-11-23;8;395
7;2025-11-23;9;483
7;2025-11-23;10;389
7;2025-11-23;11;494
7;2025-11-23;12;556
7;2025-11-23;13;596
7;2025-11-23;14;694
7;2025-11-23;15;712
7;2025-11-23;16;578
7;2025-11-23;17;655
7;2025-11-23;18;660
7;2025-11-23;19;470
7;2025-11-23;20;375
7;2025-11-23;21;323
7;2025-11-23;22;134
7;2025-11-23;23;127
7;2025-11-24;0;63
7;2025-11-24;1;10
7;2025-11-24;2;0
7;2025-11-24;3;0
7;2025-11-24;4;0
7;2025-11-24;5;174
7;2025-11-24;6;491
7;2025-11-24;7;1361
7;2025-11-24;8;2264
7;2025-11-24;9;1763
7;2025-11-24;10;1714
7;2025-11-24;11;1675
7;2025-11-24;12;1571
7;2025-11-24;13;1720
7;2025-11-24;14;1773
7;2025-11-24;15;1755
7;2025-11-24;16;1759
7;2025-11-24;17;2239
7;2025-11-24;18;2459
7;2025-11-24;19;1604
7;2025-11-24;20;1064
7;2025-11-24;21;614
7;2025-11-24;22;259
7;2025-11-24;23;156
7;2025-11-25;0;50
7;2025-11-25;1;11
7;2025-11-25;2;0
7;2025-11-25;3;0
7;2025-11-25;4;0
7;2025-11-25;5;211
7;2025-11-25;6;619
7;2025-11-25;7;1513
7;2025-11-25;8;2063
7;2025-11-25;9;2051
7;2025-11-25;10;1712
7;2025-11-25;11;1554
7;2025-11-25;12;1666
7;2025-11-25;13;1338
7;2025-11-25;14;887
7;2025-11-25;15;1441
7;2025-11-25;16;1655
7;2025-11-25;17;2351
7;2025-11-25;18;2311
7;2025-11-25;19;1813
7;2025-11-25;20;1301
7;2025-11-25;21;604
7;2025-11-25;22;286
7;2025-11-25;23;181
7;2025-11-26;0;40
7;2025-11-26;1;1
7;2025-11-26;2;0
7;2025-11-26;3;0
7;2025-11-26;4;4
7;2025-11-26;5;189
7;2025-11-26;6;638
7;2025-11-26;7;1472
7;2025-11-26;8;2147
7;2025-11-26;9;1808
7;2025-11-26;10;1780
7;2025-11-26;11;1595
7;2025-11-26;12;1810
7;2025-11-26;13;1646
7;2025-11-26;14;1412
7;2025-11-26;15;1706
7;2025-11-26;16;1842
7;2025-11-26;17;2444
7;2025-11-26;18;2442
7;2025-11-26;19;1707
7;2025-11-26;20;976
7;2025-11-26;21;599
7;2025-11-26;22;195
7;2025-11-26;23;149
7;2025-11-27;0;33
7;2025-11-27;1;2
7;2025-11-27;2;0
7;2025-11-27;3;0
7;2025-11-27;4;0
7;2025-11-27;5;192
7;2025-11-27;6;604
7;2025-11-27;7;1350
7;2025-11-27;8;2430
7;2025-11-27;9;1810
7;2025-11-27;10;1614
7;2025-11-27;11;1526
7;2025-11-27;12;1722
7;2025-11-27;13;1392
7;2025-11-27;14;1680
7;2025-11-27;15;1716
7;2025-11-27;16;1846
7;2025-11-27;17;2336
7;2025-11-27;18;2785
7;2025-11-27;19;1591
7;2025-11-27;20;1105
7;2025-11-27;21;687
7;2025-11-27;22;286
7;2025-11-27;23;179
7;2025-11-28;0;75
7;2025-11-28;1;0
7;2025-11-28;2;0
7;2025-11-28;3;0
7;2025-11-28;4;0
7;2025-11-28;5;169
7;2025-11-28;6;600
7;2025-11-28;7;1412
7;2025-11-28;8;2205
7;2025-11-28;9;1682
7;2025-11-28;10;1799
7;2025-11-28;11;1559
7;2025-11-28;12;1584
7;2025-11-28;13;1749
7;2025-11-28;14;1556
7;2025-11-28;15;1651
7;2025-11-28;16;1836
7;2025-11-28;17;2442
7;2025-11-28;18;1808
7;2025-11-28;19;1375
7;2025-11-28;20;969
7;2025-11-28;21;549
7;2025-11-28;22;289
7;2025-11-28;23;229
7;2025-11-29;0;108
7;2025-11-29;1;20
7;2025-11-29;2;0
7;2025-11-29;3;0
7;2025-11-29;4;4
7;2025-11-29;5;47
7;2025-11-29;6;302
7;2025-11-29;7;333
7;2025-11-29;8;687
7;2025-11-29;9;487
7;2025-11-29;10;555
7;2025-11-29;11;757
7;2025-11-29;12;1066
7;2025-11-29;13;1044
7;2025-11-29;14;907
7;2025-11-29;15;911
7;2025-11-29;16;853
7;2025-11-29;17;914
7;2025-11-29;18;808
7;2025-11-29;19;716
7;2025-11-29;20;720
7;2025-11-29;21;454
7;2025-11-29;22;287
7;2025-11-29;23;235
7;2025-11-30;0;118
7;2025-11-30;1;10
7;2025-11-30;2;0
7;2025-11-30;3;0
7;2025-11-30;4;0
7;2025-11-30;5;25
7;2025-11-30;6;129
7;2025-11-30;7;147
7;2025-11-30;8;394
7;2025-11-30;9;483
7;2025-11-30;10;390
7;2025-11-30;11;494
7;2025-11-30;12;555
7;2025-11-30;13;596
7;2025-11-30;14;694
7;2025-11-30;15;712
7;2025-11-30;16;578
7;2025-11-30;17;654
7;2025-11-30;18;660
7;2025-11-30;19;470
7;2025-11-30;20;377
7;2025-11-30;21;323
7;2025-11-30;22;134
7;2025-11-30;23;127
7;2025-12-01;0;62
7;2025-12-01;1;9
7;2025-12-01;2;0
7;2025-12-01;3;0
7;2025-12-01;4;0
7;2025-12-01;5;174
7;2025-12-01;6;492
7;2025-12-01;7;1360
7;2025-12-01;8;2263
7;2025-12-01;9;1763
7;2025-12-01;10;1715
7;2025-12-01;11;1675
7;2025-12-01;12;1571
7;2025-12-01;13;1720
7;2025-12-01;14;1773
7;2025-12-01;15;1755
7;2025-12-01;16;1758
7;2025-12-01;17;2239
7;2025-12-01;18;2460
7;2025-12-01;19;1603
7;2025-12-01;20;1066
7;2025-12-01;21;615
7;2025-12-01;22;258
7;2025-12-01;23;156
7;2025-12-02;0;48
7;2025-12-02;1;10
7;2025-12-02;2;0
7;2025-12-02;3;0
7;2025-12-02;4;0
7;2025-12-02;5;211
7;2025-12-02;6;619
7;2025-12-02;7;1513
7;2025-12-02;8;2063
7;2025-12-02;9;2051
7;2025-12-02;10;1713
7;2025-12-02;11;1554
7;2025-12-02;12;1666
7;2025-12-02;13;1339
7;2025-12-02;14;887
7;2025-12-02;15;1442
7;2025-12-02;16;1654
7;2025-12-02;17;2351
7;2025-12-02;18;2311
7;2025-12-02;19;1813
7;2025-12-02;20;1302
7;2025-12-02;21;605
7;2025-12-02;22;286
7;2025-12-02;23;181
7;2025-12-03;0;39
7;2025-12-03;1;0
7;2025-12-03;2;0
7;2025-12-03;3;0
7;2025-12-03;4;4
7;2025-12-03;5;189
7;2025-12-03;6;639
7;2025-12-03;7;1472
7;2025-12-03;8;2146
7;2025-12-03;9;1809
7;2025-12-03;10;1782
7;2025-12-03;11;1596
7;2025-12-03;12;1810
7;2025-12-03;13;1647
7;2025-12-03;14;1412
7;2025-12-03;15;1707
7;2025-12-03;16;1842
7;2025-12-03;17;2444
7;2025-12-03;18;2443
7;2025-12-03;19;1707
7;2025-12-03;20;978
7;2025-12-03;21;600
7;2025-12-03;22;195
7;2025-12-03;23;149
7;2025-12-04;0;32
7;2025-12-04;1;1
7;2025-12-04;2;0
7;2025-12-04;3;0
7;2025-12-04;4;0
7;2025-12-04;5;192
7;2025-12-04;6;605
7;2025-12-04;7;1350
7;2025-12-04;8;2430
7;2025-12-04;9;1810
7;2025-12-04;10;1615
7;2025-12-04;11;1527
7;2025-12-04;12;1722
7;2025-12-04;13;1393
7;2025-12-04;14;1681
7;2025-12-04;15;1716
7;2025-12-04;16;1846
7;2025-12-04;17;2336
7;2025-12-04;18;2786
7;2025-12-04;19;1591
7;2025-12-04;20;1107
7;2025-12-04;21;688
7;2025-12-04;22;287
7;2025-12-04;23;179
7;2025-12-05;0;74
7;2025-12-05;1;0
7;2025-12-05;2;0
7;2025-12-05;3;0
7;2025-12-05;4;0
7;2025-12-05;5;169
7;2025-12-05;6;601
7;2025-12-05;7;1412
7;2025-12-05;8;2204
7;2025-12-05;9;1683
7;2025-12-05;10;1801
7;2025-12-05;11;1560
7;2025-12-05;12;1584
7;2025-12-05;13;1750
7;2025-12-05;14;1556
7;2025-12-05;15;1651
7;2025-12-05;16;1836
7;2025-12-05;17;2443
7;2025-12-05;18;1809
7;2025-12-05;19;1375
7;2025-12-05;20;971
7;2025-12-05;21;550
7;2025-12-05;22;289
7;2025-12-05;23;229
7;2025-12-06;0;107
7;2025-12-06;1;19
7;2025-12-06;2;0
7;2025-12-06;3;0
7;2025-12-06;4;4
7;2025-12-06;5;47
7;2025-12-06;6;303
7;2025-12-06;7;333
7;2025-12-06;8;687
7;2025-12-06;9;486
7;2025-12-06;10;555
7;2025-12-06;11;756
7;2025-12-06;12;1065
7;2025-12-06;13;1044
7;2025-12-06;14;907
7;2025-12-06;15;911
7;2025-12-06;16;853
7;2025-12-06;17;913
7;2025-12-06;18;809
7;2025-12-06;19;716
7;2025-12-06;20;722
7;2025-12-06;21;454
7;2025-12-06;22;287
7;2025-12-06;23;235
7;2025-12-07;0;117
7;2025-12-07;1;10
7;2025-12-07;2;0
7;2025-12-07;3;0
7;2025-12-07;4;0
7;2025-12-07;5;25
7;2025-12-07;6;129
7;2025-12-07;7;147
7;2025-12-07;8;393
7;2025-12-07;9;483
7;2025-12-07;10;391
7;2025-12-07;11;493
7;2025-12-07;12;555
7;2025-12-07;13;596
7;2025-12-07;14;694
7;2025-12-07;15;712
7;2025-12-07;16;577
7;2025-12-07;17;654
7;2025-12-07;18;661
7;2025-12-07;19;469
7;2025-12-07;20;378
7;2025-12-07;21;324
7;2025-12-07;22;134
7;2025-12-07;23;127
7;2025-12-08;0;60
7;2025-12-08;1;8
7;2025-12-08;2;0
7;2025-12-08;3;0
7;2025-12-08;4;0
7;2025-12-08;5;174
7;2025-12-08;6;493
7;2025-12-08;7;1360
7;2025-12-08;8;2262
7;2025-12-08;9;1763
7;2025-12-08;10;1716
7;2025-12-08;11;1676
7;2025-12-08;12;1571
7;2025-12-08;13;1720
7;2025-12-08;14;1773
7;2025-12-08;15;1755
7;2025-12-08;16;1757
7;2025-12-08;17;2239
7;2025-12-08;18;2461
7;2025-12-08;19;1603
7;2025-12-08;20;1068
7;2025-12-08;21;616
7;2025-12-08;22;258
7;2025-12-08;23;156
7;2025-12-09;0;47
7;2025-12-09;1;9
7;2025-12-09;2;0
7;2025-12-09;3;0
7;2025-12-09;4;0
7;2025-12-09;5;211
7;2025-12-09;6;620
7;2025-12-09;7;1513
7;2025-12-09;8;2062
7;2025-12-09;9;2051
7;2025-12-09;10;1714
7;2025-12-09;11;1555
7;2025-12-09;12;1666
7;2025-12-09;13;1339
7;2025-12-09;14;888
7;2025-12-09;15;1442
7;2025-12-09;16;1654
7;2025-12-09;17;2351
7;2025-12-09;18;2312
7;2025-12-09;19;1813
7;2025-12-09;20;1304
7;2025-12-09;21;606
7;2025-12-09;22;286
7;2025-12-09;23;181
7;2025-12-10;0;38
7;2025-12-10;1;0
7;2025-12-10;2;0
7;2025-12-10;3;0
7;2025-12-10;4;4
7;2025-12-10;5;190
7;2025-12-10;6;640
7;2025-12-10;7;1472
7;2025-12-10;8;2145
7;2025-12-10;9;1809
7;2025-12-10;10;1783
7;2025-12-10;11;1596
7;2025-12-10;12;1810
7;2025-12-10;13;1648
7;2025-12-10;14;1413
7;2025-12-10;15;1707
7;2025-12-10;16;1842
7;2025-12-10;17;2444
7;2025-12-10;18;2444
7;2025-12-10;19;1707
7;2025-12-10;20;980
7;2025-12-10;21;600
7;2025-12-10;22;195
7;2025-12-10;23;149
7;2025-12-11;0;31
7;2025-12-11;1;1
7;2025-12-11;2;0
7;2025-12-11;3;0
7;2025-12-11;4;0
7;2025-12-11;5;192
7;2025-12-11;6;605
7;2025-12-11;7;1350
7;2025-12-11;8;2429
7;2025-12-11;9;1811
7;2025-12-11;10;1617
7;2025-12-11;11;1528
7;2025-12-11;12;1722
7;2025-12-11;13;1394
7;2025-12-11;14;1682
7;2025-12-11;15;1717
7;2025-12-11;16;1846
7;2025-12-11;17;2336
7;2025-12-11;18;2787
7;2025-12-11;19;1591
7;2025-12-11;20;1109
7;2025-12-11;21;689
7;2025-12-11;22;287
7;2025-12-11;23;179
7;2025-12-12;0;73
7;2025-12-12;1;0
7;2025-12-12;2;0
7;2025-12-12;3;0
7;2025-12-12;4;0
7;2025-12-12;5;169
7;2025-12-12;6;602
7;2025-12-12;7;1412
7;2025-12-12;8;2203
7;2025-12-12;9;1683
7;2025-12-12;10;1802
7;2025-12-12;11;1561
7;2025-12-12;12;1584
7;2025-12-12;13;1752
7;2025-12-12;14;1557
7;2025-12-12;15;1652
7;2025-12-12;16;1836
7;2025-12-12;17;2443
7;2025-12-12;18;1810
7;2025-12-12;19;1375
7;2025-12-12;20;973
7;2025-12-12;21;552
7;2025-12-12;22;289
7;2025-12-12;23;229
7;2025-12-13;0;105
7;2025-12-13;1;18
7;2025-12-13;2;0
7;2025-12-13;3;0
7;2025-12-13;4;4
7;2025-12-13;5;47
7;2025-12-13;6;304
7;2025-12-13;7;333
7;2025-12-13;8;686
7;2025-12-13;9;486
7;2025-12-13;10;556
7;2025-12-13;11;756
7;2025-12-13;12;1065
7;2025-12-13;13;1045
7;2025-12-13;14;907
7;2025-12-13;15;911
7;2025-12-13;16;852
7;2025-12-13;17;913
7;2025-12-13;18;810
7;2025-12-13;19;715
7;2025-12-13;20;723
7;2025-12-13;21;455
7;2025-12-13;22;286
7;2025-12-13;23;235
7;2025-12-14;0;115
7;2025-12-14;1;9
7;2025-12-14;2;0
7;2025-12-14;3;0
7;2025-12-14;4;0
7;2025-12-14;5;25
7;2025-12-14;6;130
7;2025-12-14;7;147
7;2025-12-14;8;393
7;2025-12-14;9;483
7;2025-12-14;10;392
7;2025-12-14;11;493
7;2025-12-14;12;554
7;2025-12-14;13;596
7;2025-12-14;14;694
7;2025-12-14;15;711
7;2025-12-14;16;577
7;2025-12-14;17;653
7;2025-12-14;18;662
7;2025-12-14;19;469
7;2025-12-14;20;380
7;2025-12-14;21;325
7;2025-12-14;22;133
7;2025-12-14;23;127
7;2025-12-15;0;59
7;2025-12-15;1;7
7;2025-12-15;2;0
7;2025-12-15;3;0
7;2025-12-15;4;0
7;2025-12-15;5;174
7;2025-12-15;6;493
7;2025-12-15;7;1360
7;2025-12-15;8;2261
7;2025-12-15;9;1763
7;2025-12-15;10;1717
7;2025-12-15;11;1676
7;2025-12-15;12;1570
7;2025-12-15;13;1721
7;2025-12-15;14;1773
7;2025-12-15;15;1755
7;2025-12-15;16;1757
7;2025-12-15;17;2238
7;2025-12-15;18;2462
7;2025-12-15;19;1603
7;2025-12-15;20;1069
7;2025-12-15;21;616
7;2025-12-15;22;258
7;2025-12-15;23;156
7;2025-12-16;0;46
7;2025-12-16;1;8
7;2025-12-16;2;0
7;2025-12-16;3;0
7;2025-12-16;4;0
7;2025-12-16;5;211
7;2025-12-16;6;621
7;2025-12-16;7;1513
7;2025-12-16;8;2061
7;2025-12-16;9;2051
7;2025-12-16;10;1715
7;2025-12-16;11;1555
7;2025-12-16;12;1666
7;2025-12-16;13;1340
7;2025-12-16;14;888
7;2025-12-16;15;1442
7;2025-12-16;16;1654
7;2025-12-16;17;2351
7;2025-12-16;18;2313
7;2025-12-16;19;1812
7;2025-12-16;20;1306
7;2025-12-16;21;606
7;2025-12-16;22;286
7;2025-12-16;23;181
7;2025-12-17;0;37
7;2025-12-17;1;0
7;2025-12-17;2;0
7;2025-12-17;3;0
7;2025-12-17;4;4
7;2025-12-17;5;190
7;2025-12-17;6;641
7;2025-12-17;7;1471
7;2025-12-17;8;2145
7;2025-12-17;9;1809
7;2025-12-17;10;1785
7;2025-12-17;11;1596
7;2025-12-17;12;1810
7;2025-12-17;13;1648
7;2025-12-17;14;1413
7;2025-12-17;15;1707
7;2025-12-17;16;1842
7;2025-12-17;17;2444
7;2025-12-17;18;2445
7;2025-12-17;19;1707
7;2025-12-17;20;982
7;2025-12-17;21;601
7;2025-12-17;22;195
7;2025-12-17;23;149
7;2025-12-18;0;29
7;2025-12-18;1;0
7;2025-12-18;2;0
7;2025-12-18;3;0
7;2025-12-18;4;0
7;2025-12-18;5;192
7;2025-12-18;6;606
7;2025-12-18;7;1349
7;2025-12-18;8;2428
7;2025-12-18;9;1811
7;2025-12-18;10;1619
7;2025-12-18;11;1528
7;2025-12-18;12;1722
7;2025-12-18;13;1395
7;2025-12-18;14;1682
7;2025-12-18;15;1717
7;2025-12-18;16;1846
7;2025-12-18;17;2337
7;2025-12-18;18;2789
7;2025-12-18;19;1591
7;2025-12-18;20;1111
7;2025-12-18;21;690
7;2025-12-18;22;287
7;2025-12-18;23;179
7;2025-12-19;0;72
7;2025-12-19;1;0
7;2025-12-19;2;0
7;2025-12-19;3;0
7;2025-12-19;4;0
7;2025-12-19;5;169
7;2025-12-19;6;602
7;2025-12-19;7;1411
7;2025-12-19;8;2202
7;2025-12-19;9;1684
7;2025-12-19;10;1804
7;2025-12-19;11;1561
7;2025-12-19;12;1584
7;2025-12-19;13;1753
7;2025-12-19;14;1558
7;2025-12-19;15;1652
7;2025-12-19;16;1836
7;2025-12-19;17;2443
7;2025-12-19;18;1811
7;2025-12-19;19;1375
7;2025-12-19;20;976
7;2025-12-19;21;553
7;2025-12-19;22;290
7;2025-12-19;23;229
7;2025-12-20;0;104
7;2025-12-20;1;17
7;2025-12-20;2;0
7;2025-12-20;3;0
7;2025-12-20;4;4
7;2025-12-20;5;47
7;2025-12-20;6;305
7;2025-12-20;7;332
7;2025-12-20;8;685
7;2025-12-20;9;486
7;2025-12-20;10;557
7;2025-12-20;11;756
7;2025-12-20;12;1064
7;2025-12-20;13;1045
7;2025-12-20;14;907
7;2025-12-20;15;911
7;2025-12-20;16;852
7;2025-12-20;17;912
7;2025-12-20;18;811
7;2025-12-20;19;715
7;2025-12-20;20;725
7;2025-12-20;21;455
7;2025-12-20;22;286
7;2025-12-20;23;236
7;2025-12-21;0;114
7;2025-12-21;1;8
7;2025-12-21;2;0
7;2025-12-21;3;0
7;2025-12-21;4;0
7;2025-12-21;5;25
7;2025-12-21;6;131
7;2025-12-21;7;146
7;2025-12-21;8;392
7;2025-12-21;9;483
7;2025-12-21;10;392
7;2025-12-21;11;493
7;2025-12-21;12;554
7;2025-12-21;13;596
7;2025-12-21;14;695
7;2025-12-21;15;711
7;2025-12-21;16;576
7;2025-12-21;17;653
7;2025-12-21;18;663
7;2025-12-21;19;468
7;2025-12-21;20;382
7;2025-12-21;21;325
7;2025-12-21;22;133
7;2025-12-21;23;127
7;2025-12-22;0;58
7;2025-12-22;1;6
7;2025-12-22;2;0
7;2025-12-22;3;0
7;2025-12-22;4;0
7;2025-12-22;5;174
7;2025-12-22;6;494
7;2025-12-22;7;1359
7;2025-12-22;8;2260
7;2025-12-22;9;1763
7;2025-12-22;10;1718
7;2025-12-22;11;1676
7;2025-12-22;12;1570
7;2025-12-22;13;1721
7;2025-12-22;14;1773
7;2025-12-22;15;1755
7;2025-12-22;16;1756
7;2025-12-22;17;2238
7;2025-12-22;18;2463
7;2025-12-22;19;1603
7;2025-12-22;20;1071
7;2025-12-22;21;617
7;2025-12-22;22;258
7;2025-12-22;23;156
7;2025-12-23;0;45
7;2025-12-23;1;7
7;2025-12-23;2;0
7;2025-12-23;3;0
7;2025-12-23;4;0
7;2025-12-23;5;211
7;2025-12-23;6;622
7;2025-12-23;7;1512
7;2025-12-23;8;2060
7;2025-12-23;9;2051
7;2025-12-23;10;1715
7;2025-12-23;11;1555
7;2025-12-23;12;1666
7;2025-12-23;13;1341
7;2025-12-23;14;888
7;2025-12-23;15;1442
7;2025-12-23;16;1653
7;2025-12-23;17;2351
7;2025-12-23;18;2314
7;2025-12-23;19;1812
7;2025-12-23;20;1308
7;2025-12-23;21;607
7;2025-12-23;22;285
7;2025-12-23;23;181
7;2025-12-24;0;36
7;2025-12-24;1;0
7;2025-12-24;2;0
7;2025-12-24;3;0
7;2025-12-24;4;4
7;2025-12-24;5;190
7;2025-12-24;6;641
7;2025-12-24;7;1471
7;2025-12-24;8;2144
7;2025-12-24;9;1810
7;2025-12-24;10;1786
7;2025-12-24;11;1597
7;2025-12-24;12;1810
7;2025-12-24;13;1649
7;2025-12-24;14;1414
7;2025-12-24;15;1707
7;2025-12-24;16;1841
7;2025-12-24;17;2444
7;2025-12-24;18;2446
7;2025-12-24;19;1706
7;2025-12-24;20;984
7;2025-12-24;21;602
7;2025-12-24;22;195
7;2025-12-24;23;149
7;2025-12-25;0;28
7;2025-12-25;1;0
7;2025-12-25;2;0
7;2025-12-25;3;0
7;2025-12-25;4;0
7;2025-12-25;5;192
7;2025-12-25;6;607
7;2025-12-25;7;1349
7;2025-12-25;8;2427
7;2025-12-25;9;1812
7;2025-12-25;10;1620
7;2025-12-25;11;1529
7;2025-12-25;12;1722
7;2025-12-25;13;1396
7;2025-12-25;14;1683
7;2025-12-25;15;1717
7;2025-12-25;16;1846
7;2025-12-25;17;2337
7;2025-12-25;18;2790
7;2025-12-25;19;1591
7;2025-12-25;20;1113
7;2025-12-25;21;691
7;2025-12-25;22;288
7;2025-12-25;23;179
7;2025-12-26;0;71
7;2025-12-26;1;0
7;2025-12-26;2;0
7;2025-12-26;3;0
7;2025-12-26;4;0
7;2025-12-26;5;169
7;2025-12-26;6;603
7;2025-12-26;7;1411
7;2025-12-26;8;2201
7;2025-12-26;9;1685
7;2025-12-26;10;1805
7;2025-12-26;11;1562
7;2025-12-26;12;1584
7;2025-12-26;13;1754
7;2025-12-26;14;1559
7;2025-12-26;15;1652
7;2025-12-26;16;1836
7;2025-12-26;17;2443
7;2025-12-26;18;1812
7;2025-12-26;19;1375
7;2025-12-26;20;978
7;2025-12-26;21;554
7;2025-12-26;22;290
7;2025-12-26;23;230
7;2025-12-27;0;103
7;2025-12-27;1;16
7;2025-12-27;2;0
7;2025-12-27;3;0
7;2025-12-27;4;4
7;2025-12-27;5;46
7;2025-12-27;6;306
7;2025-12-27;7;332
7;2025-12-27;8;684
7;2025-12-27;9;486
7;2025-12-27;10;558
7;2025-12-27;11;755
7;2025-12-27;12;1064
7;2025-12-27;13;1045
7;2025-12-27;14;908
7;2025-12-27;15;911
7;2025-12-27;16;851
7;2025-12-27;17;912
7;2025-12-27;18;812
7;2025-12-27;19;715
7;2025-12-27;20;727
7;2025-12-27;21;456
7;2025-12-27;22;286
7;2025-12-27;23;236
7;2025-12-28;0;113
7;2025-12-28;1;8
7;2025-12-28;2;0
7;2025-12-28;3;0
7;2025-12-28;4;0
7;2025-12-28;5;26
7;2025-12-28;6;132
7;2025-12-28;7;146
7;2025-12-28;8;391
7;2025-12-28;9;483
7;2025-12-28;10;393
7;2025-12-28;11;492
7;2025-12-28;12;553
7;2025-12-28;13;597
7;2025-12-28;14;695
7;2025-12-28;15;710
7;2025-12-28;16;576
7;2025-12-28;17;652
7;2025-12-28;18;664
7;2025-12-28;19;468
7;2025-12-28;20;383
7;2025-12-28;21;326
7;2025-12-28;22;133
7;2025-12-28;23;127
7;2025-12-29;0;57
7;2025-12-29;1;5
7;2025-12-29;2;0
7;2025-12-29;3;0
7;2025-12-29;4;0
7;2025-12-29;5;174
7;2025-12-29;6;495
7;2025-12-29;7;1359
7;2025-12-29;8;2260
7;2025-12-29;9;1763
7;2025-12-29;10;1719
7;2025-12-29;11;1676
7;2025-12-29;12;1569
7;2025-12-29;13;1721
7;2025-12-29;14;1773
7;2025-12-29;15;1755
7;2025-12-29;16;1756
7;2025-12-29;17;2237
7;2025-12-29;18;2464
7;2025-12-29;19;1602
7;2025-12-29;20;1073
7;2025-12-29;21;617
7;2025-12-29;22;258
7;2025-12-29;23;156
7;2025-12-30;0;44
7;2025-12-30;1;6
7;2025-12-30;2;0
7;2025-12-30;3;0
7;2025-12-30;4;0
7;2025-12-30;5;211
7;2025-12-30;6;623
7;2025-12-30;7;1512
7;2025-12-30;8;2059
7;2025-12-30;9;2051
7;2025-12-30;10;1716
7;2025-12-30;11;1555
7;2025-12-30;12;1666
7;2025-12-30;13;1341
7;2025-12-30;14;889
7;2025-12-30;15;1442
7;2025-12-30;16;1653
7;2025-12-30;17;2351
7;2025-12-30;18;2315
7;2025-12-30;19;1812
7;2025-12-30;20;1309
7;2025-12-30;21;607
7;2025-12-30;22;285
7;2025-12-30;23;181
7;2025-12-31;0;34
7;2025-12-31;1;0
7;2025-12-31;2;0
7;2025-12-31;3;0
7;2025-12-31;4;4
7;2025-12-31;5;190
7;2025-12-31;6;642
7;2025-12-31;7;1471
7;2025-12-31;8;2143
7;2025-12-31;9;1810
7;2025-12-31;10;1788
7;2025-12-31;11;1597
7;2025-12-31;12;1810
7;2025-12-31;13;1650
7;2025-12-31;14;1414
7;2025-12-31;15;1707
7;2025-12-31;16;1841
7;2025-12-31;17;2444
7;2025-12-31;18;2447
7;2025-12-31;19;1706
7;2025-12-31;20;986
7;2025-12-31;21;603
7;2025-12-31;22;195
7;2025-12-31;23;149
11;2025-11-01;0;99
11;2025-11-01;1;3
11;2025-11-01;2;0
11;2025-11-01;3;0
11;2025-11-01;4;0
11;2025-11-01;5;158
11;2025-11-01;6;737
11;2025-11-01;7;756
11;2025-11-01;8;1004
11;2025-11-01;9;1150
11;2025-11-01;10;1276
11;2025-11-01;11;1598
11;2025-11-01;12;1883
11;2025-11-01;13;1597
11;2025-11-01;14;1937
11;2025-11-01;15;1794
11;2025-11-01;16;1601
11;2025-11-01;17;1749
11;2025-11-01;18;1364
11;2025-11-01;19;1388
11;2025-11-01;20;865
11;2025-11-01;21;689
11;2025-11-01;22;365
11;2025-11-01;23;288
11;2025-11-02;0;101
11;2025-11-02;1;8
11;2025-11-02;2;0
11;2025-11-02;3;0
11;2025-11-02;4;0
11;2025-11-02;5;79
11;2025-11-02;6;502
11;2025-11-02;7;422
11;2025-11-02;8;555
11;2025-11-02;9;907
11;2025-11-02;10;1013
11;2025-11-02;11;1442
11;2025-11-02;12;1535
11;2025-11-02;13;1334
11;2025-11-02;14;1528
11;2025-11-02;15;1352
11;2025-11-02;16;1492
11;2025-11-02;17;1683
11;2025-11-02;18;1035
11;2025-11-02;19;895
11;2025-11-02;20;628
11;2025-11-02;21;593
11;2025-11-02;22;320
11;2025-11-02;23;255
11;2025-11-03;0;77
11;2025-11-03;1;15
11;2025-11-03;2;0
11;2025-11-03;3;0
11;2025-11-03;4;2
11;2025-11-03;5;260
11;2025-11-03;6;1364
11;2025-11-03;7;2460
11;2025-11-03;8;3146
11;2025-11-03;9;2251
11;2025-11-03;10;1760
11;2025-11-03;11;2009
11;2025-11-03;12;1891
11;2025-11-03;13;1862
11;2025-11-03;14;2176
11;2025-11-03;15;2207
11;2025-11-03;16;2186
11;2025-11-03;17;2819
11;2025-11-03;18;2853
11;2025-11-03;19;2419
11;2025-11-03;20;1146
11;2025-11-03;21;884
11;2025-11-03;22;343
11;2025-11-03;23;227
11;2025-11-04;0;29
11;2025-11-04;1;0
11;2025-11-04;2;0
11;2025-11-04;3;0
11;2025-11-04;4;0
11;2025-11-04;5;213
11;2025-11-04;6;1148
11;2025-11-04;7;2125
11;2025-11-04;8;3086
11;2025-11-04;9;2302
11;2025-11-04;10;1695
11;2025-11-04;11;1841
11;2025-11-04;12;1920
11;2025-11-04;13;2226
11;2025-11-04;14;2014
11;2025-11-04;15;1738
11;2025-11-04;16;1999
11;2025-11-04;17;2735
11;2025-11-04;18;2965
11;2025-11-04;19;2200
11;2025-11-04;20;1490
11;2025-11-04;21;804
11;2025-11-04;22;354
11;2025-11-04;23;201
11;2025-11-05;0;84
11;2025-11-05;1;0
11;2025-11-05;2;0
11;2025-11-05;3;0
11;2025-11-05;4;0
11;2025-11-05;5;249
11;2025-11-05;6;1153
11;2025-11-05;7;2199
11;2025-11-05;8;3133
11;2025-11-05;9;2403
11;2025-11-05;10;1886
11;2025-11-05;11;1883
11;2025-11-05;12;1938
11;2025-11-05;13;2157
11;2025-11-05;14;1622
11;2025-11-05;15;1458
11;2025-11-05;16;1590
11;2025-11-05;17;2271
11;2025-11-05;18;3058
11;2025-11-05;19;2401
11;2025-11-05;20;1528
11;2025-11-05;21;712
11;2025-11-05;22;350
11;2025-11-05;23;206
11;2025-11-06;0;55
11;2025-11-06;1;0
11;2025-11-06;2;0
11;2025-11-06;3;0
11;2025-11-06;4;0
11;2025-11-06;5;237
11;2025-11-06;6;1411
11;2025-11-06;7;2315
11;2025-11-06;8;3224
11;2025-11-06;9;2468
11;2025-11-06;10;2146
11;2025-11-06;11;2118
11;2025-11-06;12;2273
11;2025-11-06;13;2056
11;2025-11-06;14;2373
11;2025-11-06;15;1977
11;2025-11-06;16;2434
11;2025-11-06;17;2826
11;2025-11-06;18;3053
11;2025-11-06;19;2399
11;2025-11-06;20;1519
11;2025-11-06;21;1038
11;2025-11-06;22;381
11;2025-11-06;23;262
11;2025-11-07;0;82
11;2025-11-07;1;0
11;2025-11-07;2;0
11;2025-11-07;3;0
11;2025-11-07;4;0
11;2025-11-07;5;239
11;2025-11-07;6;1320
11;2025-11-07;7;2385
11;2025-11-07;8;3264
11;2025-11-07;9;2345
11;2025-11-07;10;1952
11;2025-11-07;11;1794
11;2025-11-07;12;1969
11;2025-11-07;13;1843
11;2025-11-07;14;1945
11;2025-11-07;15;1756
11;2025-11-07;16;2350
11;2025-11-07;17;2604
11;2025-11-07;18;2258
11;2025-11-07;19;2139
11;2025-11-07;20;1383
11;2025-11-07;21;839
11;2025-11-07;22;365
11;2025-11-07;23;308
11;2025-11-08;0;98
11;2025-11-08;1;2
11;2025-11-08;2;0
11;2025-11-08;3;0
11;2025-11-08;4;0
11;2025-11-08;5;158
11;2025-11-08;6;738
11;2025-11-08;7;755
11;2025-11-08;8;1003
11;2025-11-08;9;1149
11;2025-11-08;10;1276
11;2025-11-08;11;1597
11;2025-11-08;12;1882
11;2025-11-08;13;1597
11;2025-11-08;14;1937
11;2025-11-08;15;1794
11;2025-11-08;16;1600
11;2025-11-08;17;1749
11;2025-11-08;18;1365
11;2025-11-08;19;1387
11;2025-11-08;20;866
11;2025-11-08;21;689
11;2025-11-08;22;365
11;2025-11-08;23;288
11;2025-11-09;0;100
11;2025-11-09;1;8
11;2025-11-09;2;0
11;2025-11-09;3;0
11;2025-11-09;4;0
11;2025-11-09;5;79
11;2025-11-09;6;503
11;2025-11-09;7;421
11;2025-11-09;8;554
11;2025-11-09;9;907
11;2025-11-09;10;1014
11;2025-11-09;11;1441
11;2025-11-09;12;1535
11;2025-11-09;13;1334
11;2025-11-09;14;1528
11;2025-11-09;15;1351
11;2025-11-09;16;1491
11;2025-11-09;17;1683
11;2025-11-09;18;1036
11;2025-11-09;19;894
11;2025-11-09;20;629
11;2025-11-09;21;593
11;2025-11-09;22;320
11;2025-11-09;23;255
11;2025-11-10;0;76
11;2025-11-10;1;14
11;2025-11-10;2;0
11;2025-11-10;3;0
11;2025-11-10;4;2
11;2025-11-10;5;260
11;2025-11-10;6;1365
11;2025-11-10;7;2459
11;2025-11-10;8;3145
11;2025-11-10;9;2251
11;2025-11-10;10;1761
11;2025-11-10;11;2009
11;2025-11-10;12;1890
11;2025-11-10;13;1863
11;2025-11-10;14;2176
11;2025-11-10;15;2207
11;2025-11-10;16;2186
11;2025-11-10;17;2818
11;2025-11-10;18;2854
11;2025-11-10;19;2418
11;2025-11-10;20;1148
11;2025-11-10;21;884
11;2025-11-10;22;343
11;2025-11-10;23;227
11;2025-11-11;0;28
11;2025-11-11;1;0
11;2025-11-11;2;0
11;2025-11-11;3;0
11;2025-11-11;4;0
11;2025-11-11;5;213
11;2025-11-11;6;1149
11;2025-11-11;7;2125
11;2025-11-11;8;3085
11;2025-11-11;9;2302
11;2025-11-11;10;1696
11;2025-11-11;11;1842
11;2025-11-11;12;1920
11;2025-11-11;13;2226
11;2025-11-11;14;2015
11;2025-11-11;15;1738
11;2025-11-11;16;1998
11;2025-11-11;17;2735
11;2025-11-11;18;2966
11;2025-11-11;19;2200
11;2025-11-11;20;1491
11;2025-11-11;21;804
11;2025-11-11;22;354
11;2025-11-11;23;201
11;2025-11-12;0;83
11;2025-11-12;1;0
11;2025-11-12;2;0
11;2025-11-12;3;0
11;2025-11-12;4;0
11;2025-11-12;5;249
11;2025-11-12;6;1154
11;2025-11-12;7;2199
11;2025-11-12;8;3132
11;2025-11-12;9;2404
11;2025-11-12;10;1887
11;2025-11-12;11;1884
11;2025-11-12;12;1938
11;2025-11-12;13;2158
11;2025-11-12;14;1623
11;2025-11-12;15;1458
11;2025-11-12;16;1590
11;2025-11-12;17;2271
11;2025-11-12;18;3059
11;2025-11-12;19;2401
11;2025-11-12;20;1530
11;2025-11-12;21;713
11;2025-11-12;22;350
11;2025-11-12;23;206
11;2025-11-13;0;54
11;2025-11-13;1;0
11;2025-11-13;2;0
11;2025-11-13;3;0
11;2025-11-13;4;0
11;2025-11-13;5;237
11;2025-11-13;6;1411
11;2025-11-13;7;2314
11;2025-11-13;8;3223
11;2025-11-13;9;2469
11;2025-11-13;10;2147
11;2025-11-13;11;2118
11;2025-11-13;12;2273
11;2025-11-13;13;2057
11;2025-11-13;14;2373
11;2025-11-13;15;1978
11;2025-11-13;16;2434
11;2025-11-13;17;2826
11;2025-11-13;18;3054
11;2025-11-13;19;2399
11;2025-11-13;20;1521
11;2025-11-13;21;1039
11;2025-11-13;22;382
11;2025-11-13;23;262
11;2025-11-14;0;81
11;2025-11-14;1;0
11;2025-11-14;2;0
11;2025-11-14;3;0
11;2025-11-14;4;0
11;2025-11-14;5;239
11;2025-11-14;6;1321
11;2025-11-14;7;2385
11;2025-11-14;8;3263
11;2025-11-14;9;2345
11;2025-11-14;10;1953
11;2025-11-14;11;1795
11;2025-11-14;12;1969
11;2025-11-14;13;1845
11;2025-11-14;14;1945
11;2025-11-14;15;1757
11;2025-11-14;16;2350
11;2025-11-14;17;2604
11;2025-11-14;18;2259
11;2025-11-14;19;2139
11;2025-11-14;20;1385
11;2025-11-14;21;840
11;2025-11-14;22;366
11;2025-11-14;23;308
11;2025-11-15;0;96
11;2025-11-15;1;1
11;2025-11-15;2;0
11;2025-11-15;3;0
11;2025-11-15;4;0
11;2025-11-15;5;157
11;2025-11-15;6;739
11;2025-11-15;7;755
11;2025-11-15;8;1002
11;2025-11-15;9;1149
11;2025-11-15;10;1277
11;2025-11-15;11;1597
11;2025-11-15;12;1882
11;2025-11-15;13;1598
11;2025-11-15;14;1938
11;2025-11-15;15;1794
11;2025-11-15;16;1600
11;2025-11-15;17;1748
11;2025-11-15;18;1366
11;2025-11-15;19;1387
11;2025-11-15;20;868
11;2025-11-15;21;690
11;2025-11-15;22;364
11;2025-11-15;23;288
11;2025-11-16;0;99
11;2025-11-16;1;7
11;2025-11-16;2;0
11;2025-11-16;3;0
11;2025-11-16;4;0
11;2025-11-16;5;79
11;2025-11-16;6;504
11;2025-11-16;7;421
11;2025-11-16;8;553
11;2025-11-16;9;907
11;2025-11-16;10;1014
11;2025-11-16;11;1441
11;2025-11-16;12;1534
11;2025-11-16;13;1335
11;2025-11-16;14;1528
11;2025-11-16;15;1351
11;2025-11-16;16;1491
11;2025-11-16;17;1682
11;2025-11-16;18;1037
11;2025-11-16;19;894
11;2025-11-16;20;631
11;2025-11-16;21;594
11;2025-11-16;22;319
11;2025-11-16;23;255
11;2025-11-17;0;75
11;2025-11-17;1;13
11;2025-11-17;2;0
11;2025-11-17;3;0
11;2025-11-17;4;2
11;2025-11-17;5;260
11;2025-11-17;6;1365
11;2025-11-17;7;2459
11;2025-11-17;8;3145
11;2025-11-17;9;2251
11;2025-11-17;10;1762
11;2025-11-17;11;2009
11;2025-11-17;12;1890
11;2025-11-17;13;1863
11;2025-11-17;14;2176
11;2025-11-17;15;2207
11;2025-11-17;16;2185
11;2025-11-17;17;2818
11;2025-11-17;18;2855
11;2025-11-17;19;2418
11;2025-11-17;20;1149
11;2025-11-17;21;885
11;2025-11-17;22;343
11;2025-11-17;23;227
11;2025-11-18;0;27
11;2025-11-18;1;0
11;2025-11-18;2;0
11;2025-11-18;3;0
11;2025-11-18;4;0
11;2025-11-18;5;213
11;2025-11-18;6;1150
11;2025-11-18;7;2124
11;2025-11-18;8;3084
11;2025-11-18;9;2302
11;2025-11-18;10;1697
11;2025-11-18;11;1842
11;2025-11-18;12;1920
11;2025-11-18;13;2227
11;2025-11-18;14;2015
11;2025-11-18;15;1738
11;2025-11-18;16;1998
11;2025-11-18;17;2735
11;2025-11-18;18;2967
11;2025-11-18;19;2199
11;2025-11-18;20;1493
11;2025-11-18;21;805
11;2025-11-18;22;353
11;2025-11-18;23;201
11;2025-11-19;0;81
11;2025-11-19;1;0
11;2025-11-19;2;0
11;2025-11-19;3;0
11;2025-11-19;4;0
11;2025-11-19;5;249
11;2025-11-19;6;1154
11;2025-11-19;7;2198
11;2025-11-19;8;3132
11;2025-11-19;9;2404
11;2025-11-19;10;1889
11;2025-11-19;11;1884
11;2025-11-19;12;1938
11;2025-11-19;13;2158
11;2025-11-19;14;1623
11;2025-11-19;15;1458
11;2025-11-19;16;1590
11;2025-11-19;17;2271
11;2025-11-19;18;3060
11;2025-11-19;19;2400
11;2025-11-19;20;1532
11;2025-11-19;21;714
11;2025-11-19;22;350
11;2025-11-19;23;206
11;2025-11-20;0;52
11;2025-11-20;1;0
11;2025-11-20;2;0
11;2025-11-20;3;0
11;2025-11-20;4;0
11;2025-11-20;5;237
11;2025-11-20;6;1412
11;2025-11-20;7;2314
11;2025-11-20;8;3222
11;2025-11-20;9;2469
11;2025-11-20;10;2149
11;2025-11-20;11;2119
11;2025-11-20;12;2273
11;2025-11-20;13;2058
11;2025-11-20;14;2374
11;2025-11-20;15;1978
11;2025-11-20;16;2434
11;2025-11-20;17;2826
11;2025-11-20;18;3056
11;2025-11-20;19;2399
11;2025-11-20;20;1523
11;2025-11-20;21;1040
11;2025-11-20;22;382
11;2025-11-20;23;262
11;2025-11-21;0;80
11;2025-11-21;1;0
11;2025-11-21;2;0
11;2025-11-21;3;0
11;2025-11-21;4;0
11;2025-11-21;5;239
11;2025-11-21;6;1321
11;2025-11-21;7;2384
11;2025-11-21;8;3263
11;2025-11-21;9;2346
11;2025-11-21;10;1955
11;2025-11-21;11;1795
11;2025-11-21;12;1969
11;2025-11-21;13;1846
11;2025-11-21;14;1946
11;2025-11-21;15;1757
11;2025-11-21;16;2350
11;2025-11-21;17;2604
11;2025-11-21;18;2260
11;2025-11-21;19;2139
11;2025-11-21;20;1388
11;2025-11-21;21;841
11;2025-11-21;22;366
11;2025-11-21;23;308
11;2025-11-22;0;95
11;2025-11-22;1;0
11;2025-11-22;2;0
11;2025-11-22;3;0
11;2025-11-22;4;0
11;2025-11-22;5;157
11;2025-11-22;6;739
11;2025-11-22;7;755
11;2025-11-22;8;1001
11;2025-11-22;9;1149
11;2025-11-22;10;1278
11;2025-11-22;11;1597
11;2025-11-22;12;1881
11;2025-11-22;13;1598
11;2025-11-22;14;1938
11;2025-11-22;15;1794
11;2025-11-22;16;1599
11;2025-11-22;17;1748
11;2025-11-22;18;1367
11;2025-11-22;19;1386
11;2025-11-22;20;870
11;2025-11-22;21;690
11;2025-11-22;22;364
11;2025-11-22;23;288
11;2025-11-23;0;98
11;2025-11-23;1;6
11;2025-11-23;2;0
11;2025-11-23;3;0
11;2025-11-23;4;0
11;2025-11-23;5;79
11;2025-11-23;6;505
11;2025-11-23;7;421
11;2025-11-23;8;552
11;2025-11-23;9;906
11;2025-11-23;10;1015
11;2025-11-23;11;1441
11;2025-11-23;12;1534
11;2025-11-23;13;1335
11;2025-11-23;14;1528
11;2025-11-23;15;1350
11;2025-11-23;16;1490
11;2025-11-23;17;1682
11;2025-11-23;18;1038
11;2025-11-23;19;893
11;2025-11-23;20;633
11;2025-11-23;21;595
11;2025-11-23;22;319
11;2025-11-23;23;255
11;2025-11-24;0;74
11;2025-11-24;1;12
11;2025-11-24;2;0
11;2025-11-24;3;0
11;2025-11-24;4;1
11;2025-11-24;5;260
11;2025-11-24;6;1366
11;2025-11-24;7;2459
11;2025-11-24;8;3144
11;2025-11-24;9;2251
11;2025-11-24;10;1763
11;2025-11-24;11;2009
11;2025-11-24;12;1889
11;2025-11-24;13;1864
11;2025-11-24;14;2177
11;2025-11-24;15;2206
11;2025-11-24;16;2185
11;2025-11-24;17;2817
11;2025-11-24;18;2856
11;2025-11-24;19;2418
11;2025-11-24;20;1151
11;2025-11-24;21;885
11;2025-11-24;22;343
11;2025-11-24;23;227
11;2025-11-25;0;26
11;2025-11-25;1;0
11;2025-11-25;2;0
11;2025-11-25;3;0
11;2025-11-25;4;0
11;2025-11-25;5;213
11;2025-11-25;6;1151
11;2025-11-25;7;2124
11;2025-11-25;8;3083
11;2025-11-25;9;2303
11;2025-11-25;10;1698
11;2025-11-25;11;1842
11;2025-11-25;12;1919
11;2025-11-25;13;2227
11;2025-11-25;14;2015
11;2025-11-25;15;1738
11;2025-11-25;16;1998
11;2025-11-25;17;2734
11;2025-11-25;18;2968
11;2025-11-25;19;2199
11;2025-11-25;20;1495
11;2025-11-25;21;805
11;2025-11-25;22;353
11;2025-11-25;23;201
11;2025-11-26;0;80
11;2025-11-26;1;0
11;2025-11-26;2;0
11;2025-11-26;3;0
11;2025-11-26;4;0
11;2025-11-26;5;249
11;2025-11-26;6;1155
11;2025-11-26;7;2198
11;2025-11-26;8;3131
11;2025-11-26;9;2404
11;2025-11-26;10;1890
11;2025-11-26;11;1884
11;2025-11-26;12;1938
11;2025-11-26;13;2159
11;2025-11-26;14;1624
11;2025-11-26;15;1458
11;2025-11-26;16;1590
11;2025-11-26;17;2271
11;2025-11-26;18;3062
11;2025-11-26;19;2400
11;2025-11-26;20;1534
11;2025-11-26;21;715
11;2025-11-26;22;350
11;2025-11-26;23;206
11;2025-11-27;0;51
11;2025-11-27;1;0
11;2025-11-27;2;0
11;2025-11-27;3;0
11;2025-11-27;4;0
11;2025-11-27;5;237
11;2025-11-27;6;1413
11;2025-11-27;7;2314
11;2025-11-27;8;3221
11;2025-11-27;9;2470
11;2025-11-27;10;2151
11;2025-11-27;11;2119
11;2025-11-27;12;2274
11;2025-11-27;13;2059
11;2025-11-27;14;2374
11;2025-11-27;15;1978
11;2025-11-27;16;2434
11;2025-11-27;17;2826
11;2025-11-27;18;3057
11;2025-11-27;19;2399
11;2025-11-27;20;1526
11;2025-11-27;21;1042
11;2025-11-27;22;382
11;2025-11-27;23;262
11;2025-11-28;0;80
11;2025-11-28;1;0
11;2025-11-28;2;0
11;2025-11-28;3;0
11;2025-11-28;4;0
11;2025-11-28;5;239
11;2025-11-28;6;1322
11;2025-11-28;7;2384
11;2025-11-28;8;3262
11;2025-11-28;9;2346
11;2025-11-28;10;1956
11;2025-11-28;11;1796
11;2025-11-28;12;1970
11;2025-11-28;13;1847
11;2025-11-28;14;1947
11;2025-11-28;15;1757
11;2025-11-28;16;2351
11;2025-11-28;17;2604
11;2025-11-28;18;2261
11;2025-11-28;19;2138
11;2025-11-28;20;1390
11;2025-11-28;21;842
11;2025-11-28;22;367
11;2025-11-28;23;308
11;2025-11-29;0;94
11;2025-11-29;1;0
11;2025-11-29;2;0
11;2025-11-29;3;0
11;2025-11-29;4;0
11;2025-11-29;5;157
11;2025-11-29;6;740
11;2025-11-29;7;754
11;2025-11-29;8;1000
11;2025-11-29;9;1149
11;2025-11-29;10;1279
11;2025-11-29;11;1597
11;2025-11-29;12;1881
11;2025-11-29;13;1598
11;2025-11-29;14;1938
11;2025-11-29;15;1794
11;2025-11-29;16;1599
11;2025-11-29;17;1747
11;2025-11-29;18;1368
11;2025-11-29;19;1386
11;2025-11-29;20;871
11;2025-11-29;21;691
11;2025-11-29;22;364
11;2025-11-29;23;288
11;2025-11-30;0;97
11;2025-11-30;1;5
11;2025-11-30;2;0
11;2025-11-30;3;0
11;2025-11-30;4;0
11;2025-11-30;5;79
11;2025-11-30;6;506
11;2025-11-30;7;420
11;2025-11-30;8;551
11;2025-11-30;9;906
11;2025-11-30;10;1016
11;2025-11-30;11;1441
11;2025-11-30;12;1533
11;2025-11-30;13;1335
11;2025-11-30;14;1528
11;2025-11-30;15;1350
11;2025-11-30;16;1490
11;2025-11-30;17;1681
11;2025-11-30;18;1038
11;2025-11-30;19;893
11;2025-11-30;20;635
11;2025-11-30;21;595
11;2025-11-30;22;319
11;2025-11-30;23;255
11;2025-12-01;0;73
11;2025-12-01;1;11
11;2025-12-01;2;0
11;2025-12-01;3;0
11;2025-12-01;4;1
11;2025-12-01;5;260
11;2025-12-01;6;1367
11;2025-12-01;7;2458
11;2025-12-01;8;3143
11;2025-12-01;9;2251
11;2025-12-01;10;1764
11;2025-12-01;11;2009
11;2025-12-01;12;1889
11;2025-12-01;13;1864
11;2025-12-01;14;2177
11;2025-12-01;15;2206
11;2025-12-01;16;2184
11;2025-12-01;17;2817
11;2025-12-01;18;2857
11;2025-12-01;19;2417
11;2025-12-01;20;1153
11;2025-12-01;21;886
11;2025-12-01;22;342
11;2025-12-01;23;227
11;2025-12-02;0;24
11;2025-12-02;1;0
11;2025-12-02;2;0
11;2025-12-02;3;0
11;2025-12-02;4;0
11;2025-12-02;5;213
11;2025-12-02;6;1151
11;2025-12-02;7;2124
11;2025-12-02;8;3083
11;2025-12-02;9;2303
11;2025-12-02;10;1699
11;2025-12-02;11;1842
11;2025-12-02;12;1919
11;2025-12-02;13;2228
11;2025-12-02;14;2015
11;2025-12-02;15;1739
11;2025-12-02;16;1997
11;2025-12-02;17;2734
11;2025-12-02;18;2968
11;2025-12-02;19;2199
11;2025-12-02;20;1496
11;2025-12-02;21;806
11;2025-12-02;22;353
11;2025-12-02;23;201
11;2025-12-03;0;79
11;2025-12-03;1;0
11;2025-12-03;2;0
11;2025-12-03;3;0
11;2025-12-03;4;0
11;2025-12-03;5;249
11;2025-12-03;6;1156
11;2025-12-03;7;2198
11;2025-12-03;8;3130
11;2025-12-03;9;2405
11;2025-12-03;10;1892
11;2025-12-03;11;1885
11;2025-12-03;12;1938
11;2025-12-03;13;2160
11;2025-12-03;14;1624
11;2025-12-03;15;1459
11;2025-12-03;16;1590
11;2025-12-03;17;2271
11;2025-12-03;18;3063
11;2025-12-03;19;2400
11;2025-12-03;20;1536
11;2025-12-03;21;716
11;2025-12-03;22;350
11;2025-12-03;23;206
11;2025-12-04;0;50
11;2025-12-04;1;0
11;2025-12-04;2;0
11;2025-12-04;3;0
11;2025-12-04;4;0
11;2025-12-04;5;237
11;2025-12-04;6;1414
11;2025-12-04;7;2313
11;2025-12-04;8;3221
11;2025-12-04;9;2470
11;2025-12-04;10;2152
11;2025-12-04;11;2120
11;2025-12-04;12;2274
11;2025-12-04;13;2060
11;2025-12-04;14;2375
11;2025-12-04;15;1978
11;2025-12-04;16;2434
11;2025-12-04;17;2826
11;2025-12-04;18;3058
11;2025-12-04;19;2399
11;2025-12-04;20;1528
11;2025-12-04;21;1043
11;2025-12-04;22;383
11;2025-12-04;23;262
11;2025-12-05;0;79
11;2025-12-05;1;0
11;2025-12-05;2;0
11;2025-12-05;3;0
11;2025-12-05;4;0
11;2025-12-05;5;239
11;2025-12-05;6;1323
11;2025-12-05;7;2384
11;2025-12-05;8;3261
11;2025-12-05;9;2347
11;2025-12-05;10;1958
11;2025-12-05;11;1797
11;2025-12-05;12;1970
11;2025-12-05;13;1848
11;2025-12-05;14;1947
11;2025-12-05;15;1757
11;2025-12-05;16;2351
11;2025-12-05;17;2605
11;2025-12-05;18;2262
11;2025-12-05;19;2138
11;2025-12-05;20;1392
11;2025-12-05;21;843
11;2025-12-05;22;367
11;2025-12-05;23;308
11;2025-12-06;0;93
11;2025-12-06;1;0
11;2025-12-06;2;0
11;2025-12-06;3;0
11;2025-12-06;4;0
11;2025-12-06;5;157
11;2025-12-06;6;741
11;2025-12-06;7;754
11;2025-12-06;8;1000
11;2025-12-06;9;1148
11;2025-12-06;10;1279
11;2025-12-06;11;1596
11;2025-12-06;12;1880
11;2025-12-06;13;1598
11;2025-12-06;14;1938
11;2025-12-06;15;1794
11;2025-12-06;16;1599
11;2025-12-06;17;1746
11;2025-12-06;18;1369
11;2025-12-06;19;1386
11;2025-12-06;20;873
11;2025-12-06;21;691
11;2025-12-06;22;364
11;2025-12-06;23;288
11;2025-12-07;0;96
11;2025-12-07;1;5
11;2025-12-07;2;0
11;2025-12-07;3;0
11;2025-12-07;4;0
11;2025-12-07;5;79
11;2025-12-07;6;506
11;2025-12-07;7;420
11;2025-12-07;8;550
11;2025-12-07;9;906
11;2025-12-07;10;1017
11;2025-12-07;11;1440
11;2025-12-07;12;1533
11;2025-12-07;13;1335
11;2025-12-07;14;1528
11;2025-12-07;15;1350
11;2025-12-07;16;1489
11;2025-12-07;17;1681
11;2025-12-07;18;1039
11;2025-12-07;19;892
11;2025-12-07;20;636
11;2025-12-07;21;596
11;2025-12-07;22;319
11;2025-12-07;23;255
11;2025-12-08;0;71
11;2025-12-08;1;10
11;2025-12-08;2;0
11;2025-12-08;3;0
11;2025-12-08;4;1
11;2025-12-08;5;260
11;2025-12-08;6;1368
11;2025-12-08;7;2458
11;2025-12-08;8;3142
11;2025-12-08;9;2251
11;2025-12-08;10;1765
11;2025-12-08;11;2010
11;2025-12-08;12;1889
11;2025-12-08;13;1864
11;2025-12-08;14;2177
11;2025-12-08;15;2206
11;2025-12-08;16;2183
11;2025-12-08;17;2817
11;2025-12-08;18;2858
11;2025-12-08;19;2417
11;2025-12-08;20;1155
11;2025-12-08;21;887
11;2025-12-08;22;342
11;2025-12-08;23;227
11;2025-12-09;0;23
11;2025-12-09;1;0
11;2025-12-09;2;0
11;2025-12-09;3;0
11;2025-12-09;4;0
11;2025-12-09;5;213
11;2025-12-09;6;1152
11;2025-12-09;7;2124
11;2025-12-09;8;3082
11;2025-12-09;9;2303
11;2025-12-09;10;1700
11;2025-12-09;11;1843
11;2025-12-09;12;1919
11;2025-12-09;13;2228
11;2025-12-09;14;2016
11;2025-12-09;15;1739
11;2025-12-09;16;1997
11;2025-12-09;17;2734
11;2025-12-09;18;2969
11;2025-12-09;19;2199
11;2025-12-09;20;1498
11;2025-12-09;21;807
11;2025-12-09;22;353
11;2025-12-09;23;201
11;2025-12-10;0;78
11;2025-12-10;1;0
11;2025-12-10;2;0
11;2025-12-10;3;0
11;2025-12-10;4;0
11;2025-12-10;5;250
11;2025-12-10;6;1157
11;2025-12-10;7;2198
11;2025-12-10;8;3129
11;2025-12-10;9;2405
11;2025-12-10;10;1893
11;2025-12-10;11;1885
11;2025-12-10;12;1938
11;2025-12-10;13;2161
11;2025-12-10;14;1625
11;2025-12-10;15;1459
11;2025-12-10;16;1590
11;2025-12-10;17;2271
11;2025-12-10;18;3064
11;2025-12-10;19;2400
11;2025-12-10;20;1538
11;2025-12-10;21;716
11;2025-12-10;22;350
11;2025-12-10;23;206
11;2025-12-11;0;49
11;2025-12-11;1;0
11;2025-12-11;2;0
11;2025-12-11;3;0
11;2025-12-11;4;0
11;2025-12-11;5;237
11;2025-12-11;6;1414
11;2025-12-11;7;2313
11;2025-12-11;8;3220
11;2025-12-11;9;2471
11;2025-12-11;10;2154
11;2025-12-11;11;2121
11;2025-12-11;12;2274
11;2025-12-11;13;2061
11;2025-12-11;14;2376
11;2025-12-11;15;1979
11;2025-12-11;16;2434
11;2025-12-11;17;2826
11;2025-12-11;18;3059
11;2025-12-11;19;2399
11;2025-12-11;20;1530
11;2025-12-11;21;1044
11;2025-12-11;22;383
11;2025-12-11;23;262
11;2025-12-12;0;78
11;2025-12-12;1;0
11;2025-12-12;2;0
11;2025-12-12;3;0
11;2025-12-12;4;0
11;2025-12-12;5;239
11;2025-12-12;6;1324
11;2025-12-12;7;2384
11;2025-12-12;8;3260
11;2025-12-12;9;2347
11;2025-12-12;10;1959
11;2025-12-12;11;1798
11;2025-12-12;12;1970
11;2025-12-12;13;1850
11;2025-12-12;14;1948
11;2025-12-12;15;1758
11;2025-12-12;16;2351
11;2025-12-12;17;2605
11;2025-12-12;18;2263
11;2025-12-12;19;2138
11;2025-12-12;20;1394
11;2025-12-12;21;845
11;2025-12-12;22;367
11;2025-12-12;23;308
11;2025-12-13;0;91
11;2025-12-13;1;0
11;2025-12-13;2;0
11;2025-12-13;3;0
11;2025-12-13;4;0
11;2025-12-13;5;157
11;2025-12-13;6;742
11;2025-12-13;7;754
11;2025-12-13;8;999
11;2025-12-13;9;1148
11;2025-12-13;10;1280
11;2025-12-13;11;1596
11;2025-12-13;12;1880
11;2025-12-13;13;1599
11;2025-12-13;14;1938
11;2025-12-13;15;1794
11;2025-12-13;16;1598
11;2025-12-13;17;1746
11;2025-12-13;18;1370
11;2025-12-13;19;1385
11;2025-12-13;20;874
11;2025-12-13;21;692
11;2025-12-13;22;363
11;2025-12-13;23;288
11;2025-12-14;0;94
11;2025-12-14;1;4
11;2025-12-14;2;0
11;2025-12-14;3;0
11;2025-12-14;4;0
11;2025-12-14;5;79
11;2025-12-14;6;507
11;2025-12-14;7;420
11;2025-12-14;8;550
11;2025-12-14;9;906
11;2025-12-14;10;1018
11;2025-12-14;11;1440
11;2025-12-14;12;1532
11;2025-12-14;13;1335
11;2025-12-14;14;1528
11;2025-12-14;15;1349
11;2025-12-14;16;1489
11;2025-12-14;17;1680
11;2025-12-14;18;1040
11;2025-12-14;19;892
11;2025-12-14;20;638
11;2025-12-14;21;597
11;2025-12-14;22;318
11;2025-12-14;23;255
11;2025-12-15;0;70
11;2025-12-15;1;9
11;2025-12-15;2;0
11;2025-12-15;3;0
11;2025-12-15;4;1
11;2025-12-15;5;260
11;2025-12-15;6;1368
11;2025-12-15;7;2458
11;2025-12-15;8;3141
11;2025-12-15;9;2251
11;2025-12-15;10;1766
11;2025-12-15;11;2010
11;2025-12-15;12;1888
11;2025-12-15;13;1865
11;2025-12-15;14;2177
11;2025-12-15;15;2206
11;2025-12-15;16;2183
11;2025-12-15;17;2816
11;2025-12-15;18;2859
11;2025-12-15;19;2417
11;2025-12-15;20;1156
11;2025-12-15;21;887
11;2025-12-15;22;342
11;2025-12-15;23;227
11;2025-12-16;0;22
11;2025-12-16;1;0
11;2025-12-16;2;0
11;2025-12-16;3;0
11;2025-12-16;4;0
11;2025-12-16;5;213
11;2025-12-16;6;1153
11;2025-12-16;7;2124
11;2025-12-16;8;3081
11;2025-12-16;9;2303
11;2025-12-16;10;1701
11;2025-12-16;11;1843
11;2025-12-16;12;1919
11;2025-12-16;13;2229
11;2025-12-16;14;2016
11;2025-12-16;15;1739
11;2025-12-16;16;1997
11;2025-12-16;17;2734
11;2025-12-16;18;2970
11;2025-12-16;19;2198
11;2025-12-16;20;1500
11;2025-12-16;21;807
11;2025-12-16;22;353
11;2025-12-16;23;201
11;2025-12-17;0;77
11;2025-12-17;1;0
11;2025-12-17;2;0
11;2025-12-17;3;0
11;2025-12-17;4;0
11;2025-12-17;5;250
11;2025-12-17;6;1158
11;2025-12-17;7;2197
11;2025-12-17;8;3129
11;2025-12-17;9;2405
11;2025-12-17;10;1895
11;2025-12-17;11;1885
11;2025-12-17;12;1938
11;2025-12-17;13;2161
11;2025-12-17;14;1625
11;2025-12-17;15;1459
11;2025-12-17;16;1590
11;2025-12-17;17;2271
11;2025-12-17;18;3065
11;2025-12-17;19;2400
11;2025-12-17;20;1540
11;2025-12-17;21;717
11;2025-12-17;22;350
11;2025-12-17;23;206
11;2025-12-18;0;47
11;2025-12-18;1;0
11;2025-12-18;2;0
11;2025-12-18;3;0
11;2025-12-18;4;0
11;2025-12-18;5;237
11;2025-12-18;6;1415
11;2025-12-18;7;2312
11;2025-12-18;8;3219
11;2025-12-18;9;2471
11;2025-12-18;10;2156
11;2025-12-18;11;2121
11;2025-12-18;12;2274
11;2025-12-18;13;2062
11;2025-12-18;14;2376
11;2025-12-18;15;1979
11;2025-12-18;16;2434
11;2025-12-18;17;2827
11;2025-12-18;18;3061
11;2025-12-18;19;2399
11;2025-12-18;20;1532
11;2025-12-18;21;1045
11;2025-12-18;22;383
11;2025-12-18;23;262
11;2025-12-19;0;77
11;2025-12-19;1;0
11;2025-12-19;2;0
11;2025-12-19;3;0
11;2025-12-19;4;0
11;2025-12-19;5;239
11;2025-12-19;6;1324
11;2025-12-19;7;2383
11;2025-12-19;8;3259
11;2025-12-19;9;2348
11;2025-12-19;10;1961
11;2025-12-19;11;1798
11;2025-12-19;12;1970
11;2025-12-19;13;1851
11;2025-12-19;14;1949
11;2025-12-19;15;1758
11;2025-12-19;16;2351
11;2025-12-19;17;2605
11;2025-12-19;18;2264
11;2025-12-19;19;2138
11;2025-12-19;20;1397
11;2025-12-19;21;846
11;2025-12-19;22;368
11;2025-12-19;23;308
11;2025-12-20;0;90
11;2025-12-20;1;0
11;2025-12-20;2;0
11;2025-12-20;3;0
11;2025-12-20;4;0
11;2025-12-20;5;157
11;2025-12-20;6;743
11;2025-12-20;7;753
11;2025-12-20;8;998
11;2025-12-20;9;1148
11;2025-12-20;10;1281
11;2025-12-20;11;1596
11;2025-12-20;12;1879
11;2025-12-20;13;1599
11;2025-12-20;14;1938
11;2025-12-20;15;1794
11;2025-12-20;16;1598
11;2025-12-20;17;1745
11;2025-12-20;18;1371
11;2025-12-20;19;1385
11;2025-12-20;20;876
11;2025-12-20;21;692
11;2025-12-20;22;363
11;2025-12-20;23;289
11;2025-12-21;0;93
11;2025-12-21;1;3
11;2025-12-21;2;0
11;2025-12-21;3;0
11;2025-12-21;4;0
11;2025-12-21;5;79
11;2025-12-21;6;508
11;2025-12-21;7;419
11;2025-12-21;8;549
11;2025-12-21;9;906
11;2025-12-21;10;1018
11;2025-12-21;11;1440
11;2025-12-21;12;1532
11;2025-12-21;13;1335
11;2025-12-21;14;1529
11;2025-12-21;15;1349
11;2025-12-21;16;1488
11;2025-12-21;17;1680
11;2025-12-21;18;1041
11;2025-12-21;19;891
11;2025-12-21;20;640
11;2025-12-21;21;597
11;2025-12-21;22;318
11;2025-12-21;23;255
11;2025-12-22;0;69
11;2025-12-22;1;8
11;2025-12-22;2;0
11;2025-12-22;3;0
11;2025-12-22;4;1
11;2025-12-22;5;260
11;2025-12-22;6;1369
11;2025-12-22;7;2457
11;2025-12-22;8;3140
11;2025-12-22;9;2251
11;2025-12-22;10;1767
11;2025-12-22;11;2010
11;2025-12-22;12;1888
11;2025-12-22;13;1865
11;2025-12-22;14;2177
11;2025-12-22;15;2206
11;2025-12-22;16;2182
11;2025-12-22;17;2816
11;2025-12-22;18;2860
11;2025-12-22;19;2417
11;2025-12-22;20;1158
11;2025-12-22;21;888
11;2025-12-22;22;342
11;2025-12-22;23;227
11;2025-12-23;0;21
11;2025-12-23;1;0
11;2025-12-23;2;0
11;2025-12-23;3;0
11;2025-12-23;4;0
11;2025-12-23;5;213
11;2025-12-23;6;1154
11;2025-12-23;7;2123
11;2025-12-23;8;3080
11;2025-12-23;9;2303
11;2025-12-23;10;1701
11;2025-12-23;11;1843
11;2025-12-23;12;1919
11;2025-12-23;13;2230
11;2025-12-23;14;2016
11;2025-12-23;15;1739
11;2025-12-23;16;1996
11;2025-12-23;17;2734
11;2025-12-23;18;2971
11;2025-12-23;19;2198
11;2025-12-23;20;1502
11;2025-12-23;21;808
11;2025-12-23;22;352
11;2025-12-23;23;201
11;2025-12-24;0;76
11;2025-12-24;1;0
11;2025-12-24;2;0
11;2025-12-24;3;0
11;2025-12-24;4;0
11;2025-12-24;5;250
11;2025-12-24;6;1158
11;2025-12-24;7;2197
11;2025-12-24;8;3128
11;2025-12-24;9;2406
11;2025-12-24;10;1896
11;2025-12-24;11;1886
11;2025-12-24;12;1938
11;2025-12-24;13;2162
11;2025-12-24;14;1626
11;2025-12-24;15;1459
11;2025-12-24;16;1589
11;2025-12-24;17;2271
11;2025-12-24;18;3066
11;2025-12-24;19;2399
11;2025-12-24;20;1542
11;2025-12-24;21;718
11;2025-12-24;22;350
11;2025-12-24;23;206
11;2025-12-25;0;46
11;2025-12-25;1;0
11;2025-12-25;2;0
11;2025-12-25;3;0
11;2025-12-25;4;0
11;2025-12-25;5;237
11;2025-12-25;6;1416
11;2025-12-25;7;2312
11;2025-12-25;8;3218
11;2025-12-25;9;2472
11;2025-12-25;10;2157
11;2025-12-25;11;2122
11;2025-12-25;12;2274
11;2025-12-25;13;2063
11;2025-12-25;14;2377
11;2025-12-25;15;1979
11;2025-12-25;16;2434
11;2025-12-25;17;2827
11;2025-12-25;18;3062
11;2025-12-25;19;2399
11;2025-12-25;20;1534
11;2025-12-25;21;1046
11;2025-12-25;22;384
11;2025-12-25;23;262
11;2025-12-26;0;76
11;2025-12-26;1;0
11;2025-12-26;2;0
11;2025-12-26;3;0
11;2025-12-26;4;0
11;2025-12-26;5;239
11;2025-12-26;6;1325
11;2025-12-26;7;2383
11;2025-12-26;8;3258
11;2025-12-26;9;2349
11;2025-12-26;10;1962
11;2025-12-26;11;1799
11;2025-12-26;12;1970
11;2025-12-26;13;1852
11;2025-12-26;14;1950
11;2025-12-26;15;1758
11;2025-12-26;16;2351
11;2025-12-26;17;2605
11;2025-12-26;18;2265
11;2025-12-26;19;2138
11;2025-12-26;20;1399
11;2025-12-26;21;847
11;2025-12-26;22;368
11;2025-12-26;23;309
11;2025-12-27;0;89
11;2025-12-27;1;0
11;2025-12-27;2;0
11;2025-12-27;3;0
11;2025-12-27;4;0
11;2025-12-27;5;156
11;2025-12-27;6;744
11;2025-12-27;7;753
11;2025-12-27;8;997
11;2025-12-27;9;1148
11;2025-12-27;10;1282
11;2025-12-27;11;1595
11;2025-12-27;12;1879
11;2025-12-27;13;1599
11;2025-12-27;14;1939
11;2025-12-27;15;1794
11;2025-12-27;16;1597
11;2025-12-27;17;1745
11;2025-12-27;18;1372
11;2025-12-27;19;1385
11;2025-12-27;20;878
11;2025-12-27;21;693
11;2025-12-27;22;363
11;2025-12-27;23;289
11;2025-12-28;0;92
11;2025-12-28;1;3
11;2025-12-28;2;0
11;2025-12-28;3;0
11;2025-12-28;4;0
11;2025-12-28;5;80
11;2025-12-28;6;509
11;2025-12-28;7;419
11;2025-12-28;8;548
11;2025-12-28;9;906
11;2025-12-28;10;1019
11;2025-12-28;11;1439
11;2025-12-28;12;1531
11;2025-12-28;13;1336
11;2025-12-28;14;1529
11;2025-12-28;15;1348
11;2025-12-28;16;1488
11;2025-12-28;17;1679
11;2025-12-28;18;1042
11;2025-12-28;19;891
11;2025-12-28;20;641
11;2025-12-28;21;598
11;2025-12-28;22;318
11;2025-12-28;23;255
11;2025-12-29;0;68
11;2025-12-29;1;7
11;2025-12-29;2;0
11;2025-12-29;3;0
11;2025-12-29;4;1
11;2025-12-29;5;260
11;2025-12-29;6;1370
11;2025-12-29;7;2457
11;2025-12-29;8;3140
11;2025-12-29;9;2251
11;2025-12-29;10;1768
11;2025-12-29;11;2010
11;2025-12-29;12;1887
11;2025-12-29;13;1865
11;2025-12-29;14;2177
11;2025-12-29;15;2206
11;2025-12-29;16;2182
11;2025-12-29;17;2815
11;2025-12-29;18;2861
11;2025-12-29;19;2416
11;2025-12-29;20;1160
11;2025-12-29;21;888
11;2025-12-29;22;342
11;2025-12-29;23;227
11;2025-12-30;0;20
11;2025-12-30;1;0
11;2025-12-30;2;0
11;2025-12-30;3;0
11;2025-12-30;4;0
11;2025-12-30;5;213
11;2025-12-30;6;1155
11;2025-12-30;7;2123
11;2025-12-30;8;3079
11;2025-12-30;9;2303
11;2025-12-30;10;1702
11;2025-12-30;11;1843
11;2025-12-30;12;1919
11;2025-12-30;13;2230
11;2025-12-30;14;2017
11;2025-12-30;15;1739
11;2025-12-30;16;1996
11;2025-12-30;17;2734
11;2025-12-30;18;2972
11;2025-12-30;19;2198
11;2025-12-30;20;1503
11;2025-12-30;21;808
11;2025-12-30;22;352
11;2025-12-30;23;201
11;2025-12-31;0;74
11;2025-12-31;1;0
11;2025-12-31;2;0
11;2025-12-31;3;0
11;2025-12-31;4;0
11;2025-12-31;5;250
11;2025-12-31;6;1159
11;2025-12-31;7;2197
11;2025-12-31;8;3127
11;2025-12-31;9;2406
11;2025-12-31;10;1898
11;2025-12-31;11;1886
11;2025-12-31;12;1938
11;2025-12-31;13;2163
11;2025-12-31;14;1626
11;2025-12-31;15;1459
11;2025-12-31;16;1589
11;2025-12-31;17;2271
11;2025-12-31;18;3067
11;2025-12-31;19;2399
11;2025-12-31;20;1544
11;2025-12-31;21;719
11;2025-12-31;22;350
11;2025-12-31;23;206
12;2025-11-01;0;73
12;2025-11-01;1;0
12;2025-11-01;2;0
12;2025-11-01;3;0
12;2025-11-01;4;2
12;2025-11-01;5;223
12;2025-11-01;6;732
12;2025-11-01;7;861
12;2025-11-01;8;960
12;2025-11-01;9;1150
12;2025-11-01;10;1523
12;2025-11-01;11;1456
12;2025-11-01;12;1576
12;2025-11-01;13;1862
12;2025-11-01;14;1468
12;2025-11-01;15;1518
12;2025-11-01;16;1768
12;2025-11-01;17;1725
12;2025-11-01;18;1528
12;2025-11-01;19;1408
12;2025-11-01;20;1176
12;2025-11-01;21;822
12;2025-11-01;22;389
12;2025-11-01;23;324
12;2025-11-02;0;99
12;2025-11-02;1;4
12;2025-11-02;2;0
12;2025-11-02;3;0
12;2025-11-02;4;1
12;2025-11-02;5;111
12;2025-11-02;6;518
12;2025-11-02;7;744
12;2025-11-02;8;771
12;2025-11-02;9;931
12;2025-11-02;10;1216
12;2025-11-02;11;1340
12;2025-11-02;12;1415
12;2025-11-02;13;1662
12;2025-11-02;14;1407
12;2025-11-02;15;1571
12;2025-11-02;16;1660
12;2025-11-02;17;1638
12;2025-11-02;18;1581
12;2025-11-02;19;1028
12;2025-11-02;20;846
12;2025-11-02;21;652
12;2025-11-02;22;508
12;2025-11-02;23;207
12;2025-11-03;0;47
12;2025-11-03;1;0
12;2025-11-03;2;0
12;2025-11-03;3;0
12;2025-11-03;4;9
12;2025-11-03;5;278
12;2025-11-03;6;1539
12;2025-11-03;7;2655
12;2025-11-03;8;3457
12;2025-11-03;9;2719
12;2025-11-03;10;2402
12;2025-11-03;11;2139
12;2025-11-03;12;2381
12;2025-11-03;13;2337
12;2025-11-03;14;2007
12;2025-11-03;15;2299
12;2025-11-03;16;2734
12;2025-11-03;17;3040
12;2025-11-03;18;3346
12;2025-11-03;19;2087
12;2025-11-03;20;1497
12;2025-11-03;21;876
12;2025-11-03;22;434
12;2025-11-03;23;232
12;2025-11-04;0;46
12;2025-11-04;1;0
12;2025-11-04;2;0
12;2025-11-04;3;0
12;2025-11-04;4;6
12;2025-11-04;5;310
12;2025-11-04;6;1500
12;2025-11-04;7;2765
12;2025-11-04;8;3225
12;2025-11-04;9;2611
12;2025-11-04;10;2206
12;2025-11-04;11;1743
12;2025-11-04;12;1798
12;2025-11-04;13;1931
12;2025-11-04;14;1757
12;2025-11-04;15;2234
12;2025-11-04;16;2633
12;2025-11-04;17;2889
12;2025-11-04;18;3071
12;2025-11-04;19;2216
12;2025-11-04;20;1439
12;2025-11-04;21;928
12;2025-11-04;22;432
12;2025-11-04;23;288
12;2025-11-05;0;49
12;2025-11-05;1;0
12;2025-11-05;2;0
12;2025-11-05;3;0
12;2025-11-05;4;12
12;2025-11-05;5;321
12;2025-11-05;6;1483
12;2025-11-05;7;2659
12;2025-11-05;8;3149
12;2025-11-05;9;2528
12;2025-11-05;10;2144
12;2025-11-05;11;2151
12;2025-11-05;12;2344
12;2025-11-05;13;2269
12;2025-11-05;14;1974
12;2025-11-05;15;2743
12;2025-11-05;16;3131
12;2025-11-05;17;2654
12;2025-11-05;18;2742
12;2025-11-05;19;2264
12;2025-11-05;20;1516
12;2025-11-05;21;1055
12;2025-11-05;22;483
12;2025-11-05;23;255
12;2025-11-06;0;40
12;2025-11-06;1;2
12;2025-11-06;2;0
12;2025-11-06;3;0
12;2025-11-06;4;7
12;2025-11-06;5;296
12;2025-11-06;6;1400
12;2025-11-06;7;2715
12;2025-11-06;8;3425
12;2025-11-06;9;2304
12;2025-11-06;10;2309
12;2025-11-06;11;2178
12;2025-11-06;12;1823
12;2025-11-06;13;2019
12;2025-11-06;14;1685
12;2025-11-06;15;2266
12;2025-11-06;16;2683
12;2025-11-06;17;3266
12;2025-11-06;18;3423
12;2025-11-06;19;2469
12;2025-11-06;20;1682
12;2025-11-06;21;893
12;2025-11-06;22;456
12;2025-11-06;23;246
12;2025-11-07;0;59
12;2025-11-07;1;0
12;2025-11-07;2;0
12;2025-11-07;3;0
12;2025-11-07;4;3
12;2025-11-07;5;346
12;2025-11-07;6;1323
12;2025-11-07;7;2401
12;2025-11-07;8;3219
12;2025-11-07;9;2467
12;2025-11-07;10;2042
12;2025-11-07;11;1970
12;2025-11-07;12;1843
12;2025-11-07;13;1962
12;2025-11-07;14;1989
12;2025-11-07;15;2377
12;2025-11-07;16;2919
12;2025-11-07;17;2968
12;2025-11-07;18;2239
12;2025-11-07;19;1841
12;2025-11-07;20;1294
12;2025-11-07;21;821
12;2025-11-07;22;351
12;2025-11-07;23;248
12;2025-11-08;0;72
12;2025-11-08;1;0
12;2025-11-08;2;0
12;2025-11-08;3;0
12;2025-11-08;4;2
12;2025-11-08;5;223
12;2025-11-08;6;733
12;2025-11-08;7;860
12;2025-11-08;8;959
12;2025-11-08;9;1149
12;2025-11-08;10;1523
12;2025-11-08;11;1455
12;2025-11-08;12;1575
12;2025-11-08;13;1862
12;2025-11-08;14;1468
12;2025-11-08;15;1518
12;2025-11-08;16;1767
12;2025-11-08;17;1725
12;2025-11-08;18;1529
12;2025-11-08;19;1407
12;2025-11-08;20;1177
12;2025-11-08;21;822
12;2025-11-08;22;389
12;2025-11-08;23;324
12;2025-11-09;0;98
12;2025-11-09;1;4
12;2025-11-09;2;0
12;2025-11-09;3;0
12;2025-11-09;4;0
12;2025-11-09;5;111
12;2025-11-09;6;519
12;2025-11-09;7;743
12;2025-11-09;8;770
12;2025-11-09;9;931
12;2025-11-09;10;1217
12;2025-11-09;11;1339
12;2025-11-09;12;1415
12;2025-11-09;13;1662
12;2025-11-09;14;1407
12;2025-11-09;15;1570
12;2025-11-09;16;1659
12;2025-11-09;17;1638
12;2025-11-09;18;1582
12;2025-11-09;19;1027
12;2025-11-09;20;847
12;2025-11-09;21;652
12;2025-11-09;22;508
12;2025-11-09;23;207
12;2025-11-10;0;46
12;2025-11-10;1;0
12;2025-11-10;2;0
12;2025-11-10;3;0
12;2025-11-10;4;9
12;2025-11-10;5;278
12;2025-11-10;6;1540
12;2025-11-10;7;2654
12;2025-11-10;8;3456
12;2025-11-10;9;2719
12;2025-11-10;10;2403
12;2025-11-10;11;2139
12;2025-11-10;12;2380
12;2025-11-10;13;2338
12;2025-11-10;14;2007
12;2025-11-10;15;2299
12;2025-11-10;16;2734
12;2025-11-10;17;3039
12;2025-11-10;18;3347
12;2025-11-10;19;2086
12;2025-11-10;20;1499
12;2025-11-10;21;876
12;2025-11-10;22;434
12;2025-11-10;23;232
12;2025-11-11;0;45
12;2025-11-11;1;0
12;2025-11-11;2;0
12;2025-11-11;3;0
12;2025-11-11;4;6
12;2025-11-11;5;310
12;2025-11-11;6;1501
12;2025-11-11;7;2765
12;2025-11-11;8;3224
12;2025-11-11;9;2611
12;2025-11-11;10;2207
12;2025-11-11;11;1744
12;2025-11-11;12;1798
12;2025-11-11;13;1931
12;2025-11-11;14;1758
12;2025-11-11;15;2234
12;2025-11-11;16;2632
12;2025-11-11;17;2889
12;2025-11-11;18;3072
12;2025-11-11;19;2216
12;2025-11-11;20;1440
12;2025-11-11;21;928
12;2025-11-11;22;432
12;2025-11-11;23;288
12;2025-11-12;0;48
12;2025-11-12;1;0
12;2025-11-12;2;0
12;2025-11-12;3;0
12;2025-11-12;4;12
12;2025-11-12;5;321
12;2025-11-12;6;1484
12;2025-11-12;7;2659
12;2025-11-12;8;3148
12;2025-11-12;9;2529
12;2025-11-12;10;2145
12;2025-11-12;11;2152
12;2025-11-12;12;2344
12;2025-11-12;13;2270
12;2025-11-12;14;1975
12;2025-11-12;15;2743
12;2025-11-12;16;3131
12;2025-11-12;17;2654
12;2025-11-12;18;2743
12;2025-11-12;19;2264
12;2025-11-12;20;1518
12;2025-11-12;21;1056
12;2025-11-12;22;483
12;2025-11-12;23;255
12;2025-11-13;0;39
12;2025-11-13;1;1
12;2025-11-13;2;0
12;2025-11-13;3;0
12;2025-11-13;4;6
12;2025-11-13;5;296
12;2025-11-13;6;1400
12;2025-11-13;7;2714
12;2025-11-13;8;3424
12;2025-11-13;9;2305
12;2025-11-13;10;2310
12;2025-11-13;11;2178
12;2025-11-13;12;1823
12;2025-11-13;13;2020
12;2025-11-13;14;1685
12;2025-11-13;15;2267
12;2025-11-13;16;2683
12;2025-11-13;17;3266
12;2025-11-13;18;3424
12;2025-11-13;19;2469
12;2025-11-13;20;1684
12;2025-11-13;21;894
12;2025-11-13;22;457
12;2025-11-13;23;246
12;2025-11-14;0;58
12;2025-11-14;1;0
12;2025-11-14;2;0
12;2025-11-14;3;0
12;2025-11-14;4;3
12;2025-11-14;5;346
12;2025-11-14;6;1324
12;2025-11-14;7;2401
12;2025-11-14;8;3218
12;2025-11-14;9;2467
12;2025-11-14;10;2043
12;2025-11-14;11;1971
12;2025-11-14;12;1843
12;2025-11-14;13;1964
12;2025-11-14;14;1989
12;2025-11-14;15;2378
12;2025-11-14;16;2919
12;2025-11-14;17;2968
12;2025-11-14;18;2240
12;2025-11-14;19;1841
12;2025-11-14;20;1296
12;2025-11-14;21;822
12;2025-11-14;22;352
12;2025-11-14;23;248
12;2025-11-15;0;70
12;2025-11-15;1;0
12;2025-11-15;2;0
12;2025-11-15;3;0
12;2025-11-15;4;2
12;2025-11-15;5;222
12;2025-11-15;6;734
12;2025-11-15;7;860
12;2025-11-15;8;958
12;2025-11-15;9;1149
12;2025-11-15;10;1524
12;2025-11-15;11;1455
12;2025-11-15;12;1575
12;2025-11-15;13;1863
12;2025-11-15;14;1469
12;2025-11-15;15;1518
12;2025-11-15;16;1767
12;2025-11-15;17;1724
12;2025-11-15;18;1530
12;2025-11-15;19;1407
12;2025-11-15;20;1179
12;2025-11-15;21;823
12;2025-11-15;22;388
12;2025-11-15;23;324
12;2025-11-16;0;97
12;2025-11-16;1;3
12;2025-11-16;2;0
12;2025-11-16;3;0
12;2025-11-16;4;0
12;2025-11-16;5;111
12;2025-11-16;6;520
12;2025-11-16;7;743
12;2025-11-16;8;769
12;2025-11-16;9;931
12;2025-11-16;10;1217
12;2025-11-16;11;1339
12;2025-11-16;12;1414
12;2025-11-16;13;1663
12;2025-11-16;14;1407
12;2025-11-16;15;1570
12;2025-11-16;16;1659
12;2025-11-16;17;1637
12;2025-11-16;18;1583
12;2025-11-16;19;1027
12;2025-11-16;20;849
12;2025-11-16;21;653
12;2025-11-16;22;507
12;2025-11-16;23;207
12;2025-11-17;0;45
12;2025-11-17;1;0
12;2025-11-17;2;0
12;2025-11-17;3;0
12;2025-11-17;4;9
12;2025-11-17;5;278
12;2025-11-17;6;1540
12;2025-11-17;7;2654
12;2025-11-17;8;3456
12;2025-11-17;9;2719
12;2025-11-17;10;2404
12;2025-11-17;11;2139
12;2025-11-17;12;2380
12;2025-11-17;13;2338
12;2025-11-17;14;2007
12;2025-11-17;15;2299
12;2025-11-17;16;2733
12;2025-11-17;17;3039
12;2025-11-17;18;3348
12;2025-11-17;19;2086
12;2025-11-17;20;1500
12;2025-11-17;21;877
12;2025-11-17;22;434
12;2025-11-17;23;232
12;2025-11-18;0;44
12;2025-11-18;1;0
12;2025-11-18;2;0
12;2025-11-18;3;0
12;2025-11-18;4;5
12;2025-11-18;5;310
12;2025-11-18;6;1502
12;2025-11-18;7;2764
12;2025-11-18;8;3223
12;2025-11-18;9;2611
12;2025-11-18;10;2208
12;2025-11-18;11;1744
12;2025-11-18;12;1798
12;2025-11-18;13;1932
12;2025-11-18;14;1758
12;2025-11-18;15;2234
12;2025-11-18;16;2632
12;2025-11-18;17;2889
12;2025-11-18;18;3073
12;2025-11-18;19;2215
12;2025-11-18;20;1442
12;2025-11-18;21;929
12;2025-11-18;22;431
12;2025-11-18;23;288
12;2025-11-19;0;46
12;2025-11-19;1;0
12;2025-11-19;2;0
12;2025-11-19;3;0
12;2025-11-19;4;12
12;2025-11-19;5;321
12;2025-11-19;6;1484
12;2025-11-19;7;2658
12;2025-11-19;8;3148
12;2025-11-19;9;2529
12;2025-11-19;10;2147
12;2025-11-19;11;2152
12;2025-11-19;12;2344
12;2025-11-19;13;2270
12;2025-11-19;14;1975
12;2025-11-19;15;2743
12;2025-11-19;16;3131
12;2025-11-19;17;2654
12;2025-11-19;18;2744
12;2025-11-19;19;2263
12;2025-11-19;20;1520
12;2025-11-19;21;1057
12;2025-11-19;22;483
12;2025-11-19;23;255
12;2025-11-20;0;37
12;2025-11-20;1;0
12;2025-11-20;2;0
12;2025-11-20;3;0
12;2025-11-20;4;6
12;2025-11-20;5;296
12;2025-11-20;6;1401
12;2025-11-20;7;2714
12;2025-11-20;8;3423
12;2025-11-20;9;2305
12;2025-11-20;10;2312
12;2025-11-20;11;2179
12;2025-11-20;12;1823
12;2025-11-20;13;2021
12;2025-11-20;14;1686
12;2025-11-20;15;2267
12;2025-11-20;16;2683
12;2025-11-20;17;3266
12;2025-11-20;18;3426
12;2025-11-20;19;2469
12;2025-11-20;20;1686
12;2025-11-20;21;895
12;2025-11-20;22;457
12;2025-11-20;23;246
12;2025-11-21;0;57
12;2025-11-21;1;0
12;2025-11-21;2;0
12;2025-11-21;3;0
12;2025-11-21;4;2
12;2025-11-21;5;346
12;2025-11-21;6;1324
12;2025-11-21;7;2400
12;2025-11-21;8;3218
12;2025-11-21;9;2468
12;2025-11-21;10;2045
12;2025-11-21;11;1971
12;2025-11-21;12;1843
12;2025-11-21;13;1965
12;2025-11-21;14;1990
12;2025-11-21;15;2378
12;2025-11-21;16;2919
12;2025-11-21;17;2968
12;2025-11-21;18;2241
12;2025-11-21;19;1841
12;2025-11-21;20;1299
12;2025-11-21;21;823
12;2025-11-21;22;352
12;2025-11-21;23;248
12;2025-11-22;0;69
12;2025-11-22;1;0
12;2025-11-22;2;0
12;2025-11-22;3;0
12;2025-11-22;4;2
12;2025-11-22;5;222
12;2025-11-22;6;734
12;2025-11-22;7;860
12;2025-11-22;8;957
12;2025-11-22;9;1149
12;2025-11-22;10;1525
12;2025-11-22;11;1455
12;2025-11-22;12;1574
12;2025-11-22;13;1863
12;2025-11-22;14;1469
12;2025-11-22;15;1518
12;2025-11-22;16;1766
12;2025-11-22;17;1724
12;2025-11-22;18;1531
12;2025-11-22;19;1406
12;2025-11-22;20;1181
12;2025-11-22;21;823
12;2025-11-22;22;388
12;2025-11-22;23;324
12;2025-11-23;0;96
12;2025-11-23;1;2
12;2025-11-23;2;0
12;2025-11-23;3;0
12;2025-11-23;4;0
12;2025-11-23;5;111
12;2025-11-23;6;521
12;2025-11-23;7;743
12;2025-11-23;8;768
12;2025-11-23;9;930
12;2025-11-23;10;1218
12;2025-11-23;11;1339
12;2025-11-23;12;1414
12;2025-11-23;13;1663
12;2025-11-23;14;1407
12;2025-11-23;15;1569
12;2025-11-23;16;1658
12;2025-11-23;17;1637
12;2025-11-23;18;1584
12;2025-11-23;19;1026
12;2025-11-23;20;851
12;2025-11-23;21;654
12;2025-11-23;22;507
12;2025-11-23;23;207
12;2025-11-24;0;44
12;2025-11-24;1;0
12;2025-11-24;2;0
12;2025-11-24;3;0
12;2025-11-24;4;8
12;2025-11-24;5;278
12;2025-11-24;6;1541
12;2025-11-24;7;2654
12;2025-11-24;8;3455
12;2025-11-24;9;2719
12;2025-11-24;10;2405
12;2025-11-24;11;2139
12;2025-11-24;12;2379
12;2025-11-24;13;2339
12;2025-11-24;14;2008
12;2025-11-24;15;2298
12;2025-11-24;16;2733
12;2025-11-24;17;3038
12;2025-11-24;18;3349
12;2025-11-24;19;2086
12;2025-11-24;20;1502
12;2025-11-24;21;877
12;2025-11-24;22;434
12;2025-11-24;23;232
12;2025-11-25;0;43
12;2025-11-25;1;0
12;2025-11-25;2;0
12;2025-11-25;3;0
12;2025-11-25;4;5
12;2025-11-25;5;310
12;2025-11-25;6;1503
12;2025-11-25;7;2764
12;2025-11-25;8;3222
12;2025-11-25;9;2612
12;2025-11-25;10;2209
12;2025-11-25;11;1744
12;2025-11-25;12;1797
12;2025-11-25;13;1932
12;2025-11-25;14;1758
12;2025-11-25;15;2234
12;2025-11-25;16;2632
12;2025-11-25;17;2888
12;2025-11-25;18;3074
12;2025-11-25;19;2215
12;2025-11-25;20;1444
12;2025-11-25;21;929
12;2025-11-25;22;431
12;2025-11-25;23;288
12;2025-11-26;0;45
12;2025-11-26;1;0
12;2025-11-26;2;0
12;2025-11-26;3;0
12;2025-11-26;4;12
12;2025-11-26;5;321
12;2025-11-26;6;1485
12;2025-11-26;7;2658
12;2025-11-26;8;3147
12;2025-11-26;9;2529
12;2025-11-26;10;2148
12;2025-11-26;11;2152
12;2025-11-26;12;2344
12;2025-11-26;13;2271
12;2025-11-26;14;1976
12;2025-11-26;15;2743
12;2025-11-26;16;3131
12;2025-11-26;17;2654
12;2025-11-26;18;2746
12;2025-11-26;19;2263
12;2025-11-26;20;1522
12;2025-11-26;21;1058
12;2025-11-26;22;483
12;2025-11-26;23;255
12;2025-11-27;0;36
12;2025-11-27;1;0
12;2025-11-27;2;0
12;2025-11-27;3;0
12;2025-11-27;4;6
12;2025-11-27;5;296
12;2025-11-27;6;1402
12;2025-11-27;7;2714
12;2025-11-27;8;3422
12;2025-11-27;9;2306
12;2025-11-27;10;2314
12;2025-11-27;11;2179
12;2025-11-27;12;1824
12;2025-11-27;13;2022
12;2025-11-27;14;1686
12;2025-11-27;15;2267
12;2025-11-27;16;2683
12;2025-11-27;17;3266
12;2025-11-27;18;3427
12;2025-11-27;19;2469
12;2025-11-27;20;1689
12;2025-11-27;21;897
12;2025-11-27;22;457
12;2025-11-27;23;246
12;2025-11-28;0;57
12;2025-11-28;1;0
12;2025-11-28;2;0
12;2025-11-28;3;0
12;2025-11-28;4;2
12;2025-11-28;5;346
12;2025-11-28;6;1325
12;2025-11-28;7;2400
12;2025-11-28;8;3217
12;2025-11-28;9;2468
12;2025-11-28;10;2046
12;2025-11-28;11;1972
12;2025-11-28;12;1844
12;2025-11-28;13;1966
12;2025-11-28;14;1991
12;2025-11-28;15;2378
12;2025-11-28;16;2920
12;2025-11-28;17;2968
12;2025-11-28;18;2242
12;2025-11-28;19;1840
12;2025-11-28;20;1301
12;2025-11-28;21;824
12;2025-11-28;22;353
12;2025-11-28;23;248
12;2025-11-29;0;68
12;2025-11-29;1;0
12;2025-11-29;2;0
12;2025-11-29;3;0
12;2025-11-29;4;2
12;2025-11-29;5;222
12;2025-11-29;6;735
12;2025-11-29;7;859
12;2025-11-29;8;956
12;2025-11-29;9;1149
12;2025-11-29;10;1526
12;2025-11-29;11;1455
12;2025-11-29;12;1574
12;2025-11-29;13;1863
12;2025-11-29;14;1469
12;2025-11-29;15;1518
12;2025-11-29;16;1766
12;2025-11-29;17;1723
12;2025-11-29;18;1532
12;2025-11-29;19;1406
12;2025-11-29;20;1182
12;2025-11-29;21;824
12;2025-11-29;22;388
12;2025-11-29;23;324
12;2025-11-30;0;95
12;2025-11-30;1;1
12;2025-11-30;2;0
12;2025-11-30;3;0
12;2025-11-30;4;0
12;2025-11-30;5;111
12;2025-11-30;6;522
12;2025-11-30;7;742
12;2025-11-30;8;767
12;2025-11-30;9;930
12;2025-11-30;10;1219
12;2025-11-30;11;1339
12;2025-11-30;12;1413
12;2025-11-30;13;1663
12;2025-11-30;14;1407
12;2025-11-30;15;1569
12;2025-11-30;16;1658
12;2025-11-30;17;1636
12;2025-11-30;18;1584
12;2025-11-30;19;1026
12;2025-11-30;20;853
12;2025-11-30;21;654
12;2025-11-30;22;507
12;2025-11-30;23;207
12;2025-12-01;0;43
12;2025-12-01;1;0
12;2025-12-01;2;0
12;2025-12-01;3;0
12;2025-12-01;4;8
12;2025-12-01;5;278
12;2025-12-01;6;1542
12;2025-12-01;7;2653
12;2025-12-01;8;3454
12;2025-12-01;9;2719
12;2025-12-01;10;2406
12;2025-12-01;11;2139
12;2025-12-01;12;2379
12;2025-12-01;13;2339
12;2025-12-01;14;2008
12;2025-12-01;15;2298
12;2025-12-01;16;2732
12;2025-12-01;17;3038
12;2025-12-01;18;3350
12;2025-12-01;19;2085
12;2025-12-01;20;1504
12;2025-12-01;21;878
12;2025-12-01;22;433
12;2025-12-01;23;232
12;2025-12-02;0;41
12;2025-12-02;1;0
12;2025-12-02;2;0
12;2025-12-02;3;0
12;2025-12-02;4;5
12;2025-12-02;5;310
12;2025-12-02;6;1503
12;2025-12-02;7;2764
12;2025-12-02;8;3222
12;2025-12-02;9;2612
12;2025-12-02;10;2210
12;2025-12-02;11;1744
12;2025-12-02;12;1797
12;2025-12-02;13;1933
12;2025-12-02;14;1758
12;2025-12-02;15;2235
12;2025-12-02;16;2631
12;2025-12-02;17;2888
12;2025-12-02;18;3074
12;2025-12-02;19;2215
12;2025-12-02;20;1445
12;2025-12-02;21;930
12;2025-12-02;22;431
12;2025-12-02;23;288
12;2025-12-03;0;44
12;2025-12-03;1;0
12;2025-12-03;2;0
12;2025-12-03;3;0
12;2025-12-03;4;12
12;2025-12-03;5;321
12;2025-12-03;6;1486
12;2025-12-03;7;2658
12;2025-12-03;8;3146
12;2025-12-03;9;2530
12;2025-12-03;10;2150
12;2025-12-03;11;2153
12;2025-12-03;12;2344
12;2025-12-03;13;2272
12;2025-12-03;14;1976
12;2025-12-03;15;2744
12;2025-12-03;16;3131
12;2025-12-03;17;2654
12;2025-12-03;18;2747
12;2025-12-03;19;2263
12;2025-12-03;20;1524
12;2025-12-03;21;1059
12;2025-12-03;22;483
12;2025-12-03;23;255
12;2025-12-04;0;35
12;2025-12-04;1;0
12;2025-12-04;2;0
12;2025-12-04;3;0
12;2025-12-04;4;5
12;2025-12-04;5;296
12;2025-12-04;6;1403
12;2025-12-04;7;2713
12;2025-12-04;8;3422
12;2025-12-04;9;2306
12;2025-12-04;10;2315
12;2025-12-04;11;2180
12;2025-12-04;12;1824
12;2025-12-04;13;2023
12;2025-12-04;14;1687
12;2025-12-04;15;2267
12;2025-12-04;16;2683
12;2025-12-04;17;3266
12;2025-12-04;18;3428
12;2025-12-04;19;2469
12;2025-12-04;20;1691
12;2025-12-04;21;898
12;2025-12-04;22;458
12;2025-12-04;23;246
12;2025-12-05;0;56
12;2025-12-05;1;0
12;2025-12-05;2;0
12;2025-12-05;3;0
12;2025-12-05;4;2
12;2025-12-05;5;346
12;2025-12-05;6;1326
12;2025-12-05;7;2400
12;2025-12-05;8;3216
12;2025-12-05;9;2469
12;2025-12-05;10;2048
12;2025-12-05;11;1973
12;2025-12-05;12;1844
12;2025-12-05;13;1967
12;2025-12-05;14;1991
12;2025-12-05;15;2378
12;2025-12-05;16;2920
12;2025-12-05;17;2969
12;2025-12-05;18;2243
12;2025-12-05;19;1840
12;2025-12-05;20;1303
12;2025-12-05;21;825
12;2025-12-05;22;353
12;2025-12-05;23;248
12;2025-12-06;0;67
12;2025-12-06;1;0
12;2025-12-06;2;0
12;2025-12-06;3;0
12;2025-12-06;4;2
12;2025-12-06;5;222
12;2025-12-06;6;736
12;2025-12-06;7;859
12;2025-12-06;8;956
12;2025-12-06;9;1148
12;2025-12-06;10;1526
12;2025-12-06;11;1454
12;2025-12-06;12;1573
12;2025-12-06;13;1863
12;2025-12-06;14;1469
12;2025-12-06;15;1518
12;2025-12-06;16;1766
12;2025-12-06;17;1722
12;2025-12-06;18;1533
12;2025-12-06;19;1406
12;2025-12-06;20;1184
12;2025-12-06;21;824
12;2025-12-06;22;388
12;2025-12-06;23;324
12;2025-12-07;0;94
12;2025-12-07;1;1
12;2025-12-07;2;0
12;2025-12-07;3;0
12;2025-12-07;4;0
12;2025-12-07;5;111
12;2025-12-07;6;522
12;2025-12-07;7;742
12;2025-12-07;8;766
12;2025-12-07;9;930
12;2025-12-07;10;1220
12;2025-12-07;11;1338
12;2025-12-07;12;1413
12;2025-12-07;13;1663
12;2025-12-07;14;1407
12;2025-12-07;15;1569
12;2025-12-07;16;1657
12;2025-12-07;17;1636
12;2025-12-07;18;1585
12;2025-12-07;19;1025
12;2025-12-07;20;854
12;2025-12-07;21;655
12;2025-12-07;22;507
12;2025-12-07;23;207
12;2025-12-08;0;41
12;2025-12-08;1;0
12;2025-12-08;2;0
12;2025-12-08;3;0
12;2025-12-08;4;8
12;2025-12-08;5;278
12;2025-12-08;6;1543
12;2025-12-08;7;2653
12;2025-12-08;8;3453
12;2025-12-08;9;2719
12;2025-12-08;10;2407
12;2025-12-08;11;2140
12;2025-12-08;12;2379
12;2025-12-08;13;2339
12;2025-12-08;14;2008
12;2025-12-08;15;2298
12;2025-12-08;16;2731
12;2025-12-08;17;3038
12;2025-12-08;18;3351
12;2025-12-08;19;2085
12;2025-12-08;20;1506
12;2025-12-08;21;879
12;2025-12-08;22;433
12;2025-12-08;23;232
12;2025-12-09;0;40
12;2025-12-09;1;0
12;2025-12-09;2;0
12;2025-12-09;3;0
12;2025-12-09;4;5
12;2025-12-09;5;310
12;2025-12-09;6;1504
12;2025-12-09;7;2764
12;2025-12-09;8;3221
12;2025-12-09;9;2612
12;2025-12-09;10;2211
12;2025-12-09;11;1745
12;2025-12-09;12;1797
12;2025-12-09;13;1933
12;2025-12-09;14;1759
12;2025-12-09;15;2235
12;2025-12-09;16;2631
12;2025-12-09;17;2888
12;2025-12-09;18;3075
12;2025-12-09;19;2215
12;2025-12-09;20;1447
12;2025-12-09;21;931
12;2025-12-09;22;431
12;2025-12-09;23;288
12;2025-12-10;0;43
12;2025-12-10;1;0
12;2025-12-10;2;0
12;2025-12-10;3;0
12;2025-12-10;4;12
12;2025-12-10;5;322
12;2025-12-10;6;1487
12;2025-12-10;7;2658
12;2025-12-10;8;3145
12;2025-12-10;9;2530
12;2025-12-10;10;2151
12;2025-12-10;11;2153
12;2025-12-10;12;2344
12;2025-12-10;13;2273
12;2025-12-10;14;1977
12;2025-12-10;15;2744
12;2025-12-10;16;3131
12;2025-12-10;17;2654
12;2025-12-10;18;2748
12;2025-12-10;19;2263
12;2025-12-10;20;1526
12;2025-12-10;21;1059
12;2025-12-10;22;483
12;2025-12-10;23;255
12;2025-12-11;0;34
12;2025-12-11;1;0
12;2025-12-11;2;0
12;2025-12-11;3;0
12;2025-12-11;4;5
12;2025-12-11;5;296
12;2025-12-11;6;1403
12;2025-12-11;7;2713
12;2025-12-11;8;3421
12;2025-12-11;9;2307
12;2025-12-11;10;2317
12;2025-12-11;11;2181
12;2025-12-11;12;1824
12;2025-12-11;13;2024
12;2025-12-11;14;1688
12;2025-12-11;15;2268
12;2025-12-11;16;2683
12;2025-12-11;17;3266
12;2025-12-11;18;3429
12;2025-12-11;19;2469
12;2025-12-11;20;1693
12;2025-12-11;21;899
12;2025-12-11;22;458
12;2025-12-11;23;246
12;2025-12-12;0;55
12;2025-12-12;1;0
12;2025-12-12;2;0
12;2025-12-12;3;0
12;2025-12-12;4;2
12;2025-12-12;5;346
12;2025-12-12;6;1327
12;2025-12-12;7;2400
12;2025-12-12;8;3215
12;2025-12-12;9;2469
12;2025-12-12;10;2049
12;2025-12-12;11;1974
12;2025-12-12;12;1844
12;2025-12-12;13;1969
12;2025-12-12;14;1992
12;2025-12-12;15;2379
12;2025-12-12;16;2920
12;2025-12-12;17;2969
12;2025-12-12;18;2244
12;2025-12-12;19;1840
12;2025-12-12;20;1305
12;2025-12-12;21;827
12;2025-12-12;22;353
12;2025-12-12;23;248
12;2025-12-13;0;65
12;2025-12-13;1;0
12;2025-12-13;2;0
12;2025-12-13;3;0
12;2025-12-13;4;2
12;2025-12-13;5;222
12;2025-12-13;6;737
12;2025-12-13;7;859
12;2025-12-13;8;955
12;2025-12-13;9;1148
12;2025-12-13;10;1527
12;2025-12-13;11;1454
12;2025-12-13;12;1573
12;2025-12-13;13;1864
12;2025-12-13;14;1469
12;2025-12-13;15;1518
12;2025-12-13;16;1765
12;2025-12-13;17;1722
12;2025-12-13;18;1534
12;2025-12-13;19;1405
12;2025-12-13;20;1185
12;2025-12-13;21;825
12;2025-12-13;22;387
12;2025-12-13;23;324
12;2025-12-14;0;92
12;2025-12-14;1;0
12;2025-12-14;2;0
12;2025-12-14;3;0
12;2025-12-14;4;0
12;2025-12-14;5;111
12;2025-12-14;6;523
12;2025-12-14;7;742
12;2025-12-14;8;766
12;2025-12-14;9;930
12;2025-12-14;10;1221
12;2025-12-14;11;1338
12;2025-12-14;12;1412
12;2025-12-14;13;1663
12;2025-12-14;14;1407
12;2025-12-14;15;1568
12;2025-12-14;16;1657
12;2025-12-14;17;1635
12;2025-12-14;18;1586
12;2025-12-14;19;1025
12;2025-12-14;20;856
12;2025-12-14;21;656
12;2025-12-14;22;506
12;2025-12-14;23;207
12;2025-12-15;0;40
12;2025-12-15;1;0
12;2025-12-15;2;0
12;2025-12-15;3;0
12;2025-12-15;4;8
12;2025-12-15;5;278
12;2025-12-15;6;1543
12;2025-12-15;7;2653
12;2025-12-15;8;3452
12;2025-12-15;9;2719
12;2025-12-15;10;2408
12;2025-12-15;11;2140
12;2025-12-15;12;2378
12;2025-12-15;13;2340
12;2025-12-15;14;2008
12;2025-12-15;15;2298
12;2025-12-15;16;2731
12;2025-12-15;17;3037
12;2025-12-15;18;3352
12;2025-12-15;19;2085
12;2025-12-15;20;1507
12;2025-12-15;21;879
12;2025-12-15;22;433
12;2025-12-15;23;232
12;2025-12-16;0;39
12;2025-12-16;1;0
12;2025-12-16;2;0
12;2025-12-16;3;0
12;2025-12-16;4;5
12;2025-12-16;5;310
12;2025-12-16;6;1505
12;2025-12-16;7;2764
12;2025-12-16;8;3220
12;2025-12-16;9;2612
12;2025-12-16;10;2212
12;2025-12-16;11;1745
12;2025-12-16;12;1797
12;2025-12-16;13;1934
12;2025-12-16;14;1759
12;2025-12-16;15;2235
12;2025-12-16;16;2631
12;2025-12-16;17;2888
12;2025-12-16;18;3076
12;2025-12-16;19;2214
12;2025-12-16;20;1449
12;2025-12-16;21;931
12;2025-12-16;22;431
12;2025-12-16;23;288
12;2025-12-17;0;42
12;2025-12-17;1;0
12;2025-12-17;2;0
12;2025-12-17;3;0
12;2025-12-17;4;12
12;2025-12-17;5;322
12;2025-12-17;6;1488
12;2025-12-17;7;2657
12;2025-12-17;8;3145
12;2025-12-17;9;2530
12;2025-12-17;10;2153
12;2025-12-17;11;2153
12;2025-12-17;12;2344
12;2025-12-17;13;2273
12;2025-12-17;14;1977
12;2025-12-17;15;2744
12;2025-12-17;16;3131
12;2025-12-17;17;2654
12;2025-12-17;18;2749
12;2025-12-17;19;2263
12;2025-12-17;20;1528
12;2025-12-17;21;1060
12;2025-12-17;22;483
12;2025-12-17;23;255
12;2025-12-18;0;32
12;2025-12-18;1;0
12;2025-12-18;2;0
12;2025-12-18;3;0
12;2025-12-18;4;4
12;2025-12-18;5;296
12;2025-12-18;6;1404
12;2025-12-18;7;2712
12;2025-12-18;8;3420
12;2025-12-18;9;2307
12;2025-12-18;10;2319
12;2025-12-18;11;2181
12;2025-12-18;12;1824
12;2025-12-18;13;2025
12;2025-12-18;14;1688
12;2025-12-18;15;2268
12;2025-12-18;16;2683
12;2025-12-18;17;3267
12;2025-12-18;18;3431
12;2025-12-18;19;2469
12;2025-12-18;20;1695
12;2025-12-18;21;900
12;2025-12-18;22;458
12;2025-12-18;23;246
12;2025-12-19;0;54
12;2025-12-19;1;0
12;2025-12-19;2;0
12;2025-12-19;3;0
12;2025-12-19;4;1
12;2025-12-19;5;346
12;2025-12-19;6;1327
12;2025-12-19;7;2399
12;2025-12-19;8;3214
12;2025-12-19;9;2470
12;2025-12-19;10;2051
12;2025-12-19;11;1974
12;2025-12-19;12;1844
12;2025-12-19;13;1970
12;2025-12-19;14;1993
12;2025-12-19;15;2379
12;2025-12-19;16;2920
12;2025-12-19;17;2969
12;2025-12-19;18;2245
12;2025-12-19;19;1840
12;2025-12-19;20;1308
12;2025-12-19;21;828
12;2025-12-19;22;354
12;2025-12-19;23;248
12;2025-12-20;0;64
12;2025-12-20;1;0
12;2025-12-20;2;0
12;2025-12-20;3;0
12;2025-12-20;4;2
12;2025-12-20;5;222
12;2025-12-20;6;738
12;2025-12-20;7;858
12;2025-12-20;8;954
12;2025-12-20;9;1148
12;2025-12-20;10;1528
12;2025-12-20;11;1454
12;2025-12-20;12;1572
12;2025-12-20;13;1864
12;2025-12-20;14;1469
12;2025-12-20;15;1518
12;2025-12-20;16;1765
12;2025-12-20;17;1721
12;2025-12-20;18;1535
12;2025-12-20;19;1405
12;2025-12-20;20;1187
12;2025-12-20;21;825
12;2025-12-20;22;387
12;2025-12-20;23;325
12;2025-12-21;0;91
12;2025-12-21;1;0
12;2025-12-21;2;0
12;2025-12-21;3;0
12;2025-12-21;4;0
12;2025-12-21;5;111
12;2025-12-21;6;524
12;2025-12-21;7;741
12;2025-12-21;8;765
12;2025-12-21;9;930
12;2025-12-21;10;1221
12;2025-12-21;11;1338
12;2025-12-21;12;1412
12;2025-12-21;13;1663
12;2025-12-21;14;1408
12;2025-12-21;15;1568
12;2025-12-21;16;1656
12;2025-12-21;17;1635
12;2025-12-21;18;1587
12;2025-12-21;19;1024
12;2025-12-21;20;858
12;2025-12-21;21;656
12;2025-12-21;22;506
12;2025-12-21;23;207
12;2025-12-22;0;39
12;2025-12-22;1;0
12;2025-12-22;2;0
12;2025-12-22;3;0
12;2025-12-22;4;8
12;2025-12-22;5;278
12;2025-12-22;6;1544
12;2025-12-22;7;2652
12;2025-12-22;8;3451
12;2025-12-22;9;2719
12;2025-12-22;10;2409
12;2025-12-22;11;2140
12;2025-12-22;12;2378
12;2025-12-22;13;2340
12;2025-12-22;14;2008
12;2025-12-22;15;2298
12;2025-12-22;16;2730
12;2025-12-22;17;3037
12;2025-12-22;18;3353
12;2025-12-22;19;2085
12;2025-12-22;20;1509
12;2025-12-22;21;880
12;2025-12-22;22;433
12;2025-12-22;23;232
12;2025-12-23;0;38
12;2025-12-23;1;0
12;2025-12-23;2;0
12;2025-12-23;3;0
12;2025-12-23;4;5
12;2025-12-23;5;310
12;2025-12-23;6;1506
12;2025-12-23;7;2763
12;2025-12-23;8;3219
12;2025-12-23;9;2612
12;2025-12-23;10;2212
12;2025-12-23;11;1745
12;2025-12-23;12;1797
12;2025-12-23;13;1935
12;2025-12-23;14;1759
12;2025-12-23;15;2235
12;2025-12-23;16;2630
12;2025-12-23;17;2888
12;2025-12-23;18;3077
12;2025-12-23;19;2214
12;2025-12-23;20;1451
12;2025-12-23;21;932
12;2025-12-23;22;430
12;2025-12-23;23;288
12;2025-12-24;0;41
12;2025-12-24;1;0
12;2025-12-24;2;0
12;2025-12-24;3;0
12;2025-12-24;4;12
12;2025-12-24;5;322
12;2025-12-24;6;1488
12;2025-12-24;7;2657
12;2025-12-24;8;3144
12;2025-12-24;9;2531
12;2025-12-24;10;2154
12;2025-12-24;11;2154
12;2025-12-24;12;2344
12;2025-12-24;13;2274
12;2025-12-24;14;1978
12;2025-12-24;15;2744
12;2025-12-24;16;3130
12;2025-12-24;17;2654
12;2025-12-24;18;2750
12;2025-12-24;19;2262
12;2025-12-24;20;1530
12;2025-12-24;21;1061
12;2025-12-24;22;483
12;2025-12-24;23;255
12;2025-12-25;0;31
12;2025-12-25;1;0
12;2025-12-25;2;0
12;2025-12-25;3;0
12;2025-12-25;4;4
12;2025-12-25;5;296
12;2025-12-25;6;1405
12;2025-12-25;7;2712
12;2025-12-25;8;3419
12;2025-12-25;9;2308
12;2025-12-25;10;2320
12;2025-12-25;11;2182
12;2025-12-25;12;1824
12;2025-12-25;13;2026
12;2025-12-25;14;1689
12;2025-12-25;15;2268
12;2025-12-25;16;2683
12;2025-12-25;17;3267
12;2025-12-25;18;3432
12;2025-12-25;19;2469
12;2025-12-25;20;1697
12;2025-12-25;21;901
12;2025-12-25;22;459
12;2025-12-25;23;246
12;2025-12-26;0;53
12;2025-12-26;1;0
12;2025-12-26;2;0
12;2025-12-26;3;0
12;2025-12-26;4;1
12;2025-12-26;5;346
12;2025-12-26;6;1328
12;2025-12-26;7;2399
12;2025-12-26;8;3213
12;2025-12-26;9;2471
12;2025-12-26;10;2052
12;2025-12-26;11;1975
12;2025-12-26;12;1844
12;2025-12-26;13;1971
12;2025-12-26;14;1994
12;2025-12-26;15;2379
12;2025-12-26;16;2920
12;2025-12-26;17;2969
12;2025-12-26;18;2246
12;2025-12-26;19;1840
12;2025-12-26;20;1310
12;2025-12-26;21;829
12;2025-12-26;22;354
12;2025-12-26;23;249
12;2025-12-27;0;63
12;2025-12-27;1;0
12;2025-12-27;2;0
12;2025-12-27;3;0
12;2025-12-27;4;2
12;2025-12-27;5;221
12;2025-12-27;6;739
12;2025-12-27;7;858
12;2025-12-27;8;953
12;2025-12-27;9;1148
12;2025-12-27;10;1529
12;2025-12-27;11;1453
12;2025-12-27;12;1572
12;2025-12-27;13;1864
12;2025-12-27;14;1470
12;2025-12-27;15;1518
12;2025-12-27;16;1764
12;2025-12-27;17;1721
12;2025-12-27;18;1536
12;2025-12-27;19;1405
12;2025-12-27;20;1189
12;2025-12-27;21;826
12;2025-12-27;22;387
12;2025-12-27;23;325
12;2025-12-28;0;90
12;2025-12-28;1;0
12;2025-12-28;2;0
12;2025-12-28;3;0
12;2025-12-28;4;0
12;2025-12-28;5;112
12;2025-12-28;6;525
12;2025-12-28;7;741
12;2025-12-28;8;764
12;2025-12-28;9;930
12;2025-12-28;10;1222
12;2025-12-28;11;1337
12;2025-12-28;12;1411
12;2025-12-28;13;1664
12;2025-12-28;14;1408
12;2025-12-28;15;1567
12;2025-12-28;16;1656
12;2025-12-28;17;1634
12;2025-12-28;18;1588
12;2025-12-28;19;1024
12;2025-12-28;20;859
12;2025-12-28;21;657
12;2025-12-28;22;506
12;2025-12-28;23;207
12;2025-12-29;0;38
12;2025-12-29;1;0
12;2025-12-29;2;0
12;2025-12-29;3;0
12;2025-12-29;4;8
12;2025-12-29;5;278
12;2025-12-29;6;1545
12;2025-12-29;7;2652
12;2025-12-29;8;3451
12;2025-12-29;9;2719
12;2025-12-29;10;2410
12;2025-12-29;11;2140
12;2025-12-29;12;2377
12;2025-12-29;13;2340
12;2025-12-29;14;2008
12;2025-12-29;15;2298
12;2025-12-29;16;2730
12;2025-12-29;17;3036
12;2025-12-29;18;3354
12;2025-12-29;19;2084
12;2025-12-29;20;1511
12;2025-12-29;21;880
12;2025-12-29;22;433
12;2025-12-29;23;232
12;2025-12-30;0;37
12;2025-12-30;1;0
12;2025-12-30;2;0
12;2025-12-30;3;0
12;2025-12-30;4;4
12;2025-12-30;5;310
12;2025-12-30;6;1507
12;2025-12-30;7;2763
12;2025-12-30;8;3218
12;2025-12-30;9;2612
12;2025-12-30;10;2213
12;2025-12-30;11;1745
12;2025-12-30;12;1797
12;2025-12-30;13;1935
12;2025-12-30;14;1760
12;2025-12-30;15;2235
12;2025-12-30;16;2630
12;2025-12-30;17;2888
12;2025-12-30;18;3078
12;2025-12-30;19;2214
12;2025-12-30;20;1452
12;2025-12-30;21;932
12;2025-12-30;22;430
12;2025-12-30;23;288
12;2025-12-31;0;39
12;2025-12-31;1;0
12;2025-12-31;2;0
12;2025-12-31;3;0
12;2025-12-31;4;12
12;2025-12-31;5;322
12;2025-12-31;6;1489
12;2025-12-31;7;2657
12;2025-12-31;8;3143
12;2025-12-31;9;2531
12;2025-12-31;10;2156
12;2025-12-31;11;2154
12;2025-12-31;12;2344
12;2025-12-31;13;2275
12;2025-12-31;14;1978
12;2025-12-31;15;2744
12;2025-12-31;16;3130
12;2025-12-31;17;2654
12;2025-12-31;18;2751
12;2025-12-31;19;2262
12;2025-12-31;20;1532
12;2025-12-31;21;1062
12;2025-12-31;22;483
12;2025-12-31;23;255
17;2025-11-01;0;209
17;2025-11-01;1;19
17;2025-11-01;2;0
17;2025-11-01;3;0
17;2025-11-01;4;7
17;2025-11-01;5;152
17;2025-11-01;6;578
17;2025-11-01;7;1244
17;2025-11-01;8;1751
17;2025-11-01;9;2175
17;2025-11-01;10;2466
17;2025-11-01;11;2932
17;2025-11-01;12;3248
17;2025-11-01;13;3533
17;2025-11-01;14;3377
17;2025-11-01;15;3379
17;2025-11-01;16;3510
17;2025-11-01;17;3015
17;2025-11-01;18;2460
17;2025-11-01;19;2148
17;2025-11-01;20;1778
17;2025-11-01;21;1210
17;2025-11-01;22;658
17;2025-11-01;23;419
17;2025-11-02;0;162
17;2025-11-02;1;17
17;2025-11-02;2;0
17;2025-11-02;3;0
17;2025-11-02;4;4
17;2025-11-02;5;116
17;2025-11-02;6;432
17;2025-11-02;7;786
17;2025-11-02;8;1128
17;2025-11-02;9;1667
17;2025-11-02;10;1896
17;2025-11-02;11;2487
17;2025-11-02;12;2962
17;2025-11-02;13;3204
17;2025-11-02;14;3169
17;2025-11-02;15;3086
17;2025-11-02;16;2974
17;2025-11-02;17;2929
17;2025-11-02;18;2569
17;2025-11-02;19;2033
17;2025-11-02;20;1575
17;2025-11-02;21;1082
17;2025-11-02;22;603
17;2025-11-02;23;325
17;2025-11-03;0;128
17;2025-11-03;1;12
17;2025-11-03;2;0
17;2025-11-03;3;0
17;2025-11-03;4;25
17;2025-11-03;5;286
17;2025-11-03;6;1466
17;2025-11-03;7;3847
17;2025-11-03;8;5364
17;2025-11-03;9;3923
17;2025-11-03;10;3256
17;2025-11-03;11;3163
17;2025-11-03;12;3177
17;2025-11-03;13;3346
17;2025-11-03;14;3151
17;2025-11-03;15;3229
17;2025-11-03;16;3593
17;2025-11-03;17;4367
17;2025-11-03;18;4656
17;2025-11-03;19;3198
17;2025-11-03;20;2374
17;2025-11-03;21;1362
17;2025-11-03;22;585
17;2025-11-03;23;339
17;2025-11-04;0;117
17;2025-11-04;1;6
17;2025-11-04;2;0
17;2025-11-04;3;0
17;2025-11-04;4;25
17;2025-11-04;5;337
17;2025-11-04;6;1518
17;2025-11-04;7;3874
17;2025-11-04;8;4922
17;2025-11-04;9;3913
17;2025-11-04;10;3194
17;2025-11-04;11;3041
17;2025-11-04;12;3019
17;2025-11-04;13;3184
17;2025-11-04;14;3321
17;2025-11-04;15;3415
17;2025-11-04;16;3595
17;2025-11-04;17;4644
17;2025-11-04;18;4840
17;2025-11-04;19;3444
17;2025-11-04;20;2193
17;2025-11-04;21;1507
17;2025-11-04;22;677
17;2025-11-04;23;392
17;2025-11-05;0;129
17;2025-11-05;1;6
17;2025-11-05;2;0
17;2025-11-05;3;0
17;2025-11-05;4;27
17;2025-11-05;5;278
17;2025-11-05;6;1452
17;2025-11-05;7;3902
17;2025-11-05;8;5190
17;2025-11-05;9;3836
17;2025-11-05;10;3269
17;2025-11-05;11;3357
17;2025-11-05;12;3409
17;2025-11-05;13;3346
17;2025-11-05;14;3680
17;2025-11-05;15;3478
17;2025-11-05;16;3818
17;2025-11-05;17;4473
17;2025-11-05;18;4529
17;2025-11-05;19;3161
17;2025-11-05;20;2181
17;2025-11-05;21;1441
17;2025-11-05;22;735
17;2025-11-05;23;389
17;2025-11-06;0;118
17;2025-11-06;1;6
17;2025-11-06;2;0
17;2025-11-06;3;0
17;2025-11-06;4;28
17;2025-11-06;5;295
17;2025-11-06;6;1491
17;2025-11-06;7;3904
17;2025-11-06;8;5040
17;2025-11-06;9;3970
17;2025-11-06;10;3169
17;2025-11-06;11;3268
17;2025-11-06;12;3375
17;2025-11-06;13;3371
17;2025-11-06;14;3381
17;2025-11-06;15;3193
17;2025-11-06;16;3835
17;2025-11-06;17;4386
17;2025-11-06;18;4285
17;2025-11-06;19;3241
17;2025-11-06;20;2443
17;2025-11-06;21;1490
17;2025-11-06;22;745
17;2025-11-06;23;418
17;2025-11-07;0;157
17;2025-11-07;1;20
17;2025-11-07;2;0
17;2025-11-07;3;0
17;2025-11-07;4;19
17;2025-11-07;5;301
17;2025-11-07;6;1522
17;2025-11-07;7;3772
17;2025-11-07;8;5081
17;2025-11-07;9;3731
17;2025-11-07;10;2945
17;2025-11-07;11;2903
17;2025-11-07;12;2740
17;2025-11-07;13;2900
17;2025-11-07;14;2752
17;2025-11-07;15;2953
17;2025-11-07;16;3703
17;2025-11-07;17;4425
17;2025-11-07;18;3752
17;2025-11-07;19;2826
17;2025-11-07;20;2185
17;2025-11-07;21;1455
17;2025-11-07;22;657
17;2025-11-07;23;466
17;2025-11-08;0;208
17;2025-11-08;1;18
17;2025-11-08;2;0
17;2025-11-08;3;0
17;2025-11-08;4;7
17;2025-11-08;5;152
17;2025-11-08;6;579
17;2025-11-08;7;1243
17;2025-11-08;8;1750
17;2025-11-08;9;2174
17;2025-11-08;10;2466
17;2025-11-08;11;2931
17;2025-11-08;12;3247
17;2025-11-08;13;3533
17;2025-11-08;14;3377
17;2025-11-08;15;3379
17;2025-11-08;16;3509
17;2025-11-08;17;3015
17;2025-11-08;18;2461
17;2025-11-08;19;2147
17;2025-11-08;20;1779
17;2025-11-08;21;1210
17;2025-11-08;22;658
17;2025-11-08;23;419
17;2025-11-09;0;161
17;2025-11-09;1;17
17;2025-11-09;2;0
17;2025-11-09;3;0
17;2025-11-09;4;3
17;2025-11-09;5;116
17;2025-11-09;6;433
17;2025-11-09;7;785
17;2025-11-09;8;1127
17;2025-11-09;9;1667
17;2025-11-09;10;1897
17;2025-11-09;11;2486
17;2025-11-09;12;2962
17;2025-11-09;13;3204
17;2025-11-09;14;3169
17;2025-11-09;15;3085
17;2025-11-09;16;2973
17;2025-11-09;17;2929
17;2025-11-09;18;2570
17;2025-11-09;19;2032
17;2025-11-09;20;1576
17;2025-11-09;21;1082
17;2025-11-09;22;603
17;2025-11-09;23;325
17;2025-11-10;0;127
17;2025-11-10;1;11
17;2025-11-10;2;0
17;2025-11-10;3;0
17;2025-11-10;4;25
17;2025-11-10;5;286
17;2025-11-10;6;1467
17;2025-11-10;7;3846
17;2025-11-10;8;5363
17;2025-11-10;9;3923
17;2025-11-10;10;3257
17;2025-11-10;11;3163
17;2025-11-10;12;3176
17;2025-11-10;13;3347
17;2025-11-10;14;3151
17;2025-11-10;15;3229
17;2025-11-10;16;3593
17;2025-11-10;17;4366
17;2025-11-10;18;4657
17;2025-11-10;19;3197
17;2025-11-10;20;2376
17;2025-11-10;21;1362
17;2025-11-10;22;585
17;2025-11-10;23;339
17;2025-11-11;0;116
17;2025-11-11;1;5
17;2025-11-11;2;0
17;2025-11-11;3;0
17;2025-11-11;4;25
17;2025-11-11;5;337
17;2025-11-11;6;1519
17;2025-11-11;7;3874
17;2025-11-11;8;4921
17;2025-11-11;9;3913
17;2025-11-11;10;3195
17;2025-11-11;11;3042
17;2025-11-11;12;3019
17;2025-11-11;13;3184
17;2025-11-11;14;3322
17;2025-11-11;15;3415
17;2025-11-11;16;3594
17;2025-11-11;17;4644
17;2025-11-11;18;4841
17;2025-11-11;19;3444
17;2025-11-11;20;2194
17;2025-11-11;21;1507
17;2025-11-11;22;677
17;2025-11-11;23;392
17;2025-11-12;0;128
17;2025-11-12;1;5
17;2025-11-12;2;0
17;2025-11-12;3;0
17;2025-11-12;4;27
17;2025-11-12;5;278
17;2025-11-12;6;1453
17;2025-11-12;7;3902
17;2025-11-12;8;5189
17;2025-11-12;9;3837
17;2025-11-12;10;3270
17;2025-11-12;11;3358
17;2025-11-12;12;3409
17;2025-11-12;13;3347
17;2025-11-12;14;3681
17;2025-11-12;15;3478
17;2025-11-12;16;3818
17;2025-11-12;17;4473
17;2025-11-12;18;4530
17;2025-11-12;19;3161
17;2025-11-12;20;2183
17;2025-11-12;21;1442
17;2025-11-12;22;735
17;2025-11-12;23;389
17;2025-11-13;0;117
17;2025-11-13;1;5
17;2025-11-13;2;0
17;2025-11-13;3;0
17;2025-11-13;4;27
17;2025-11-13;5;295
17;2025-11-13;6;1491
17;2025-11-13;7;3903
17;2025-11-13;8;5039
17;2025-11-13;9;3971
17;2025-11-13;10;3170
17;2025-11-13;11;3268
17;2025-11-13;12;3375
17;2025-11-13;13;3372
17;2025-11-13;14;3381
17;2025-11-13;15;3194
17;2025-11-13;16;3835
17;2025-11-13;17;4386
17;2025-11-13;18;4286
17;2025-11-13;19;3241
17;2025-11-13;20;2445
17;2025-11-13;21;1491
17;2025-11-13;22;746
17;2025-11-13;23;418
17;2025-11-14;0;156
17;2025-11-14;1;19
17;2025-11-14;2;0
17;2025-11-14;3;0
17;2025-11-14;4;19
17;2025-11-14;5;301
17;2025-11-14;6;1523
17;2025-11-14;7;3772
17;2025-11-14;8;5080
17;2025-11-14;9;3731
17;2025-11-14;10;2946
17;2025-11-14;11;2904
17;2025-11-14;12;2740
17;2025-11-14;13;2902
17;2025-11-14;14;2752
17;2025-11-14;15;2954
17;2025-11-14;16;3703
17;2025-11-14;17;4425
17;2025-11-14;18;3753
17;2025-11-14;19;2826
17;2025-11-14;20;2187
17;2025-11-14;21;1456
17;2025-11-14;22;658
17;2025-11-14;23;466
17;2025-11-15;0;206
17;2025-11-15;1;17
17;2025-11-15;2;0
17;2025-11-15;3;0
17;2025-11-15;4;7
17;2025-11-15;5;151
17;2025-11-15;6;580
17;2025-11-15;7;1243
17;2025-11-15;8;1749
17;2025-11-15;9;2174
17;2025-11-15;10;2467
17;2025-11-15;11;2931
17;2025-11-15;12;3247
17;2025-11-15;13;3534
17;2025-11-15;14;3378
17;2025-11-15;15;3379
17;2025-11-15;16;3509
17;2025-11-15;17;3014
17;2025-11-15;18;2462
17;2025-11-15;19;2147
17;2025-11-15;20;1781
17;2025-11-15;21;1211
17;2025-11-15;22;657
17;2025-11-15;23;419
17;2025-11-16;0;160
17;2025-11-16;1;16
17;2025-11-16;2;0
17;2025-11-16;3;0
17;2025-11-16;4;3
17;2025-11-16;5;116
17;2025-11-16;6;434
17;2025-11-16;7;785
17;2025-11-16;8;1126
17;2025-11-16;9;1667
17;2025-11-16;10;1897
17;2025-11-16;11;2486
17;2025-11-16;12;2961
17;2025-11-16;13;3205
17;2025-11-16;14;3169
17;2025-11-16;15;3085
17;2025-11-16;16;2973
17;2025-11-16;17;2928
17;2025-11-16;18;2571
17;2025-11-16;19;2032
17;2025-11-16;20;1578
17;2025-11-16;21;1083
17;2025-11-16;22;602
17;2025-11-16;23;325
17;2025-11-17;0;126
17;2025-11-17;1;10
17;2025-11-17;2;0
17;2025-11-17;3;0
17;2025-11-17;4;25
17;2025-11-17;5;286
17;2025-11-17;6;1467
17;2025-11-17;7;3846
17;2025-11-17;8;5363
17;2025-11-17;9;3923
17;2025-11-17;10;3258
17;2025-11-17;11;3163
17;2025-11-17;12;3176
17;2025-11-17;13;3347
17;2025-11-17;14;3151
17;2025-11-17;15;3229
17;2025-11-17;16;3592
17;2025-11-17;17;4366
17;2025-11-17;18;4658
17;2025-11-17;19;3197
17;2025-11-17;20;2377
17;2025-11-17;21;1363
17;2025-11-17;22;585
17;2025-11-17;23;339
17;2025-11-18;0;115
17;2025-11-18;1;4
17;2025-11-18;2;0
17;2025-11-18;3;0
17;2025-11-18;4;24
17;2025-11-18;5;337
17;2025-11-18;6;1520
17;2025-11-18;7;3873
17;2025-11-18;8;4920
17;2025-11-18;9;3913
17;2025-11-18;10;3196
17;2025-11-18;11;3042
17;2025-11-18;12;3019
17;2025-11-18;13;3185
17;2025-11-18;14;3322
17;2025-11-18;15;3415
17;2025-11-18;16;3594
17;2025-11-18;17;4644
17;2025-11-18;18;4842
17;2025-11-18;19;3443
17;2025-11-18;20;2196
17;2025-11-18;21;1508
17;2025-11-18;22;676
17;2025-11-18;23;392
17;2025-11-19;0;126
17;2025-11-19;1;4
17;2025-11-19;2;0
17;2025-11-19;3;0
17;2025-11-19;4;27
17;2025-11-19;5;278
17;2025-11-19;6;1453
17;2025-11-19;7;3901
17;2025-11-19;8;5189
17;2025-11-19;9;3837
17;2025-11-19;10;3272
17;2025-11-19;11;3358
17;2025-11-19;12;3409
17;2025-11-19;13;3347
17;2025-11-19;14;3681
17;2025-11-19;15;3478
17;2025-11-19;16;3818
17;2025-11-19;17;4473
17;2025-11-19;18;4531
17;2025-11-19;19;3160
17;2025-11-19;20;2185
17;2025-11-19;21;1443
17;2025-11-19;22;735
17;2025-11-19;23;389
17;2025-11-20;0;115
17;2025-11-20;1;4
17;2025-11-20;2;0
17;2025-11-20;3;0
17;2025-11-20;4;27
17;2025-11-20;5;295
17;2025-11-20;6;1492
17;2025-11-20;7;3903
17;2025-11-20;8;5038
17;2025-11-20;9;3971
17;2025-11-20;10;3172
17;2025-11-20;11;3269
17;2025-11-20;12;3375
17;2025-11-20;13;3373
17;2025-11-20;14;3382
17;2025-11-20;15;3194
17;2025-11-20;16;3835
17;2025-11-20;17;4386
17;2025-11-20;18;4288
17;2025-11-20;19;3241
17;2025-11-20;20;2447
17;2025-11-20;21;1492
17;2025-11-20;22;746
17;2025-11-20;23;418
17;2025-11-21;0;155
17;2025-11-21;1;18
17;2025-11-21;2;0
17;2025-11-21;3;0
17;2025-11-21;4;18
17;2025-11-21;5;301
17;2025-11-21;6;1523
17;2025-11-21;7;3771
17;2025-11-21;8;5080
17;2025-11-21;9;3732
17;2025-11-21;10;2948
17;2025-11-21;11;2904
17;2025-11-21;12;2740
17;2025-11-21;13;2903
17;2025-11-21;14;2753
17;2025-11-21;15;2954
17;2025-11-21;16;3703
17;2025-11-21;17;4425
17;2025-11-21;18;3754
17;2025-11-21;19;2826
17;2025-11-21;20;2190
17;2025-11-21;21;1457
17;2025-11-21;22;658
17;2025-11-21;23;466
17;2025-11-22;0;205
17;2025-11-22;1;16
17;2025-11-22;2;0
17;2025-11-22;3;0
17;2025-11-22;4;7
17;2025-11-22;5;151
17;2025-11-22;6;580
17;2025-11-22;7;1243
17;2025-11-22;8;1748
17;2025-11-22;9;2174
17;2025-11-22;10;2468
17;2025-11-22;11;2931
17;2025-11-22;12;3246
17;2025-11-22;13;3534
17;2025-11-22;14;3378
17;2025-11-22;15;3379
17;2025-11-22;16;3508
17;2025-11-22;17;3014
17;2025-11-22;18;2463
17;2025-11-22;19;2146
17;2025-11-22;20;1783
17;2025-11-22;21;1211
17;2025-11-22;22;657
17;2025-11-22;23;419
17;2025-11-23;0;159
17;2025-11-23;1;15
17;2025-11-23;2;0
17;2025-11-23;3;0
17;2025-11-23;4;3
17;2025-11-23;5;116
17;2025-11-23;6;435
17;2025-11-23;7;785
17;2025-11-23;8;1125
17;2025-11-23;9;1666
17;2025-11-23;10;1898
17;2025-11-23;11;2486
17;2025-11-23;12;2961
17;2025-11-23;13;3205
17;2025-11-23;14;3169
17;2025-11-23;15;3084
17;2025-11-23;16;2972
17;2025-11-23;17;2928
17;2025-11-23;18;2572
17;2025-11-23;19;2031
17;2025-11-23;20;1580
17;2025-11-23;21;1084
17;2025-11-23;22;602
17;2025-11-23;23;325
17;2025-11-24;0;125
17;2025-11-24;1;9
17;2025-11-24;2;0
17;2025-11-24;3;0
17;2025-11-24;4;24
17;2025-11-24;5;286
17;2025-11-24;6;1468
17;2025-11-24;7;3846
17;2025-11-24;8;5362
17;2025-11-24;9;3923
17;2025-11-24;10;3259
17;2025-11-24;11;3163
17;2025-11-24;12;3175
17;2025-11-24;13;3348
17;2025-11-24;14;3152
17;2025-11-24;15;3228
17;2025-11-24;16;3592
17;2025-11-24;17;4365
17;2025-11-24;18;4659
17;2025-11-24;19;3197
17;2025-11-24;20;2379
17;2025-11-24;21;1363
17;2025-11-24;22;585
17;2025-11-24;23;339
17;2025-11-25;0;114
17;2025-11-25;1;3
17;2025-11-25;2;0
17;2025-11-25;3;0
17;2025-11-25;4;24
17;2025-11-25;5;337
17;2025-11-25;6;1521
17;2025-11-25;7;3873
17;2025-11-25;8;4919
17;2025-11-25;9;3914
17;2025-11-25;10;3197
17;2025-11-25;11;3042
17;2025-11-25;12;3018
17;2025-11-25;13;3185
17;2025-11-25;14;3322
17;2025-11-25;15;3415
17;2025-11-25;16;3594
17;2025-11-25;17;4643
17;2025-11-25;18;4843
17;2025-11-25;19;3443
17;2025-11-25;20;2198
17;2025-11-25;21;1508
17;2025-11-25;22;676
17;2025-11-25;23;392
17;2025-11-26;0;125
17;2025-11-26;1;3
17;2025-11-26;2;0
17;2025-11-26;3;0
17;2025-11-26;4;27
17;2025-11-26;5;278
17;2025-11-26;6;1454
17;2025-11-26;7;3901
17;2025-11-26;8;5188
17;2025-11-26;9;3837
17;2025-11-26;10;3273
17;2025-11-26;11;3358
17;2025-11-26;12;3409
17;2025-11-26;13;3348
17;2025-11-26;14;3682
17;2025-11-26;15;3478
17;2025-11-26;16;3818
17;2025-11-26;17;4473
17;2025-11-26;18;4533
17;2025-11-26;19;3160
17;2025-11-26;20;2187
17;2025-11-26;21;1444
17;2025-11-26;22;735
17;2025-11-26;23;389
17;2025-11-27;0;114
17;2025-11-27;1;3
17;2025-11-27;2;0
17;2025-11-27;3;0
17;2025-11-27;4;27
17;2025-11-27;5;295
17;2025-11-27;6;1493
17;2025-11-27;7;3902
17;2025-11-27;8;5037
17;2025-11-27;9;3972
17;2025-11-27;10;3174
17;2025-11-27;11;3269
17;2025-11-27;12;3376
17;2025-11-27;13;3374
17;2025-11-27;14;3382
17;2025-11-27;15;3194
17;2025-11-27;16;3835
17;2025-11-27;17;4386
17;2025-11-27;18;4289
17;2025-11-27;19;3241
17;2025-11-27;20;2450
17;2025-11-27;21;1494
17;2025-11-27;22;746
17;2025-11-27;23;418
17;2025-11-28;0;155
17;2025-11-28;1;17
17;2025-11-28;2;0
17;2025-11-28;3;0
17;2025-11-28;4;18
17;2025-11-28;5;301
17;2025-11-28;6;1524
17;2025-11-28;7;3771
17;2025-11-28;8;5079
17;2025-11-28;9;3732
17;2025-11-28;10;2949
17;2025-11-28;11;2905
17;2025-11-28;12;2741
17;2025-11-28;13;2904
17;2025-11-28;14;2754
17;2025-11-28;15;2954
17;2025-11-28;16;3704
17;2025-11-28;17;4425
17;2025-11-28;18;3755
17;2025-11-28;19;2825
17;2025-11-28;20;2192
17;2025-11-28;21;1458
17;2025-11-28;22;659
17;2025-11-28;23;466
17;2025-11-29;0;204
17;2025-11-29;1;15
17;2025-11-29;2;0
17;2025-11-29;3;0
17;2025-11-29;4;7
17;2025-11-29;5;151
17;2025-11-29;6;581
17;2025-11-29;7;1242
17;2025-11-29;8;1747
17;2025-11-29;9;2174
17;2025-11-29;10;2469
17;2025-11-29;11;2931
17;2025-11-29;12;3246
17;2025-11-29;13;3534
17;2025-11-29;14;3378
17;2025-11-29;15;3379
17;2025-11-29;16;3508
17;2025-11-29;17;3013
17;2025-11-29;18;2464
17;2025-11-29;19;2146
17;2025-11-29;20;1784
17;2025-11-29;21;1212
17;2025-11-29;22;657
17;2025-11-29;23;419
17;2025-11-30;0;158
17;2025-11-30;1;14
17;2025-11-30;2;0
17;2025-11-30;3;0
17;2025-11-30;4;3
17;2025-11-30;5;116
17;2025-11-30;6;436
17;2025-11-30;7;784
17;2025-11-30;8;1124
17;2025-11-30;9;1666
17;2025-11-30;10;1899
17;2025-11-30;11;2486
17;2025-11-30;12;2960
17;2025-11-30;13;3205
17;2025-11-30;14;3169
17;2025-11-30;15;3084
17;2025-11-30;16;2972
17;2025-11-30;17;2927
17;2025-11-30;18;2572
17;2025-11-30;19;2031
17;2025-11-30;20;1582
17;2025-11-30;21;1084
17;2025-11-30;22;602
17;2025-11-30;23;325
17;2025-12-01;0;124
17;2025-12-01;1;8
17;2025-12-01;2;0
17;2025-12-01;3;0
17;2025-12-01;4;24
17;2025-12-01;5;286
17;2025-12-01;6;1469
17;2025-12-01;7;3845
17;2025-12-01;8;5361
17;2025-12-01;9;3923
17;2025-12-01;10;3260
17;2025-12-01;11;3163
17;2025-12-01;12;3175
17;2025-12-01;13;3348
17;2025-12-01;14;3152
17;2025-12-01;15;3228
17;2025-12-01;16;3591
17;2025-12-01;17;4365
17;2025-12-01;18;4660
17;2025-12-01;19;3196
17;2025-12-01;20;2381
17;2025-12-01;21;1364
17;2025-12-01;22;584
17;2025-12-01;23;339
17;2025-12-02;0;112
17;2025-12-02;1;2
17;2025-12-02;2;0
17;2025-12-02;3;0
17;2025-12-02;4;24
17;2025-12-02;5;337
17;2025-12-02;6;1521
17;2025-12-02;7;3873
17;2025-12-02;8;4919
17;2025-12-02;9;3914
17;2025-12-02;10;3198
17;2025-12-02;11;3042
17;2025-12-02;12;3018
17;2025-12-02;13;3186
17;2025-12-02;14;3322
17;2025-12-02;15;3416
17;2025-12-02;16;3593
17;2025-12-02;17;4643
17;2025-12-02;18;4843
17;2025-12-02;19;3443
17;2025-12-02;20;2199
17;2025-12-02;21;1509
17;2025-12-02;22;676
17;2025-12-02;23;392
17;2025-12-03;0;124
17;2025-12-03;1;2
17;2025-12-03;2;0
17;2025-12-03;3;0
17;2025-12-03;4;27
17;2025-12-03;5;278
17;2025-12-03;6;1455
17;2025-12-03;7;3901
17;2025-12-03;8;5187
17;2025-12-03;9;3838
17;2025-12-03;10;3275
17;2025-12-03;11;3359
17;2025-12-03;12;3409
17;2025-12-03;13;3349
17;2025-12-03;14;3682
17;2025-12-03;15;3479
17;2025-12-03;16;3818
17;2025-12-03;17;4473
17;2025-12-03;18;4534
17;2025-12-03;19;3160
17;2025-12-03;20;2189
17;2025-12-03;21;1445
17;2025-12-03;22;735
17;2025-12-03;23;389
17;2025-12-04;0;113
17;2025-12-04;1;2
17;2025-12-04;2;0
17;2025-12-04;3;0
17;2025-12-04;4;26
17;2025-12-04;5;295
17;2025-12-04;6;1494
17;2025-12-04;7;3902
17;2025-12-04;8;5037
17;2025-12-04;9;3972
17;2025-12-04;10;3175
17;2025-12-04;11;3270
17;2025-12-04;12;3376
17;2025-12-04;13;3375
17;2025-12-04;14;3383
17;2025-12-04;15;3194
17;2025-12-04;16;3835
17;2025-12-04;17;4386
17;2025-12-04;18;4290
17;2025-12-04;19;3241
17;2025-12-04;20;2452
17;2025-12-04;21;1495
17;2025-12-04;22;747
17;2025-12-04;23;418
17;2025-12-05;0;154
17;2025-12-05;1;16
17;2025-12-05;2;0
17;2025-12-05;3;0
17;2025-12-05;4;18
17;2025-12-05;5;301
17;2025-12-05;6;1525
17;2025-12-05;7;3771
17;2025-12-05;8;5078
17;2025-12-05;9;3733
17;2025-12-05;10;2951
17;2025-12-05;11;2906
17;2025-12-05;12;2741
17;2025-12-05;13;2905
17;2025-12-05;14;2754
17;2025-12-05;15;2954
17;2025-12-05;16;3704
17;2025-12-05;17;4426
17;2025-12-05;18;3756
17;2025-12-05;19;2825
17;2025-12-05;20;2194
17;2025-12-05;21;1459
17;2025-12-05;22;659
17;2025-12-05;23;466
17;2025-12-06;0;203
17;2025-12-06;1;14
17;2025-12-06;2;0
17;2025-12-06;3;0
17;2025-12-06;4;7
17;2025-12-06;5;151
17;2025-12-06;6;582
17;2025-12-06;7;1242
17;2025-12-06;8;1747
17;2025-12-06;9;2173
17;2025-12-06;10;2469
17;2025-12-06;11;2930
17;2025-12-06;12;3245
17;2025-12-06;13;3534
17;2025-12-06;14;3378
17;2025-12-06;15;3379
17;2025-12-06;16;3508
17;2025-12-06;17;3012
17;2025-12-06;18;2465
17;2025-12-06;19;2146
17;2025-12-06;20;1786
17;2025-12-06;21;1212
17;2025-12-06;22;657
17;2025-12-06;23;419
17;2025-12-07;0;157
17;2025-12-07;1;14
17;2025-12-07;2;0
17;2025-12-07;3;0
17;2025-12-07;4;2
17;2025-12-07;5;116
17;2025-12-07;6;436
17;2025-12-07;7;784
17;2025-12-07;8;1123
17;2025-12-07;9;1666
17;2025-12-07;10;1900
17;2025-12-07;11;2485
17;2025-12-07;12;2960
17;2025-12-07;13;3205
17;2025-12-07;14;3169
17;2025-12-07;15;3084
17;2025-12-07;16;2971
17;2025-12-07;17;2927
17;2025-12-07;18;2573
17;2025-12-07;19;2030
17;2025-12-07;20;1583
17;2025-12-07;21;1085
17;2025-12-07;22;602
17;2025-12-07;23;325
17;2025-12-08;0;122
17;2025-12-08;1;7
17;2025-12-08;2;0
17;2025-12-08;3;0
17;2025-12-08;4;24
17;2025-12-08;5;286
17;2025-12-08;6;1470
17;2025-12-08;7;3845
17;2025-12-08;8;5360
17;2025-12-08;9;3923
17;2025-12-08;10;3261
17;2025-12-08;11;3164
17;2025-12-08;12;3175
17;2025-12-08;13;3348
17;2025-12-08;14;3152
17;2025-12-08;15;3228
17;2025-12-08;16;3590
17;2025-12-08;17;4365
17;2025-12-08;18;4661
17;2025-12-08;19;3196
17;2025-12-08;20;2383
17;2025-12-08;21;1365
17;2025-12-08;22;584
17;2025-12-08;23;339
17;2025-12-09;0;111
17;2025-12-09;1;1
17;2025-12-09;2;0
17;2025-12-09;3;0
17;2025-12-09;4;24
17;2025-12-09;5;337
17;2025-12-09;6;1522
17;2025-12-09;7;3873
17;2025-12-09;8;4918
17;2025-12-09;9;3914
17;2025-12-09;10;3199
17;2025-12-09;11;3043
17;2025-12-09;12;3018
17;2025-12-09;13;3186
17;2025-12-09;14;3323
17;2025-12-09;15;3416
17;2025-12-09;16;3593
17;2025-12-09;17;4643
17;2025-12-09;18;4844
17;2025-12-09;19;3443
17;2025-12-09;20;2201
17;2025-12-09;21;1510
17;2025-12-09;22;676
17;2025-12-09;23;392
17;2025-12-10;0;123
17;2025-12-10;1;1
17;2025-12-10;2;0
17;2025-12-10;3;0
17;2025-12-10;4;27
17;2025-12-10;5;279
17;2025-12-10;6;1456
17;2025-12-10;7;3901
17;2025-12-10;8;5186
17;2025-12-10;9;3838
17;2025-12-10;10;3276
17;2025-12-10;11;3359
17;2025-12-10;12;3409
17;2025-12-10;13;3350
17;2025-12-10;14;3683
17;2025-12-10;15;3479
17;2025-12-10;16;3818
17;2025-12-10;17;4473
17;2025-12-10;18;4535
17;2025-12-10;19;3160
17;2025-12-10;20;2191
17;2025-12-10;21;1445
17;2025-12-10;22;735
17;2025-12-10;23;389
17;2025-12-11;0;112
17;2025-12-11;1;2
17;2025-12-11;2;0
17;2025-12-11;3;0
17;2025-12-11;4;26
17;2025-12-11;5;295
17;2025-12-11;6;1494
17;2025-12-11;7;3902
17;2025-12-11;8;5036
17;2025-12-11;9;3973
17;2025-12-11;10;3177
17;2025-12-11;11;3271
17;2025-12-11;12;3376
17;2025-12-11;13;3376
17;2025-12-11;14;3384
17;2025-12-11;15;3195
17;2025-12-11;16;3835
17;2025-12-11;17;4386
17;2025-12-11;18;4291
17;2025-12-11;19;3241
17;2025-12-11;20;2454
17;2025-12-11;21;1496
17;2025-12-11;22;747
17;2025-12-11;23;418
17;2025-12-12;0;153
17;2025-12-12;1;15
17;2025-12-12;2;0
17;2025-12-12;3;0
17;2025-12-12;4;18
17;2025-12-12;5;301
17;2025-12-12;6;1526
17;2025-12-12;7;3771
17;2025-12-12;8;5077
17;2025-12-12;9;3733
17;2025-12-12;10;2952
17;2025-12-12;11;2907
17;2025-12-12;12;2741
17;2025-12-12;13;2907
17;2025-12-12;14;2755
17;2025-12-12;15;2955
17;2025-12-12;16;3704
17;2025-12-12;17;4426
17;2025-12-12;18;3757
17;2025-12-12;19;2825
17;2025-12-12;20;2196
17;2025-12-12;21;1461
17;2025-12-12;22;659
17;2025-12-12;23;466
17;2025-12-13;0;201
17;2025-12-13;1;13
17;2025-12-13;2;0
17;2025-12-13;3;0
17;2025-12-13;4;7
17;2025-12-13;5;151
17;2025-12-13;6;583
17;2025-12-13;7;1242
17;2025-12-13;8;1746
17;2025-12-13;9;2173
17;2025-12-13;10;2470
17;2025-12-13;11;2930
17;2025-12-13;12;3245
17;2025-12-13;13;3535
17;2025-12-13;14;3378
17;2025-12-13;15;3379
17;2025-12-13;16;3507
17;2025-12-13;17;3012
17;2025-12-13;18;2466
17;2025-12-13;19;2145
17;2025-12-13;20;1787
17;2025-12-13;21;1213
17;2025-12-13;22;656
17;2025-12-13;23;419
17;2025-12-14;0;155
17;2025-12-14;1;13
17;2025-12-14;2;0
17;2025-12-14;3;0
17;2025-12-14;4;2
17;2025-12-14;5;116
17;2025-12-14;6;437
17;2025-12-14;7;784
17;2025-12-14;8;1123
17;2025-12-14;9;1666
17;2025-12-14;10;1901
17;2025-12-14;11;2485
17;2025-12-14;12;2959
17;2025-12-14;13;3205
17;2025-12-14;14;3169
17;2025-12-14;15;3083
17;2025-12-14;16;2971
17;2025-12-14;17;2926
17;2025-12-14;18;2574
17;2025-12-14;19;2030
17;2025-12-14;20;1585
17;2025-12-14;21;1086
17;2025-12-14;22;601
17;2025-12-14;23;325
17;2025-12-15;0;121
17;2025-12-15;1;6
17;2025-12-15;2;0
17;2025-12-15;3;0
17;2025-12-15;4;24
17;2025-12-15;5;286
17;2025-12-15;6;1470
17;2025-12-15;7;3845
17;2025-12-15;8;5359
17;2025-12-15;9;3923
17;2025-12-15;10;3262
17;2025-12-15;11;3164
17;2025-12-15;12;3174
17;2025-12-15;13;3349
17;2025-12-15;14;3152
17;2025-12-15;15;3228
17;2025-12-15;16;3590
17;2025-12-15;17;4364
17;2025-12-15;18;4662
17;2025-12-15;19;3196
17;2025-12-15;20;2384
17;2025-12-15;21;1365
17;2025-12-15;22;584
17;2025-12-15;23;339
17;2025-12-16;0;110
17;2025-12-16;1;0
17;2025-12-16;2;0
17;2025-12-16;3;0
17;2025-12-16;4;24
17;2025-12-16;5;337
17;2025-12-16;6;1523
17;2025-12-16;7;3873
17;2025-12-16;8;4917
17;2025-12-16;9;3914
17;2025-12-16;10;3200
17;2025-12-16;11;3043
17;2025-12-16;12;3018
17;2025-12-16;13;3187
17;2025-12-16;14;3323
17;2025-12-16;15;3416
17;2025-12-16;16;3593
17;2025-12-16;17;4643
17;2025-12-16;18;4845
17;2025-12-16;19;3442
17;2025-12-16;20;2203
17;2025-12-16;21;1510
17;2025-12-16;22;676
17;2025-12-16;23;392
17;2025-12-17;0;122
17;2025-12-17;1;0
17;2025-12-17;2;0
17;2025-12-17;3;0
17;2025-12-17;4;27
17;2025-12-17;5;279
17;2025-12-17;6;1457
17;2025-12-17;7;3900
17;2025-12-17;8;5186
17;2025-12-17;9;3838
17;2025-12-17;10;3278
17;2025-12-17;11;3359
17;2025-12-17;12;3409
17;2025-12-17;13;3350
17;2025-12-17;14;3683
17;2025-12-17;15;3479
17;2025-12-17;16;3818
17;2025-12-17;17;4473
17;2025-12-17;18;4536
17;2025-12-17;19;3160
17;2025-12-17;20;2193
17;2025-12-17;21;1446
17;2025-12-17;22;735
17;2025-12-17;23;389
17;2025-12-18;0;110
17;2025-12-18;1;1
17;2025-12-18;2;0
17;2025-12-18;3;0
17;2025-12-18;4;25
17;2025-12-18;5;295
17;2025-12-18;6;1495
17;2025-12-18;7;3901
17;2025-12-18;8;5035
17;2025-12-18;9;3973
17;2025-12-18;10;3179
17;2025-12-18;11;3271
17;2025-12-18;12;3376
17;2025-12-18;13;3377
17;2025-12-18;14;3384
17;2025-12-18;15;3195
17;2025-12-18;16;3835
17;2025-12-18;17;4387
17;2025-12-18;18;4293
17;2025-12-18;19;3241
17;2025-12-18;20;2456
17;2025-12-18;21;1497
17;2025-12-18;22;747
17;2025-12-18;23;418
17;2025-12-19;0;152
17;2025-12-19;1;14
17;2025-12-19;2;0
17;2025-12-19;3;0
17;2025-12-19;4;17
17;2025-12-19;5;301
17;2025-12-19;6;1526
17;2025-12-19;7;3770
17;2025-12-19;8;5076
17;2025-12-19;9;3734
17;2025-12-19;10;2954
17;2025-12-19;11;2907
17;2025-12-19;12;2741
17;2025-12-19;13;2908
17;2025-12-19;14;2756
17;2025-12-19;15;2955
17;2025-12-19;16;3704
17;2025-12-19;17;4426
17;2025-12-19;18;3758
17;2025-12-19;19;2825
17;2025-12-19;20;2199
17;2025-12-19;21;1462
17;2025-12-19;22;660
17;2025-12-19;23;466
17;2025-12-20;0;200
17;2025-12-20;1;12
17;2025-12-20;2;0
17;2025-12-20;3;0
17;2025-12-20;4;7
17;2025-12-20;5;151
17;2025-12-20;6;584
17;2025-12-20;7;1241
17;2025-12-20;8;1745
17;2025-12-20;9;2173
17;2025-12-20;10;2471
17;2025-12-20;11;2930
17;2025-12-20;12;3244
17;2025-12-20;13;3535
17;2025-12-20;14;3378
17;2025-12-20;15;3379
17;2025-12-20;16;3507
17;2025-12-20;17;3011
17;2025-12-20;18;2467
17;2025-12-20;19;2145
17;2025-12-20;20;1789
17;2025-12-20;21;1213
17;2025-12-20;22;656
17;2025-12-20;23;420
17;2025-12-21;0;154
17;2025-12-21;1;12
17;2025-12-21;2;0
17;2025-12-21;3;0
17;2025-12-21;4;2
17;2025-12-21;5;116
17;2025-12-21;6;438
17;2025-12-21;7;783
17;2025-12-21;8;1122
17;2025-12-21;9;1666
17;2025-12-21;10;1901
17;2025-12-21;11;2485
17;2025-12-21;12;2959
17;2025-12-21;13;3205
17;2025-12-21;14;3170
17;2025-12-21;15;3083
17;2025-12-21;16;2970
17;2025-12-21;17;2926
17;2025-12-21;18;2575
17;2025-12-21;19;2029
17;2025-12-21;20;1587
17;2025-12-21;21;1086
17;2025-12-21;22;601
17;2025-12-21;23;325
17;2025-12-22;0;120
17;2025-12-22;1;5
17;2025-12-22;2;0
17;2025-12-22;3;0
17;2025-12-22;4;24
17;2025-12-22;5;286
17;2025-12-22;6;1471
17;2025-12-22;7;3844
17;2025-12-22;8;5358
17;2025-12-22;9;3923
17;2025-12-22;10;3263
17;2025-12-22;11;3164
17;2025-12-22;12;3174
17;2025-12-22;13;3349
17;2025-12-22;14;3152
17;2025-12-22;15;3228
17;2025-12-22;16;3589
17;2025-12-22;17;4364
17;2025-12-22;18;4663
17;2025-12-22;19;3196
17;2025-12-22;20;2386
17;2025-12-22;21;1366
17;2025-12-22;22;584
17;2025-12-22;23;339
17;2025-12-23;0;109
17;2025-12-23;1;0
17;2025-12-23;2;0
17;2025-12-23;3;0
17;2025-12-23;4;24
17;2025-12-23;5;337
17;2025-12-23;6;1524
17;2025-12-23;7;3872
17;2025-12-23;8;4916
17;2025-12-23;9;3914
17;2025-12-23;10;3200
17;2025-12-23;11;3043
17;2025-12-23;12;3018
17;2025-12-23;13;3188
17;2025-12-23;14;3323
17;2025-12-23;15;3416
17;2025-12-23;16;3592
17;2025-12-23;17;4643
17;2025-12-23;18;4846
17;2025-12-23;19;3442
17;2025-12-23;20;2205
17;2025-12-23;21;1511
17;2025-12-23;22;675
17;2025-12-23;23;392
17;2025-12-24;0;121
17;2025-12-24;1;0
17;2025-12-24;2;0
17;2025-12-24;3;0
17;2025-12-24;4;27
17;2025-12-24;5;279
17;2025-12-24;6;1457
17;2025-12-24;7;3900
17;2025-12-24;8;5185
17;2025-12-24;9;3839
17;2025-12-24;10;3279
17;2025-12-24;11;3360
17;2025-12-24;12;3409
17;2025-12-24;13;3351
17;2025-12-24;14;3684
17;2025-12-24;15;3479
17;2025-12-24;16;3817
17;2025-12-24;17;4473
17;2025-12-24;18;4537
17;2025-12-24;19;3159
17;2025-12-24;20;2195
17;2025-12-24;21;1447
17;2025-12-24;22;735
17;2025-12-24;23;389
17;2025-12-25;0;109
17;2025-12-25;1;0
17;2025-12-25;2;0
17;2025-12-25;3;0
17;2025-12-25;4;25
17;2025-12-25;5;295
17;2025-12-25;6;1496
17;2025-12-25;7;3901
17;2025-12-25;8;5034
17;2025-12-25;9;3974
17;2025-12-25;10;3180
17;2025-12-25;11;3272
17;2025-12-25;12;3376
17;2025-12-25;13;3378
17;2025-12-25;14;3385
17;2025-12-25;15;3195
17;2025-12-25;16;3835
17;2025-12-25;17;4387
17;2025-12-25;18;4294
17;2025-12-25;19;3241
17;2025-12-25;20;2458
17;2025-12-25;21;1498
17;2025-12-25;22;748
17;2025-12-25;23;418
17;2025-12-26;0;151
17;2025-12-26;1;13
17;2025-12-26;2;0
17;2025-12-26;3;0
17;2025-12-26;4;17
17;2025-12-26;5;301
17;2025-12-26;6;1527
17;2025-12-26;7;3770
17;2025-12-26;8;5075
17;2025-12-26;9;3735
17;2025-12-26;10;2955
17;2025-12-26;11;2908
17;2025-12-26;12;2741
17;2025-12-26;13;2909
17;2025-12-26;14;2757
17;2025-12-26;15;2955
17;2025-12-26;16;3704
17;2025-12-26;17;4426
17;2025-12-26;18;3759
17;2025-12-26;19;2825
17;2025-12-26;20;2201
17;2025-12-26;21;1463
17;2025-12-26;22;660
17;2025-12-26;23;467
17;2025-12-27;0;199
17;2025-12-27;1;11
17;2025-12-27;2;0
17;2025-12-27;3;0
17;2025-12-27;4;7
17;2025-12-27;5;150
17;2025-12-27;6;585
17;2025-12-27;7;1241
17;2025-12-27;8;1744
17;2025-12-27;9;2173
17;2025-12-27;10;2472
17;2025-12-27;11;2929
17;2025-12-27;12;3244
17;2025-12-27;13;3535
17;2025-12-27;14;3379
17;2025-12-27;15;3379
17;2025-12-27;16;3506
17;2025-12-27;17;3011
17;2025-12-27;18;2468
17;2025-12-27;19;2145
17;2025-12-27;20;1791
17;2025-12-27;21;1214
17;2025-12-27;22;656
17;2025-12-27;23;420
17;2025-12-28;0;153
17;2025-12-28;1;12
17;2025-12-28;2;0
17;2025-12-28;3;0
17;2025-12-28;4;1
17;2025-12-28;5;117
17;2025-12-28;6;439
17;2025-12-28;7;783
17;2025-12-28;8;1121
17;2025-12-28;9;1666
17;2025-12-28;10;1902
17;2025-12-28;11;2484
17;2025-12-28;12;2958
17;2025-12-28;13;3206
17;2025-12-28;14;3170
17;2025-12-28;15;3082
17;2025-12-28;16;2970
17;2025-12-28;17;2925
17;2025-12-28;18;2576
17;2025-12-28;19;2029
17;2025-12-28;20;1588
17;2025-12-28;21;1087
17;2025-12-28;22;601
17;2025-12-28;23;325
17;2025-12-29;0;119
17;2025-12-29;1;4
17;2025-12-29;2;0
17;2025-12-29;3;0
17;2025-12-29;4;24
17;2025-12-29;5;286
17;2025-12-29;6;1472
17;2025-12-29;7;3844
17;2025-12-29;8;5358
17;2025-12-29;9;3923
17;2025-12-29;10;3264
17;2025-12-29;11;3164
17;2025-12-29;12;3173
17;2025-12-29;13;3349
17;2025-12-29;14;3152
17;2025-12-29;15;3228
17;2025-12-29;16;3589
17;2025-12-29;17;4363
17;2025-12-29;18;4664
17;2025-12-29;19;3195
17;2025-12-29;20;2388
17;2025-12-29;21;1366
17;2025-12-29;22;584
17;2025-12-29;23;339
17;2025-12-30;0;108
17;2025-12-30;1;0
17;2025-12-30;2;0
17;2025-12-30;3;0
17;2025-12-30;4;23
17;2025-12-30;5;337
17;2025-12-30;6;1525
17;2025-12-30;7;3872
17;2025-12-30;8;4915
17;2025-12-30;9;3914
17;2025-12-30;10;3201
17;2025-12-30;11;3043
17;2025-12-30;12;3018
17;2025-12-30;13;3188
17;2025-12-30;14;3324
17;2025-12-30;15;3416
17;2025-12-30;16;3592
17;2025-12-30;17;4643
17;2025-12-30;18;4847
17;2025-12-30;19;3442
17;2025-12-30;20;2206
17;2025-12-30;21;1511
17;2025-12-30;22;675
17;2025-12-30;23;392
17;2025-12-31;0;119
17;2025-12-31;1;0
17;2025-12-31;2;0
17;2025-12-31;3;0
17;2025-12-31;4;27
17;2025-12-31;5;279
17;2025-12-31;6;1458
17;2025-12-31;7;3900
17;2025-12-31;8;5184
17;2025-12-31;9;3839
17;2025-12-31;10;3281
17;2025-12-31;11;3360
17;2025-12-31;12;3409
17;2025-12-31;13;3352
17;2025-12-31;14;3684
17;2025-12-31;15;3479
17;2025-12-31;16;3817
17;2025-12-31;17;4473
17;2025-12-31;18;4538
17;2025-12-31;19;3159
17;2025-12-31;20;2197
17;2025-12-31;21;1448
17;2025-12-31;22;735
17;2025-12-31;23;389
25;2025-11-01;0;23
25;2025-11-01;1;0
25;2025-11-01;2;0
25;2025-11-01;3;0
25;2025-11-01;4;0
25;2025-11-01;5;30
25;2025-11-01;6;150
25;2025-11-01;7;134
25;2025-11-01;8;310
25;2025-11-01;9;239
25;2025-11-01;10;254
25;2025-11-01;11;431
25;2025-11-01;12;375
25;2025-11-01;13;612
25;2025-11-01;14;627
25;2025-11-01;15;695
25;2025-11-01;16;601
25;2025-11-01;17;523
25;2025-11-01;18;533
25;2025-11-01;19;511
25;2025-11-01;20;266
25;2025-11-01;21;226
25;2025-11-01;22;121
25;2025-11-01;23;50
25;2025-11-02;0;15
25;2025-11-02;1;1
25;2025-11-02;2;0
25;2025-11-02;3;0
25;2025-11-02;4;0
25;2025-11-02;5;16
25;2025-11-02;6;140
25;2025-11-02;7;107
25;2025-11-02;8;155
25;2025-11-02;9;220
25;2025-11-02;10;221
25;2025-11-02;11;303
25;2025-11-02;12;370
25;2025-11-02;13;448
25;2025-11-02;14;462
25;2025-11-02;15;556
25;2025-11-02;16;515
25;2025-11-02;17;517
25;2025-11-02;18;420
25;2025-11-02;19;304
25;2025-11-02;20;249
25;2025-11-02;21;157
25;2025-11-02;22;98
25;2025-11-02;23;29
25;2025-11-03;0;7
25;2025-11-03;1;0
25;2025-11-03;2;0
25;2025-11-03;3;0
25;2025-11-03;4;0
25;2025-11-03;5;25
25;2025-11-03;6;283
25;2025-11-03;7;500
25;2025-11-03;8;798
25;2025-11-03;9;521
25;2025-11-03;10;358
25;2025-11-03;11;360
25;2025-11-03;12;500
25;2025-11-03;13;619
25;2025-11-03;14;488
25;2025-11-03;15;518
25;2025-11-03;16;631
25;2025-11-03;17;721
25;2025-11-03;18;645
25;2025-11-03;19;594
25;2025-11-03;20;372
25;2025-11-03;21;230
25;2025-11-03;22;77
25;2025-11-03;23;5
25;2025-11-04;0;0
25;2025-11-04;1;0
25;2025-11-04;2;0
25;2025-11-04;3;0
25;2025-11-04;4;0
25;2025-11-04;5;26
25;2025-11-04;6;280
25;2025-11-04;7;564
25;2025-11-04;8;934
25;2025-11-04;9;439
25;2025-11-04;10;351
25;2025-11-04;11;500
25;2025-11-04;12;397
25;2025-11-04;13;443
25;2025-11-04;14;473
25;2025-11-04;15;573
25;2025-11-04;16;715
25;2025-11-04;17;694
25;2025-11-04;18;704
25;2025-11-04;19;560
25;2025-11-04;20;295
25;2025-11-04;21;208
25;2025-11-04;22;70
25;2025-11-04;23;0
25;2025-11-05;0;0
25;2025-11-05;1;0
25;2025-11-05;2;0
25;2025-11-05;3;0
25;2025-11-05;4;0
25;2025-11-05;5;32
25;2025-11-05;6;293
25;2025-11-05;7;489
25;2025-11-05;8;849
25;2025-11-05;9;464
25;2025-11-05;10;378
25;2025-11-05;11;517
25;2025-11-05;12;516
25;2025-11-05;13;637
25;2025-11-05;14;145
25;2025-11-05;15;549
25;2025-11-05;16;671
25;2025-11-05;17;1009
25;2025-11-05;18;1103
25;2025-11-05;19;697
25;2025-11-05;20;373
25;2025-11-05;21;352
25;2025-11-05;22;127
25;2025-11-05;23;17
25;2025-11-06;0;3
25;2025-11-06;1;0
25;2025-11-06;2;0
25;2025-11-06;3;0
25;2025-11-06;4;0
25;2025-11-06;5;33
25;2025-11-06;6;280
25;2025-11-06;7;527
25;2025-11-06;8;731
25;2025-11-06;9;507
25;2025-11-06;10;456
25;2025-11-06;11;457
25;2025-11-06;12;422
25;2025-11-06;13;515
25;2025-11-06;14;523
25;2025-11-06;15;631
25;2025-11-06;16;701
25;2025-11-06;17;779
25;2025-11-06;18;838
25;2025-11-06;19;714
25;2025-11-06;20;254
25;2025-11-06;21;200
25;2025-11-06;22;75
25;2025-11-06;23;4
25;2025-11-07;0;0
25;2025-11-07;1;0
25;2025-11-07;2;0
25;2025-11-07;3;0
25;2025-11-07;4;0
25;2025-11-07;5;16
25;2025-11-07;6;247
25;2025-11-07;7;534
25;2025-11-07;8;801
25;2025-11-07;9;435
25;2025-11-07;10;330
25;2025-11-07;11;434
25;2025-11-07;12;382
25;2025-11-07;13;484
25;2025-11-07;14;410
25;2025-11-07;15;465
25;2025-11-07;16;687
25;2025-11-07;17;658
25;2025-11-07;18;705
25;2025-11-07;19;554
25;2025-11-07;20;317
25;2025-11-07;21;136
25;2025-11-07;22;95
25;2025-11-07;23;24
25;2025-11-08;0;22
25;2025-11-08;1;0
25;2025-11-08;2;0
25;2025-11-08;3;0
25;2025-11-08;4;0
25;2025-11-08;5;30
25;2025-11-08;6;151
25;2025-11-08;7;133
25;2025-11-08;8;309
25;2025-11-08;9;238
25;2025-11-08;10;254
25;2025-11-08;11;430
25;2025-11-08;12;374
25;2025-11-08;13;612
25;2025-11-08;14;627
25;2025-11-08;15;695
25;2025-11-08;16;600
25;2025-11-08;17;523
25;2025-11-08;18;534
25;2025-11-08;19;510
25;2025-11-08;20;267
25;2025-11-08;21;226
25;2025-11-08;22;121
25;2025-11-08;23;50
25;2025-11-09;0;14
25;2025-11-09;1;1
25;2025-11-09;2;0
25;2025-11-09;3;0
25;2025-11-09;4;0
25;2025-11-09;5;16
25;2025-11-09;6;141
25;2025-11-09;7;106
25;2025-11-09;8;154
25;2025-11-09;9;220
25;2025-11-09;10;222
25;2025-11-09;11;302
25;2025-11-09;12;370
25;2025-11-09;13;448
25;2025-11-09;14;462
25;2025-11-09;15;555
25;2025-11-09;16;514
25;2025-11-09;17;517
25;2025-11-09;18;421
25;2025-11-09;19;303
25;2025-11-09;20;250
25;2025-11-09;21;157
25;2025-11-09;22;98
25;2025-11-09;23;29
25;2025-11-10;0;6
25;2025-11-10;1;0
25;2025-11-10;2;0
25;2025-11-10;3;0
25;2025-11-10;4;0
25;2025-11-10;5;25
25;2025-11-10;6;284
25;2025-11-10;7;499
25;2025-11-10;8;797
25;2025-11-10;9;521
25;2025-11-10;10;359
25;2025-11-10;11;360
25;2025-11-10;12;499
25;2025-11-10;13;620
25;2025-11-10;14;488
25;2025-11-10;15;518
25;2025-11-10;16;631
25;2025-11-10;17;720
25;2025-11-10;18;646
25;2025-11-10;19;593
25;2025-11-10;20;374
25;2025-11-10;21;230
25;2025-11-10;22;77
25;2025-11-10;23;5
25;2025-11-11;0;0
25;2025-11-11;1;0
25;2025-11-11;2;0
25;2025-11-11;3;0
25;2025-11-11;4;0
25;2025-11-11;5;26
25;2025-11-11;6;281
25;2025-11-11;7;564
25;2025-11-11;8;933
25;2025-11-11;9;439
25;2025-11-11;10;352
25;2025-11-11;11;501
25;2025-11-11;12;397
25;2025-11-11;13;443
25;2025-11-11;14;474
25;2025-11-11;15;573
25;2025-11-11;16;714
25;2025-11-11;17;694
25;2025-11-11;18;705
25;2025-11-11;19;560
25;2025-11-11;20;296
25;2025-11-11;21;208
25;2025-11-11;22;70
25;2025-11-11;23;0
25;2025-11-12;0;0
25;2025-11-12;1;0
25;2025-11-12;2;0
25;2025-11-12;3;0
25;2025-11-12;4;0
25;2025-11-12;5;32
25;2025-11-12;6;294
25;2025-11-12;7;489
25;2025-11-12;8;848
25;2025-11-12;9;465
25;2025-11-12;10;379
25;2025-11-12;11;518
25;2025-11-12;12;516
25;2025-11-12;13;638
25;2025-11-12;14;146
25;2025-11-12;15;549
25;2025-11-12;16;671
25;2025-11-12;17;1009
25;2025-11-12;18;1104
25;2025-11-12;19;697
25;2025-11-12;20;375
25;2025-11-12;21;353
25;2025-11-12;22;127
25;2025-11-12;23;17
25;2025-11-13;0;2
25;2025-11-13;1;0
25;2025-11-13;2;0
25;2025-11-13;3;0
25;2025-11-13;4;0
25;2025-11-13;5;33
25;2025-11-13;6;280
25;2025-11-13;7;526
25;2025-11-13;8;730
25;2025-11-13;9;508
25;2025-11-13;10;457
25;2025-11-13;11;457
25;2025-11-13;12;422
25;2025-11-13;13;516
25;2025-11-13;14;523
25;2025-11-13;15;632
25;2025-11-13;16;701
25;2025-11-13;17;779
25;2025-11-13;18;839
25;2025-11-13;19;714
25;2025-11-13;20;256
25;2025-11-13;21;201
25;2025-11-13;22;76
25;2025-11-13;23;4
25;2025-11-14;0;0
25;2025-11-14;1;0
25;2025-11-14;2;0
25;2025-11-14;3;0
25;2025-11-14;4;0
25;2025-11-14;5;16
25;2025-11-14;6;248
25;2025-11-14;7;534
25;2025-11-14;8;800
25;2025-11-14;9;435
25;2025-11-14;10;331
25;2025-11-14;11;435
25;2025-11-14;12;382
25;2025-11-14;13;486
25;2025-11-14;14;410
25;2025-11-14;15;466
25;2025-11-14;16;687
25;2025-11-14;17;658
25;2025-11-14;18;706
25;2025-11-14;19;554
25;2025-11-14;20;319
25;2025-11-14;21;137
25;2025-11-14;22;96
25;2025-11-14;23;24
25;2025-11-15;0;20
25;2025-11-15;1;0
25;2025-11-15;2;0
25;2025-11-15;3;0
25;2025-11-15;4;0
25;2025-11-15;5;29
25;2025-11-15;6;152
25;2025-11-15;7;133
25;2025-11-15;8;308
25;2025-11-15;9;238
25;2025-11-15;10;255
25;2025-11-15;11;430
25;2025-11-15;12;374
25;2025-11-15;13;613
25;2025-11-15;14;628
25;2025-11-15;15;695
25;2025-11-15;16;600
25;2025-11-15;17;522
25;2025-11-15;18;535
25;2025-11-15;19;510
25;2025-11-15;20;269
25;2025-11-15;21;227
25;2025-11-15;22;120
25;2025-11-15;23;50
25;2025-11-16;0;13
25;2025-11-16;1;0
25;2025-11-16;2;0
25;2025-11-16;3;0
25;2025-11-16;4;0
25;2025-11-16;5;16
25;2025-11-16;6;142
25;2025-11-16;7;106
25;2025-11-16;8;153
25;2025-11-16;9;220
25;2025-11-16;10;222
25;2025-11-16;11;302
25;2025-11-16;12;369
25;2025-11-16;13;449
25;2025-11-16;14;462
25;2025-11-16;15;555
25;2025-11-16;16;514
25;2025-11-16;17;516
25;2025-11-16;18;422
25;2025-11-16;19;303
25;2025-11-16;20;252
25;2025-11-16;21;158
25;2025-11-16;22;97
25;2025-11-16;23;29
25;2025-11-17;0;5
25;2025-11-17;1;0
25;2025-11-17;2;0
25;2025-11-17;3;0
25;2025-11-17;4;0
25;2025-11-17;5;25
25;2025-11-17;6;284
25;2025-11-17;7;499
25;2025-11-17;8;797
25;2025-11-17;9;521
25;2025-11-17;10;360
25;2025-11-17;11;360
25;2025-11-17;12;499
25;2025-11-17;13;620
25;2025-11-17;14;488
25;2025-11-17;15;518
25;2025-11-17;16;630
25;2025-11-17;17;720
25;2025-11-17;18;647
25;2025-11-17;19;593
25;2025-11-17;20;375
25;2025-11-17;21;231
25;2025-11-17;22;77
25;2025-11-17;23;5
25;2025-11-18;0;0
25;2025-11-18;1;0
25;2025-11-18;2;0
25;2025-11-18;3;0
25;2025-11-18;4;0
25;2025-11-18;5;26
25;2025-11-18;6;282
25;2025-11-18;7;563
25;2025-11-18;8;932
25;2025-11-18;9;439
25;2025-11-18;10;353
25;2025-11-18;11;501
25;2025-11-18;12;397
25;2025-11-18;13;444
25;2025-11-18;14;474
25;2025-11-18;15;573
25;2025-11-18;16;714
25;2025-11-18;17;694
25;2025-11-18;18;706
25;2025-11-18;19;559
25;2025-11-18;20;298
25;2025-11-18;21;209
25;2025-11-18;22;69
25;2025-11-18;23;0
25;2025-11-19;0;0
25;2025-11-19;1;0
25;2025-11-19;2;0
25;2025-11-19;3;0
25;2025-11-19;4;0
25;2025-11-19;5;32
25;2025-11-19;6;294
25;2025-11-19;7;488
25;2025-11-19;8;848
25;2025-11-19;9;465
25;2025-11-19;10;381
25;2025-11-19;11;518
25;2025-11-19;12;516
25;2025-11-19;13;638
25;2025-11-19;14;146
25;2025-11-19;15;549
25;2025-11-19;16;671
25;2025-11-19;17;1009
25;2025-11-19;18;1105
25;2025-11-19;19;696
25;2025-11-19;20;377
25;2025-11-19;21;354
25;2025-11-19;22;127
25;2025-11-19;23;17
25;2025-11-20;0;0
25;2025-11-20;1;0
25;2025-11-20;2;0
25;2025-11-20;3;0
25;2025-11-20;4;0
25;2025-11-20;5;33
25;2025-11-20;6;281
25;2025-11-20;7;526
25;2025-11-20;8;729
25;2025-11-20;9;508
25;2025-11-20;10;459
25;2025-11-20;11;458
25;2025-11-20;12;422
25;2025-11-20;13;517
25;2025-11-20;14;524
25;2025-11-20;15;632
25;2025-11-20;16;701
25;2025-11-20;17;779
25;2025-11-20;18;841
25;2025-11-20;19;714
25;2025-11-20;20;258
25;2025-11-20;21;202
25;2025-11-20;22;76
25;2025-11-20;23;4
25;2025-11-21;0;0
25;2025-11-21;1;0
25;2025-11-21;2;0
25;2025-11-21;3;0
25;2025-11-21;4;0
25;2025-11-21;5;16
25;2025-11-21;6;248
25;2025-11-21;7;533
25;2025-11-21;8;800
25;2025-11-21;9;436
25;2025-11-21;10;333
25;2025-11-21;11;435
25;2025-11-21;12;382
25;2025-11-21;13;487
25;2025-11-21;14;411
25;2025-11-21;15;466
25;2025-11-21;16;687
25;2025-11-21;17;658
25;2025-11-21;18;707
25;2025-11-21;19;554
25;2025-11-21;20;322
25;2025-11-21;21;138
25;2025-11-21;22;96
25;2025-11-21;23;24
25;2025-11-22;0;19
25;2025-11-22;1;0
25;2025-11-22;2;0
25;2025-11-22;3;0
25;2025-11-22;4;0
25;2025-11-22;5;29
25;2025-11-22;6;152
25;2025-11-22;7;133
25;2025-11-22;8;307
25;2025-11-22;9;238
25;2025-11-22;10;256
25;2025-11-22;11;430
25;2025-11-22;12;373
25;2025-11-22;13;613
25;2025-11-22;14;628
25;2025-11-22;15;695
25;2025-11-22;16;599
25;2025-11-22;17;522
25;2025-11-22;18;536
25;2025-11-22;19;509
25;2025-11-22;20;271
25;2025-11-22;21;227
25;2025-11-22;22;120
25;2025-11-22;23;50
25;2025-11-23;0;12
25;2025-11-23;1;0
25;2025-11-23;2;0
25;2025-11-23;3;0
25;2025-11-23;4;0
25;2025-11-23;5;16
25;2025-11-23;6;143
25;2025-11-23;7;106
25;2025-11-23;8;152
25;2025-11-23;9;219
25;2025-11-23;10;223
25;2025-11-23;11;302
25;2025-11-23;12;369
25;2025-11-23;13;449
25;2025-11-23;14;462
25;2025-11-23;15;554
25;2025-11-23;16;513
25;2025-11-23;17;516
25;2025-11-23;18;423
25;2025-11-23;19;302
25;2025-11-23;20;254
25;2025-11-23;21;159
25;2025-11-23;22;97
25;2025-11-23;23;29
25;2025-11-24;0;4
25;2025-11-24;1;0
25;2025-11-24;2;0
25;2025-11-24;3;0
25;2025-11-24;4;0
25;2025-11-24;5;25
25;2025-11-24;6;285
25;2025-11-24;7;499
25;2025-11-24;8;796
25;2025-11-24;9;521
25;2025-11-24;10;361
25;2025-11-24;11;360
25;2025-11-24;12;498
25;2025-11-24;13;621
25;2025-11-24;14;489
25;2025-11-24;15;517
25;2025-11-24;16;630
25;2025-11-24;17;719
25;2025-11-24;18;648
25;2025-11-24;19;593
25;2025-11-24;20;377
25;2025-11-24;21;231
25;2025-11-24;22;77
25;2025-11-24;23;5
25;2025-11-25;0;0
25;2025-11-25;1;0
25;2025-11-25;2;0
25;2025-11-25;3;0
25;2025-11-25;4;0
25;2025-11-25;5;26
25;2025-11-25;6;283
25;2025-11-25;7;563
25;2025-11-25;8;931
25;2025-11-25;9;440
25;2025-11-25;10;354
25;2025-11-25;11;501
25;2025-11-25;12;396
25;2025-11-25;13;444
25;2025-11-25;14;474
25;2025-11-25;15;573
25;2025-11-25;16;714
25;2025-11-25;17;693
25;2025-11-25;18;707
25;2025-11-25;19;559
25;2025-11-25;20;300
25;2025-11-25;21;209
25;2025-11-25;22;69
25;2025-11-25;23;0
25;2025-11-26;0;0
25;2025-11-26;1;0
25;2025-11-26;2;0
25;2025-11-26;3;0
25;2025-11-26;4;0
25;2025-11-26;5;32
25;2025-11-26;6;295
25;2025-11-26;7;488
25;2025-11-26;8;847
25;2025-11-26;9;465
25;2025-11-26;10;382
25;2025-11-26;11;518
25;2025-11-26;12;516
25;2025-11-26;13;639
25;2025-11-26;14;147
25;2025-11-26;15;549
25;2025-11-26;16;671
25;2025-11-26;17;1009
25;2025-11-26;18;1107
25;2025-11-26;19;696
25;2025-11-26;20;379
25;2025-11-26;21;355
25;2025-11-26;22;127
25;2025-11-26;23;17
25;2025-11-27;0;0
25;2025-11-27;1;0
25;2025-11-27;2;0
25;2025-11-27;3;0
25;2025-11-27;4;0
25;2025-11-27;5;33
25;2025-11-27;6;282
25;2025-11-27;7;526
25;2025-11-27;8;728
25;2025-11-27;9;509
25;2025-11-27;10;461
25;2025-11-27;11;458
25;2025-11-27;12;423
25;2025-11-27;13;518
25;2025-11-27;14;524
25;2025-11-27;15;632
25;2025-11-27;16;701
25;2025-11-27;17;779
25;2025-11-27;18;842
25;2025-11-27;19;714
25;2025-11-27;20;261
25;2025-11-27;21;204
25;2025-11-27;22;76
25;2025-11-27;23;4
25;2025-11-28;0;0
25;2025-11-28;1;0
25;2025-11-28;2;0
25;2025-11-28;3;0
25;2025-11-28;4;0
25;2025-11-28;5;16
25;2025-11-28;6;249
25;2025-11-28;7;533
25;2025-11-28;8;799
25;2025-11-28;9;436
25;2025-11-28;10;334
25;2025-11-28;11;436
25;2025-11-28;12;383
25;2025-11-28;13;488
25;2025-11-28;14;412
25;2025-11-28;15;466
25;2025-11-28;16;688
25;2025-11-28;17;658
25;2025-11-28;18;708
25;2025-11-28;19;553
25;2025-11-28;20;324
25;2025-11-28;21;139
25;2025-11-28;22;97
25;2025-11-28;23;24
25;2025-11-29;0;18
25;2025-11-29;1;0
25;2025-11-29;2;0
25;2025-11-29;3;0
25;2025-11-29;4;0
25;2025-11-29;5;29
25;2025-11-29;6;153
25;2025-11-29;7;132
25;2025-11-29;8;306
25;2025-11-29;9;238
25;2025-11-29;10;257
25;2025-11-29;11;430
25;2025-11-29;12;373
25;2025-11-29;13;613
25;2025-11-29;14;628
25;2025-11-29;15;695
25;2025-11-29;16;599
25;2025-11-29;17;521
25;2025-11-29;18;537
25;2025-11-29;19;509
25;2025-11-29;20;272
25;2025-11-29;21;228
25;2025-11-29;22;120
25;2025-11-29;23;50
25;2025-11-30;0;11
25;2025-11-30;1;0
25;2025-11-30;2;0
25;2025-11-30;3;0
25;2025-11-30;4;0
25;2025-11-30;5;16
25;2025-11-30;6;144
25;2025-11-30;7;105
25;2025-11-30;8;151
25;2025-11-30;9;219
25;2025-11-30;10;224
25;2025-11-30;11;302
25;2025-11-30;12;368
25;2025-11-30;13;449
25;2025-11-30;14;462
25;2025-11-30;15;554
25;2025-11-30;16;513
25;2025-11-30;17;515
25;2025-11-30;18;423
25;2025-11-30;19;302
25;2025-11-30;20;256
25;2025-11-30;21;159
25;2025-11-30;22;97
25;2025-11-30;23;29
25;2025-12-01;0;3
25;2025-12-01;1;0
25;2025-12-01;2;0
25;2025-12-01;3;0
25;2025-12-01;4;0
25;2025-12-01;5;25
25;2025-12-01;6;286
25;2025-12-01;7;498
25;2025-12-01;8;795
25;2025-12-01;9;521
25;2025-12-01;10;362
25;2025-12-01;11;360
25;2025-12-01;12;498
25;2025-12-01;13;621
25;2025-12-01;14;489
25;2025-12-01;15;517
25;2025-12-01;16;629
25;2025-12-01;17;719
25;2025-12-01;18;649
25;2025-12-01;19;592
25;2025-12-01;20;379
25;2025-12-01;21;232
25;2025-12-01;22;76
25;2025-12-01;23;5
25;2025-12-02;0;0
25;2025-12-02;1;0
25;2025-12-02;2;0
25;2025-12-02;3;0
25;2025-12-02;4;0
25;2025-12-02;5;26
25;2025-12-02;6;283
25;2025-12-02;7;563
25;2025-12-02;8;931
25;2025-12-02;9;440
25;2025-12-02;10;355
25;2025-12-02;11;501
25;2025-12-02;12;396
25;2025-12-02;13;445
25;2025-12-02;14;474
25;2025-12-02;15;574
25;2025-12-02;16;713
25;2025-12-02;17;693
25;2025-12-02;18;707
25;2025-12-02;19;559
25;2025-12-02;20;301
25;2025-12-02;21;210
25;2025-12-02;22;69
25;2025-12-02;23;0
25;2025-12-03;0;0
25;2025-12-03;1;0
25;2025-12-03;2;0
25;2025-12-03;3;0
25;2025-12-03;4;0
25;2025-12-03;5;32
25;2025-12-03;6;296
25;2025-12-03;7;488
25;2025-12-03;8;846
25;2025-12-03;9;466
25;2025-12-03;10;384
25;2025-12-03;11;519
25;2025-12-03;12;516
25;2025-12-03;13;640
25;2025-12-03;14;147
25;2025-12-03;15;550
25;2025-12-03;16;671
25;2025-12-03;17;1009
25;2025-12-03;18;1108
25;2025-12-03;19;696
25;2025-12-03;20;381
25;2025-12-03;21;356
25;2025-12-03;22;127
25;2025-12-03;23;17
25;2025-12-04;0;0
25;2025-12-04;1;0
25;2025-12-04;2;0
25;2025-12-04;3;0
25;2025-12-04;4;0
25;2025-12-04;5;33
25;2025-12-04;6;283
25;2025-12-04;7;525
25;2025-12-04;8;728
25;2025-12-04;9;509
25;2025-12-04;10;462
25;2025-12-04;11;459
25;2025-12-04;12;423
25;2025-12-04;13;519
25;2025-12-04;14;525
25;2025-12-04;15;632
25;2025-12-04;16;701
25;2025-12-04;17;779
25;2025-12-04;18;843
25;2025-12-04;19;714
25;2025-12-04;20;263
25;2025-12-04;21;205
25;2025-12-04;22;77
25;2025-12-04;23;4
25;2025-12-05;0;0
25;2025-12-05;1;0
25;2025-12-05;2;0
25;2025-12-05;3;0
25;2025-12-05;4;0
25;2025-12-05;5;16
25;2025-12-05;6;250
25;2025-12-05;7;533
25;2025-12-05;8;798
25;2025-12-05;9;437
25;2025-12-05;10;336
25;2025-12-05;11;437
25;2025-12-05;12;383
25;2025-12-05;13;489
25;2025-12-05;14;412
25;2025-12-05;15;466
25;2025-12-05;16;688
25;2025-12-05;17;659
25;2025-12-05;18;709
25;2025-12-05;19;553
25;2025-12-05;20;326
25;2025-12-05;21;140
25;2025-12-05;22;97
25;2025-12-05;23;24
25;2025-12-06;0;17
25;2025-12-06;1;0
25;2025-12-06;2;0
25;2025-12-06;3;0
25;2025-12-06;4;0
25;2025-12-06;5;29
25;2025-12-06;6;154
25;2025-12-06;7;132
25;2025-12-06;8;306
25;2025-12-06;9;237
25;2025-12-06;10;257
25;2025-12-06;11;429
25;2025-12-06;12;372
25;2025-12-06;13;613
25;2025-12-06;14;628
25;2025-12-06;15;695
25;2025-12-06;16;599
25;2025-12-06;17;520
25;2025-12-06;18;538
25;2025-12-06;19;509
25;2025-12-06;20;274
25;2025-12-06;21;228
25;2025-12-06;22;120
25;2025-12-06;23;50
25;2025-12-07;0;10
25;2025-12-07;1;0
25;2025-12-07;2;0
25;2025-12-07;3;0
25;2025-12-07;4;0
25;2025-12-07;5;16
25;2025-12-07;6;144
25;2025-12-07;7;105
25;2025-12-07;8;150
25;2025-12-07;9;219
25;2025-12-07;10;225
25;2025-12-07;11;301
25;2025-12-07;12;368
25;2025-12-07;13;449
25;2025-12-07;14;462
25;2025-12-07;15;554
25;2025-12-07;16;512
25;2025-12-07;17;515
25;2025-12-07;18;424
25;2025-12-07;19;301
25;2025-12-07;20;257
25;2025-12-07;21;160
25;2025-12-07;22;97
25;2025-12-07;23;29
25;2025-12-08;0;1
25;2025-12-08;1;0
25;2025-12-08;2;0
25;2025-12-08;3;0
25;2025-12-08;4;0
25;2025-12-08;5;25
25;2025-12-08;6;287
25;2025-12-08;7;498
25;2025-12-08;8;794
25;2025-12-08;9;521
25;2025-12-08;10;363
25;2025-12-08;11;361
25;2025-12-08;12;498
25;2025-12-08;13;621
25;2025-12-08;14;489
25;2025-12-08;15;517
25;2025-12-08;16;628
25;2025-12-08;17;719
25;2025-12-08;18;650
25;2025-12-08;19;592
25;2025-12-08;20;381
25;2025-12-08;21;233
25;2025-12-08;22;76
25;2025-12-08;23;5
25;2025-12-09;0;0
25;2025-12-09;1;0
25;2025-12-09;2;0
25;2025-12-09;3;0
25;2025-12-09;4;0
25;2025-12-09;5;26
25;2025-12-09;6;284
25;2025-12-09;7;563
25;2025-12-09;8;930
25;2025-12-09;9;440
25;2025-12-09;10;356
25;2025-12-09;11;502
25;2025-12-09;12;396
25;2025-12-09;13;445
25;2025-12-09;14;475
25;2025-12-09;15;574
25;2025-12-09;16;713
25;2025-12-09;17;693
25;2025-12-09;18;708
25;2025-12-09;19;559
25;2025-12-09;20;303
25;2025-12-09;21;211
25;2025-12-09;22;69
25;2025-12-09;23;0
25;2025-12-10;0;0
25;2025-12-10;1;0
25;2025-12-10;2;0
25;2025-12-10;3;0
25;2025-12-10;4;0
25;2025-12-10;5;33
25;2025-12-10;6;297
25;2025-12-10;7;488
25;2025-12-10;8;845
25;2025-12-10;9;466
25;2025-12-10;10;385
25;2025-12-10;11;519
25;2025-12-10;12;516
25;2025-12-10;13;641
25;2025-12-10;14;148
25;2025-12-10;15;550
25;2025-12-10;16;671
25;2025-12-10;17;1009
25;2025-12-10;18;1109
25;2025-12-10;19;696
25;2025-12-10;20;383
25;2025-12-10;21;356
25;2025-12-10;22;127
25;2025-12-10;23;17
25;2025-12-11;0;0
25;2025-12-11;1;0
25;2025-12-11;2;0
25;2025-12-11;3;0
25;2025-12-11;4;0
25;2025-12-11;5;33
25;2025-12-11;6;283
25;2025-12-11;7;525
25;2025-12-11;8;727
25;2025-12-11;9;510
25;2025-12-11;10;464
25;2025-12-11;11;460
25;2025-12-11;12;423
25;2025-12-11;13;520
25;2025-12-11;14;526
25;2025-12-11;15;633
25;2025-12-11;16;701
25;2025-12-11;17;779
25;2025-12-11;18;844
25;2025-12-11;19;714
25;2025-12-11;20;265
25;2025-12-11;21;206
25;2025-12-11;22;77
25;2025-12-11;23;4
25;2025-12-12;0;0
25;2025-12-12;1;0
25;2025-12-12;2;0
25;2025-12-12;3;0
25;2025-12-12;4;0
25;2025-12-12;5;16
25;2025-12-12;6;251
25;2025-12-12;7;533
25;2025-12-12;8;797
25;2025-12-12;9;437
25;2025-12-12;10;337
25;2025-12-12;11;438
25;2025-12-12;12;383
25;2025-12-12;13;491
25;2025-12-12;14;413
25;2025-12-12;15;467
25;2025-12-12;16;688
25;2025-12-12;17;659
25;2025-12-12;18;710
25;2025-12-12;19;553
25;2025-12-12;20;328
25;2025-12-12;21;142
25;2025-12-12;22;97
25;2025-12-12;23;24
25;2025-12-13;0;15
25;2025-12-13;1;0
25;2025-12-13;2;0
25;2025-12-13;3;0
25;2025-12-13;4;0
25;2025-12-13;5;29
25;2025-12-13;6;155
25;2025-12-13;7;132
25;2025-12-13;8;305
25;2025-12-13;9;237
25;2025-12-13;10;258
25;2025-12-13;11;429
25;2025-12-13;12;372
25;2025-12-13;13;614
25;2025-12-13;14;628
25;2025-12-13;15;695
25;2025-12-13;16;598
25;2025-12-13;17;520
25;2025-12-13;18;539
25;2025-12-13;19;508
25;2025-12-13;20;275
25;2025-12-13;21;229
25;2025-12-13;22;119
25;2025-12-13;23;50
25;2025-12-14;0;8
25;2025-12-14;1;0
25;2025-12-14;2;0
25;2025-12-14;3;0
25;2025-12-14;4;0
25;2025-12-14;5;16
25;2025-12-14;6;145
25;2025-12-14;7;105
25;2025-12-14;8;150
25;2025-12-14;9;219
25;2025-12-14;10;226
25;2025-12-14;11;301
25;2025-12-14;12;367
25;2025-12-14;13;449
25;2025-12-14;14;462
25;2025-12-14;15;553
25;2025-12-14;16;512
25;2025-12-14;17;514
25;2025-12-14;18;425
25;2025-12-14;19;301
25;2025-12-14;20;259
25;2025-12-14;21;161
25;2025-12-14;22;96
25;2025-12-14;23;29
25;2025-12-15;0;0
25;2025-12-15;1;0
25;2025-12-15;2;0
25;2025-12-15;3;0
25;2025-12-15;4;0
25;2025-12-15;5;25
25;2025-12-15;6;287
25;2025-12-15;7;498
25;2025-12-15;8;793
25;2025-12-15;9;521
25;2025-12-15;10;364
25;2025-12-15;11;361
25;2025-12-15;12;497
25;2025-12-15;13;622
25;2025-12-15;14;489
25;2025-12-15;15;517
25;2025-12-15;16;628
25;2025-12-15;17;718
25;2025-12-15;18;651
25;2025-12-15;19;592
25;2025-12-15;20;382
25;2025-12-15;21;233
25;2025-12-15;22;76
25;2025-12-15;23;5
25;2025-12-16;0;0
25;2025-12-16;1;0
25;2025-12-16;2;0
25;2025-12-16;3;0
25;2025-12-16;4;0
25;2025-12-16;5;26
25;2025-12-16;6;285
25;2025-12-16;7;563
25;2025-12-16;8;929
25;2025-12-16;9;440
25;2025-12-16;10;357
25;2025-12-16;11;502
25;2025-12-16;12;396
25;2025-12-16;13;446
25;2025-12-16;14;475
25;2025-12-16;15;574
25;2025-12-16;16;713
25;2025-12-16;17;693
25;2025-12-16;18;709
25;2025-12-16;19;558
25;2025-12-16;20;305
25;2025-12-16;21;211
25;2025-12-16;22;69
25;2025-12-16;23;0
25;2025-12-17;0;0
25;2025-12-17;1;0
25;2025-12-17;2;0
25;2025-12-17;3;0
25;2025-12-17;4;0
25;2025-12-17;5;33
25;2025-12-17;6;298
25;2025-12-17;7;487
25;2025-12-17;8;845
25;2025-12-17;9;466
25;2025-12-17;10;387
25;2025-12-17;11;519
25;2025-12-17;12;516
25;2025-12-17;13;641
25;2025-12-17;14;148
25;2025-12-17;15;550
25;2025-12-17;16;671
25;2025-12-17;17;1009
25;2025-12-17;18;1110
25;2025-12-17;19;696
25;2025-12-17;20;385
25;2025-12-17;21;357
25;2025-12-17;22;127
25;2025-12-17;23;17
25;2025-12-18;0;0
25;2025-12-18;1;0
25;2025-12-18;2;0
25;2025-12-18;3;0
25;2025-12-18;4;0
25;2025-12-18;5;33
25;2025-12-18;6;284
25;2025-12-18;7;524
25;2025-12-18;8;726
25;2025-12-18;9;510
25;2025-12-18;10;466
25;2025-12-18;11;460
25;2025-12-18;12;423
25;2025-12-18;13;521
25;2025-12-18;14;526
25;2025-12-18;15;633
25;2025-12-18;16;701
25;2025-12-18;17;780
25;2025-12-18;18;846
25;2025-12-18;19;714
25;2025-12-18;20;267
25;2025-12-18;21;207
25;2025-12-18;22;77
25;2025-12-18;23;4
25;2025-12-19;0;0
25;2025-12-19;1;0
25;2025-12-19;2;0
25;2025-12-19;3;0
25;2025-12-19;4;0
25;2025-12-19;5;16
25;2025-12-19;6;251
25;2025-12-19;7;532
25;2025-12-19;8;796
25;2025-12-19;9;438
25;2025-12-19;10;339
25;2025-12-19;11;438
25;2025-12-19;12;383
25;2025-12-19;13;492
25;2025-12-19;14;414
25;2025-12-19;15;467
25;2025-12-19;16;688
25;2025-12-19;17;659
25;2025-12-19;18;711
25;2025-12-19;19;553
25;2025-12-19;20;331
25;2025-12-19;21;143
25;2025-12-19;22;98
25;2025-12-19;23;24
25;2025-12-20;0;14
25;2025-12-20;1;0
25;2025-12-20;2;0
25;2025-12-20;3;0
25;2025-12-20;4;0
25;2025-12-20;5;29
25;2025-12-20;6;156
25;2025-12-20;7;131
25;2025-12-20;8;304
25;2025-12-20;9;237
25;2025-12-20;10;259
25;2025-12-20;11;429
25;2025-12-20;12;371
25;2025-12-20;13;614
25;2025-12-20;14;628
25;2025-12-20;15;695
25;2025-12-20;16;598
25;2025-12-20;17;519
25;2025-12-20;18;540
25;2025-12-20;19;508
25;2025-12-20;20;277
25;2025-12-20;21;229
25;2025-12-20;22;119
25;2025-12-20;23;51
25;2025-12-21;0;7
25;2025-12-21;1;0
25;2025-12-21;2;0
25;2025-12-21;3;0
25;2025-12-21;4;0
25;2025-12-21;5;16
25;2025-12-21;6;146
25;2025-12-21;7;104
25;2025-12-21;8;149
25;2025-12-21;9;219
25;2025-12-21;10;226
25;2025-12-21;11;301
25;2025-12-21;12;367
25;2025-12-21;13;449
25;2025-12-21;14;463
25;2025-12-21;15;553
25;2025-12-21;16;511
25;2025-12-21;17;514
25;2025-12-21;18;426
25;2025-12-21;19;300
25;2025-12-21;20;261
25;2025-12-21;21;161
25;2025-12-21;22;96
25;2025-12-21;23;29
25;2025-12-22;0;0
25;2025-12-22;1;0
25;2025-12-22;2;0
25;2025-12-22;3;0
25;2025-12-22;4;0
25;2025-12-22;5;25
25;2025-12-22;6;288
25;2025-12-22;7;497
25;2025-12-22;8;792
25;2025-12-22;9;521
25;2025-12-22;10;365
25;2025-12-22;11;361
25;2025-12-22;12;497
25;2025-12-22;13;622
25;2025-12-22;14;489
25;2025-12-22;15;517
25;2025-12-22;16;627
25;2025-12-22;17;718
25;2025-12-22;18;652
25;2025-12-22;19;592
25;2025-12-22;20;384
25;2025-12-22;21;234
25;2025-12-22;22;76
25;2025-12-22;23;5
25;2025-12-23;0;0
25;2025-12-23;1;0
25;2025-12-23;2;0
25;2025-12-23;3;0
25;2025-12-23;4;0
25;2025-12-23;5;26
25;2025-12-23;6;286
25;2025-12-23;7;562
25;2025-12-23;8;928
25;2025-12-23;9;440
25;2025-12-23;10;357
25;2025-12-23;11;502
25;2025-12-23;12;396
25;2025-12-23;13;447
25;2025-12-23;14;475
25;2025-12-23;15;574
25;2025-12-23;16;712
25;2025-12-23;17;693
25;2025-12-23;18;710
25;2025-12-23;19;558
25;2025-12-23;20;307
25;2025-12-23;21;212
25;2025-12-23;22;68
25;2025-12-23;23;0
25;2025-12-24;0;0
25;2025-12-24;1;0
25;2025-12-24;2;0
25;2025-12-24;3;0
25;2025-12-24;4;0
25;2025-12-24;5;33
25;2025-12-24;6;298
25;2025-12-24;7;487
25;2025-12-24;8;844
25;2025-12-24;9;467
25;2025-12-24;10;388
25;2025-12-24;11;520
25;2025-12-24;12;516
25;2025-12-24;13;642
25;2025-12-24;14;149
25;2025-12-24;15;550
25;2025-12-24;16;670
25;2025-12-24;17;1009
25;2025-12-24;18;1111
25;2025-12-24;19;695
25;2025-12-24;20;387
25;2025-12-24;21;358
25;2025-12-24;22;127
25;2025-12-24;23;17
25;2025-12-25;0;0
25;2025-12-25;1;0
25;2025-12-25;2;0
25;2025-12-25;3;0
25;2025-12-25;4;0
25;2025-12-25;5;33
25;2025-12-25;6;285
25;2025-12-25;7;524
25;2025-12-25;8;725
25;2025-12-25;9;511
25;2025-12-25;10;467
25;2025-12-25;11;461
25;2025-12-25;12;423
25;2025-12-25;13;522
25;2025-12-25;14;527
25;2025-12-25;15;633
25;2025-12-25;16;701
25;2025-12-25;17;780
25;2025-12-25;18;847
25;2025-12-25;19;714
25;2025-12-25;20;269
25;2025-12-25;21;208
25;2025-12-25;22;78
25;2025-12-25;23;4
25;2025-12-26;0;0
25;2025-12-26;1;0
25;2025-12-26;2;0
25;2025-12-26;3;0
25;2025-12-26;4;0
25;2025-12-26;5;16
25;2025-12-26;6;252
25;2025-12-26;7;532
25;2025-12-26;8;795
25;2025-12-26;9;439
25;2025-12-26;10;340
25;2025-12-26;11;439
25;2025-12-26;12;383
25;2025-12-26;13;493
25;2025-12-26;14;415
25;2025-12-26;15;467
25;2025-12-26;16;688
25;2025-12-26;17;659
25;2025-12-26;18;712
25;2025-12-26;19;553
25;2025-12-26;20;333
25;2025-12-26;21;144
25;2025-12-26;22;98
25;2025-12-26;23;25
25;2025-12-27;0;13
25;2025-12-27;1;0
25;2025-12-27;2;0
25;2025-12-27;3;0
25;2025-12-27;4;0
25;2025-12-27;5;28
25;2025-12-27;6;157
25;2025-12-27;7;131
25;2025-12-27;8;303
25;2025-12-27;9;237
25;2025-12-27;10;260
25;2025-12-27;11;428
25;2025-12-27;12;371
25;2025-12-27;13;614
25;2025-12-27;14;629
25;2025-12-27;15;695
25;2025-12-27;16;597
25;2025-12-27;17;519
25;2025-12-27;18;541
25;2025-12-27;19;508
25;2025-12-27;20;279
25;2025-12-27;21;230
25;2025-12-27;22;119
25;2025-12-27;23;51
25;2025-12-28;0;6
25;2025-12-28;1;0
25;2025-12-28;2;0
25;2025-12-28;3;0
25;2025-12-28;4;0
25;2025-12-28;5;17
25;2025-12-28;6;147
25;2025-12-28;7;104
25;2025-12-28;8;148
25;2025-12-28;9;219
25;2025-12-28;10;227
25;2025-12-28;11;300
25;2025-12-28;12;366
25;2025-12-28;13;450
25;2025-12-28;14;463
25;2025-12-28;15;552
25;2025-12-28;16;511
25;2025-12-28;17;513
25;2025-12-28;18;427
25;2025-12-28;19;300
25;2025-12-28;20;262
25;2025-12-28;21;162
25;2025-12-28;22;96
25;2025-12-28;23;29
25;2025-12-29;0;0
25;2025-12-29;1;0
25;2025-12-29;2;0
25;2025-12-29;3;0
25;2025-12-29;4;0
25;2025-12-29;5;25
25;2025-12-29;6;289
25;2025-12-29;7;497
25;2025-12-29;8;792
25;2025-12-29;9;521
25;2025-12-29;10;366
25;2025-12-29;11;361
25;2025-12-29;12;496
25;2025-12-29;13;622
25;2025-12-29;14;489
25;2025-12-29;15;517
25;2025-12-29;16;627
25;2025-12-29;17;717
25;2025-12-29;18;653
25;2025-12-29;19;591
25;2025-12-29;20;386
25;2025-12-29;21;234
25;2025-12-29;22;76
25;2025-12-29;23;5
25;2025-12-30;0;0
25;2025-12-30;1;0
25;2025-12-30;2;0
25;2025-12-30;3;0
25;2025-12-30;4;0
25;2025-12-30;5;26
25;2025-12-30;6;287
25;2025-12-30;7;562
25;2025-12-30;8;927
25;2025-12-30;9;440
25;2025-12-30;10;358
25;2025-12-30;11;502
25;2025-12-30;12;396
25;2025-12-30;13;447
25;2025-12-30;14;476
25;2025-12-30;15;574
25;2025-12-30;16;712
25;2025-12-30;17;693
25;2025-12-30;18;711
25;2025-12-30;19;558
25;2025-12-30;20;308
25;2025-12-30;21;212
25;2025-12-30;22;68
25;2025-12-30;23;0
25;2025-12-31;0;0
25;2025-12-31;1;0
25;2025-12-31;2;0
25;2025-12-31;3;0
25;2025-12-31;4;0
25;2025-12-31;5;33
25;2025-12-31;6;299
25;2025-12-31;7;487
25;2025-12-31;8;843
25;2025-12-31;9;467
25;2025-12-31;10;390
25;2025-12-31;11;520
25;2025-12-31;12;516
25;2025-12-31;13;643
25;2025-12-31;14;149
25;2025-12-31;15;550
25;2025-12-31;16;670
25;2025-12-31;17;1009
25;2025-12-31;18;1112
25;2025-12-31;19;695
25;2025-12-31;20;389
25;2025-12-31;21;359
25;2025-12-31;22;127
25;2025-12-31;23;17
26;2025-11-01;0;46
26;2025-11-01;1;0
26;2025-11-01;2;0
26;2025-11-01;3;0
26;2025-11-01;4;1
26;2025-11-01;5;50
26;2025-11-01;6;190
26;2025-11-01;7;340
26;2025-11-01;8;589
26;2025-11-01;9;675
26;2025-11-01;10;877
26;2025-11-01;11;979
26;2025-11-01;12;1101
26;2025-11-01;13;1108
26;2025-11-01;14;1058
26;2025-11-01;15;953
26;2025-11-01;16;1019
26;2025-11-01;17;991
26;2025-11-01;18;818
26;2025-11-01;19;859
26;2025-11-01;20;647
26;2025-11-01;21;407
26;2025-11-01;22;226
26;2025-11-01;23;190
26;2025-11-02;0;54
26;2025-11-02;1;0
26;2025-11-02;2;0
26;2025-11-02;3;0
26;2025-11-02;4;2
26;2025-11-02;5;22
26;2025-11-02;6;144
26;2025-11-02;7;262
26;2025-11-02;8;391
26;2025-11-02;9;509
26;2025-11-02;10;536
26;2025-11-02;11;824
26;2025-11-02;12;831
26;2025-11-02;13;878
26;2025-11-02;14;864
26;2025-11-02;15;801
26;2025-11-02;16;706
26;2025-11-02;17;788
26;2025-11-02;18;622
26;2025-11-02;19;531
26;2025-11-02;20;375
26;2025-11-02;21;276
26;2025-11-02;22;174
26;2025-11-02;23;141
26;2025-11-03;0;21
26;2025-11-03;1;1
26;2025-11-03;2;0
26;2025-11-03;3;0
26;2025-11-03;4;4
26;2025-11-03;5;92
26;2025-11-03;6;481
26;2025-11-03;7;1029
26;2025-11-03;8;2102
26;2025-11-03;9;1404
26;2025-11-03;10;1224
26;2025-11-03;11;1167
26;2025-11-03;12;1186
26;2025-11-03;13;1343
26;2025-11-03;14;1316
26;2025-11-03;15;1386
26;2025-11-03;16;1448
26;2025-11-03;17;1796
26;2025-11-03;18;1767
26;2025-11-03;19;1158
26;2025-11-03;20;830
26;2025-11-03;21;501
26;2025-11-03;22;157
26;2025-11-03;23;86
26;2025-11-04;0;31
26;2025-11-04;1;0
26;2025-11-04;2;0
26;2025-11-04;3;0
26;2025-11-04;4;0
26;2025-11-04;5;80
26;2025-11-04;6;490
26;2025-11-04;7;1023
26;2025-11-04;8;2212
26;2025-11-04;9;1402
26;2025-11-04;10;1321
26;2025-11-04;11;1148
26;2025-11-04;12;1132
26;2025-11-04;13;1245
26;2025-11-04;14;1362
26;2025-11-04;15;1248
26;2025-11-04;16;1383
26;2025-11-04;17;1696
26;2025-11-04;18;1857
26;2025-11-04;19;1244
26;2025-11-04;20;770
26;2025-11-04;21;480
26;2025-11-04;22;185
26;2025-11-04;23;85
26;2025-11-05;0;30
26;2025-11-05;1;0
26;2025-11-05;2;0
26;2025-11-05;3;0
26;2025-11-05;4;3
26;2025-11-05;5;96
26;2025-11-05;6;461
26;2025-11-05;7;1039
26;2025-11-05;8;2232
26;2025-11-05;9;1364
26;2025-11-05;10;1366
26;2025-11-05;11;1143
26;2025-11-05;12;1314
26;2025-11-05;13;1280
26;2025-11-05;14;1463
26;2025-11-05;15;1377
26;2025-11-05;16;1518
26;2025-11-05;17;1679
26;2025-11-05;18;1800
26;2025-11-05;19;1200
26;2025-11-05;20;814
26;2025-11-05;21;560
26;2025-11-05;22;224
26;2025-11-05;23;129
26;2025-11-06;0;51
26;2025-11-06;1;0
26;2025-11-06;2;0
26;2025-11-06;3;0
26;2025-11-06;4;2
26;2025-11-06;5;104
26;2025-11-06;6;472
26;2025-11-06;7;1020
26;2025-11-06;8;2303
26;2025-11-06;9;1516
26;2025-11-06;10;1238
26;2025-11-06;11;1160
26;2025-11-06;12;1253
26;2025-11-06;13;1297
26;2025-11-06;14;1448
26;2025-11-06;15;1413
26;2025-11-06;16;1578
26;2025-11-06;17;1826
26;2025-11-06;18;1825
26;2025-11-06;19;1282
26;2025-11-06;20;679
26;2025-11-06;21;524
26;2025-11-06;22;178
26;2025-11-06;23;153
26;2025-11-07;0;35
26;2025-11-07;1;0
26;2025-11-07;2;0
26;2025-11-07;3;0
26;2025-11-07;4;2
26;2025-11-07;5;70
26;2025-11-07;6;458
26;2025-11-07;7;868
26;2025-11-07;8;2075
26;2025-11-07;9;1295
26;2025-11-07;10;1205
26;2025-11-07;11;970
26;2025-11-07;12;1049
26;2025-11-07;13;971
26;2025-11-07;14;1289
26;2025-11-07;15;1251
26;2025-11-07;16;1633
26;2025-11-07;17;1790
26;2025-11-07;18;1102
26;2025-11-07;19;1047
26;2025-11-07;20;570
26;2025-11-07;21;453
26;2025-11-07;22;194
26;2025-11-07;23;162
26;2025-11-08;0;45
26;2025-11-08;1;0
26;2025-11-08;2;0
26;2025-11-08;3;0
26;2025-11-08;4;1
26;2025-11-08;5;50
26;2025-11-08;6;191
26;2025-11-08;7;339
26;2025-11-08;8;588
26;2025-11-08;9;674
26;2025-11-08;10;877
26;2025-11-08;11;978
26;2025-11-08;12;1100
26;2025-11-08;13;1108
26;2025-11-08;14;1058
26;2025-11-08;15;953
26;2025-11-08;16;1018
26;2025-11-08;17;991
26;2025-11-08;18;819
26;2025-11-08;19;858
26;2025-11-08;20;648
26;2025-11-08;21;407
26;2025-11-08;22;226
26;2025-11-08;23;190
26;2025-11-09;0;53
26;2025-11-09;1;0
26;2025-11-09;2;0
26;2025-11-09;3;0
26;2025-11-09;4;1
26;2025-11-09;5;22
26;2025-11-09;6;145
26;2025-11-09;7;261
26;2025-11-09;8;390
26;2025-11-09;9;509
26;2025-11-09;10;537
26;2025-11-09;11;823
26;2025-11-09;12;831
26;2025-11-09;13;878
26;2025-11-09;14;864
26;2025-11-09;15;800
26;2025-11-09;16;705
26;2025-11-09;17;788
26;2025-11-09;18;623
26;2025-11-09;19;530
26;2025-11-09;20;376
26;2025-11-09;21;276
26;2025-11-09;22;174
26;2025-11-09;23;141
26;2025-11-10;0;20
26;2025-11-10;1;0
26;2025-11-10;2;0
26;2025-11-10;3;0
26;2025-11-10;4;4
26;2025-11-10;5;92
26;2025-11-10;6;482
26;2025-11-10;7;1028
26;2025-11-10;8;2101
26;2025-11-10;9;1404
26;2025-11-10;10;1225
26;2025-11-10;11;1167
26;2025-11-10;12;1185
26;2025-11-10;13;1344
26;2025-11-10;14;1316
26;2025-11-10;15;1386
26;2025-11-10;16;1448
26;2025-11-10;17;1795
26;2025-11-10;18;1768
26;2025-11-10;19;1157
26;2025-11-10;20;832
26;2025-11-10;21;501
26;2025-11-10;22;157
26;2025-11-10;23;86
26;2025-11-11;0;30
26;2025-11-11;1;0
26;2025-11-11;2;0
26;2025-11-11;3;0
26;2025-11-11;4;0
26;2025-11-11;5;80
26;2025-11-11;6;491
26;2025-11-11;7;1023
26;2025-11-11;8;2211
26;2025-11-11;9;1402
26;2025-11-11;10;1322
26;2025-11-11;11;1149
26;2025-11-11;12;1132
26;2025-11-11;13;1245
26;2025-11-11;14;1363
26;2025-11-11;15;1248
26;2025-11-11;16;1382
26;2025-11-11;17;1696
26;2025-11-11;18;1858
26;2025-11-11;19;1244
26;2025-11-11;20;771
26;2025-11-11;21;480
26;2025-11-11;22;185
26;2025-11-11;23;85
26;2025-11-12;0;29
26;2025-11-12;1;0
26;2025-11-12;2;0
26;2025-11-12;3;0
26;2025-11-12;4;3
26;2025-11-12;5;96
26;2025-11-12;6;462
26;2025-11-12;7;1039
26;2025-11-12;8;2231
26;2025-11-12;9;1365
26;2025-11-12;10;1367
26;2025-11-12;11;1144
26;2025-11-12;12;1314
26;2025-11-12;13;1281
26;2025-11-12;14;1464
26;2025-11-12;15;1377
26;2025-11-12;16;1518
26;2025-11-12;17;1679
26;2025-11-12;18;1801
26;2025-11-12;19;1200
26;2025-11-12;20;816
26;2025-11-12;21;561
26;2025-11-12;22;224
26;2025-11-12;23;129
26;2025-11-13;0;50
26;2025-11-13;1;0
26;2025-11-13;2;0
26;2025-11-13;3;0
26;2025-11-13;4;1
26;2025-11-13;5;104
26;2025-11-13;6;472
26;2025-11-13;7;1019
26;2025-11-13;8;2302
26;2025-11-13;9;1517
26;2025-11-13;10;1239
26;2025-11-13;11;1160
26;2025-11-13;12;1253
26;2025-11-13;13;1298
26;2025-11-13;14;1448
26;2025-11-13;15;1414
26;2025-11-13;16;1578
26;2025-11-13;17;1826
26;2025-11-13;18;1826
26;2025-11-13;19;1282
26;2025-11-13;20;681
26;2025-11-13;21;525
26;2025-11-13;22;179
26;2025-11-13;23;153
26;2025-11-14;0;34
26;2025-11-14;1;0
26;2025-11-14;2;0
26;2025-11-14;3;0
26;2025-11-14;4;2
26;2025-11-14;5;70
26;2025-11-14;6;459
26;2025-11-14;7;868
26;2025-11-14;8;2074
26;2025-11-14;9;1295
26;2025-11-14;10;1206
26;2025-11-14;11;971
26;2025-11-14;12;1049
26;2025-11-14;13;973
26;2025-11-14;14;1289
26;2025-11-14;15;1252
26;2025-11-14;16;1633
26;2025-11-14;17;1790
26;2025-11-14;18;1103
26;2025-11-14;19;1047
26;2025-11-14;20;572
26;2025-11-14;21;454
26;2025-11-14;22;195
26;2025-11-14;23;162
26;2025-11-15;0;43
26;2025-11-15;1;0
26;2025-11-15;2;0
26;2025-11-15;3;0
26;2025-11-15;4;1
26;2025-11-15;5;49
26;2025-11-15;6;192
26;2025-11-15;7;339
26;2025-11-15;8;587
26;2025-11-15;9;674
26;2025-11-15;10;878
26;2025-11-15;11;978
26;2025-11-15;12;1100
26;2025-11-15;13;1109
26;2025-11-15;14;1059
26;2025-11-15;15;953
26;2025-11-15;16;1018
26;2025-11-15;17;990
26;2025-11-15;18;820
26;2025-11-15;19;858
26;2025-11-15;20;650
26;2025-11-15;21;408
26;2025-11-15;22;225
26;2025-11-15;23;190
26;2025-11-16;0;52
26;2025-11-16;1;0
26;2025-11-16;2;0
26;2025-11-16;3;0
26;2025-11-16;4;1
26;2025-11-16;5;22
26;2025-11-16;6;146
26;2025-11-16;7;261
26;2025-11-16;8;389
26;2025-11-16;9;509
26;2025-11-16;10;537
26;2025-11-16;11;823
26;2025-11-16;12;830
26;2025-11-16;13;879
26;2025-11-16;14;864
26;2025-11-16;15;800
26;2025-11-16;16;705
26;2025-11-16;17;787
26;2025-11-16;18;624
26;2025-11-16;19;530
26;2025-11-16;20;378
26;2025-11-16;21;277
26;2025-11-16;22;173
26;2025-11-16;23;141
26;2025-11-17;0;19
26;2025-11-17;1;0
26;2025-11-17;2;0
26;2025-11-17;3;0
26;2025-11-17;4;4
26;2025-11-17;5;92
26;2025-11-17;6;482
26;2025-11-17;7;1028
26;2025-11-17;8;2101
26;2025-11-17;9;1404
26;2025-11-17;10;1226
26;2025-11-17;11;1167
26;2025-11-17;12;1185
26;2025-11-17;13;1344
26;2025-11-17;14;1316
26;2025-11-17;15;1386
26;2025-11-17;16;1447
26;2025-11-17;17;1795
26;2025-11-17;18;1769
26;2025-11-17;19;1157
26;2025-11-17;20;833
26;2025-11-17;21;502
26;2025-11-17;22;157
26;2025-11-17;23;86
26;2025-11-18;0;29
26;2025-11-18;1;0
26;2025-11-18;2;0
26;2025-11-18;3;0
26;2025-11-18;4;0
26;2025-11-18;5;80
26;2025-11-18;6;492
26;2025-11-18;7;1022
26;2025-11-18;8;2210
26;2025-11-18;9;1402
26;2025-11-18;10;1323
26;2025-11-18;11;1149
26;2025-11-18;12;1132
26;2025-11-18;13;1246
26;2025-11-18;14;1363
26;2025-11-18;15;1248
26;2025-11-18;16;1382
26;2025-11-18;17;1696
26;2025-11-18;18;1859
26;2025-11-18;19;1243
26;2025-11-18;20;773
26;2025-11-18;21;481
26;2025-11-18;22;184
26;2025-11-18;23;85
26;2025-11-19;0;27
26;2025-11-19;1;0
26;2025-11-19;2;0
26;2025-11-19;3;0
26;2025-11-19;4;3
26;2025-11-19;5;96
26;2025-11-19;6;462
26;2025-11-19;7;1038
26;2025-11-19;8;2231
26;2025-11-19;9;1365
26;2025-11-19;10;1369
26;2025-11-19;11;1144
26;2025-11-19;12;1314
26;2025-11-19;13;1281
26;2025-11-19;14;1464
26;2025-11-19;15;1377
26;2025-11-19;16;1518
26;2025-11-19;17;1679
26;2025-11-19;18;1802
26;2025-11-19;19;1199
26;2025-11-19;20;818
26;2025-11-19;21;562
26;2025-11-19;22;224
26;2025-11-19;23;129
26;2025-11-20;0;48
26;2025-11-20;1;0
26;2025-11-20;2;0
26;2025-11-20;3;0
26;2025-11-20;4;1
26;2025-11-20;5;104
26;2025-11-20;6;473
26;2025-11-20;7;1019
26;2025-11-20;8;2301
26;2025-11-20;9;1517
26;2025-11-20;10;1241
26;2025-11-20;11;1161
26;2025-11-20;12;1253
26;2025-11-20;13;1299
26;2025-11-20;14;1449
26;2025-11-20;15;1414
26;2025-11-20;16;1578
26;2025-11-20;17;1826
26;2025-11-20;18;1828
26;2025-11-20;19;1282
26;2025-11-20;20;683
26;2025-11-20;21;526
26;2025-11-20;22;179
26;2025-11-20;23;153
26;2025-11-21;0;33
26;2025-11-21;1;0
26;2025-11-21;2;0
26;2025-11-21;3;0
26;2025-11-21;4;1
26;2025-11-21;5;70
26;2025-11-21;6;459
26;2025-11-21;7;867
26;2025-11-21;8;2074
26;2025-11-21;9;1296
26;2025-11-21;10;1208
26;2025-11-21;11;971
26;2025-11-21;12;1049
26;2025-11-21;13;974
26;2025-11-21;14;1290
26;2025-11-21;15;1252
26;2025-11-21;16;1633
26;2025-11-21;17;1790
26;2025-11-21;18;1104
26;2025-11-21;19;1047
26;2025-11-21;20;575
26;2025-11-21;21;455
26;2025-11-21;22;195
26;2025-11-21;23;162
26;2025-11-22;0;42
26;2025-11-22;1;0
26;2025-11-22;2;0
26;2025-11-22;3;0
26;2025-11-22;4;1
26;2025-11-22;5;49
26;2025-11-22;6;192
26;2025-11-22;7;339
26;2025-11-22;8;586
26;2025-11-22;9;674
26;2025-11-22;10;879
26;2025-11-22;11;978
26;2025-11-22;12;1099
26;2025-11-22;13;1109
26;2025-11-22;14;1059
26;2025-11-22;15;953
26;2025-11-22;16;1017
26;2025-11-22;17;990
26;2025-11-22;18;821
26;2025-11-22;19;857
26;2025-11-22;20;652
26;2025-11-22;21;408
26;2025-11-22;22;225
26;2025-11-22;23;190
26;2025-11-23;0;51
26;2025-11-23;1;0
26;2025-11-23;2;0
26;2025-11-23;3;0
26;2025-11-23;4;1
26;2025-11-23;5;22
26;2025-11-23;6;147
26;2025-11-23;7;261
26;2025-11-23;8;388
26;2025-11-23;9;508
26;2025-11-23;10;538
26;2025-11-23;11;823
26;2025-11-23;12;830
26;2025-11-23;13;879
26;2025-11-23;14;864
26;2025-11-23;15;799
26;2025-11-23;16;704
26;2025-11-23;17;787
26;2025-11-23;18;625
26;2025-11-23;19;529
26;2025-11-23;20;380
26;2025-11-23;21;278
26;2025-11-23;22;173
26;2025-11-23;23;141
26;2025-11-24;0;18
26;2025-11-24;1;0
26;2025-11-24;2;0
26;2025-11-24;3;0
26;2025-11-24;4;3
26;2025-11-24;5;92
26;2025-11-24;6;483
26;2025-11-24;7;1028
26;2025-11-24;8;2100
26;2025-11-24;9;1404
26;2025-11-24;10;1227
26;2025-11-24;11;1167
26;2025-11-24;12;1184
26;2025-11-24;13;1345
26;2025-11-24;14;1317
26;2025-11-24;15;1385
26;2025-11-24;16;1447
26;2025-11-24;17;1794
26;2025-11-24;18;1770
26;2025-11-24;19;1157
26;2025-11-24;20;835
26;2025-11-24;21;502
26;2025-11-24;22;157
26;2025-11-24;23;86
26;2025-11-25;0;28
26;2025-11-25;1;0
26;2025-11-25;2;0
26;2025-11-25;3;0
26;2025-11-25;4;0
26;2025-11-25;5;80
26;2025-11-25;6;493
26;2025-11-25;7;1022
26;2025-11-25;8;2209
26;2025-11-25;9;1403
26;2025-11-25;10;1324
26;2025-11-25;11;1149
26;2025-11-25;12;1131
26;2025-11-25;13;1246
26;2025-11-25;14;1363
26;2025-11-25;15;1248
26;2025-11-25;16;1382
26;2025-11-25;17;1695
26;2025-11-25;18;1860
26;2025-11-25;19;1243
26;2025-11-25;20;775
26;2025-11-25;21;481
26;2025-11-25;22;184
26;2025-11-25;23;85
26;2025-11-26;0;26
26;2025-11-26;1;0
26;2025-11-26;2;0
26;2025-11-26;3;0
26;2025-11-26;4;3
26;2025-11-26;5;96
26;2025-11-26;6;463
26;2025-11-26;7;1038
26;2025-11-26;8;2230
26;2025-11-26;9;1365
26;2025-11-26;10;1370
26;2025-11-26;11;1144
26;2025-11-26;12;1314
26;2025-11-26;13;1282
26;2025-11-26;14;1465
26;2025-11-26;15;1377
26;2025-11-26;16;1518
26;2025-11-26;17;1679
26;2025-11-26;18;1804
26;2025-11-26;19;1199
26;2025-11-26;20;820
26;2025-11-26;21;563
26;2025-11-26;22;224
26;2025-11-26;23;129
26;2025-11-27;0;47
26;2025-11-27;1;0
26;2025-11-27;2;0
26;2025-11-27;3;0
26;2025-11-27;4;1
26;2025-11-27;5;104
26;2025-11-27;6;474
26;2025-11-27;7;1018
26;2025-11-27;8;2300
26;2025-11-27;9;1518
26;2025-11-27;10;1243
26;2025-11-27;11;1161
26;2025-11-27;12;1254
26;2025-11-27;13;1300
26;2025-11-27;14;1449
26;2025-11-27;15;1414
26;2025-11-27;16;1578
26;2025-11-27;17;1826
26;2025-11-27;18;1829
26;2025-11-27;19;1282
26;2025-11-27;20;686
26;2025-11-27;21;528
26;2025-11-27;22;179
26;2025-11-27;23;153
26;2025-11-28;0;33
26;2025-11-28;1;0
26;2025-11-28;2;0
26;2025-11-28;3;0
26;2025-11-28;4;1
26;2025-11-28;5;70
26;2025-11-28;6;460
26;2025-11-28;7;867
26;2025-11-28;8;2073
26;2025-11-28;9;1296
26;2025-11-28;10;1209
26;2025-11-28;11;972
26;2025-11-28;12;1050
26;2025-11-28;13;975
26;2025-11-28;14;1291
26;2025-11-28;15;1252
26;2025-11-28;16;1634
26;2025-11-28;17;1790
26;2025-11-28;18;1105
26;2025-11-28;19;1046
26;2025-11-28;20;577
26;2025-11-28;21;456
26;2025-11-28;22;196
26;2025-11-28;23;162
26;2025-11-29;0;41
26;2025-11-29;1;0
26;2025-11-29;2;0
26;2025-11-29;3;0
26;2025-11-29;4;1
26;2025-11-29;5;49
26;2025-11-29;6;193
26;2025-11-29;7;338
26;2025-11-29;8;585
26;2025-11-29;9;674
26;2025-11-29;10;880
26;2025-11-29;11;978
26;2025-11-29;12;1099
26;2025-11-29;13;1109
26;2025-11-29;14;1059
26;2025-11-29;15;953
26;2025-11-29;16;1017
26;2025-11-29;17;989
26;2025-11-29;18;822
26;2025-11-29;19;857
26;2025-11-29;20;653
26;2025-11-29;21;409
26;2025-11-29;22;225
26;2025-11-29;23;190
26;2025-11-30;0;50
26;2025-11-30;1;0
26;2025-11-30;2;0
26;2025-11-30;3;0
26;2025-11-30;4;1
26;2025-11-30;5;22
26;2025-11-30;6;148
26;2025-11-30;7;260
26;2025-11-30;8;387
26;2025-11-30;9;508
26;2025-11-30;10;539
26;2025-11-30;11;823
26;2025-11-30;12;829
26;2025-11-30;13;879
26;2025-11-30;14;864
26;2025-11-30;15;799
26;2025-11-30;16;704
26;2025-11-30;17;786
26;2025-11-30;18;625
26;2025-11-30;19;529
26;2025-11-30;20;382
26;2025-11-30;21;278
26;2025-11-30;22;173
26;2025-11-30;23;141
26;2025-12-01;0;17
26;2025-12-01;1;0
26;2025-12-01;2;0
26;2025-12-01;3;0
26;2025-12-01;4;3
26;2025-12-01;5;92
26;2025-12-01;6;484
26;2025-12-01;7;1027
26;2025-12-01;8;2099
26;2025-12-01;9;1404
26;2025-12-01;10;1228
26;2025-12-01;11;1167
26;2025-12-01;12;1184
26;2025-12-01;13;1345
26;2025-12-01;14;1317
26;2025-12-01;15;1385
26;2025-12-01;16;1446
26;2025-12-01;17;1794
26;2025-12-01;18;1771
26;2025-12-01;19;1156
26;2025-12-01;20;837
26;2025-12-01;21;503
26;2025-12-01;22;156
26;2025-12-01;23;86
26;2025-12-02;0;26
26;2025-12-02;1;0
26;2025-12-02;2;0
26;2025-12-02;3;0
26;2025-12-02;4;0
26;2025-12-02;5;80
26;2025-12-02;6;493
26;2025-12-02;7;1022
26;2025-12-02;8;2209
26;2025-12-02;9;1403
26;2025-12-02;10;1325
26;2025-12-02;11;1149
26;2025-12-02;12;1131
26;2025-12-02;13;1247
26;2025-12-02;14;1363
26;2025-12-02;15;1249
26;2025-12-02;16;1381
26;2025-12-02;17;1695
26;2025-12-02;18;1860
26;2025-12-02;19;1243
26;2025-12-02;20;776
26;2025-12-02;21;482
26;2025-12-02;22;184
26;2025-12-02;23;85
26;2025-12-03;0;25
26;2025-12-03;1;0
26;2025-12-03;2;0
26;2025-12-03;3;0
26;2025-12-03;4;3
26;2025-12-03;5;96
26;2025-12-03;6;464
26;2025-12-03;7;1038
26;2025-12-03;8;2229
26;2025-12-03;9;1366
26;2025-12-03;10;1372
26;2025-12-03;11;1145
26;2025-12-03;12;1314
26;2025-12-03;13;1283
26;2025-12-03;14;1465
26;2025-12-03;15;1378
26;2025-12-03;16;1518
26;2025-12-03;17;1679
26;2025-12-03;18;1805
26;2025-12-03;19;1199
26;2025-12-03;20;822
26;2025-12-03;21;564
26;2025-12-03;22;224
26;2025-12-03;23;129
26;2025-12-04;0;46
26;2025-12-04;1;0
26;2025-12-04;2;0
26;2025-12-04;3;0
26;2025-12-04;4;0
26;2025-12-04;5;104
26;2025-12-04;6;475
26;2025-12-04;7;1018
26;2025-12-04;8;2300
26;2025-12-04;9;1518
26;2025-12-04;10;1244
26;2025-12-04;11;1162
26;2025-12-04;12;1254
26;2025-12-04;13;1301
26;2025-12-04;14;1450
26;2025-12-04;15;1414
26;2025-12-04;16;1578
26;2025-12-04;17;1826
26;2025-12-04;18;1830
26;2025-12-04;19;1282
26;2025-12-04;20;688
26;2025-12-04;21;529
26;2025-12-04;22;180
26;2025-12-04;23;153
26;2025-12-05;0;32
26;2025-12-05;1;0
26;2025-12-05;2;0
26;2025-12-05;3;0
26;2025-12-05;4;1
26;2025-12-05;5;70
26;2025-12-05;6;461
26;2025-12-05;7;867
26;2025-12-05;8;2072
26;2025-12-05;9;1297
26;2025-12-05;10;1211
26;2025-12-05;11;973
26;2025-12-05;12;1050
26;2025-12-05;13;976
26;2025-12-05;14;1291
26;2025-12-05;15;1252
26;2025-12-05;16;1634
26;2025-12-05;17;1791
26;2025-12-05;18;1106
26;2025-12-05;19;1046
26;2025-12-05;20;579
26;2025-12-05;21;457
26;2025-12-05;22;196
26;2025-12-05;23;162
26;2025-12-06;0;40
26;2025-12-06;1;0
26;2025-12-06;2;0
26;2025-12-06;3;0
26;2025-12-06;4;1
26;2025-12-06;5;49
26;2025-12-06;6;194
26;2025-12-06;7;338
26;2025-12-06;8;585
26;2025-12-06;9;673
26;2025-12-06;10;880
26;2025-12-06;11;977
26;2025-12-06;12;1098
26;2025-12-06;13;1109
26;2025-12-06;14;1059
26;2025-12-06;15;953
26;2025-12-06;16;1017
26;2025-12-06;17;988
26;2025-12-06;18;823
26;2025-12-06;19;857
26;2025-12-06;20;655
26;2025-12-06;21;409
26;2025-12-06;22;225
26;2025-12-06;23;190
26;2025-12-07;0;49
26;2025-12-07;1;0
26;2025-12-07;2;0
26;2025-12-07;3;0
26;2025-12-07;4;0
26;2025-12-07;5;22
26;2025-12-07;6;148
26;2025-12-07;7;260
26;2025-12-07;8;386
26;2025-12-07;9;508
26;2025-12-07;10;540
26;2025-12-07;11;822
26;2025-12-07;12;829
26;2025-12-07;13;879
26;2025-12-07;14;864
26;2025-12-07;15;799
26;2025-12-07;16;703
26;2025-12-07;17;786
26;2025-12-07;18;626
26;2025-12-07;19;528
26;2025-12-07;20;383
26;2025-12-07;21;279
26;2025-12-07;22;173
26;2025-12-07;23;141
26;2025-12-08;0;15
26;2025-12-08;1;0
26;2025-12-08;2;0
26;2025-12-08;3;0
26;2025-12-08;4;3
26;2025-12-08;5;92
26;2025-12-08;6;485
26;2025-12-08;7;1027
26;2025-12-08;8;2098
26;2025-12-08;9;1404
26;2025-12-08;10;1229
26;2025-12-08;11;1168
26;2025-12-08;12;1184
26;2025-12-08;13;1345
26;2025-12-08;14;1317
26;2025-12-08;15;1385
26;2025-12-08;16;1445
26;2025-12-08;17;1794
26;2025-12-08;18;1772
26;2025-12-08;19;1156
26;2025-12-08;20;839
26;2025-12-08;21;504
26;2025-12-08;22;156
26;2025-12-08;23;86
26;2025-12-09;0;25
26;2025-12-09;1;0
26;2025-12-09;2;0
26;2025-12-09;3;0
26;2025-12-09;4;0
26;2025-12-09;5;80
26;2025-12-09;6;494
26;2025-12-09;7;1022
26;2025-12-09;8;2208
26;2025-12-09;9;1403
26;2025-12-09;10;1326
26;2025-12-09;11;1150
26;2025-12-09;12;1131
26;2025-12-09;13;1247
26;2025-12-09;14;1364
26;2025-12-09;15;1249
26;2025-12-09;16;1381
26;2025-12-09;17;1695
26;2025-12-09;18;1861
26;2025-12-09;19;1243
26;2025-12-09;20;778
26;2025-12-09;21;483
26;2025-12-09;22;184
26;2025-12-09;23;85
26;2025-12-10;0;24
26;2025-12-10;1;0
26;2025-12-10;2;0
26;2025-12-10;3;0
26;2025-12-10;4;3
26;2025-12-10;5;97
26;2025-12-10;6;465
26;2025-12-10;7;1038
26;2025-12-10;8;2228
26;2025-12-10;9;1366
26;2025-12-10;10;1373
26;2025-12-10;11;1145
26;2025-12-10;12;1314
26;2025-12-10;13;1284
26;2025-12-10;14;1466
26;2025-12-10;15;1378
26;2025-12-10;16;1518
26;2025-12-10;17;1679
26;2025-12-10;18;1806
26;2025-12-10;19;1199
26;2025-12-10;20;824
26;2025-12-10;21;564
26;2025-12-10;22;224
26;2025-12-10;23;129
26;2025-12-11;0;45
26;2025-12-11;1;0
26;2025-12-11;2;0
26;2025-12-11;3;0
26;2025-12-11;4;0
26;2025-12-11;5;104
26;2025-12-11;6;475
26;2025-12-11;7;1018
26;2025-12-11;8;2299
26;2025-12-11;9;1519
26;2025-12-11;10;1246
26;2025-12-11;11;1163
26;2025-12-11;12;1254
26;2025-12-11;13;1302
26;2025-12-11;14;1451
26;2025-12-11;15;1415
26;2025-12-11;16;1578
26;2025-12-11;17;1826
26;2025-12-11;18;1831
26;2025-12-11;19;1282
26;2025-12-11;20;690
26;2025-12-11;21;530
26;2025-12-11;22;180
26;2025-12-11;23;153
26;2025-12-12;0;31
26;2025-12-12;1;0
26;2025-12-12;2;0
26;2025-12-12;3;0
26;2025-12-12;4;1
26;2025-12-12;5;70
26;2025-12-12;6;462
26;2025-12-12;7;867
26;2025-12-12;8;2071
26;2025-12-12;9;1297
26;2025-12-12;10;1212
26;2025-12-12;11;974
26;2025-12-12;12;1050
26;2025-12-12;13;978
26;2025-12-12;14;1292
26;2025-12-12;15;1253
26;2025-12-12;16;1634
26;2025-12-12;17;1791
26;2025-12-12;18;1107
26;2025-12-12;19;1046
26;2025-12-12;20;581
26;2025-12-12;21;459
26;2025-12-12;22;196
26;2025-12-12;23;162
26;2025-12-13;0;38
26;2025-12-13;1;0
26;2025-12-13;2;0
26;2025-12-13;3;0
26;2025-12-13;4;1
26;2025-12-13;5;49
26;2025-12-13;6;195
26;2025-12-13;7;338
26;2025-12-13;8;584
26;2025-12-13;9;673
26;2025-12-13;10;881
26;2025-12-13;11;977
26;2025-12-13;12;1098
26;2025-12-13;13;1110
26;2025-12-13;14;1059
26;2025-12-13;15;953
26;2025-12-13;16;1016
26;2025-12-13;17;988
26;2025-12-13;18;824
26;2025-12-13;19;856
26;2025-12-13;20;656
26;2025-12-13;21;410
26;2025-12-13;22;224
26;2025-12-13;23;190
26;2025-12-14;0;47
26;2025-12-14;1;0
26;2025-12-14;2;0
26;2025-12-14;3;0
26;2025-12-14;4;0
26;2025-12-14;5;22
26;2025-12-14;6;149
26;2025-12-14;7;260
26;2025-12-14;8;386
26;2025-12-14;9;508
26;2025-12-14;10;541
26;2025-12-14;11;822
26;2025-12-14;12;828
26;2025-12-14;13;879
26;2025-12-14;14;864
26;2025-12-14;15;798
26;2025-12-14;16;703
26;2025-12-14;17;785
26;2025-12-14;18;627
26;2025-12-14;19;528
26;2025-12-14;20;385
26;2025-12-14;21;280
26;2025-12-14;22;172
26;2025-12-14;23;141
26;2025-12-15;0;14
26;2025-12-15;1;0
26;2025-12-15;2;0
26;2025-12-15;3;0
26;2025-12-15;4;3
26;2025-12-15;5;92
26;2025-12-15;6;485
26;2025-12-15;7;1027
26;2025-12-15;8;2097
26;2025-12-15;9;1404
26;2025-12-15;10;1230
26;2025-12-15;11;1168
26;2025-12-15;12;1183
26;2025-12-15;13;1346
26;2025-12-15;14;1317
26;2025-12-15;15;1385
26;2025-12-15;16;1445
26;2025-12-15;17;1793
26;2025-12-15;18;1773
26;2025-12-15;19;1156
26;2025-12-15;20;840
26;2025-12-15;21;504
26;2025-12-15;22;156
26;2025-12-15;23;86
26;2025-12-16;0;24
26;2025-12-16;1;0
26;2025-12-16;2;0
26;2025-12-16;3;0
26;2025-12-16;4;0
26;2025-12-16;5;80
26;2025-12-16;6;495
26;2025-12-16;7;1022
26;2025-12-16;8;2207
26;2025-12-16;9;1403
26;2025-12-16;10;1327
26;2025-12-16;11;1150
26;2025-12-16;12;1131
26;2025-12-16;13;1248
26;2025-12-16;14;1364
26;2025-12-16;15;1249
26;2025-12-16;16;1381
26;2025-12-16;17;1695
26;2025-12-16;18;1862
26;2025-12-16;19;1242
26;2025-12-16;20;780
26;2025-12-16;21;483
26;2025-12-16;22;184
26;2025-12-16;23;85
26;2025-12-17;0;23
26;2025-12-17;1;0
26;2025-12-17;2;0
26;2025-12-17;3;0
26;2025-12-17;4;3
26;2025-12-17;5;97
26;2025-12-17;6;466
26;2025-12-17;7;1037
26;2025-12-17;8;2228
26;2025-12-17;9;1366
26;2025-12-17;10;1375
26;2025-12-17;11;1145
26;2025-12-17;12;1314
26;2025-12-17;13;1284
26;2025-12-17;14;1466
26;2025-12-17;15;1378
26;2025-12-17;16;1518
26;2025-12-17;17;1679
26;2025-12-17;18;1807
26;2025-12-17;19;1199
26;2025-12-17;20;826
26;2025-12-17;21;565
26;2025-12-17;22;224
26;2025-12-17;23;129
26;2025-12-18;0;43
26;2025-12-18;1;0
26;2025-12-18;2;0
26;2025-12-18;3;0
26;2025-12-18;4;0
26;2025-12-18;5;104
26;2025-12-18;6;476
26;2025-12-18;7;1017
26;2025-12-18;8;2298
26;2025-12-18;9;1519
26;2025-12-18;10;1248
26;2025-12-18;11;1163
26;2025-12-18;12;1254
26;2025-12-18;13;1303
26;2025-12-18;14;1451
26;2025-12-18;15;1415
26;2025-12-18;16;1578
26;2025-12-18;17;1827
26;2025-12-18;18;1833
26;2025-12-18;19;1282
26;2025-12-18;20;692
26;2025-12-18;21;531
26;2025-12-18;22;180
26;2025-12-18;23;153
26;2025-12-19;0;30
26;2025-12-19;1;0
26;2025-12-19;2;0
26;2025-12-19;3;0
26;2025-12-19;4;0
26;2025-12-19;5;70
26;2025-12-19;6;462
26;2025-12-19;7;866
26;2025-12-19;8;2070
26;2025-12-19;9;1298
26;2025-12-19;10;1214
26;2025-12-19;11;974
26;2025-12-19;12;1050
26;2025-12-19;13;979
26;2025-12-19;14;1293
26;2025-12-19;15;1253
26;2025-12-19;16;1634
26;2025-12-19;17;1791
26;2025-12-19;18;1108
26;2025-12-19;19;1046
26;2025-12-19;20;584
26;2025-12-19;21;460
26;2025-12-19;22;197
26;2025-12-19;23;162
26;2025-12-20;0;37
26;2025-12-20;1;0
26;2025-12-20;2;0
26;2025-12-20;3;0
26;2025-12-20;4;1
26;2025-12-20;5;49
26;2025-12-20;6;196
26;2025-12-20;7;337
26;2025-12-20;8;583
26;2025-12-20;9;673
26;2025-12-20;10;882
26;2025-12-20;11;977
26;2025-12-20;12;1097
26;2025-12-20;13;1110
26;2025-12-20;14;1059
26;2025-12-20;15;953
26;2025-12-20;16;1016
26;2025-12-20;17;987
26;2025-12-20;18;825
26;2025-12-20;19;856
26;2025-12-20;20;658
26;2025-12-20;21;410
26;2025-12-20;22;224
26;2025-12-20;23;191
26;2025-12-21;0;46
26;2025-12-21;1;0
26;2025-12-21;2;0
26;2025-12-21;3;0
26;2025-12-21;4;0
26;2025-12-21;5;22
26;2025-12-21;6;150
26;2025-12-21;7;259
26;2025-12-21;8;385
26;2025-12-21;9;508
26;2025-12-21;10;541
26;2025-12-21;11;822
26;2025-12-21;12;828
26;2025-12-21;13;879
26;2025-12-21;14;865
26;2025-12-21;15;798
26;2025-12-21;16;702
26;2025-12-21;17;785
26;2025-12-21;18;628
26;2025-12-21;19;527
26;2025-12-21;20;387
26;2025-12-21;21;280
26;2025-12-21;22;172
26;2025-12-21;23;141
26;2025-12-22;0;13
26;2025-12-22;1;0
26;2025-12-22;2;0
26;2025-12-22;3;0
26;2025-12-22;4;3
26;2025-12-22;5;92
26;2025-12-22;6;486
26;2025-12-22;7;1026
26;2025-12-22;8;2096
26;2025-12-22;9;1404
26;2025-12-22;10;1231
26;2025-12-22;11;1168
26;2025-12-22;12;1183
26;2025-12-22;13;1346
26;2025-12-22;14;1317
26;2025-12-22;15;1385
26;2025-12-22;16;1444
26;2025-12-22;17;1793
26;2025-12-22;18;1774
26;2025-12-22;19;1156
26;2025-12-22;20;842
26;2025-12-22;21;505
26;2025-12-22;22;156
26;2025-12-22;23;86
26;2025-12-23;0;23
26;2025-12-23;1;0
26;2025-12-23;2;0
26;2025-12-23;3;0
26;2025-12-23;4;0
26;2025-12-23;5;80
26;2025-12-23;6;496
26;2025-12-23;7;1021
26;2025-12-23;8;2206
26;2025-12-23;9;1403
26;2025-12-23;10;1327
26;2025-12-23;11;1150
26;2025-12-23;12;1131
26;2025-12-23;13;1249
26;2025-12-23;14;1364
26;2025-12-23;15;1249
26;2025-12-23;16;1380
26;2025-12-23;17;1695
26;2025-12-23;18;1863
26;2025-12-23;19;1242
26;2025-12-23;20;782
26;2025-12-23;21;484
26;2025-12-23;22;183
26;2025-12-23;23;85
26;2025-12-24;0;22
26;2025-12-24;1;0
26;2025-12-24;2;0
26;2025-12-24;3;0
26;2025-12-24;4;3
26;2025-12-24;5;97
26;2025-12-24;6;466
26;2025-12-24;7;1037
26;2025-12-24;8;2227
26;2025-12-24;9;1367
26;2025-12-24;10;1376
26;2025-12-24;11;1146
26;2025-12-24;12;1314
26;2025-12-24;13;1285
26;2025-12-24;14;1467
26;2025-12-24;15;1378
26;2025-12-24;16;1517
26;2025-12-24;17;1679
26;2025-12-24;18;1808
26;2025-12-24;19;1198
26;2025-12-24;20;828
26;2025-12-24;21;566
26;2025-12-24;22;224
26;2025-12-24;23;129
26;2025-12-25;0;42
26;2025-12-25;1;0
26;2025-12-25;2;0
26;2025-12-25;3;0
26;2025-12-25;4;0
26;2025-12-25;5;104
26;2025-12-25;6;477
26;2025-12-25;7;1017
26;2025-12-25;8;2297
26;2025-12-25;9;1520
26;2025-12-25;10;1249
26;2025-12-25;11;1164
26;2025-12-25;12;1254
26;2025-12-25;13;1304
26;2025-12-25;14;1452
26;2025-12-25;15;1415
26;2025-12-25;16;1578
26;2025-12-25;17;1827
26;2025-12-25;18;1834
26;2025-12-25;19;1282
26;2025-12-25;20;694
26;2025-12-25;21;532
26;2025-12-25;22;181
26;2025-12-25;23;153
26;2025-12-26;0;29
26;2025-12-26;1;0
26;2025-12-26;2;0
26;2025-12-26;3;0
26;2025-12-26;4;0
26;2025-12-26;5;70
26;2025-12-26;6;463
26;2025-12-26;7;866
26;2025-12-26;8;2069
26;2025-12-26;9;1299
26;2025-12-26;10;1215
26;2025-12-26;11;975
26;2025-12-26;12;1050
26;2025-12-26;13;980
26;2025-12-26;14;1294
26;2025-12-26;15;1253
26;2025-12-26;16;1634
26;2025-12-26;17;1791
26;2025-12-26;18;1109
26;2025-12-26;19;1046
26;2025-12-26;20;586
26;2025-12-26;21;461
26;2025-12-26;22;197
26;2025-12-26;23;163
26;2025-12-27;0;36
26;2025-12-27;1;0
26;2025-12-27;2;0
26;2025-12-27;3;0
26;2025-12-27;4;1
26;2025-12-27;5;48
26;2025-12-27;6;197
26;2025-12-27;7;337
26;2025-12-27;8;582
26;2025-12-27;9;673
26;2025-12-27;10;883
26;2025-12-27;11;976
26;2025-12-27;12;1097
26;2025-12-27;13;1110
26;2025-12-27;14;1060
26;2025-12-27;15;953
26;2025-12-27;16;1015
26;2025-12-27;17;987
26;2025-12-27;18;826
26;2025-12-27;19;856
26;2025-12-27;20;660
26;2025-12-27;21;411
26;2025-12-27;22;224
26;2025-12-27;23;191
26;2025-12-28;0;45
26;2025-12-28;1;0
26;2025-12-28;2;0
26;2025-12-28;3;0
26;2025-12-28;4;0
26;2025-12-28;5;23
26;2025-12-28;6;151
26;2025-12-28;7;259
26;2025-12-28;8;384
26;2025-12-28;9;508
26;2025-12-28;10;542
26;2025-12-28;11;821
26;2025-12-28;12;827
26;2025-12-28;13;880
26;2025-12-28;14;865
26;2025-12-28;15;797
26;2025-12-28;16;702
26;2025-12-28;17;784
26;2025-12-28;18;629
26;2025-12-28;19;527
26;2025-12-28;20;388
26;2025-12-28;21;281
26;2025-12-28;22;172
26;2025-12-28;23;141
26;2025-12-29;0;12
26;2025-12-29;1;0
26;2025-12-29;2;0
26;2025-12-29;3;0
26;2025-12-29;4;3
26;2025-12-29;5;92
26;2025-12-29;6;487
26;2025-12-29;7;1026
26;2025-12-29;8;2096
26;2025-12-29;9;1404
26;2025-12-29;10;1232
26;2025-12-29;11;1168
26;2025-12-29;12;1182
26;2025-12-29;13;1346
26;2025-12-29;14;1317
26;2025-12-29;15;1385
26;2025-12-29;16;1444
26;2025-12-29;17;1792
26;2025-12-29;18;1775
26;2025-12-29;19;1155
26;2025-12-29;20;844
26;2025-12-29;21;505
26;2025-12-29;22;156
26;2025-12-29;23;86
26;2025-12-30;0;22
26;2025-12-30;1;0
26;2025-12-30;2;0
26;2025-12-30;3;0
26;2025-12-30;4;0
26;2025-12-30;5;80
26;2025-12-30;6;497
26;2025-12-30;7;1021
26;2025-12-30;8;2205
26;2025-12-30;9;1403
26;2025-12-30;10;1328
26;2025-12-30;11;1150
26;2025-12-30;12;1131
26;2025-12-30;13;1249
26;2025-12-30;14;1365
26;2025-12-30;15;1249
26;2025-12-30;16;1380
26;2025-12-30;17;1695
26;2025-12-30;18;1864
26;2025-12-30;19;1242
26;2025-12-30;20;783
26;2025-12-30;21;484
26;2025-12-30;22;183
26;2025-12-30;23;85
26;2025-12-31;0;20
26;2025-12-31;1;0
26;2025-12-31;2;0
26;2025-12-31;3;0
26;2025-12-31;4;3
26;2025-12-31;5;97
26;2025-12-31;6;467
26;2025-12-31;7;1037
26;2025-12-31;8;2226
26;2025-12-31;9;1367
26;2025-12-31;10;1378
26;2025-12-31;11;1146
26;2025-12-31;12;1314
26;2025-12-31;13;1286
26;2025-12-31;14;1467
26;2025-12-31;15;1378
26;2025-12-31;16;1517
26;2025-12-31;17;1679
26;2025-12-31;18;1809
26;2025-12-31;19;1198
26;2025-12-31;20;830
26;2025-12-31;21;567
26;2025-12-31;22;224
26;2025-12-31;23;129
28;2025-11-01;0;5
28;2025-11-01;1;0
28;2025-11-01;2;0
28;2025-11-01;3;0
28;2025-11-01;4;0
28;2025-11-01;5;32
28;2025-11-01;6;105
28;2025-11-01;7;205
28;2025-11-01;8;360
28;2025-11-01;9;414
28;2025-11-01;10;491
28;2025-11-01;11;521
28;2025-11-01;12;615
28;2025-11-01;13;672
28;2025-11-01;14;451
28;2025-11-01;15;603
28;2025-11-01;16;775
28;2025-11-01;17;686
28;2025-11-01;18;551
28;2025-11-01;19;411
28;2025-11-01;20;337
28;2025-11-01;21;313
28;2025-11-01;22;135
28;2025-11-01;23;22
28;2025-11-02;0;6
28;2025-11-02;1;0
28;2025-11-02;2;0
28;2025-11-02;3;0
28;2025-11-02;4;1
28;2025-11-02;5;25
28;2025-11-02;6;69
28;2025-11-02;7;172
28;2025-11-02;8;258
28;2025-11-02;9;318
28;2025-11-02;10;359
28;2025-11-02;11;448
28;2025-11-02;12;462
28;2025-11-02;13;491
28;2025-11-02;14;519
28;2025-11-02;15;479
28;2025-11-02;16;479
28;2025-11-02;17;516
28;2025-11-02;18;492
28;2025-11-02;19;368
28;2025-11-02;20;305
28;2025-11-02;21;241
28;2025-11-02;22;129
28;2025-11-02;23;5
28;2025-11-03;0;0
28;2025-11-03;1;0
28;2025-11-03;2;0
28;2025-11-03;3;0
28;2025-11-03;4;1
28;2025-11-03;5;90
28;2025-11-03;6;254
28;2025-11-03;7;632
28;2025-11-03;8;1210
28;2025-11-03;9;787
28;2025-11-03;10;644
28;2025-11-03;11;534
28;2025-11-03;12;664
28;2025-11-03;13;600
28;2025-11-03;14;588
28;2025-11-03;15;530
28;2025-11-03;16;710
28;2025-11-03;17;1036
28;2025-11-03;18;916
28;2025-11-03;19;754
28;2025-11-03;20;430
28;2025-11-03;21;308
28;2025-11-03;22;121
28;2025-11-03;23;2
28;2025-11-04;0;0
28;2025-11-04;1;0
28;2025-11-04;2;0
28;2025-11-04;3;0
28;2025-11-04;4;0
28;2025-11-04;5;73
28;2025-11-04;6;253
28;2025-11-04;7;714
28;2025-11-04;8;1208
28;2025-11-04;9;849
28;2025-11-04;10;699
28;2025-11-04;11;588
28;2025-11-04;12;658
28;2025-11-04;13;704
28;2025-11-04;14;708
28;2025-11-04;15;711
28;2025-11-04;16;697
28;2025-11-04;17;1093
28;2025-11-04;18;1216
28;2025-11-04;19;605
28;2025-11-04;20;484
28;2025-11-04;21;417
28;2025-11-04;22;149
28;2025-11-04;23;10
28;2025-11-05;0;0
28;2025-11-05;1;0
28;2025-11-05;2;0
28;2025-11-05;3;0
28;2025-11-05;4;1
28;2025-11-05;5;72
28;2025-11-05;6;259
28;2025-11-05;7;732
28;2025-11-05;8;1304
28;2025-11-05;9;881
28;2025-11-05;10;657
28;2025-11-05;11;595
28;2025-11-05;12;799
28;2025-11-05;13;883
28;2025-11-05;14;738
28;2025-11-05;15;684
28;2025-11-05;16;888
28;2025-11-05;17;1022
28;2025-11-05;18;1069
28;2025-11-05;19;740
28;2025-11-05;20;631
28;2025-11-05;21;427
28;2025-11-05;22;109
28;2025-11-05;23;9
28;2025-11-06;0;0
28;2025-11-06;1;0
28;2025-11-06;2;0
28;2025-11-06;3;0
28;2025-11-06;4;2
28;2025-11-06;5;82
28;2025-11-06;6;175
28;2025-11-06;7;658
28;2025-11-06;8;883
28;2025-11-06;9;503
28;2025-11-06;10;409
28;2025-11-06;11;457
28;2025-11-06;12;482
28;2025-11-06;13;722
28;2025-11-06;14;648
28;2025-11-06;15;743
28;2025-11-06;16;801
28;2025-11-06;17;1219
28;2025-11-06;18;1008
28;2025-11-06;19;722
28;2025-11-06;20;485
28;2025-11-06;21;321
28;2025-11-06;22;129
28;2025-11-06;23;9
28;2025-11-07;0;0
28;2025-11-07;1;0
28;2025-11-07;2;0
28;2025-11-07;3;0
28;2025-11-07;4;1
28;2025-11-07;5;80
28;2025-11-07;6;282
28;2025-11-07;7;803
28;2025-11-07;8;1224
28;2025-11-07;9;825
28;2025-11-07;10;659
28;2025-11-07;11;510
28;2025-11-07;12;754
28;2025-11-07;13;719
28;2025-11-07;14;722
28;2025-11-07;15;552
28;2025-11-07;16;833
28;2025-11-07;17;850
28;2025-11-07;18;763
28;2025-11-07;19;599
28;2025-11-07;20;353
28;2025-11-07;21;233
28;2025-11-07;22;89
28;2025-11-07;23;7
28;2025-11-08;0;4
28;2025-11-08;1;0
28;2025-11-08;2;0
28;2025-11-08;3;0
28;2025-11-08;4;0
28;2025-11-08;5;32
28;2025-11-08;6;106
28;2025-11-08;7;204
28;2025-11-08;8;359
28;2025-11-08;9;413
28;2025-11-08;10;491
28;2025-11-08;11;520
28;2025-11-08;12;614
28;2025-11-08;13;672
28;2025-11-08;14;451
28;2025-11-08;15;603
28;2025-11-08;16;774
28;2025-11-08;17;686
28;2025-11-08;18;552
28;2025-11-08;19;410
28;2025-11-08;20;338
28;2025-11-08;21;313
28;2025-11-08;22;135
28;2025-11-08;23;22
28;2025-11-09;0;5
28;2025-11-09;1;0
28;2025-11-09;2;0
28;2025-11-09;3;0
28;2025-11-09;4;0
28;2025-11-09;5;25
28;2025-11-09;6;70
28;2025-11-09;7;171
28;2025-11-09;8;257
28;2025-11-09;9;318
28;2025-11-09;10;360
28;2025-11-09;11;447
28;2025-11-09;12;462
28;2025-11-09;13;491
28;2025-11-09;14;519
28;2025-11-09;15;478
28;2025-11-09;16;478
28;2025-11-09;17;516
28;2025-11-09;18;493
28;2025-11-09;19;367
28;2025-11-09;20;306
28;2025-11-09;21;241
28;2025-11-09;22;129
28;2025-11-09;23;5
28;2025-11-10;0;0
28;2025-11-10;1;0
28;2025-11-10;2;0
28;2025-11-10;3;0
28;2025-11-10;4;1
28;2025-11-10;5;90
28;2025-11-10;6;255
28;2025-11-10;7;631
28;2025-11-10;8;1209
28;2025-11-10;9;787
28;2025-11-10;10;645
28;2025-11-10;11;534
28;2025-11-10;12;663
28;2025-11-10;13;601
28;2025-11-10;14;588
28;2025-11-10;15;530
28;2025-11-10;16;710
28;2025-11-10;17;1035
28;2025-11-10;18;917
28;2025-11-10;19;753
28;2025-11-10;20;432
28;2025-11-10;21;308
28;2025-11-10;22;121
28;2025-11-10;23;2
28;2025-11-11;0;0
28;2025-11-11;1;0
28;2025-11-11;2;0
28;2025-11-11;3;0
28;2025-11-11;4;0
28;2025-11-11;5;73
28;2025-11-11;6;254
28;2025-11-11;7;714
28;2025-11-11;8;1207
28;2025-11-11;9;849
28;2025-11-11;10;700
28;2025-11-11;11;589
28;2025-11-11;12;658
28;2025-11-11;13;704
28;2025-11-11;14;709
28;2025-11-11;15;711
28;2025-11-11;16;696
28;2025-11-11;17;1093
28;2025-11-11;18;1217
28;2025-11-11;19;605
28;2025-11-11;20;485
28;2025-11-11;21;417
28;2025-11-11;22;149
28;2025-11-11;23;10
28;2025-11-12;0;0
28;2025-11-12;1;0
28;2025-11-12;2;0
28;2025-11-12;3;0
28;2025-11-12;4;1
28;2025-11-12;5;72
28;2025-11-12;6;260
28;2025-11-12;7;732
28;2025-11-12;8;1303
28;2025-11-12;9;882
28;2025-11-12;10;658
28;2025-11-12;11;596
28;2025-11-12;12;799
28;2025-11-12;13;884
28;2025-11-12;14;739
28;2025-11-12;15;684
28;2025-11-12;16;888
28;2025-11-12;17;1022
28;2025-11-12;18;1070
28;2025-11-12;19;740
28;2025-11-12;20;633
28;2025-11-12;21;428
28;2025-11-12;22;109
28;2025-11-12;23;9
28;2025-11-13;0;0
28;2025-11-13;1;0
28;2025-11-13;2;0
28;2025-11-13;3;0
28;2025-11-13;4;1
28;2025-11-13;5;82
28;2025-11-13;6;175
28;2025-11-13;7;657
28;2025-11-13;8;882
28;2025-11-13;9;504
28;2025-11-13;10;410
28;2025-11-13;11;457
28;2025-11-13;12;482
28;2025-11-13;13;723
28;2025-11-13;14;648
28;2025-11-13;15;744
28;2025-11-13;16;801
28;2025-11-13;17;1219
28;2025-11-13;18;1009
28;2025-11-13;19;722
28;2025-11-13;20;487
28;2025-11-13;21;322
28;2025-11-13;22;130
28;2025-11-13;23;9
28;2025-11-14;0;0
28;2025-11-14;1;0
28;2025-11-14;2;0
28;2025-11-14;3;0
28;2025-11-14;4;1
28;2025-11-14;5;80
28;2025-11-14;6;283
28;2025-11-14;7;803
28;2025-11-14;8;1223
28;2025-11-14;9;825
28;2025-11-14;10;660
28;2025-11-14;11;511
28;2025-11-14;12;754
28;2025-11-14;13;721
28;2025-11-14;14;722
28;2025-11-14;15;553
28;2025-11-14;16;833
28;2025-11-14;17;850
28;2025-11-14;18;764
28;2025-11-14;19;599
28;2025-11-14;20;355
28;2025-11-14;21;234
28;2025-11-14;22;90
28;2025-11-14;23;7
28;2025-11-15;0;2
28;2025-11-15;1;0
28;2025-11-15;2;0
28;2025-11-15;3;0
28;2025-11-15;4;0
28;2025-11-15;5;31
28;2025-11-15;6;107
28;2025-11-15;7;204
28;2025-11-15;8;358
28;2025-11-15;9;413
28;2025-11-15;10;492
28;2025-11-15;11;520
28;2025-11-15;12;614
28;2025-11-15;13;673
28;2025-11-15;14;452
28;2025-11-15;15;603
28;2025-11-15;16;774
28;2025-11-15;17;685
28;2025-11-15;18;553
28;2025-11-15;19;410
28;2025-11-15;20;340
28;2025-11-15;21;314
28;2025-11-15;22;134
28;2025-11-15;23;22
28;2025-11-16;0;4
28;2025-11-16;1;0
28;2025-11-16;2;0
28;2025-11-16;3;0
28;2025-11-16;4;0
28;2025-11-16;5;25
28;2025-11-16;6;71
28;2025-11-16;7;171
28;2025-11-16;8;256
28;2025-11-16;9;318
28;2025-11-16;10;360
28;2025-11-16;11;447
28;2025-11-16;12;461
28;2025-11-16;13;492
28;2025-11-16;14;519
28;2025-11-16;15;478
28;2025-11-16;16;478
28;2025-11-16;17;515
28;2025-11-16;18;494
28;2025-11-16;19;367
28;2025-11-16;20;308
28;2025-11-16;21;242
28;2025-11-16;22;128
28;2025-11-16;23;5
28;2025-11-17;0;0
28;2025-11-17;1;0
28;2025-11-17;2;0
28;2025-11-17;3;0
28;2025-11-17;4;1
28;2025-11-17;5;90
28;2025-11-17;6;255
28;2025-11-17;7;631
28;2025-11-17;8;1209
28;2025-11-17;9;787
28;2025-11-17;10;646
28;2025-11-17;11;534
28;2025-11-17;12;663
28;2025-11-17;13;601
28;2025-11-17;14;588
28;2025-11-17;15;530
28;2025-11-17;16;709
28;2025-11-17;17;1035
28;2025-11-17;18;918
28;2025-11-17;19;753
28;2025-11-17;20;433
28;2025-11-17;21;309
28;2025-11-17;22;121
28;2025-11-17;23;2
28;2025-11-18;0;0
28;2025-11-18;1;0
28;2025-11-18;2;0
28;2025-11-18;3;0
28;2025-11-18;4;0
28;2025-11-18;5;73
28;2025-11-18;6;255
28;2025-11-18;7;713
28;2025-11-18;8;1206
28;2025-11-18;9;849
28;2025-11-18;10;701
28;2025-11-18;11;589
28;2025-11-18;12;658
28;2025-11-18;13;705
28;2025-11-18;14;709
28;2025-11-18;15;711
28;2025-11-18;16;696
28;2025-11-18;17;1093
28;2025-11-18;18;1218
28;2025-11-18;19;604
28;2025-11-18;20;487
28;2025-11-18;21;418
28;2025-11-18;22;148
28;2025-11-18;23;10
28;2025-11-19;0;0
28;2025-11-19;1;0
28;2025-11-19;2;0
28;2025-11-19;3;0
28;2025-11-19;4;1
28;2025-11-19;5;72
28;2025-11-19;6;260
28;2025-11-19;7;731
28;2025-11-19;8;1303
28;2025-11-19;9;882
28;2025-11-19;10;660
28;2025-11-19;11;596
28;2025-11-19;12;799
28;2025-11-19;13;884
28;2025-11-19;14;739
28;2025-11-19;15;684
28;2025-11-19;16;888
28;2025-11-19;17;1022
28;2025-11-19;18;1071
28;2025-11-19;19;739
28;2025-11-19;20;635
28;2025-11-19;21;429
28;2025-11-19;22;109
28;2025-11-19;23;9
28;2025-11-20;0;0
28;2025-11-20;1;0
28;2025-11-20;2;0
28;2025-11-20;3;0
28;2025-11-20;4;1
28;2025-11-20;5;82
28;2025-11-20;6;176
28;2025-11-20;7;657
28;2025-11-20;8;881
28;2025-11-20;9;504
28;2025-11-20;10;412
28;2025-11-20;11;458
28;2025-11-20;12;482
28;2025-11-20;13;724
28;2025-11-20;14;649
28;2025-11-20;15;744
28;2025-11-20;16;801
28;2025-11-20;17;1219
28;2025-11-20;18;1011
28;2025-11-20;19;722
28;2025-11-20;20;489
28;2025-11-20;21;323
28;2025-11-20;22;130
28;2025-11-20;23;9
28;2025-11-21;0;0
28;2025-11-21;1;0
28;2025-11-21;2;0
28;2025-11-21;3;0
28;2025-11-21;4;0
28;2025-11-21;5;80
28;2025-11-21;6;283
28;2025-11-21;7;802
28;2025-11-21;8;1223
28;2025-11-21;9;826
28;2025-11-21;10;662
28;2025-11-21;11;511
28;2025-11-21;12;754
28;2025-11-21;13;722
28;2025-11-21;14;723
28;2025-11-21;15;553
28;2025-11-21;16;833
28;2025-11-21;17;850
28;2025-11-21;18;765
28;2025-11-21;19;599
28;2025-11-21;20;358
28;2025-11-21;21;235
28;2025-11-21;22;90
28;2025-11-21;23;7
28;2025-11-22;0;1
28;2025-11-22;1;0
28;2025-11-22;2;0
28;2025-11-22;3;0
28;2025-11-22;4;0
28;2025-11-22;5;31
28;2025-11-22;6;107
28;2025-11-22;7;204
28;2025-11-22;8;357
28;2025-11-22;9;413
28;2025-11-22;10;493
28;2025-11-22;11;520
28;2025-11-22;12;613
28;2025-11-22;13;673
28;2025-11-22;14;452
28;2025-11-22;15;603
28;2025-11-22;16;773
28;2025-11-22;17;685
28;2025-11-22;18;554
28;2025-11-22;19;409
28;2025-11-22;20;342
28;2025-11-22;21;314
28;2025-11-22;22;134
28;2025-11-22;23;22
28;2025-11-23;0;3
28;2025-11-23;1;0
28;2025-11-23;2;0
28;2025-11-23;3;0
28;2025-11-23;4;0
28;2025-11-23;5;25
28;2025-11-23;6;72
28;2025-11-23;7;171
28;2025-11-23;8;255
28;2025-11-23;9;317
28;2025-11-23;10;361
28;2025-11-23;11;447
28;2025-11-23;12;461
28;2025-11-23;13;492
28;2025-11-23;14;519
28;2025-11-23;15;477
28;2025-11-23;16;477
28;2025-11-23;17;515
28;2025-11-23;18;495
28;2025-11-23;19;366
28;2025-11-23;20;310
28;2025-11-23;21;243
28;2025-11-23;22;128
28;2025-11-23;23;5
28;2025-11-24;0;0
28;2025-11-24;1;0
28;2025-11-24;2;0
28;2025-11-24;3;0
28;2025-11-24;4;0
28;2025-11-24;5;90
28;2025-11-24;6;256
28;2025-11-24;7;631
28;2025-11-24;8;1208
28;2025-11-24;9;787
28;2025-11-24;10;647
28;2025-11-24;11;534
28;2025-11-24;12;662
28;2025-11-24;13;602
28;2025-11-24;14;589
28;2025-11-24;15;529
28;2025-11-24;16;709
28;2025-11-24;17;1034
28;2025-11-24;18;919
28;2025-11-24;19;753
28;2025-11-24;20;435
28;2025-11-24;21;309
28;2025-11-24;22;121
28;2025-11-24;23;2
28;2025-11-25;0;0
28;2025-11-25;1;0
28;2025-11-25;2;0
28;2025-11-25;3;0
28;2025-11-25;4;0
28;2025-11-25;5;73
28;2025-11-25;6;256
28;2025-11-25;7;713
28;2025-11-25;8;1205
28;2025-11-25;9;850
28;2025-11-25;10;702
28;2025-11-25;11;589
28;2025-11-25;12;657
28;2025-11-25;13;705
28;2025-11-25;14;709
28;2025-11-25;15;711
28;2025-11-25;16;696
28;2025-11-25;17;1092
28;2025-11-25;18;1219
28;2025-11-25;19;604
28;2025-11-25;20;489
28;2025-11-25;21;418
28;2025-11-25;22;148
28;2025-11-25;23;10
28;2025-11-26;0;0
28;2025-11-26;1;0
28;2025-11-26;2;0
28;2025-11-26;3;0
28;2025-11-26;4;1
28;2025-11-26;5;72
28;2025-11-26;6;261
28;2025-11-26;7;731
28;2025-11-26;8;1302
28;2025-11-26;9;882
28;2025-11-26;10;661
28;2025-11-26;11;596
28;2025-11-26;12;799
28;2025-11-26;13;885
28;2025-11-26;14;740
28;2025-11-26;15;684
28;2025-11-26;16;888
28;2025-11-26;17;1022
28;2025-11-26;18;1073
28;2025-11-26;19;739
28;2025-11-26;20;637
28;2025-11-26;21;430
28;2025-11-26;22;109
28;2025-11-26;23;9
28;2025-11-27;0;0
28;2025-11-27;1;0
28;2025-11-27;2;0
28;2025-11-27;3;0
28;2025-11-27;4;1
28;2025-11-27;5;82
28;2025-11-27;6;177
28;2025-11-27;7;657
28;2025-11-27;8;880
28;2025-11-27;9;505
28;2025-11-27;10;414
28;2025-11-27;11;458
28;2025-11-27;12;483
28;2025-11-27;13;725
28;2025-11-27;14;649
28;2025-11-27;15;744
28;2025-11-27;16;801
28;2025-11-27;17;1219
28;2025-11-27;18;1012
28;2025-11-27;19;722
28;2025-11-27;20;492
28;2025-11-27;21;325
28;2025-11-27;22;130
28;2025-11-27;23;9
28;2025-11-28;0;0
28;2025-11-28;1;0
28;2025-11-28;2;0
28;2025-11-28;3;0
28;2025-11-28;4;0
28;2025-11-28;5;80
28;2025-11-28;6;284
28;2025-11-28;7;802
28;2025-11-28;8;1222
28;2025-11-28;9;826
28;2025-11-28;10;663
28;2025-11-28;11;512
28;2025-11-28;12;755
28;2025-11-28;13;723
28;2025-11-28;14;724
28;2025-11-28;15;553
28;2025-11-28;16;834
28;2025-11-28;17;850
28;2025-11-28;18;766
28;2025-11-28;19;598
28;2025-11-28;20;360
28;2025-11-28;21;236
28;2025-11-28;22;91
28;2025-11-28;23;7
28;2025-11-29;0;0
28;2025-11-29;1;0
28;2025-11-29;2;0
28;2025-11-29;3;0
28;2025-11-29;4;0
28;2025-11-29;5;31
28;2025-11-29;6;108
28;2025-11-29;7;203
28;2025-11-29;8;356
28;2025-11-29;9;413
28;2025-11-29;10;494
28;2025-11-29;11;520
28;2025-11-29;12;613
28;2025-11-29;13;673
28;2025-11-29;14;452
28;2025-11-29;15;603
28;2025-11-29;16;773
28;2025-11-29;17;684
28;2025-11-29;18;555
28;2025-11-29;19;409
28;2025-11-29;20;343
28;2025-11-29;21;315
28;2025-11-29;22;134
28;2025-11-29;23;22
28;2025-11-30;0;2
28;2025-11-30;1;0
28;2025-11-30;2;0
28;2025-11-30;3;0
28;2025-11-30;4;0
28;2025-11-30;5;25
28;2025-11-30;6;73
28;2025-11-30;7;170
28;2025-11-30;8;254
28;2025-11-30;9;317
28;2025-11-30;10;362
28;2025-11-30;11;447
28;2025-11-30;12;460
28;2025-11-30;13;492
28;2025-11-30;14;519
28;2025-11-30;15;477
28;2025-11-30;16;477
28;2025-11-30;17;514
28;2025-11-30;18;495
28;2025-11-30;19;366
28;2025-11-30;20;312
28;2025-11-30;21;243
28;2025-11-30;22;128
28;2025-11-30;23;5
28;2025-12-01;0;0
28;2025-12-01;1;0
28;2025-12-01;2;0
28;2025-12-01;3;0
28;2025-12-01;4;0
28;2025-12-01;5;90
28;2025-12-01;6;257
28;2025-12-01;7;630
28;2025-12-01;8;1207
28;2025-12-01;9;787
28;2025-12-01;10;648
28;2025-12-01;11;534
28;2025-12-01;12;662
28;2025-12-01;13;602
28;2025-12-01;14;589
28;2025-12-01;15;529
28;2025-12-01;16;708
28;2025-12-01;17;1034
28;2025-12-01;18;920
28;2025-12-01;19;752
28;2025-12-01;20;437
28;2025-12-01;21;310
28;2025-12-01;22;120
28;2025-12-01;23;2
28;2025-12-02;0;0
28;2025-12-02;1;0
28;2025-12-02;2;0
28;2025-12-02;3;0
28;2025-12-02;4;0
28;2025-12-02;5;73
28;2025-12-02;6;256
28;2025-12-02;7;713
28;2025-12-02;8;1205
28;2025-12-02;9;850
28;2025-12-02;10;703
28;2025-12-02;11;589
28;2025-12-02;12;657
28;2025-12-02;13;706
28;2025-12-02;14;709
28;2025-12-02;15;712
28;2025-12-02;16;695
28;2025-12-02;17;1092
28;2025-12-02;18;1219
28;2025-12-02;19;604
28;2025-12-02;20;490
28;2025-12-02;21;419
28;2025-12-02;22;148
28;2025-12-02;23;10
28;2025-12-03;0;0
28;2025-12-03;1;0
28;2025-12-03;2;0
28;2025-12-03;3;0
28;2025-12-03;4;1
28;2025-12-03;5;72
28;2025-12-03;6;262
28;2025-12-03;7;731
28;2025-12-03;8;1301
28;2025-12-03;9;883
28;2025-12-03;10;663
28;2025-12-03;11;597
28;2025-12-03;12;799
28;2025-12-03;13;886
28;2025-12-03;14;740
28;2025-12-03;15;685
28;2025-12-03;16;888
28;2025-12-03;17;1022
28;2025-12-03;18;1074
28;2025-12-03;19;739
28;2025-12-03;20;639
28;2025-12-03;21;431
28;2025-12-03;22;109
28;2025-12-03;23;9
28;2025-12-04;0;0
28;2025-12-04;1;0
28;2025-12-04;2;0
28;2025-12-04;3;0
28;2025-12-04;4;0
28;2025-12-04;5;82
28;2025-12-04;6;178
28;2025-12-04;7;656
28;2025-12-04;8;880
28;2025-12-04;9;505
28;2025-12-04;10;415
28;2025-12-04;11;459
28;2025-12-04;12;483
28;2025-12-04;13;726
28;2025-12-04;14;650
28;2025-12-04;15;744
28;2025-12-04;16;801
28;2025-12-04;17;1219
28;2025-12-04;18;1013
28;2025-12-04;19;722
28;2025-12-04;20;494
28;2025-12-04;21;326
28;2025-12-04;22;131
28;2025-12-04;23;9
28;2025-12-05;0;0
28;2025-12-05;1;0
28;2025-12-05;2;0
28;2025-12-05;3;0
28;2025-12-05;4;0
28;2025-12-05;5;80
28;2025-12-05;6;285
28;2025-12-05;7;802
28;2025-12-05;8;1221
28;2025-12-05;9;827
28;2025-12-05;10;665
28;2025-12-05;11;513
28;2025-12-05;12;755
28;2025-12-05;13;724
28;2025-12-05;14;724
28;2025-12-05;15;553
28;2025-12-05;16;834
28;2025-12-05;17;851
28;2025-12-05;18;767
28;2025-12-05;19;598
28;2025-12-05;20;362
28;2025-12-05;21;237
28;2025-12-05;22;91
28;2025-12-05;23;7
28;2025-12-06;0;0
28;2025-12-06;1;0
28;2025-12-06;2;0
28;2025-12-06;3;0
28;2025-12-06;4;0
28;2025-12-06;5;31
28;2025-12-06;6;109
28;2025-12-06;7;203
28;2025-12-06;8;356
28;2025-12-06;9;412
28;2025-12-06;10;494
28;2025-12-06;11;519
28;2025-12-06;12;612
28;2025-12-06;13;673
28;2025-12-06;14;452
28;2025-12-06;15;603
28;2025-12-06;16;773
28;2025-12-06;17;683
28;2025-12-06;18;556
28;2025-12-06;19;409
28;2025-12-06;20;345
28;2025-12-06;21;315
28;2025-12-06;22;134
28;2025-12-06;23;22
28;2025-12-07;0;1
28;2025-12-07;1;0
28;2025-12-07;2;0
28;2025-12-07;3;0
28;2025-12-07;4;0
28;2025-12-07;5;25
28;2025-12-07;6;73
28;2025-12-07;7;170
28;2025-12-07;8;253
28;2025-12-07;9;317
28;2025-12-07;10;363
28;2025-12-07;11;446
28;2025-12-07;12;460
28;2025-12-07;13;492
28;2025-12-07;14;519
28;2025-12-07;15;477
28;2025-12-07;16;476
28;2025-12-07;17;514
28;2025-12-07;18;496
28;2025-12-07;19;365
28;2025-12-07;20;313
28;2025-12-07;21;244
28;2025-12-07;22;128
28;2025-12-07;23;5
28;2025-12-08;0;0
28;2025-12-08;1;0
28;2025-12-08;2;0
28;2025-12-08;3;0
28;2025-12-08;4;0
28;2025-12-08;5;90
28;2025-12-08;6;258
28;2025-12-08;7;630
28;2025-12-08;8;1206
28;2025-12-08;9;787
28;2025-12-08;10;649
28;2025-12-08;11;535
28;2025-12-08;12;662
28;2025-12-08;13;602
28;2025-12-08;14;589
28;2025-12-08;15;529
28;2025-12-08;16;707
28;2025-12-08;17;1034
28;2025-12-08;18;921
28;2025-12-08;19;752
28;2025-12-08;20;439
28;2025-12-08;21;311
28;2025-12-08;22;120
28;2025-12-08;23;2
28;2025-12-09;0;0
28;2025-12-09;1;0
28;2025-12-09;2;0
28;2025-12-09;3;0
28;2025-12-09;4;0
28;2025-12-09;5;73
28;2025-12-09;6;257
28;2025-12-09;7;713
28;2025-12-09;8;1204
28;2025-12-09;9;850
28;2025-12-09;10;704
28;2025-12-09;11;590
28;2025-12-09;12;657
28;2025-12-09;13;706
28;2025-12-09;14;710
28;2025-12-09;15;712
28;2025-12-09;16;695
28;2025-12-09;17;1092
28;2025-12-09;18;1220
28;2025-12-09;19;604
28;2025-12-09;20;492
28;2025-12-09;21;420
28;2025-12-09;22;148
28;2025-12-09;23;10
28;2025-12-10;0;0
28;2025-12-10;1;0
28;2025-12-10;2;0
28;2025-12-10;3;0
28;2025-12-10;4;1
28;2025-12-10;5;73
28;2025-12-10;6;263
28;2025-12-10;7;731
28;2025-12-10;8;1300
28;2025-12-10;9;883
28;2025-12-10;10;664
28;2025-12-10;11;597
28;2025-12-10;12;799
28;2025-12-10;13;887
28;2025-12-10;14;741
28;2025-12-10;15;685
28;2025-12-10;16;888
28;2025-12-10;17;1022
28;2025-12-10;18;1075
28;2025-12-10;19;739
28;2025-12-10;20;641
28;2025-12-10;21;431
28;2025-12-10;22;109
28;2025-12-10;23;9
28;2025-12-11;0;0
28;2025-12-11;1;0
28;2025-12-11;2;0
28;2025-12-11;3;0
28;2025-12-11;4;0
28;2025-12-11;5;82
28;2025-12-11;6;178
28;2025-12-11;7;656
28;2025-12-11;8;879
28;2025-12-11;9;506
28;2025-12-11;10;417
28;2025-12-11;11;460
28;2025-12-11;12;483
28;2025-12-11;13;727
28;2025-12-11;14;651
28;2025-12-11;15;745
28;2025-12-11;16;801
28;2025-12-11;17;1219
28;2025-12-11;18;1014
28;2025-12-11;19;722
28;2025-12-11;20;496
28;2025-12-11;21;327
28;2025-12-11;22;131
28;2025-12-11;23;9
28;2025-12-12;0;0
28;2025-12-12;1;0
28;2025-12-12;2;0
28;2025-12-12;3;0
28;2025-12-12;4;0
28;2025-12-12;5;80
28;2025-12-12;6;286
28;2025-12-12;7;802
28;2025-12-12;8;1220
28;2025-12-12;9;827
28;2025-12-12;10;666
28;2025-12-12;11;514
28;2025-12-12;12;755
28;2025-12-12;13;726
28;2025-12-12;14;725
28;2025-12-12;15;554
28;2025-12-12;16;834
28;2025-12-12;17;851
28;2025-12-12;18;768
28;2025-12-12;19;598
28;2025-12-12;20;364
28;2025-12-12;21;239
28;2025-12-12;22;91
28;2025-12-12;23;7
28;2025-12-13;0;0
28;2025-12-13;1;0
28;2025-12-13;2;0
28;2025-12-13;3;0
28;2025-12-13;4;0
28;2025-12-13;5;31
28;2025-12-13;6;110
28;2025-12-13;7;203
28;2025-12-13;8;355
28;2025-12-13;9;412
28;2025-12-13;10;495
28;2025-12-13;11;519
28;2025-12-13;12;612
28;2025-12-13;13;674
28;2025-12-13;14;452
28;2025-12-13;15;603
28;2025-12-13;16;772
28;2025-12-13;17;683
28;2025-12-13;18;557
28;2025-12-13;19;408
28;2025-12-13;20;346
28;2025-12-13;21;316
28;2025-12-13;22;133
28;2025-12-13;23;22
28;2025-12-14;0;0
28;2025-12-14;1;0
28;2025-12-14;2;0
28;2025-12-14;3;0
28;2025-12-14;4;0
28;2025-12-14;5;25
28;2025-12-14;6;74
28;2025-12-14;7;170
28;2025-12-14;8;253
28;2025-12-14;9;317
28;2025-12-14;10;364
28;2025-12-14;11;446
28;2025-12-14;12;459
28;2025-12-14;13;492
28;2025-12-14;14;519
28;2025-12-14;15;476
28;2025-12-14;16;476
28;2025-12-14;17;513
28;2025-12-14;18;497
28;2025-12-14;19;365
28;2025-12-14;20;315
28;2025-12-14;21;245
28;2025-12-14;22;127
28;2025-12-14;23;5
28;2025-12-15;0;0
28;2025-12-15;1;0
28;2025-12-15;2;0
28;2025-12-15;3;0
28;2025-12-15;4;0
28;2025-12-15;5;90
28;2025-12-15;6;258
28;2025-12-15;7;630
28;2025-12-15;8;1205
28;2025-12-15;9;787
28;2025-12-15;10;650
28;2025-12-15;11;535
28;2025-12-15;12;661
28;2025-12-15;13;603
28;2025-12-15;14;589
28;2025-12-15;15;529
28;2025-12-15;16;707
28;2025-12-15;17;1033
28;2025-12-15;18;922
28;2025-12-15;19;752
28;2025-12-15;20;440
28;2025-12-15;21;311
28;2025-12-15;22;120
28;2025-12-15;23;2
28;2025-12-16;0;0
28;2025-12-16;1;0
28;2025-12-16;2;0
28;2025-12-16;3;0
28;2025-12-16;4;0
28;2025-12-16;5;73
28;2025-12-16;6;258
28;2025-12-16;7;713
28;2025-12-16;8;1203
28;2025-12-16;9;850
28;2025-12-16;10;705
28;2025-12-16;11;590
28;2025-12-16;12;657
28;2025-12-16;13;707
28;2025-12-16;14;710
28;2025-12-16;15;712
28;2025-12-16;16;695
28;2025-12-16;17;1092
28;2025-12-16;18;1221
28;2025-12-16;19;603
28;2025-12-16;20;494
28;2025-12-16;21;420
28;2025-12-16;22;148
28;2025-12-16;23;10
28;2025-12-17;0;0
28;2025-12-17;1;0
28;2025-12-17;2;0
28;2025-12-17;3;0
28;2025-12-17;4;1
28;2025-12-17;5;73
28;2025-12-17;6;264
28;2025-12-17;7;730
28;2025-12-17;8;1300
28;2025-12-17;9;883
28;2025-12-17;10;666
28;2025-12-17;11;597
28;2025-12-17;12;799
28;2025-12-17;13;887
28;2025-12-17;14;741
28;2025-12-17;15;685
28;2025-12-17;16;888
28;2025-12-17;17;1022
28;2025-12-17;18;1076
28;2025-12-17;19;739
28;2025-12-17;20;643
28;2025-12-17;21;432
28;2025-12-17;22;109
28;2025-12-17;23;9
28;2025-12-18;0;0
28;2025-12-18;1;0
28;2025-12-18;2;0
28;2025-12-18;3;0
28;2025-12-18;4;0
28;2025-12-18;5;82
28;2025-12-18;6;179
28;2025-12-18;7;655
28;2025-12-18;8;878
28;2025-12-18;9;506
28;2025-12-18;10;419
28;2025-12-18;11;460
28;2025-12-18;12;483
28;2025-12-18;13;728
28;2025-12-18;14;651
28;2025-12-18;15;745
28;2025-12-18;16;801
28;2025-12-18;17;1220
28;2025-12-18;18;1016
28;2025-12-18;19;722
28;2025-12-18;20;498
28;2025-12-18;21;328
28;2025-12-18;22;131
28;2025-12-18;23;9
28;2025-12-19;0;0
28;2025-12-19;1;0
28;2025-12-19;2;0
28;2025-12-19;3;0
28;2025-12-19;4;0
28;2025-12-19;5;80
28;2025-12-19;6;286
28;2025-12-19;7;801
28;2025-12-19;8;1219
28;2025-12-19;9;828
28;2025-12-19;10;668
28;2025-12-19;11;514
28;2025-12-19;12;755
28;2025-12-19;13;727
28;2025-12-19;14;726
28;2025-12-19;15;554
28;2025-12-19;16;834
28;2025-12-19;17;851
28;2025-12-19;18;769
28;2025-12-19;19;598
28;2025-12-19;20;367
28;2025-12-19;21;240
28;2025-12-19;22;92
28;2025-12-19;23;7
28;2025-12-20;0;0
28;2025-12-20;1;0
28;2025-12-20;2;0
28;2025-12-20;3;0
28;2025-12-20;4;0
28;2025-12-20;5;31
28;2025-12-20;6;111
28;2025-12-20;7;202
28;2025-12-20;8;354
28;2025-12-20;9;412
28;2025-12-20;10;496
28;2025-12-20;11;519
28;2025-12-20;12;611
28;2025-12-20;13;674
28;2025-12-20;14;452
28;2025-12-20;15;603
28;2025-12-20;16;772
28;2025-12-20;17;682
28;2025-12-20;18;558
28;2025-12-20;19;408
28;2025-12-20;20;348
28;2025-12-20;21;316
28;2025-12-20;22;133
28;2025-12-20;23;23
28;2025-12-21;0;0
28;2025-12-21;1;0
28;2025-12-21;2;0
28;2025-12-21;3;0
28;2025-12-21;4;0
28;2025-12-21;5;25
28;2025-12-21;6;75
28;2025-12-21;7;169
28;2025-12-21;8;252
28;2025-12-21;9;317
28;2025-12-21;10;364
28;2025-12-21;11;446
28;2025-12-21;12;459
28;2025-12-21;13;492
28;2025-12-21;14;520
28;2025-12-21;15;476
28;2025-12-21;16;475
28;2025-12-21;17;513
28;2025-12-21;18;498
28;2025-12-21;19;364
28;2025-12-21;20;317
28;2025-12-21;21;245
28;2025-12-21;22;127
28;2025-12-21;23;5
28;2025-12-22;0;0
28;2025-12-22;1;0
28;2025-12-22;2;0
28;2025-12-22;3;0
28;2025-12-22;4;0
28;2025-12-22;5;90
28;2025-12-22;6;259
28;2025-12-22;7;629
28;2025-12-22;8;1204
28;2025-12-22;9;787
28;2025-12-22;10;651
28;2025-12-22;11;535
28;2025-12-22;12;661
28;2025-12-22;13;603
28;2025-12-22;14;589
28;2025-12-22;15;529
28;2025-12-22;16;706
28;2025-12-22;17;1033
28;2025-12-22;18;923
28;2025-12-22;19;752
28;2025-12-22;20;442
28;2025-12-22;21;312
28;2025-12-22;22;120
28;2025-12-22;23;2
28;2025-12-23;0;0
28;2025-12-23;1;0
28;2025-12-23;2;0
28;2025-12-23;3;0
28;2025-12-23;4;0
28;2025-12-23;5;73
28;2025-12-23;6;259
28;2025-12-23;7;712
28;2025-12-23;8;1202
28;2025-12-23;9;850
28;2025-12-23;10;705
28;2025-12-23;11;590
28;2025-12-23;12;657
28;2025-12-23;13;708
28;2025-12-23;14;710
28;2025-12-23;15;712
28;2025-12-23;16;694
28;2025-12-23;17;1092
28;2025-12-23;18;1222
28;2025-12-23;19;603
28;2025-12-23;20;496
28;2025-12-23;21;421
28;2025-12-23;22;147
28;2025-12-23;23;10
28;2025-12-24;0;0
28;2025-12-24;1;0
28;2025-12-24;2;0
28;2025-12-24;3;0
28;2025-12-24;4;1
28;2025-12-24;5;73
28;2025-12-24;6;264
28;2025-12-24;7;730
28;2025-12-24;8;1299
28;2025-12-24;9;884
28;2025-12-24;10;667
28;2025-12-24;11;598
28;2025-12-24;12;799
28;2025-12-24;13;888
28;2025-12-24;14;742
28;2025-12-24;15;685
28;2025-12-24;16;887
28;2025-12-24;17;1022
28;2025-12-24;18;1077
28;2025-12-24;19;738
28;2025-12-24;20;645
28;2025-12-24;21;433
28;2025-12-24;22;109
28;2025-12-24;23;9
28;2025-12-25;0;0
28;2025-12-25;1;0
28;2025-12-25;2;0
28;2025-12-25;3;0
28;2025-12-25;4;0
28;2025-12-25;5;82
28;2025-12-25;6;180
28;2025-12-25;7;655
28;2025-12-25;8;877
28;2025-12-25;9;507
28;2025-12-25;10;420
28;2025-12-25;11;461
28;2025-12-25;12;483
28;2025-12-25;13;729
28;2025-12-25;14;652
28;2025-12-25;15;745
28;2025-12-25;16;801
28;2025-12-25;17;1220
28;2025-12-25;18;1017
28;2025-12-25;19;722
28;2025-12-25;20;500
28;2025-12-25;21;329
28;2025-12-25;22;132
28;2025-12-25;23;9
28;2025-12-26;0;0
28;2025-12-26;1;0
28;2025-12-26;2;0
28;2025-12-26;3;0
28;2025-12-26;4;0
28;2025-12-26;5;80
28;2025-12-26;6;287
28;2025-12-26;7;801
28;2025-12-26;8;1218
28;2025-12-26;9;829
28;2025-12-26;10;669
28;2025-12-26;11;515
28;2025-12-26;12;755
28;2025-12-26;13;728
28;2025-12-26;14;727
28;2025-12-26;15;554
28;2025-12-26;16;834
28;2025-12-26;17;851
28;2025-12-26;18;770
28;2025-12-26;19;598
28;2025-12-26;20;369
28;2025-12-26;21;241
28;2025-12-26;22;92
28;2025-12-26;23;8
28;2025-12-27;0;0
28;2025-12-27;1;0
28;2025-12-27;2;0
28;2025-12-27;3;0
28;2025-12-27;4;0
28;2025-12-27;5;30
28;2025-12-27;6;112
28;2025-12-27;7;202
28;2025-12-27;8;353
28;2025-12-27;9;412
28;2025-12-27;10;497
28;2025-12-27;11;518
28;2025-12-27;12;611
28;2025-12-27;13;674
28;2025-12-27;14;453
28;2025-12-27;15;603
28;2025-12-27;16;771
28;2025-12-27;17;682
28;2025-12-27;18;559
28;2025-12-27;19;408
28;2025-12-27;20;350
28;2025-12-27;21;317
28;2025-12-27;22;133
28;2025-12-27;23;23
28;2025-12-28;0;0
28;2025-12-28;1;0
28;2025-12-28;2;0
28;2025-12-28;3;0
28;2025-12-28;4;0
28;2025-12-28;5;26
28;2025-12-28;6;76
28;2025-12-28;7;169
28;2025-12-28;8;251
28;2025-12-28;9;317
28;2025-12-28;10;365
28;2025-12-28;11;445
28;2025-12-28;12;458
28;2025-12-28;13;493
28;2025-12-28;14;520
28;2025-12-28;15;475
28;2025-12-28;16;475
28;2025-12-28;17;512
28;2025-12-28;18;499
28;2025-12-28;19;364
28;2025-12-28;20;318
28;2025-12-28;21;246
28;2025-12-28;22;127
28;2025-12-28;23;5
28;2025-12-29;0;0
28;2025-12-29;1;0
28;2025-12-29;2;0
28;2025-12-29;3;0
28;2025-12-29;4;0
28;2025-12-29;5;90
28;2025-12-29;6;260
28;2025-12-29;7;629
28;2025-12-29;8;1204
28;2025-12-29;9;787
28;2025-12-29;10;652
28;2025-12-29;11;535
28;2025-12-29;12;660
28;2025-12-29;13;603
28;2025-12-29;14;589
28;2025-12-29;15;529
28;2025-12-29;16;706
28;2025-12-29;17;1032
28;2025-12-29;18;924
28;2025-12-29;19;751
28;2025-12-29;20;444
28;2025-12-29;21;312
28;2025-12-29;22;120
28;2025-12-29;23;2
28;2025-12-30;0;0
28;2025-12-30;1;0
28;2025-12-30;2;0
28;2025-12-30;3;0
28;2025-12-30;4;0
28;2025-12-30;5;73
28;2025-12-30;6;260
28;2025-12-30;7;712
28;2025-12-30;8;1201
28;2025-12-30;9;850
28;2025-12-30;10;706
28;2025-12-30;11;590
28;2025-12-30;12;657
28;2025-12-30;13;708
28;2025-12-30;14;711
28;2025-12-30;15;712
28;2025-12-30;16;694
28;2025-12-30;17;1092
28;2025-12-30;18;1223
28;2025-12-30;19;603
28;2025-12-30;20;497
28;2025-12-30;21;421
28;2025-12-30;22;147
28;2025-12-30;23;10
28;2025-12-31;0;0
28;2025-12-31;1;0
28;2025-12-31;2;0
28;2025-12-31;3;0
28;2025-12-31;4;1
28;2025-12-31;5;73
28;2025-12-31;6;265
28;2025-12-31;7;730
28;2025-12-31;8;1298
28;2025-12-31;9;884
28;2025-12-31;10;669
28;2025-12-31;11;598
28;2025-12-31;12;799
28;2025-12-31;13;889
28;2025-12-31;14;742
28;2025-12-31;15;685
28;2025-12-31;16;887
28;2025-12-31;17;1022
28;2025-12-31;18;1078
28;2025-12-31;19;738
28;2025-12-31;20;647
28;2025-12-31;21;434
28;2025-12-31;22;109
28;2025-12-31;23;9
50;2025-11-01;0;43
50;2025-11-01;1;11
50;2025-11-01;2;0
50;2025-11-01;3;0
50;2025-11-01;4;0
50;2025-11-01;5;0
50;2025-11-01;6;1
50;2025-11-01;7;0
50;2025-11-01;8;0
50;2025-11-01;9;10
50;2025-11-01;10;8
50;2025-11-01;11;2
50;2025-11-01;12;0
50;2025-11-01;13;0
50;2025-11-01;14;0
50;2025-11-01;15;0
50;2025-11-01;16;0
50;2025-11-01;17;5
50;2025-11-01;18;3
50;2025-11-01;19;0
50;2025-11-01;20;5
50;2025-11-01;21;1
50;2025-11-01;22;2
50;2025-11-01;23;0
50;2025-11-02;0;0
50;2025-11-02;1;0
50;2025-11-02;2;0
50;2025-11-02;3;0
50;2025-11-02;4;0
50;2025-11-02;5;2
50;2025-11-02;6;13
50;2025-11-02;7;21
50;2025-11-02;8;43
50;2025-11-02;9;32
50;2025-11-02;10;23
50;2025-11-02;11;31
50;2025-11-02;12;16
50;2025-11-02;13;36
50;2025-11-02;14;118
50;2025-11-02;15;107
50;2025-11-02;16;199
50;2025-11-02;17;130
50;2025-11-02;18;65
50;2025-11-02;19;48
50;2025-11-02;20;54
50;2025-11-02;21;30
50;2025-11-02;22;43
50;2025-11-02;23;7
50;2025-11-03;0;5
50;2025-11-03;1;9
50;2025-11-03;2;0
50;2025-11-03;3;0
50;2025-11-03;4;3
50;2025-11-03;5;92
50;2025-11-03;6;618
50;2025-11-03;7;1586
50;2025-11-03;8;3005
50;2025-11-03;9;2320
50;2025-11-03;10;1666
50;2025-11-03;11;1621
50;2025-11-03;12;1541
50;2025-11-03;13;1579
50;2025-11-03;14;1554
50;2025-11-03;15;1669
50;2025-11-03;16;1721
50;2025-11-03;17;2266
50;2025-11-03;18;2606
50;2025-11-03;19;1362
50;2025-11-03;20;874
50;2025-11-03;21;621
50;2025-11-03;22;207
50;2025-11-03;23;126
50;2025-11-04;0;34
50;2025-11-04;1;0
50;2025-11-04;2;0
50;2025-11-04;3;0
50;2025-11-04;4;3
50;2025-11-04;5;105
50;2025-11-04;6;620
50;2025-11-04;7;2005
50;2025-11-04;8;2595
50;2025-11-04;9;2581
50;2025-11-04;10;1968
50;2025-11-04;11;1548
50;2025-11-04;12;1620
50;2025-11-04;13;1621
50;2025-11-04;14;1701
50;2025-11-04;15;1851
50;2025-11-04;16;1964
50;2025-11-04;17;2504
50;2025-11-04;18;2638
50;2025-11-04;19;1634
50;2025-11-04;20;990
50;2025-11-04;21;621
50;2025-11-04;22;222
50;2025-11-04;23;145
50;2025-11-05;0;6
50;2025-11-05;1;0
50;2025-11-05;2;0
50;2025-11-05;3;0
50;2025-11-05;4;4
50;2025-11-05;5;93
50;2025-11-05;6;482
50;2025-11-05;7;1773
50;2025-11-05;8;2863
50;2025-11-05;9;2210
50;2025-11-05;10;1700
50;2025-11-05;11;1619
50;2025-11-05;12;1683
50;2025-11-05;13;1514
50;2025-11-05;14;1411
50;2025-11-05;15;1114
50;2025-11-05;16;1679
50;2025-11-05;17;2368
50;2025-11-05;18;2282
50;2025-11-05;19;1551
50;2025-11-05;20;834
50;2025-11-05;21;709
50;2025-11-05;22;204
50;2025-11-05;23;151
50;2025-11-06;0;10
50;2025-11-06;1;0
50;2025-11-06;2;0
50;2025-11-06;3;0
50;2025-11-06;4;7
50;2025-11-06;5;98
50;2025-11-06;6;405
50;2025-11-06;7;1720
50;2025-11-06;8;2368
50;2025-11-06;9;2146
50;2025-11-06;10;1854
50;2025-11-06;11;1513
50;2025-11-06;12;1568
50;2025-11-06;13;1471
50;2025-11-06;14;1367
50;2025-11-06;15;1705
50;2025-11-06;16;1584
50;2025-11-06;17;2426
50;2025-11-06;18;2723
50;2025-11-06;19;1625
50;2025-11-06;20;1257
50;2025-11-06;21;746
50;2025-11-06;22;297
50;2025-11-06;23;184
50;2025-11-07;0;28
50;2025-11-07;1;0
50;2025-11-07;2;0
50;2025-11-07;3;0
50;2025-11-07;4;4
50;2025-11-07;5;80
50;2025-11-07;6;483
50;2025-11-07;7;1520
50;2025-11-07;8;2856
50;2025-11-07;9;2436
50;2025-11-07;10;1333
50;2025-11-07;11;1317
50;2025-11-07;12;1245
50;2025-11-07;13;1371
50;2025-11-07;14;1410
50;2025-11-07;15;1721
50;2025-11-07;16;2077
50;2025-11-07;17;1904
50;2025-11-07;18;1477
50;2025-11-07;19;1113
50;2025-11-07;20;882
50;2025-11-07;21;546
50;2025-11-07;22;198
50;2025-11-07;23;154
50;2025-11-08;0;42
50;2025-11-08;1;10
50;2025-11-08;2;0
50;2025-11-08;3;0
50;2025-11-08;4;0
50;2025-11-08;5;0
50;2025-11-08;6;2
50;2025-11-08;7;0
50;2025-11-08;8;0
50;2025-11-08;9;9
50;2025-11-08;10;8
50;2025-11-08;11;1
50;2025-11-08;12;0
50;2025-11-08;13;0
50;2025-11-08;14;0
50;2025-11-08;15;0
50;2025-11-08;16;0
50;2025-11-08;17;5
50;2025-11-08;18;4
50;2025-11-08;19;0
50;2025-11-08;20;6
50;2025-11-08;21;1
50;2025-11-08;22;2
50;2025-11-08;23;0
50;2025-11-09;0;0
50;2025-11-09;1;0
50;2025-11-09;2;0
50;2025-11-09;3;0
50;2025-11-09;4;0
50;2025-11-09;5;2
50;2025-11-09;6;14
50;2025-11-09;7;20
50;2025-11-09;8;42
50;2025-11-09;9;32
50;2025-11-09;10;24
50;2025-11-09;11;30
50;2025-11-09;12;16
50;2025-11-09;13;36
50;2025-11-09;14;118
50;2025-11-09;15;106
50;2025-11-09;16;198
50;2025-11-09;17;130
50;2025-11-09;18;66
50;2025-11-09;19;47
50;2025-11-09;20;55
50;2025-11-09;21;30
50;2025-11-09;22;43
50;2025-11-09;23;7
50;2025-11-10;0;4
50;2025-11-10;1;8
50;2025-11-10;2;0
50;2025-11-10;3;0
50;2025-11-10;4;3
50;2025-11-10;5;92
50;2025-11-10;6;619
50;2025-11-10;7;1585
50;2025-11-10;8;3004
50;2025-11-10;9;2320
50;2025-11-10;10;1667
50;2025-11-10;11;1621
50;2025-11-10;12;1540
50;2025-11-10;13;1580
50;2025-11-10;14;1554
50;2025-11-10;15;1669
50;2025-11-10;16;1721
50;2025-11-10;17;2265
50;2025-11-10;18;2607
50;2025-11-10;19;1361
50;2025-11-10;20;876
50;2025-11-10;21;621
50;2025-11-10;22;207
50;2025-11-10;23;126
50;2025-11-11;0;33
50;2025-11-11;1;0
50;2025-11-11;2;0
50;2025-11-11;3;0
50;2025-11-11;4;3
50;2025-11-11;5;105
50;2025-11-11;6;621
50;2025-11-11;7;2005
50;2025-11-11;8;2594
50;2025-11-11;9;2581
50;2025-11-11;10;1969
50;2025-11-11;11;1549
50;2025-11-11;12;1620
50;2025-11-11;13;1621
50;2025-11-11;14;1702
50;2025-11-11;15;1851
50;2025-11-11;16;1963
50;2025-11-11;17;2504
50;2025-11-11;18;2639
50;2025-11-11;19;1634
50;2025-11-11;20;991
50;2025-11-11;21;621
50;2025-11-11;22;222
50;2025-11-11;23;145
50;2025-11-12;0;5
50;2025-11-12;1;0
50;2025-11-12;2;0
50;2025-11-12;3;0
50;2025-11-12;4;4
50;2025-11-12;5;93
50;2025-11-12;6;483
50;2025-11-12;7;1773
50;2025-11-12;8;2862
50;2025-11-12;9;2211
50;2025-11-12;10;1701
50;2025-11-12;11;1620
50;2025-11-12;12;1683
50;2025-11-12;13;1515
50;2025-11-12;14;1412
50;2025-11-12;15;1114
50;2025-11-12;16;1679
50;2025-11-12;17;2368
50;2025-11-12;18;2283
50;2025-11-12;19;1551
50;2025-11-12;20;836
50;2025-11-12;21;710
50;2025-11-12;22;204
50;2025-11-12;23;151
50;2025-11-13;0;9
50;2025-11-13;1;0
50;2025-11-13;2;0
50;2025-11-13;3;0
50;2025-11-13;4;6
50;2025-11-13;5;98
50;2025-11-13;6;405
50;2025-11-13;7;1719
50;2025-11-13;8;2367
50;2025-11-13;9;2147
50;2025-11-13;10;1855
50;2025-11-13;11;1513
50;2025-11-13;12;1568
50;2025-11-13;13;1472
50;2025-11-13;14;1367
50;2025-11-13;15;1706
50;2025-11-13;16;1584
50;2025-11-13;17;2426
50;2025-11-13;18;2724
50;2025-11-13;19;1625
50;2025-11-13;20;1259
50;2025-11-13;21;747
50;2025-11-13;22;298
50;2025-11-13;23;184
50;2025-11-14;0;27
50;2025-11-14;1;0
50;2025-11-14;2;0
50;2025-11-14;3;0
50;2025-11-14;4;4
50;2025-11-14;5;80
50;2025-11-14;6;484
50;2025-11-14;7;1520
50;2025-11-14;8;2855
50;2025-11-14;9;2436
50;2025-11-14;10;1334
50;2025-11-14;11;1318
50;2025-11-14;12;1245
50;2025-11-14;13;1373
50;2025-11-14;14;1410
50;2025-11-14;15;1722
50;2025-11-14;16;2077
50;2025-11-14;17;1904
50;2025-11-14;18;1478
50;2025-11-14;19;1113
50;2025-11-14;20;884
50;2025-11-14;21;547
50;2025-11-14;22;199
50;2025-11-14;23;154
50;2025-11-15;0;40
50;2025-11-15;1;9
50;2025-11-15;2;0
50;2025-11-15;3;0
50;2025-11-15;4;0
50;2025-11-15;5;0
50;2025-11-15;6;3
50;2025-11-15;7;0
50;2025-11-15;8;0
50;2025-11-15;9;9
50;2025-11-15;10;9
50;2025-11-15;11;1
50;2025-11-15;12;0
50;2025-11-15;13;1
50;2025-11-15;14;1
50;2025-11-15;15;0
50;2025-11-15;16;0
50;2025-11-15;17;4
50;2025-11-15;18;5
50;2025-11-15;19;0
50;2025-11-15;20;8
50;2025-11-15;21;2
50;2025-11-15;22;1
50;2025-11-15;23;0
50;2025-11-16;0;0
50;2025-11-16;1;0
50;2025-11-16;2;0
50;2025-11-16;3;0
50;2025-11-16;4;0
50;2025-11-16;5;2
50;2025-11-16;6;15
50;2025-11-16;7;20
50;2025-11-16;8;41
50;2025-11-16;9;32
50;2025-11-16;10;24
50;2025-11-16;11;30
50;2025-11-16;12;15
50;2025-11-16;13;37
50;2025-11-16;14;118
50;2025-11-16;15;106
50;2025-11-16;16;198
50;2025-11-16;17;129
50;2025-11-16;18;67
50;2025-11-16;19;47
50;2025-11-16;20;57
50;2025-11-16;21;31
50;2025-11-16;22;42
50;2025-11-16;23;7
50;2025-11-17;0;3
50;2025-11-17;1;7
50;2025-11-17;2;0
50;2025-11-17;3;0
50;2025-11-17;4;3
50;2025-11-17;5;92
50;2025-11-17;6;619
50;2025-11-17;7;1585
50;2025-11-17;8;3004
50;2025-11-17;9;2320
50;2025-11-17;10;1668
50;2025-11-17;11;1621
50;2025-11-17;12;1540
50;2025-11-17;13;1580
50;2025-11-17;14;1554
50;2025-11-17;15;1669
50;2025-11-17;16;1720
50;2025-11-17;17;2265
50;2025-11-17;18;2608
50;2025-11-17;19;1361
50;2025-11-17;20;877
50;2025-11-17;21;622
50;2025-11-17;22;207
50;2025-11-17;23;126
50;2025-11-18;0;32
50;2025-11-18;1;0
50;2025-11-18;2;0
50;2025-11-18;3;0
50;2025-11-18;4;2
50;2025-11-18;5;105
50;2025-11-18;6;622
50;2025-11-18;7;2004
50;2025-11-18;8;2593
50;2025-11-18;9;2581
50;2025-11-18;10;1970
50;2025-11-18;11;1549
50;2025-11-18;12;1620
50;2025-11-18;13;1622
50;2025-11-18;14;1702
50;2025-11-18;15;1851
50;2025-11-18;16;1963
50;2025-11-18;17;2504
50;2025-11-18;18;2640
50;2025-11-18;19;1633
50;2025-11-18;20;993
50;2025-11-18;21;622
50;2025-11-18;22;221
50;2025-11-18;23;145
50;2025-11-19;0;3
50;2025-11-19;1;0
50;2025-11-19;2;0
50;2025-11-19;3;0
50;2025-11-19;4;4
50;2025-11-19;5;93
50;2025-11-19;6;483
50;2025-11-19;7;1772
50;2025-11-19;8;2862
50;2025-11-19;9;2211
50;2025-11-19;10;1703
50;2025-11-19;11;1620
50;2025-11-19;12;1683
50;2025-11-19;13;1515
50;2025-11-19;14;1412
50;2025-11-19;15;1114
50;2025-11-19;16;1679
50;2025-11-19;17;2368
50;2025-11-19;18;2284
50;2025-11-19;19;1550
50;2025-11-19;20;838
50;2025-11-19;21;711
50;2025-11-19;22;204
50;2025-11-19;23;151
50;2025-11-20;0;7
50;2025-11-20;1;0
50;2025-11-20;2;0
50;2025-11-20;3;0
50;2025-11-20;4;6
50;2025-11-20;5;98
50;2025-11-20;6;406
50;2025-11-20;7;1719
50;2025-11-20;8;2366
50;2025-11-20;9;2147
50;2025-11-20;10;1857
50;2025-11-20;11;1514
50;2025-11-20;12;1568
50;2025-11-20;13;1473
50;2025-11-20;14;1368
50;2025-11-20;15;1706
50;2025-11-20;16;1584
50;2025-11-20;17;2426
50;2025-11-20;18;2726
50;2025-11-20;19;1625
50;2025-11-20;20;1261
50;2025-11-20;21;748
50;2025-11-20;22;298
50;2025-11-20;23;184
50;2025-11-21;0;26
50;2025-11-21;1;0
50;2025-11-21;2;0
50;2025-11-21;3;0
50;2025-11-21;4;3
50;2025-11-21;5;80
50;2025-11-21;6;484
50;2025-11-21;7;1519
50;2025-11-21;8;2855
50;2025-11-21;9;2437
50;2025-11-21;10;1336
50;2025-11-21;11;1318
50;2025-11-21;12;1245
50;2025-11-21;13;1374
50;2025-11-21;14;1411
50;2025-11-21;15;1722
50;2025-11-21;16;2077
50;2025-11-21;17;1904
50;2025-11-21;18;1479
50;2025-11-21;19;1113
50;2025-11-21;20;887
50;2025-11-21;21;548
50;2025-11-21;22;199
50;2025-11-21;23;154
50;2025-11-22;0;39
50;2025-11-22;1;8
50;2025-11-22;2;0
50;2025-11-22;3;0
50;2025-11-22;4;0
50;2025-11-22;5;0
50;2025-11-22;6;3
50;2025-11-22;7;0
50;2025-11-22;8;0
50;2025-11-22;9;9
50;2025-11-22;10;10
50;2025-11-22;11;1
50;2025-11-22;12;0
50;2025-11-22;13;1
50;2025-11-22;14;1
50;2025-11-22;15;0
50;2025-11-22;16;0
50;2025-11-22;17;4
50;2025-11-22;18;6
50;2025-11-22;19;0
50;2025-11-22;20;10
50;2025-11-22;21;2
50;2025-11-22;22;1
50;2025-11-22;23;0
50;2025-11-23;0;0
50;2025-11-23;1;0
50;2025-11-23;2;0
50;2025-11-23;3;0
50;2025-11-23;4;0
50;2025-11-23;5;2
50;2025-11-23;6;16
50;2025-11-23;7;20
50;2025-11-23;8;40
50;2025-11-23;9;31
50;2025-11-23;10;25
50;2025-11-23;11;30
50;2025-11-23;12;15
50;2025-11-23;13;37
50;2025-11-23;14;118
50;2025-11-23;15;105
50;2025-11-23;16;197
50;2025-11-23;17;129
50;2025-11-23;18;68
50;2025-11-23;19;46
50;2025-11-23;20;59
50;2025-11-23;21;32
50;2025-11-23;22;42
50;2025-11-23;23;7
50;2025-11-24;0;2
50;2025-11-24;1;6
50;2025-11-24;2;0
50;2025-11-24;3;0
50;2025-11-24;4;2
50;2025-11-24;5;92
50;2025-11-24;6;620
50;2025-11-24;7;1585
50;2025-11-24;8;3003
50;2025-11-24;9;2320
50;2025-11-24;10;1669
50;2025-11-24;11;1621
50;2025-11-24;12;1539
50;2025-11-24;13;1581
50;2025-11-24;14;1555
50;2025-11-24;15;1668
50;2025-11-24;16;1720
50;2025-11-24;17;2264
50;2025-11-24;18;2609
50;2025-11-24;19;1361
50;2025-11-24;20;879
50;2025-11-24;21;622
50;2025-11-24;22;207
50;2025-11-24;23;126
50;2025-11-25;0;31
50;2025-11-25;1;0
50;2025-11-25;2;0
50;2025-11-25;3;0
50;2025-11-25;4;2
50;2025-11-25;5;105
50;2025-11-25;6;623
50;2025-11-25;7;2004
50;2025-11-25;8;2592
50;2025-11-25;9;2582
50;2025-11-25;10;1971
50;2025-11-25;11;1549
50;2025-11-25;12;1619
50;2025-11-25;13;1622
50;2025-11-25;14;1702
50;2025-11-25;15;1851
50;2025-11-25;16;1963
50;2025-11-25;17;2503
50;2025-11-25;18;2641
50;2025-11-25;19;1633
50;2025-11-25;20;995
50;2025-11-25;21;622
50;2025-11-25;22;221
50;2025-11-25;23;145
50;2025-11-26;0;2
50;2025-11-26;1;0
50;2025-11-26;2;0
50;2025-11-26;3;0
50;2025-11-26;4;4
50;2025-11-26;5;93
50;2025-11-26;6;484
50;2025-11-26;7;1772
50;2025-11-26;8;2861
50;2025-11-26;9;2211
50;2025-11-26;10;1704
50;2025-11-26;11;1620
50;2025-11-26;12;1683
50;2025-11-26;13;1516
50;2025-11-26;14;1413
50;2025-11-26;15;1114
50;2025-11-26;16;1679
50;2025-11-26;17;2368
50;2025-11-26;18;2286
50;2025-11-26;19;1550
50;2025-11-26;20;840
50;2025-11-26;21;712
50;2025-11-26;22;204
50;2025-11-26;23;151
50;2025-11-27;0;6
50;2025-11-27;1;0
50;2025-11-27;2;0
50;2025-11-27;3;0
50;2025-11-27;4;6
50;2025-11-27;5;98
50;2025-11-27;6;407
50;2025-11-27;7;1718
50;2025-11-27;8;2365
50;2025-11-27;9;2148
50;2025-11-27;10;1859
50;2025-11-27;11;1514
50;2025-11-27;12;1569
50;2025-11-27;13;1474
50;2025-11-27;14;1368
50;2025-11-27;15;1706
50;2025-11-27;16;1584
50;2025-11-27;17;2426
50;2025-11-27;18;2727
50;2025-11-27;19;1625
50;2025-11-27;20;1264
50;2025-11-27;21;750
50;2025-11-27;22;298
50;2025-11-27;23;184
50;2025-11-28;0;26
50;2025-11-28;1;0
50;2025-11-28;2;0
50;2025-11-28;3;0
50;2025-11-28;4;3
50;2025-11-28;5;80
50;2025-11-28;6;485
50;2025-11-28;7;1519
50;2025-11-28;8;2854
50;2025-11-28;9;2437
50;2025-11-28;10;1337
50;2025-11-28;11;1319
50;2025-11-28;12;1246
50;2025-11-28;13;1375
50;2025-11-28;14;1412
50;2025-11-28;15;1722
50;2025-11-28;16;2078
50;2025-11-28;17;1904
50;2025-11-28;18;1480
50;2025-11-28;19;1112
50;2025-11-28;20;889
50;2025-11-28;21;549
50;2025-11-28;22;200
50;2025-11-28;23;154
50;2025-11-29;0;38
50;2025-11-29;1;7
50;2025-11-29;2;0
50;2025-11-29;3;0
50;2025-11-29;4;0
50;2025-11-29;5;0
50;2025-11-29;6;4
50;2025-11-29;7;0
50;2025-11-29;8;0
50;2025-11-29;9;9
50;2025-11-29;10;11
50;2025-11-29;11;1
50;2025-11-29;12;0
50;2025-11-29;13;1
50;2025-11-29;14;1
50;2025-11-29;15;0
50;2025-11-29;16;0
50;2025-11-29;17;3
50;2025-11-29;18;7
50;2025-11-29;19;0
50;2025-11-29;20;11
50;2025-11-29;21;3
50;2025-11-29;22;1
50;2025-11-29;23;0
50;2025-11-30;0;0
50;2025-11-30;1;0
50;2025-11-30;2;0
50;2025-11-30;3;0
50;2025-11-30;4;0
50;2025-11-30;5;2
50;2025-11-30;6;17
50;2025-11-30;7;19
50;2025-11-30;8;39
50;2025-11-30;9;31
50;2025-11-30;10;26
50;2025-11-30;11;30
50;2025-11-30;12;14
50;2025-11-30;13;37
50;2025-11-30;14;118
50;2025-11-30;15;105
50;2025-11-30;16;197
50;2025-11-30;17;128
50;2025-11-30;18;68
50;2025-11-30;19;46
50;2025-11-30;20;61
50;2025-11-30;21;32
50;2025-11-30;22;42
50;2025-11-30;23;7
50;2025-12-01;0;1
50;2025-12-01;1;5
50;2025-12-01;2;0
50;2025-12-01;3;0
50;2025-12-01;4;2
50;2025-12-01;5;92
50;2025-12-01;6;621
50;2025-12-01;7;1584
50;2025-12-01;8;3002
50;2025-12-01;9;2320
50;2025-12-01;10;1670
50;2025-12-01;11;1621
50;2025-12-01;12;1539
50;2025-12-01;13;1581
50;2025-12-01;14;1555
50;2025-12-01;15;1668
50;2025-12-01;16;1719
50;2025-12-01;17;2264
50;2025-12-01;18;2610
50;2025-12-01;19;1360
50;2025-12-01;20;881
50;2025-12-01;21;623
50;2025-12-01;22;206
50;2025-12-01;23;126
50;2025-12-02;0;29
50;2025-12-02;1;0
50;2025-12-02;2;0
50;2025-12-02;3;0
50;2025-12-02;4;2
50;2025-12-02;5;105
50;2025-12-02;6;623
50;2025-12-02;7;2004
50;2025-12-02;8;2592
50;2025-12-02;9;2582
50;2025-12-02;10;1972
50;2025-12-02;11;1549
50;2025-12-02;12;1619
50;2025-12-02;13;1623
50;2025-12-02;14;1702
50;2025-12-02;15;1852
50;2025-12-02;16;1962
50;2025-12-02;17;2503
50;2025-12-02;18;2641
50;2025-12-02;19;1633
50;2025-12-02;20;996
50;2025-12-02;21;623
50;2025-12-02;22;221
50;2025-12-02;23;145
50;2025-12-03;0;1
50;2025-12-03;1;0
50;2025-12-03;2;0
50;2025-12-03;3;0
50;2025-12-03;4;4
50;2025-12-03;5;93
50;2025-12-03;6;485
50;2025-12-03;7;1772
50;2025-12-03;8;2860
50;2025-12-03;9;2212
50;2025-12-03;10;1706
50;2025-12-03;11;1621
50;2025-12-03;12;1683
50;2025-12-03;13;1517
50;2025-12-03;14;1413
50;2025-12-03;15;1115
50;2025-12-03;16;1679
50;2025-12-03;17;2368
50;2025-12-03;18;2287
50;2025-12-03;19;1550
50;2025-12-03;20;842
50;2025-12-03;21;713
50;2025-12-03;22;204
50;2025-12-03;23;151
50;2025-12-04;0;5
50;2025-12-04;1;0
50;2025-12-04;2;0
50;2025-12-04;3;0
50;2025-12-04;4;5
50;2025-12-04;5;98
50;2025-12-04;6;408
50;2025-12-04;7;1718
50;2025-12-04;8;2365
50;2025-12-04;9;2148
50;2025-12-04;10;1860
50;2025-12-04;11;1515
50;2025-12-04;12;1569
50;2025-12-04;13;1475
50;2025-12-04;14;1369
50;2025-12-04;15;1706
50;2025-12-04;16;1584
50;2025-12-04;17;2426
50;2025-12-04;18;2728
50;2025-12-04;19;1625
50;2025-12-04;20;1266
50;2025-12-04;21;751
50;2025-12-04;22;299
50;2025-12-04;23;184
50;2025-12-05;0;25
50;2025-12-05;1;0
50;2025-12-05;2;0
50;2025-12-05;3;0
50;2025-12-05;4;3
50;2025-12-05;5;80
50;2025-12-05;6;486
50;2025-12-05;7;1519
50;2025-12-05;8;2853
50;2025-12-05;9;2438
50;2025-12-05;10;1339
50;2025-12-05;11;1320
50;2025-12-05;12;1246
50;2025-12-05;13;1376
50;2025-12-05;14;1412
50;2025-12-05;15;1722
50;2025-12-05;16;2078
50;2025-12-05;17;1905
50;2025-12-05;18;1481
50;2025-12-05;19;1112
50;2025-12-05;20;891
50;2025-12-05;21;550
50;2025-12-05;22;200
50;2025-12-05;23;154
50;2025-12-06;0;37
50;2025-12-06;1;6
50;2025-12-06;2;0
50;2025-12-06;3;0
50;2025-12-06;4;0
50;2025-12-06;5;0
50;2025-12-06;6;5
50;2025-12-06;7;0
50;2025-12-06;8;0
50;2025-12-06;9;8
50;2025-12-06;10;11
50;2025-12-06;11;0
50;2025-12-06;12;0
50;2025-12-06;13;1
50;2025-12-06;14;1
50;2025-12-06;15;0
50;2025-12-06;16;0
50;2025-12-06;17;2
50;2025-12-06;18;8
50;2025-12-06;19;0
50;2025-12-06;20;13
50;2025-12-06;21;3
50;2025-12-06;22;1
50;2025-12-06;23;0
50;2025-12-07;0;0
50;2025-12-07;1;0
50;2025-12-07;2;0
50;2025-12-07;3;0
50;2025-12-07;4;0
50;2025-12-07;5;2
50;2025-12-07;6;17
50;2025-12-07;7;19
50;2025-12-07;8;38
50;2025-12-07;9;31
50;2025-12-07;10;27
50;2025-12-07;11;29
50;2025-12-07;12;14
50;2025-12-07;13;37
50;2025-12-07;14;118
50;2025-12-07;15;105
50;2025-12-07;16;196
50;2025-12-07;17;128
50;2025-12-07;18;69
50;2025-12-07;19;45
50;2025-12-07;20;62
50;2025-12-07;21;33
50;2025-12-07;22;42
50;2025-12-07;23;7
50;2025-12-08;0;0
50;2025-12-08;1;4
50;2025-12-08;2;0
50;2025-12-08;3;0
50;2025-12-08;4;2
50;2025-12-08;5;92
50;2025-12-08;6;622
50;2025-12-08;7;1584
50;2025-12-08;8;3001
50;2025-12-08;9;2320
50;2025-12-08;10;1671
50;2025-12-08;11;1622
50;2025-12-08;12;1539
50;2025-12-08;13;1581
50;2025-12-08;14;1555
50;2025-12-08;15;1668
50;2025-12-08;16;1718
50;2025-12-08;17;2264
50;2025-12-08;18;2611
50;2025-12-08;19;1360
50;2025-12-08;20;883
50;2025-12-08;21;624
50;2025-12-08;22;206
50;2025-12-08;23;126
50;2025-12-09;0;28
50;2025-12-09;1;0
50;2025-12-09;2;0
50;2025-12-09;3;0
50;2025-12-09;4;2
50;2025-12-09;5;105
50;2025-12-09;6;624
50;2025-12-09;7;2004
50;2025-12-09;8;2591
50;2025-12-09;9;2582
50;2025-12-09;10;1973
50;2025-12-09;11;1550
50;2025-12-09;12;1619
50;2025-12-09;13;1623
50;2025-12-09;14;1703
50;2025-12-09;15;1852
50;2025-12-09;16;1962
50;2025-12-09;17;2503
50;2025-12-09;18;2642
50;2025-12-09;19;1633
50;2025-12-09;20;998
50;2025-12-09;21;624
50;2025-12-09;22;221
50;2025-12-09;23;145
50;2025-12-10;0;0
50;2025-12-10;1;0
50;2025-12-10;2;0
50;2025-12-10;3;0
50;2025-12-10;4;4
50;2025-12-10;5;94
50;2025-12-10;6;486
50;2025-12-10;7;1772
50;2025-12-10;8;2859
50;2025-12-10;9;2212
50;2025-12-10;10;1707
50;2025-12-10;11;1621
50;2025-12-10;12;1683
50;2025-12-10;13;1518
50;2025-12-10;14;1414
50;2025-12-10;15;1115
50;2025-12-10;16;1679
50;2025-12-10;17;2368
50;2025-12-10;18;2288
50;2025-12-10;19;1550
50;2025-12-10;20;844
50;2025-12-10;21;713
50;2025-12-10;22;204
50;2025-12-10;23;151
50;2025-12-11;0;4
50;2025-12-11;1;0
50;2025-12-11;2;0
50;2025-12-11;3;0
50;2025-12-11;4;5
50;2025-12-11;5;98
50;2025-12-11;6;408
50;2025-12-11;7;1718
50;2025-12-11;8;2364
50;2025-12-11;9;2149
50;2025-12-11;10;1862
50;2025-12-11;11;1516
50;2025-12-11;12;1569
50;2025-12-11;13;1476
50;2025-12-11;14;1370
50;2025-12-11;15;1707
50;2025-12-11;16;1584
50;2025-12-11;17;2426
50;2025-12-11;18;2729
50;2025-12-11;19;1625
50;2025-12-11;20;1268
50;2025-12-11;21;752
50;2025-12-11;22;299
50;2025-12-11;23;184
50;2025-12-12;0;24
50;2025-12-12;1;0
50;2025-12-12;2;0
50;2025-12-12;3;0
50;2025-12-12;4;3
50;2025-12-12;5;80
50;2025-12-12;6;487
50;2025-12-12;7;1519
50;2025-12-12;8;2852
50;2025-12-12;9;2438
50;2025-12-12;10;1340
50;2025-12-12;11;1321
50;2025-12-12;12;1246
50;2025-12-12;13;1378
50;2025-12-12;14;1413
50;2025-12-12;15;1723
50;2025-12-12;16;2078
50;2025-12-12;17;1905
50;2025-12-12;18;1482
50;2025-12-12;19;1112
50;2025-12-12;20;893
50;2025-12-12;21;552
50;2025-12-12;22;200
50;2025-12-12;23;154
50;2025-12-13;0;35
50;2025-12-13;1;5
50;2025-12-13;2;0
50;2025-12-13;3;0
50;2025-12-13;4;0
50;2025-12-13;5;0
50;2025-12-13;6;6
50;2025-12-13;7;0
50;2025-12-13;8;0
50;2025-12-13;9;8
50;2025-12-13;10;12
50;2025-12-13;11;0
50;2025-12-13;12;0
50;2025-12-13;13;2
50;2025-12-13;14;1
50;2025-12-13;15;0
50;2025-12-13;16;0
50;2025-12-13;17;2
50;2025-12-13;18;9
50;2025-12-13;19;0
50;2025-12-13;20;14
50;2025-12-13;21;4
50;2025-12-13;22;0
50;2025-12-13;23;0
50;2025-12-14;0;0
50;2025-12-14;1;0
50;2025-12-14;2;0
50;2025-12-14;3;0
50;2025-12-14;4;0
50;2025-12-14;5;2
50;2025-12-14;6;18
50;2025-12-14;7;19
50;2025-12-14;8;38
50;2025-12-14;9;31
50;2025-12-14;10;28
50;2025-12-14;11;29
50;2025-12-14;12;13
50;2025-12-14;13;37
50;2025-12-14;14;118
50;2025-12-14;15;104
50;2025-12-14;16;196
50;2025-12-14;17;127
50;2025-12-14;18;70
50;2025-12-14;19;45
50;2025-12-14;20;64
50;2025-12-14;21;34
50;2025-12-14;22;41
50;2025-12-14;23;7
50;2025-12-15;0;0
50;2025-12-15;1;3
50;2025-12-15;2;0
50;2025-12-15;3;0
50;2025-12-15;4;2
50;2025-12-15;5;92
50;2025-12-15;6;622
50;2025-12-15;7;1584
50;2025-12-15;8;3000
50;2025-12-15;9;2320
50;2025-12-15;10;1672
50;2025-12-15;11;1622
50;2025-12-15;12;1538
50;2025-12-15;13;1582
50;2025-12-15;14;1555
50;2025-12-15;15;1668
50;2025-12-15;16;1718
50;2025-12-15;17;2263
50;2025-12-15;18;2612
50;2025-12-15;19;1360
50;2025-12-15;20;884
50;2025-12-15;21;624
50;2025-12-15;22;206
50;2025-12-15;23;126
50;2025-12-16;0;27
50;2025-12-16;1;0
50;2025-12-16;2;0
50;2025-12-16;3;0
50;2025-12-16;4;2
50;2025-12-16;5;105
50;2025-12-16;6;625
50;2025-12-16;7;2004
50;2025-12-16;8;2590
50;2025-12-16;9;2582
50;2025-12-16;10;1974
50;2025-12-16;11;1550
50;2025-12-16;12;1619
50;2025-12-16;13;1624
50;2025-12-16;14;1703
50;2025-12-16;15;1852
50;2025-12-16;16;1962
50;2025-12-16;17;2503
50;2025-12-16;18;2643
50;2025-12-16;19;1632
50;2025-12-16;20;1000
50;2025-12-16;21;624
50;2025-12-16;22;221
50;2025-12-16;23;145
50;2025-12-17;0;0
50;2025-12-17;1;0
50;2025-12-17;2;0
50;2025-12-17;3;0
50;2025-12-17;4;4
50;2025-12-17;5;94
50;2025-12-17;6;487
50;2025-12-17;7;1771
50;2025-12-17;8;2859
50;2025-12-17;9;2212
50;2025-12-17;10;1709
50;2025-12-17;11;1621
50;2025-12-17;12;1683
50;2025-12-17;13;1518
50;2025-12-17;14;1414
50;2025-12-17;15;1115
50;2025-12-17;16;1679
50;2025-12-17;17;2368
50;2025-12-17;18;2289
50;2025-12-17;19;1550
50;2025-12-17;20;846
50;2025-12-17;21;714
50;2025-12-17;22;204
50;2025-12-17;23;151
50;2025-12-18;0;2
50;2025-12-18;1;0
50;2025-12-18;2;0
50;2025-12-18;3;0
50;2025-12-18;4;4
50;2025-12-18;5;98
50;2025-12-18;6;409
50;2025-12-18;7;1717
50;2025-12-18;8;2363
50;2025-12-18;9;2149
50;2025-12-18;10;1864
50;2025-12-18;11;1516
50;2025-12-18;12;1569
50;2025-12-18;13;1477
50;2025-12-18;14;1370
50;2025-12-18;15;1707
50;2025-12-18;16;1584
50;2025-12-18;17;2427
50;2025-12-18;18;2731
50;2025-12-18;19;1625
50;2025-12-18;20;1270
50;2025-12-18;21;753
50;2025-12-18;22;299
50;2025-12-18;23;184
50;2025-12-19;0;23
50;2025-12-19;1;0
50;2025-12-19;2;0
50;2025-12-19;3;0
50;2025-12-19;4;2
50;2025-12-19;5;80
50;2025-12-19;6;487
50;2025-12-19;7;1518
50;2025-12-19;8;2851
50;2025-12-19;9;2439
50;2025-12-19;10;1342
50;2025-12-19;11;1321
50;2025-12-19;12;1246
50;2025-12-19;13;1379
50;2025-12-19;14;1414
50;2025-12-19;15;1723
50;2025-12-19;16;2078
50;2025-12-19;17;1905
50;2025-12-19;18;1483
50;2025-12-19;19;1112
50;2025-12-19;20;896
50;2025-12-19;21;553
50;2025-12-19;22;201
50;2025-12-19;23;154
50;2025-12-20;0;34
50;2025-12-20;1;4
50;2025-12-20;2;0
50;2025-12-20;3;0
50;2025-12-20;4;0
50;2025-12-20;5;0
50;2025-12-20;6;7
50;2025-12-20;7;0
50;2025-12-20;8;0
50;2025-12-20;9;8
50;2025-12-20;10;13
50;2025-12-20;11;0
50;2025-12-20;12;0
50;2025-12-20;13;2
50;2025-12-20;14;1
50;2025-12-20;15;0
50;2025-12-20;16;0
50;2025-12-20;17;1
50;2025-12-20;18;10
50;2025-12-20;19;0
50;2025-12-20;20;16
50;2025-12-20;21;4
50;2025-12-20;22;0
50;2025-12-20;23;1
50;2025-12-21;0;0
50;2025-12-21;1;0
50;2025-12-21;2;0
50;2025-12-21;3;0
50;2025-12-21;4;0
50;2025-12-21;5;2
50;2025-12-21;6;19
50;2025-12-21;7;18
50;2025-12-21;8;37
50;2025-12-21;9;31
50;2025-12-21;10;28
50;2025-12-21;11;29
50;2025-12-21;12;13
50;2025-12-21;13;37
50;2025-12-21;14;119
50;2025-12-21;15;104
50;2025-12-21;16;195
50;2025-12-21;17;127
50;2025-12-21;18;71
50;2025-12-21;19;44
50;2025-12-21;20;66
50;2025-12-21;21;34
50;2025-12-21;22;41
50;2025-12-21;23;7
50;2025-12-22;0;0
50;2025-12-22;1;2
50;2025-12-22;2;0
50;2025-12-22;3;0
50;2025-12-22;4;2
50;2025-12-22;5;92
50;2025-12-22;6;623
50;2025-12-22;7;1583
50;2025-12-22;8;2999
50;2025-12-22;9;2320
50;2025-12-22;10;1673
50;2025-12-22;11;1622
50;2025-12-22;12;1538
50;2025-12-22;13;1582
50;2025-12-22;14;1555
50;2025-12-22;15;1668
50;2025-12-22;16;1717
50;2025-12-22;17;2263
50;2025-12-22;18;2613
50;2025-12-22;19;1360
50;2025-12-22;20;886
50;2025-12-22;21;625
50;2025-12-22;22;206
50;2025-12-22;23;126
50;2025-12-23;0;26
50;2025-12-23;1;0
50;2025-12-23;2;0
50;2025-12-23;3;0
50;2025-12-23;4;2
50;2025-12-23;5;105
50;2025-12-23;6;626
50;2025-12-23;7;2003
50;2025-12-23;8;2589
50;2025-12-23;9;2582
50;2025-12-23;10;1974
50;2025-12-23;11;1550
50;2025-12-23;12;1619
50;2025-12-23;13;1625
50;2025-12-23;14;1703
50;2025-12-23;15;1852
50;2025-12-23;16;1961
50;2025-12-23;17;2503
50;2025-12-23;18;2644
50;2025-12-23;19;1632
50;2025-12-23;20;1002
50;2025-12-23;21;625
50;2025-12-23;22;220
50;2025-12-23;23;145
50;2025-12-24;0;0
50;2025-12-24;1;0
50;2025-12-24;2;0
50;2025-12-24;3;0
50;2025-12-24;4;4
50;2025-12-24;5;94
50;2025-12-24;6;487
50;2025-12-24;7;1771
50;2025-12-24;8;2858
50;2025-12-24;9;2213
50;2025-12-24;10;1710
50;2025-12-24;11;1622
50;2025-12-24;12;1683
50;2025-12-24;13;1519
50;2025-12-24;14;1415
50;2025-12-24;15;1115
50;2025-12-24;16;1678
50;2025-12-24;17;2368
50;2025-12-24;18;2290
50;2025-12-24;19;1549
50;2025-12-24;20;848
50;2025-12-24;21;715
50;2025-12-24;22;204
50;2025-12-24;23;151
50;2025-12-25;0;1
50;2025-12-25;1;0
50;2025-12-25;2;0
50;2025-12-25;3;0
50;2025-12-25;4;4
50;2025-12-25;5;98
50;2025-12-25;6;410
50;2025-12-25;7;1717
50;2025-12-25;8;2362
50;2025-12-25;9;2150
50;2025-12-25;10;1865
50;2025-12-25;11;1517
50;2025-12-25;12;1569
50;2025-12-25;13;1478
50;2025-12-25;14;1371
50;2025-12-25;15;1707
50;2025-12-25;16;1584
50;2025-12-25;17;2427
50;2025-12-25;18;2732
50;2025-12-25;19;1625
50;2025-12-25;20;1272
50;2025-12-25;21;754
50;2025-12-25;22;300
50;2025-12-25;23;184
50;2025-12-26;0;22
50;2025-12-26;1;0
50;2025-12-26;2;0
50;2025-12-26;3;0
50;2025-12-26;4;2
50;2025-12-26;5;80
50;2025-12-26;6;488
50;2025-12-26;7;1518
50;2025-12-26;8;2850
50;2025-12-26;9;2440
50;2025-12-26;10;1343
50;2025-12-26;11;1322
50;2025-12-26;12;1246
50;2025-12-26;13;1380
50;2025-12-26;14;1415
50;2025-12-26;15;1723
50;2025-12-26;16;2078
50;2025-12-26;17;1905
50;2025-12-26;18;1484
50;2025-12-26;19;1112
50;2025-12-26;20;898
50;2025-12-26;21;554
50;2025-12-26;22;201
50;2025-12-26;23;155
50;2025-12-27;0;33
50;2025-12-27;1;3
50;2025-12-27;2;0
50;2025-12-27;3;0
50;2025-12-27;4;0
50;2025-12-27;5;0
50;2025-12-27;6;8
50;2025-12-27;7;0
50;2025-12-27;8;0
50;2025-12-27;9;8
50;2025-12-27;10;14
50;2025-12-27;11;0
50;2025-12-27;12;0
50;2025-12-27;13;2
50;2025-12-27;14;2
50;2025-12-27;15;0
50;2025-12-27;16;0
50;2025-12-27;17;1
50;2025-12-27;18;11
50;2025-12-27;19;0
50;2025-12-27;20;18
50;2025-12-27;21;5
50;2025-12-27;22;0
50;2025-12-27;23;1
50;2025-12-28;0;0
50;2025-12-28;1;0
50;2025-12-28;2;0
50;2025-12-28;3;0
50;2025-12-28;4;0
50;2025-12-28;5;3
50;2025-12-28;6;20
50;2025-12-28;7;18
50;2025-12-28;8;36
50;2025-12-28;9;31
50;2025-12-28;10;29
50;2025-12-28;11;28
50;2025-12-28;12;12
50;2025-12-28;13;38
50;2025-12-28;14;119
50;2025-12-28;15;103
50;2025-12-28;16;195
50;2025-12-28;17;126
50;2025-12-28;18;72
50;2025-12-28;19;44
50;2025-12-28;20;67
50;2025-12-28;21;35
50;2025-12-28;22;41
50;2025-12-28;23;7
50;2025-12-29;0;0
50;2025-12-29;1;1
50;2025-12-29;2;0
50;2025-12-29;3;0
50;2025-12-29;4;2
50;2025-12-29;5;92
50;2025-12-29;6;624
50;2025-12-29;7;1583
50;2025-12-29;8;2999
50;2025-12-29;9;2320
50;2025-12-29;10;1674
50;2025-12-29;11;1622
50;2025-12-29;12;1537
50;2025-12-29;13;1582
50;2025-12-29;14;1555
50;2025-12-29;15;1668
50;2025-12-29;16;1717
50;2025-12-29;17;2262
50;2025-12-29;18;2614
50;2025-12-29;19;1359
50;2025-12-29;20;888
50;2025-12-29;21;625
50;2025-12-29;22;206
50;2025-12-29;23;126
50;2025-12-30;0;25
50;2025-12-30;1;0
50;2025-12-30;2;0
50;2025-12-30;3;0
50;2025-12-30;4;1
50;2025-12-30;5;105
50;2025-12-30;6;627
50;2025-12-30;7;2003
50;2025-12-30;8;2588
50;2025-12-30;9;2582
50;2025-12-30;10;1975
50;2025-12-30;11;1550
50;2025-12-30;12;1619
50;2025-12-30;13;1625
50;2025-12-30;14;1704
50;2025-12-30;15;1852
50;2025-12-30;16;1961
50;2025-12-30;17;2503
50;2025-12-30;18;2645
50;2025-12-30;19;1632
50;2025-12-30;20;1003
50;2025-12-30;21;625
50;2025-12-30;22;220
50;2025-12-30;23;145
50;2025-12-31;0;0
50;2025-12-31;1;0
50;2025-12-31;2;0
50;2025-12-31;3;0
50;2025-12-31;4;4
50;2025-12-31;5;94
50;2025-12-31;6;488
50;2025-12-31;7;1771
50;2025-12-31;8;2857
50;2025-12-31;9;2213
50;2025-12-31;10;1712
50;2025-12-31;11;1622
50;2025-12-31;12;1683
50;2025-12-31;13;1520
50;2025-12-31;14;1415
50;2025-12-31;15;1115
50;2025-12-31;16;1678
50;2025-12-31;17;2368
50;2025-12-31;18;2291
50;2025-12-31;19;1549
50;2025-12-31;20;850
50;2025-12-31;21;716
50;2025-12-31;22;204
50;2025-12-31;23;151
